2026-08-28 09:10:13,211 INFO root: benchmark host is clear
2026-08-28 09:10:13,378 INFO __main__: run started cameras=entrance,loby archive=/app/resources/archive_debug_cache_remote reference=disabled
2026-08-28 09:12:20,851 WARNING peoplein.stream: archive interval skipped start=2026-08-18T00:41:05.000 end=2026-08-18T00:42:42.000 duration_seconds=97.0 reason=camera_archives_do_not_overlap
2026-08-28 09:12:20,851 INFO peoplein.stream: analysis interval ready start=2026-08-18 00:42:42 end=2026-08-18 00:46:05
2026-08-28 09:12:32,479 INFO peoplein.stream: decoded entrance/20260818-004105.mkv: 1015 frames
2026-08-28 09:12:32,480 INFO peoplein.stream: decoded loby/20260818-004242.mkv: 1015 frames
2026-08-28 09:12:32,495 INFO __main__: analysis interval completed start=2026-08-18 00:42:42 end=2026-08-18 00:46:05 frames=2030 ticks=1015 entered=0 exited=0 people_inside=0
2026-08-28 09:12:32,497 INFO __main__: summary updated end=2026-08-18 00:46:05
2026-08-28 09:12:32,497 INFO peoplein.stream: analysis interval ready start=2026-08-18 00:46:05 end=2026-08-18 00:47:42
2026-08-28 09:12:40,731 INFO peoplein.stream: decoded entrance/20260818-004605.mkv: 485 frames
2026-08-28 09:12:40,731 INFO peoplein.stream: decoded loby/20260818-004242.mkv: 485 frames
2026-08-28 09:12:40,746 INFO __main__: analysis interval completed start=2026-08-18 00:46:05 end=2026-08-18 00:47:42 frames=970 ticks=485 entered=0 exited=0 people_inside=0
2026-08-28 09:12:40,748 INFO __main__: summary updated end=2026-08-18 00:47:42
2026-08-28 09:12:40,748 WARNING peoplein.stream: archive interval skipped start=2026-08-18T00:47:42.000 end=2026-08-18T00:47:43.000 duration_seconds=1.0 reason=camera_archives_do_not_overlap
2026-08-28 09:12:40,748 INFO peoplein.stream: analysis interval ready start=2026-08-18 00:47:43 end=2026-08-18 00:51:05
2026-08-28 09:12:52,933 INFO peoplein.stream: decoded loby/20260818-004743.mkv: 1010 frames
2026-08-28 09:12:52,933 INFO peoplein.stream: decoded entrance/20260818-004605.mkv: 1010 frames
2026-08-28 09:12:52,952 INFO __main__: analysis interval completed start=2026-08-18 00:47:43 end=2026-08-18 00:51:05 frames=2020 ticks=1010 entered=0 exited=0 people_inside=0
2026-08-28 09:12:52,954 INFO __main__: summary updated end=2026-08-18 00:51:05
2026-08-28 09:12:52,954 INFO peoplein.stream: analysis interval ready start=2026-08-18 00:51:05 end=2026-08-18 00:52:43
2026-08-28 09:13:01,458 INFO peoplein.stream: decoded loby/20260818-004743.mkv: 490 frames
2026-08-28 09:13:01,461 INFO peoplein.stream: decoded entrance/20260818-005105.mkv: 490 frames
2026-08-28 09:13:01,475 INFO __main__: analysis interval completed start=2026-08-18 00:51:05 end=2026-08-18 00:52:43 frames=980 ticks=490 entered=0 exited=0 people_inside=0
2026-08-28 09:13:01,477 INFO __main__: summary updated end=2026-08-18 00:52:43
2026-08-28 09:13:01,477 INFO peoplein.stream: analysis interval ready start=2026-08-18 00:52:43 end=2026-08-18 00:56:05
2026-08-28 09:13:14,153 INFO peoplein.stream: decoded loby/20260818-005243.mkv: 1010 frames
2026-08-28 09:13:14,156 INFO peoplein.stream: decoded entrance/20260818-005105.mkv: 1010 frames
2026-08-28 09:13:14,170 INFO __main__: analysis interval completed start=2026-08-18 00:52:43 end=2026-08-18 00:56:05 frames=2020 ticks=1010 entered=0 exited=0 people_inside=0
2026-08-28 09:13:14,171 INFO __main__: summary updated end=2026-08-18 00:56:05
2026-08-28 09:13:14,171 INFO peoplein.stream: analysis interval ready start=2026-08-18 00:56:05 end=2026-08-18 00:57:43
2026-08-28 09:13:22,644 INFO peoplein.stream: decoded loby/20260818-005243.mkv: 490 frames
2026-08-28 09:13:22,645 INFO peoplein.stream: decoded entrance/20260818-005605.mkv: 490 frames
2026-08-28 09:13:22,660 INFO __main__: analysis interval completed start=2026-08-18 00:56:05 end=2026-08-18 00:57:43 frames=980 ticks=490 entered=0 exited=0 people_inside=0
2026-08-28 09:13:22,662 INFO __main__: summary updated end=2026-08-18 00:57:43
2026-08-28 09:13:22,662 WARNING peoplein.stream: archive interval skipped start=2026-08-18T00:57:43.000 end=2026-08-18T00:57:44.000 duration_seconds=1.0 reason=camera_archives_do_not_overlap
2026-08-28 09:13:22,662 INFO peoplein.stream: analysis interval ready start=2026-08-18 00:57:44 end=2026-08-18 01:01:05
2026-08-28 09:13:34,886 INFO peoplein.stream: decoded loby/20260818-005744.mkv: 1005 frames
2026-08-28 09:13:34,887 INFO peoplein.stream: decoded entrance/20260818-005605.mkv: 1005 frames
2026-08-28 09:13:34,902 INFO __main__: analysis interval completed start=2026-08-18 00:57:44 end=2026-08-18 01:01:05 frames=2010 ticks=1005 entered=0 exited=0 people_inside=0
2026-08-28 09:13:34,903 INFO __main__: summary updated end=2026-08-18 01:01:05
2026-08-28 09:13:34,903 INFO peoplein.stream: analysis interval ready start=2026-08-18 01:01:05 end=2026-08-18 01:02:42
2026-08-28 09:13:43,213 INFO peoplein.stream: decoded entrance/20260818-010105.mkv: 485 frames
2026-08-28 09:13:43,213 INFO peoplein.stream: decoded loby/20260818-005744.mkv: 485 frames
2026-08-28 09:13:43,229 INFO __main__: analysis interval completed start=2026-08-18 01:01:05 end=2026-08-18 01:02:42 frames=970 ticks=485 entered=0 exited=0 people_inside=0
2026-08-28 09:13:43,231 INFO __main__: summary updated end=2026-08-18 01:02:42
2026-08-28 09:13:43,231 INFO peoplein.stream: analysis interval ready start=2026-08-18 01:02:42 end=2026-08-18 01:06:05
2026-08-28 09:13:56,300 INFO peoplein.stream: decoded entrance/20260818-010105.mkv: 1015 frames
2026-08-28 09:13:56,301 INFO peoplein.stream: decoded loby/20260818-010242.mkv: 1015 frames
2026-08-28 09:13:56,317 INFO __main__: analysis interval completed start=2026-08-18 01:02:42 end=2026-08-18 01:06:05 frames=2030 ticks=1015 entered=0 exited=0 people_inside=0
2026-08-28 09:13:56,319 INFO __main__: summary updated end=2026-08-18 01:06:05
2026-08-28 09:13:56,319 INFO peoplein.stream: analysis interval ready start=2026-08-18 01:06:05 end=2026-08-18 01:07:42
2026-08-28 09:14:04,756 INFO peoplein.stream: decoded loby/20260818-010242.mkv: 485 frames
2026-08-28 09:14:04,759 INFO peoplein.stream: decoded entrance/20260818-010605.mkv: 485 frames
2026-08-28 09:14:04,773 INFO __main__: analysis interval completed start=2026-08-18 01:06:05 end=2026-08-18 01:07:42 frames=970 ticks=485 entered=0 exited=0 people_inside=0
2026-08-28 09:14:04,774 INFO __main__: summary updated end=2026-08-18 01:07:42
2026-08-28 09:14:04,775 WARNING peoplein.stream: archive interval skipped start=2026-08-18T01:07:42.000 end=2026-08-18T01:07:43.000 duration_seconds=1.0 reason=camera_archives_do_not_overlap
2026-08-28 09:14:04,775 INFO peoplein.stream: analysis interval ready start=2026-08-18 01:07:43 end=2026-08-18 01:11:05
2026-08-28 09:14:18,518 INFO peoplein.stream: decoded loby/20260818-010743.mkv: 1010 frames
2026-08-28 09:14:18,521 INFO peoplein.stream: decoded entrance/20260818-010605.mkv: 1010 frames
2026-08-28 09:14:18,536 INFO __main__: analysis interval completed start=2026-08-18 01:07:43 end=2026-08-18 01:11:05 frames=2020 ticks=1010 entered=0 exited=0 people_inside=0
2026-08-28 09:14:18,538 INFO __main__: summary updated end=2026-08-18 01:11:05
2026-08-28 09:14:18,538 INFO peoplein.stream: analysis interval ready start=2026-08-18 01:11:05 end=2026-08-18 01:12:43
2026-08-28 09:14:26,969 INFO peoplein.stream: decoded loby/20260818-010743.mkv: 490 frames
2026-08-28 09:14:26,972 INFO peoplein.stream: decoded entrance/20260818-011105.mkv: 490 frames
2026-08-28 09:14:26,986 INFO __main__: analysis interval completed start=2026-08-18 01:11:05 end=2026-08-18 01:12:43 frames=980 ticks=490 entered=0 exited=0 people_inside=0
2026-08-28 09:14:26,988 INFO __main__: summary updated end=2026-08-18 01:12:43
2026-08-28 09:14:26,988 INFO peoplein.stream: analysis interval ready start=2026-08-18 01:12:43 end=2026-08-18 01:16:05
2026-08-28 09:14:38,878 INFO peoplein.stream: decoded entrance/20260818-011105.mkv: 1010 frames
2026-08-28 09:14:38,878 INFO peoplein.stream: decoded loby/20260818-011243.mkv: 1010 frames
2026-08-28 09:14:38,896 INFO __main__: analysis interval completed start=2026-08-18 01:12:43 end=2026-08-18 01:16:05 frames=2020 ticks=1010 entered=0 exited=0 people_inside=0
2026-08-28 09:14:38,897 INFO __main__: summary updated end=2026-08-18 01:16:05
2026-08-28 09:14:38,898 INFO peoplein.stream: analysis interval ready start=2026-08-18 01:16:05 end=2026-08-18 01:17:43
2026-08-28 09:14:47,285 INFO peoplein.stream: decoded loby/20260818-011243.mkv: 490 frames
2026-08-28 09:14:47,288 INFO peoplein.stream: decoded entrance/20260818-011605.mkv: 490 frames
2026-08-28 09:14:47,302 INFO __main__: analysis interval completed start=2026-08-18 01:16:05 end=2026-08-18 01:17:43 frames=980 ticks=490 entered=0 exited=0 people_inside=0
2026-08-28 09:14:47,304 INFO __main__: summary updated end=2026-08-18 01:17:43
2026-08-28 09:14:47,304 WARNING peoplein.stream: archive interval skipped start=2026-08-18T01:17:43.000 end=2026-08-18T01:17:44.000 duration_seconds=1.0 reason=camera_archives_do_not_overlap
2026-08-28 09:14:47,305 INFO peoplein.stream: analysis interval ready start=2026-08-18 01:17:44 end=2026-08-18 01:21:05
2026-08-28 09:14:59,136 INFO peoplein.stream: decoded loby/20260818-011744.mkv: 1005 frames
2026-08-28 09:14:59,138 INFO peoplein.stream: decoded entrance/20260818-011605.mkv: 1005 frames
2026-08-28 09:14:59,153 INFO __main__: analysis interval completed start=2026-08-18 01:17:44 end=2026-08-18 01:21:05 frames=2010 ticks=1005 entered=0 exited=0 people_inside=0
2026-08-28 09:14:59,154 INFO __main__: summary updated end=2026-08-18 01:21:05
2026-08-28 09:14:59,155 INFO peoplein.stream: analysis interval ready start=2026-08-18 01:21:05 end=2026-08-18 01:22:42
2026-08-28 09:15:07,425 INFO peoplein.stream: decoded loby/20260818-011744.mkv: 485 frames
2026-08-28 09:15:07,425 INFO peoplein.stream: decoded entrance/20260818-012105.mkv: 485 frames
2026-08-28 09:15:07,442 INFO __main__: analysis interval completed start=2026-08-18 01:21:05 end=2026-08-18 01:22:42 frames=970 ticks=485 entered=0 exited=0 people_inside=0
2026-08-28 09:15:07,443 INFO __main__: summary updated end=2026-08-18 01:22:42
2026-08-28 09:15:07,444 INFO peoplein.stream: analysis interval ready start=2026-08-18 01:22:42 end=2026-08-18 01:26:05
2026-08-28 09:15:19,691 INFO peoplein.stream: decoded entrance/20260818-012105.mkv: 1015 frames
2026-08-28 09:15:19,691 INFO peoplein.stream: decoded loby/20260818-012242.mkv: 1015 frames
2026-08-28 09:15:19,708 INFO __main__: analysis interval completed start=2026-08-18 01:22:42 end=2026-08-18 01:26:05 frames=2030 ticks=1015 entered=0 exited=0 people_inside=0
2026-08-28 09:15:19,710 INFO __main__: summary updated end=2026-08-18 01:26:05
2026-08-28 09:15:19,710 INFO peoplein.stream: analysis interval ready start=2026-08-18 01:26:05 end=2026-08-18 01:27:42
2026-08-28 09:15:28,139 INFO peoplein.stream: decoded loby/20260818-012242.mkv: 485 frames
2026-08-28 09:15:28,139 INFO peoplein.stream: decoded entrance/20260818-012605.mkv: 485 frames
2026-08-28 09:15:28,157 INFO __main__: analysis interval completed start=2026-08-18 01:26:05 end=2026-08-18 01:27:42 frames=970 ticks=485 entered=0 exited=0 people_inside=0
2026-08-28 09:15:28,159 INFO __main__: summary updated end=2026-08-18 01:27:42
2026-08-28 09:15:28,159 WARNING peoplein.stream: archive interval skipped start=2026-08-18T01:27:42.000 end=2026-08-18T01:27:43.000 duration_seconds=1.0 reason=camera_archives_do_not_overlap
2026-08-28 09:15:28,159 INFO peoplein.stream: analysis interval ready start=2026-08-18 01:27:43 end=2026-08-18 01:31:05
2026-08-28 09:15:40,109 INFO peoplein.stream: decoded entrance/20260818-012605.mkv: 1010 frames
2026-08-28 09:15:40,109 INFO peoplein.stream: decoded loby/20260818-012743.mkv: 1010 frames
2026-08-28 09:15:40,127 INFO __main__: analysis interval completed start=2026-08-18 01:27:43 end=2026-08-18 01:31:05 frames=2020 ticks=1010 entered=0 exited=0 people_inside=0
2026-08-28 09:15:40,129 INFO __main__: summary updated end=2026-08-18 01:31:05
2026-08-28 09:15:40,129 INFO peoplein.stream: analysis interval ready start=2026-08-18 01:31:05 end=2026-08-18 01:32:43
2026-08-28 09:15:48,557 INFO peoplein.stream: decoded entrance/20260818-013105.mkv: 490 frames
2026-08-28 09:15:48,557 INFO peoplein.stream: decoded loby/20260818-012743.mkv: 490 frames
2026-08-28 09:15:48,574 INFO __main__: analysis interval completed start=2026-08-18 01:31:05 end=2026-08-18 01:32:43 frames=980 ticks=490 entered=0 exited=0 people_inside=0
2026-08-28 09:15:48,576 INFO __main__: summary updated end=2026-08-18 01:32:43
2026-08-28 09:15:48,576 INFO peoplein.stream: analysis interval ready start=2026-08-18 01:32:43 end=2026-08-18 01:36:05
2026-08-28 09:16:00,704 INFO peoplein.stream: decoded loby/20260818-013243.mkv: 1010 frames
2026-08-28 09:16:00,704 INFO peoplein.stream: decoded entrance/20260818-013105.mkv: 1010 frames
2026-08-28 09:16:00,720 INFO __main__: analysis interval completed start=2026-08-18 01:32:43 end=2026-08-18 01:36:05 frames=2020 ticks=1010 entered=0 exited=0 people_inside=0
2026-08-28 09:16:00,722 INFO __main__: summary updated end=2026-08-18 01:36:05
2026-08-28 09:16:00,722 INFO peoplein.stream: analysis interval ready start=2026-08-18 01:36:05 end=2026-08-18 01:37:43
2026-08-28 09:16:09,232 INFO peoplein.stream: decoded entrance/20260818-013605.mkv: 490 frames
2026-08-28 09:16:09,232 INFO peoplein.stream: decoded loby/20260818-013243.mkv: 490 frames
2026-08-28 09:16:09,249 INFO __main__: analysis interval completed start=2026-08-18 01:36:05 end=2026-08-18 01:37:43 frames=980 ticks=490 entered=0 exited=0 people_inside=0
2026-08-28 09:16:09,251 INFO __main__: summary updated end=2026-08-18 01:37:43
2026-08-28 09:16:09,251 WARNING peoplein.stream: archive interval skipped start=2026-08-18T01:37:43.000 end=2026-08-18T01:37:44.000 duration_seconds=1.0 reason=camera_archives_do_not_overlap
2026-08-28 09:16:09,251 INFO peoplein.stream: analysis interval ready start=2026-08-18 01:37:44 end=2026-08-18 01:41:05
2026-08-28 09:16:21,151 INFO peoplein.stream: decoded entrance/20260818-013605.mkv: 1005 frames
2026-08-28 09:16:21,151 INFO peoplein.stream: decoded loby/20260818-013744.mkv: 1005 frames
2026-08-28 09:16:21,168 INFO __main__: analysis interval completed start=2026-08-18 01:37:44 end=2026-08-18 01:41:05 frames=2010 ticks=1005 entered=0 exited=0 people_inside=0
2026-08-28 09:16:21,170 INFO __main__: summary updated end=2026-08-18 01:41:05
2026-08-28 09:16:21,170 INFO peoplein.stream: analysis interval ready start=2026-08-18 01:41:05 end=2026-08-18 01:42:42
2026-08-28 09:16:29,600 INFO peoplein.stream: decoded loby/20260818-013744.mkv: 485 frames
2026-08-28 09:16:29,602 INFO peoplein.stream: decoded entrance/20260818-014105.mkv: 485 frames
2026-08-28 09:16:29,618 INFO __main__: analysis interval completed start=2026-08-18 01:41:05 end=2026-08-18 01:42:42 frames=970 ticks=485 entered=0 exited=0 people_inside=0
2026-08-28 09:16:29,620 INFO __main__: summary updated end=2026-08-18 01:42:42
2026-08-28 09:16:29,620 INFO peoplein.stream: analysis interval ready start=2026-08-18 01:42:42 end=2026-08-18 01:46:05
2026-08-28 09:16:41,677 INFO peoplein.stream: decoded entrance/20260818-014105.mkv: 1015 frames
2026-08-28 09:16:41,677 INFO peoplein.stream: decoded loby/20260818-014242.mkv: 1015 frames
2026-08-28 09:16:41,695 INFO __main__: analysis interval completed start=2026-08-18 01:42:42 end=2026-08-18 01:46:05 frames=2030 ticks=1015 entered=0 exited=0 people_inside=0
2026-08-28 09:16:41,697 INFO __main__: summary updated end=2026-08-18 01:46:05
2026-08-28 09:16:41,697 INFO peoplein.stream: analysis interval ready start=2026-08-18 01:46:05 end=2026-08-18 01:47:42
2026-08-28 09:16:50,444 INFO peoplein.stream: decoded loby/20260818-014242.mkv: 485 frames
2026-08-28 09:16:50,444 INFO peoplein.stream: decoded entrance/20260818-014605.mkv: 485 frames
2026-08-28 09:16:50,461 INFO __main__: analysis interval completed start=2026-08-18 01:46:05 end=2026-08-18 01:47:42 frames=970 ticks=485 entered=0 exited=0 people_inside=0
2026-08-28 09:16:50,462 INFO __main__: summary updated end=2026-08-18 01:47:42
2026-08-28 09:16:50,463 WARNING peoplein.stream: archive interval skipped start=2026-08-18T01:47:42.000 end=2026-08-18T01:47:43.000 duration_seconds=1.0 reason=camera_archives_do_not_overlap
2026-08-28 09:16:50,463 INFO peoplein.stream: analysis interval ready start=2026-08-18 01:47:43 end=2026-08-18 01:51:05
2026-08-28 09:17:02,205 INFO peoplein.stream: decoded loby/20260818-014743.mkv: 1010 frames
2026-08-28 09:17:02,209 INFO peoplein.stream: decoded entrance/20260818-014605.mkv: 1010 frames
2026-08-28 09:17:02,221 INFO __main__: analysis interval completed start=2026-08-18 01:47:43 end=2026-08-18 01:51:05 frames=2020 ticks=1010 entered=0 exited=0 people_inside=0
2026-08-28 09:17:02,223 INFO __main__: summary updated end=2026-08-18 01:51:05
2026-08-28 09:17:02,223 INFO peoplein.stream: analysis interval ready start=2026-08-18 01:51:05 end=2026-08-18 01:52:43
2026-08-28 09:17:10,590 INFO peoplein.stream: decoded entrance/20260818-015105.mkv: 490 frames
2026-08-28 09:17:10,590 INFO peoplein.stream: decoded loby/20260818-014743.mkv: 490 frames
2026-08-28 09:17:10,606 INFO __main__: analysis interval completed start=2026-08-18 01:51:05 end=2026-08-18 01:52:43 frames=980 ticks=490 entered=0 exited=0 people_inside=0
2026-08-28 09:17:10,607 INFO __main__: summary updated end=2026-08-18 01:52:43
2026-08-28 09:17:10,608 INFO peoplein.stream: analysis interval ready start=2026-08-18 01:52:43 end=2026-08-18 01:56:05
2026-08-28 09:17:22,628 INFO peoplein.stream: decoded loby/20260818-015243.mkv: 1010 frames
2026-08-28 09:17:22,631 INFO peoplein.stream: decoded entrance/20260818-015105.mkv: 1010 frames
2026-08-28 09:17:22,647 INFO __main__: analysis interval completed start=2026-08-18 01:52:43 end=2026-08-18 01:56:05 frames=2020 ticks=1010 entered=0 exited=0 people_inside=0
2026-08-28 09:17:22,648 INFO __main__: summary updated end=2026-08-18 01:56:05
2026-08-28 09:17:22,648 INFO peoplein.stream: analysis interval ready start=2026-08-18 01:56:05 end=2026-08-18 01:57:43
2026-08-28 09:17:30,878 INFO peoplein.stream: decoded loby/20260818-015243.mkv: 490 frames
2026-08-28 09:17:30,878 INFO peoplein.stream: decoded entrance/20260818-015605.mkv: 490 frames
2026-08-28 09:17:30,894 INFO __main__: analysis interval completed start=2026-08-18 01:56:05 end=2026-08-18 01:57:43 frames=980 ticks=490 entered=0 exited=0 people_inside=0
2026-08-28 09:17:30,896 INFO __main__: summary updated end=2026-08-18 01:57:43
2026-08-28 09:17:30,896 WARNING peoplein.stream: archive interval skipped start=2026-08-18T01:57:43.000 end=2026-08-18T01:57:44.000 duration_seconds=1.0 reason=camera_archives_do_not_overlap
2026-08-28 09:17:30,896 INFO peoplein.stream: analysis interval ready start=2026-08-18 01:57:44 end=2026-08-18 02:01:05
2026-08-28 09:17:42,615 INFO peoplein.stream: decoded entrance/20260818-015605.mkv: 1005 frames
2026-08-28 09:17:42,618 INFO peoplein.stream: decoded loby/20260818-015744.mkv: 1005 frames
2026-08-28 09:17:42,631 INFO __main__: analysis interval completed start=2026-08-18 01:57:44 end=2026-08-18 02:01:05 frames=2010 ticks=1005 entered=0 exited=0 people_inside=0
2026-08-28 09:17:42,633 INFO __main__: summary updated end=2026-08-18 02:01:05
2026-08-28 09:17:42,633 INFO peoplein.stream: analysis interval ready start=2026-08-18 02:01:05 end=2026-08-18 02:02:42
2026-08-28 09:17:50,798 INFO peoplein.stream: decoded loby/20260818-015744.mkv: 485 frames
2026-08-28 09:17:50,798 INFO peoplein.stream: decoded entrance/20260818-020105.mkv: 485 frames
2026-08-28 09:17:50,815 INFO __main__: analysis interval completed start=2026-08-18 02:01:05 end=2026-08-18 02:02:42 frames=970 ticks=485 entered=0 exited=0 people_inside=0
2026-08-28 09:17:50,817 INFO __main__: summary updated end=2026-08-18 02:02:42
2026-08-28 09:17:50,818 INFO peoplein.stream: analysis interval ready start=2026-08-18 02:02:42 end=2026-08-18 02:06:05
2026-08-28 09:18:02,548 INFO peoplein.stream: decoded loby/20260818-020242.mkv: 1015 frames
2026-08-28 09:18:02,550 INFO peoplein.stream: decoded entrance/20260818-020105.mkv: 1015 frames
2026-08-28 09:18:02,565 INFO __main__: analysis interval completed start=2026-08-18 02:02:42 end=2026-08-18 02:06:05 frames=2030 ticks=1015 entered=0 exited=0 people_inside=0
2026-08-28 09:18:02,567 INFO __main__: summary updated end=2026-08-18 02:06:05
2026-08-28 09:18:02,567 INFO peoplein.stream: analysis interval ready start=2026-08-18 02:06:05 end=2026-08-18 02:07:42
2026-08-28 09:18:10,983 INFO peoplein.stream: decoded loby/20260818-020242.mkv: 485 frames
2026-08-28 09:18:10,985 INFO peoplein.stream: decoded entrance/20260818-020605.mkv: 485 frames
2026-08-28 09:18:11,000 INFO __main__: analysis interval completed start=2026-08-18 02:06:05 end=2026-08-18 02:07:42 frames=970 ticks=485 entered=0 exited=0 people_inside=0
2026-08-28 09:18:11,002 INFO __main__: summary updated end=2026-08-18 02:07:42
2026-08-28 09:18:11,002 WARNING peoplein.stream: archive interval skipped start=2026-08-18T02:07:42.000 end=2026-08-18T02:07:43.000 duration_seconds=1.0 reason=camera_archives_do_not_overlap
2026-08-28 09:18:11,002 INFO peoplein.stream: analysis interval ready start=2026-08-18 02:07:43 end=2026-08-18 02:11:05
2026-08-28 09:18:22,654 INFO peoplein.stream: decoded entrance/20260818-020605.mkv: 1010 frames
2026-08-28 09:18:22,654 INFO peoplein.stream: decoded loby/20260818-020743.mkv: 1010 frames
2026-08-28 09:18:22,671 INFO __main__: analysis interval completed start=2026-08-18 02:07:43 end=2026-08-18 02:11:05 frames=2020 ticks=1010 entered=0 exited=0 people_inside=0
2026-08-28 09:18:22,673 INFO __main__: summary updated end=2026-08-18 02:11:05
2026-08-28 09:18:22,673 INFO peoplein.stream: analysis interval ready start=2026-08-18 02:11:05 end=2026-08-18 02:12:43
2026-08-28 09:18:30,809 INFO peoplein.stream: decoded loby/20260818-020743.mkv: 490 frames
2026-08-28 09:18:30,809 INFO peoplein.stream: decoded entrance/20260818-021105.mkv: 490 frames
2026-08-28 09:18:30,827 INFO __main__: analysis interval completed start=2026-08-18 02:11:05 end=2026-08-18 02:12:43 frames=980 ticks=490 entered=0 exited=0 people_inside=0
2026-08-28 09:18:30,828 INFO __main__: summary updated end=2026-08-18 02:12:43
2026-08-28 09:18:30,829 INFO peoplein.stream: analysis interval ready start=2026-08-18 02:12:43 end=2026-08-18 02:16:05
2026-08-28 09:18:42,496 INFO peoplein.stream: decoded entrance/20260818-021105.mkv: 1010 frames
2026-08-28 09:18:42,496 INFO peoplein.stream: decoded loby/20260818-021243.mkv: 1010 frames
2026-08-28 09:18:42,514 INFO __main__: analysis interval completed start=2026-08-18 02:12:43 end=2026-08-18 02:16:05 frames=2020 ticks=1010 entered=0 exited=0 people_inside=0
2026-08-28 09:18:42,516 INFO __main__: summary updated end=2026-08-18 02:16:05
2026-08-28 09:18:42,516 INFO peoplein.stream: analysis interval ready start=2026-08-18 02:16:05 end=2026-08-18 02:17:43
2026-08-28 09:18:50,750 INFO peoplein.stream: decoded entrance/20260818-021605.mkv: 490 frames
2026-08-28 09:18:50,750 INFO peoplein.stream: decoded loby/20260818-021243.mkv: 490 frames
2026-08-28 09:18:50,767 INFO __main__: analysis interval completed start=2026-08-18 02:16:05 end=2026-08-18 02:17:43 frames=980 ticks=490 entered=0 exited=0 people_inside=0
2026-08-28 09:18:50,769 INFO __main__: summary updated end=2026-08-18 02:17:43
2026-08-28 09:18:50,770 WARNING peoplein.stream: archive interval skipped start=2026-08-18T02:17:43.000 end=2026-08-18T02:17:44.000 duration_seconds=1.0 reason=camera_archives_do_not_overlap
2026-08-28 09:18:50,770 INFO peoplein.stream: analysis interval ready start=2026-08-18 02:17:44 end=2026-08-18 02:21:05
2026-08-28 09:19:02,284 INFO peoplein.stream: decoded loby/20260818-021744.mkv: 1005 frames
2026-08-28 09:19:02,286 INFO peoplein.stream: decoded entrance/20260818-021605.mkv: 1005 frames
2026-08-28 09:19:02,301 INFO __main__: analysis interval completed start=2026-08-18 02:17:44 end=2026-08-18 02:21:05 frames=2010 ticks=1005 entered=0 exited=0 people_inside=0
2026-08-28 09:19:02,303 INFO __main__: summary updated end=2026-08-18 02:21:05
2026-08-28 09:19:02,303 INFO peoplein.stream: analysis interval ready start=2026-08-18 02:21:05 end=2026-08-18 02:22:42
2026-08-28 09:19:10,393 INFO peoplein.stream: decoded entrance/20260818-022105.mkv: 485 frames
2026-08-28 09:19:10,393 INFO peoplein.stream: decoded loby/20260818-021744.mkv: 485 frames
2026-08-28 09:19:10,411 INFO __main__: analysis interval completed start=2026-08-18 02:21:05 end=2026-08-18 02:22:42 frames=970 ticks=485 entered=0 exited=0 people_inside=0
2026-08-28 09:19:10,413 INFO __main__: summary updated end=2026-08-18 02:22:42
2026-08-28 09:19:10,413 INFO peoplein.stream: analysis interval ready start=2026-08-18 02:22:42 end=2026-08-18 02:26:05
2026-08-28 09:19:22,105 INFO peoplein.stream: decoded entrance/20260818-022105.mkv: 1015 frames
2026-08-28 09:19:22,105 INFO peoplein.stream: decoded loby/20260818-022242.mkv: 1015 frames
2026-08-28 09:19:22,122 INFO __main__: analysis interval completed start=2026-08-18 02:22:42 end=2026-08-18 02:26:05 frames=2030 ticks=1015 entered=0 exited=0 people_inside=0
2026-08-28 09:19:22,124 INFO __main__: summary updated end=2026-08-18 02:26:05
2026-08-28 09:19:22,124 INFO peoplein.stream: analysis interval ready start=2026-08-18 02:26:05 end=2026-08-18 02:27:42
2026-08-28 09:19:30,133 INFO peoplein.stream: decoded loby/20260818-022242.mkv: 485 frames
2026-08-28 09:19:30,133 INFO peoplein.stream: decoded entrance/20260818-022605.mkv: 485 frames
2026-08-28 09:19:30,151 INFO __main__: analysis interval completed start=2026-08-18 02:26:05 end=2026-08-18 02:27:42 frames=970 ticks=485 entered=0 exited=0 people_inside=0
2026-08-28 09:19:30,153 INFO __main__: summary updated end=2026-08-18 02:27:42
2026-08-28 09:19:30,153 WARNING peoplein.stream: archive interval skipped start=2026-08-18T02:27:42.000 end=2026-08-18T02:27:43.000 duration_seconds=1.0 reason=camera_archives_do_not_overlap
2026-08-28 09:19:30,153 INFO peoplein.stream: analysis interval ready start=2026-08-18 02:27:43 end=2026-08-18 02:31:05
2026-08-28 09:19:42,237 INFO peoplein.stream: decoded entrance/20260818-022605.mkv: 1010 frames
2026-08-28 09:19:42,237 INFO peoplein.stream: decoded loby/20260818-022743.mkv: 1010 frames
2026-08-28 09:19:42,254 INFO __main__: analysis interval completed start=2026-08-18 02:27:43 end=2026-08-18 02:31:05 frames=2020 ticks=1010 entered=0 exited=0 people_inside=0
2026-08-28 09:19:42,256 INFO __main__: summary updated end=2026-08-18 02:31:05
2026-08-28 09:19:42,256 INFO peoplein.stream: analysis interval ready start=2026-08-18 02:31:05 end=2026-08-18 02:32:43
2026-08-28 09:19:50,600 INFO peoplein.stream: decoded loby/20260818-022743.mkv: 490 frames
2026-08-28 09:19:50,600 INFO peoplein.stream: decoded entrance/20260818-023105.mkv: 490 frames
2026-08-28 09:19:50,617 INFO __main__: analysis interval completed start=2026-08-18 02:31:05 end=2026-08-18 02:32:43 frames=980 ticks=490 entered=0 exited=0 people_inside=0
2026-08-28 09:19:50,619 INFO __main__: summary updated end=2026-08-18 02:32:43
2026-08-28 09:19:50,619 INFO peoplein.stream: analysis interval ready start=2026-08-18 02:32:43 end=2026-08-18 02:36:05
2026-08-28 09:20:02,531 INFO peoplein.stream: decoded loby/20260818-023243.mkv: 1010 frames
2026-08-28 09:20:02,531 INFO peoplein.stream: decoded entrance/20260818-023105.mkv: 1010 frames
2026-08-28 09:20:02,547 INFO __main__: analysis interval completed start=2026-08-18 02:32:43 end=2026-08-18 02:36:05 frames=2020 ticks=1010 entered=0 exited=0 people_inside=0
2026-08-28 09:20:02,549 INFO __main__: summary updated end=2026-08-18 02:36:05
2026-08-28 09:20:02,549 INFO peoplein.stream: analysis interval ready start=2026-08-18 02:36:05 end=2026-08-18 02:37:43
2026-08-28 09:20:10,994 INFO peoplein.stream: decoded entrance/20260818-023605.mkv: 490 frames
2026-08-28 09:20:10,994 INFO peoplein.stream: decoded loby/20260818-023243.mkv: 490 frames
2026-08-28 09:20:11,011 INFO __main__: analysis interval completed start=2026-08-18 02:36:05 end=2026-08-18 02:37:43 frames=980 ticks=490 entered=0 exited=0 people_inside=0
2026-08-28 09:20:11,013 INFO __main__: summary updated end=2026-08-18 02:37:43
2026-08-28 09:20:11,013 WARNING peoplein.stream: archive interval skipped start=2026-08-18T02:37:43.000 end=2026-08-18T02:37:44.000 duration_seconds=1.0 reason=camera_archives_do_not_overlap
2026-08-28 09:20:11,013 INFO peoplein.stream: analysis interval ready start=2026-08-18 02:37:44 end=2026-08-18 02:41:05
2026-08-28 09:20:22,837 INFO peoplein.stream: decoded entrance/20260818-023605.mkv: 1005 frames
2026-08-28 09:20:22,842 INFO peoplein.stream: decoded loby/20260818-023744.mkv: 1005 frames
2026-08-28 09:20:22,855 INFO __main__: analysis interval completed start=2026-08-18 02:37:44 end=2026-08-18 02:41:05 frames=2010 ticks=1005 entered=0 exited=0 people_inside=0
2026-08-28 09:20:22,857 INFO __main__: summary updated end=2026-08-18 02:41:05
2026-08-28 09:20:22,857 INFO peoplein.stream: analysis interval ready start=2026-08-18 02:41:05 end=2026-08-18 02:42:42
2026-08-28 09:20:31,118 INFO peoplein.stream: decoded entrance/20260818-024105.mkv: 485 frames
2026-08-28 09:20:31,118 INFO peoplein.stream: decoded loby/20260818-023744.mkv: 485 frames
2026-08-28 09:20:31,134 INFO __main__: analysis interval completed start=2026-08-18 02:41:05 end=2026-08-18 02:42:42 frames=970 ticks=485 entered=0 exited=0 people_inside=0
2026-08-28 09:20:31,136 INFO __main__: summary updated end=2026-08-18 02:42:42
2026-08-28 09:20:31,136 INFO peoplein.stream: analysis interval ready start=2026-08-18 02:42:42 end=2026-08-18 02:46:05
2026-08-28 09:20:42,919 INFO peoplein.stream: decoded entrance/20260818-024105.mkv: 1015 frames
2026-08-28 09:20:42,919 INFO peoplein.stream: decoded loby/20260818-024242.mkv: 1015 frames
2026-08-28 09:20:42,935 INFO __main__: analysis interval completed start=2026-08-18 02:42:42 end=2026-08-18 02:46:05 frames=2030 ticks=1015 entered=0 exited=0 people_inside=0
2026-08-28 09:20:42,938 INFO __main__: summary updated end=2026-08-18 02:46:05
2026-08-28 09:20:42,938 INFO peoplein.stream: analysis interval ready start=2026-08-18 02:46:05 end=2026-08-18 02:47:42
2026-08-28 09:20:51,288 INFO peoplein.stream: decoded loby/20260818-024242.mkv: 485 frames
2026-08-28 09:20:51,291 INFO peoplein.stream: decoded entrance/20260818-024605.mkv: 485 frames
2026-08-28 09:20:51,306 INFO __main__: analysis interval completed start=2026-08-18 02:46:05 end=2026-08-18 02:47:42 frames=970 ticks=485 entered=0 exited=0 people_inside=0
2026-08-28 09:20:51,308 INFO __main__: summary updated end=2026-08-18 02:47:42
2026-08-28 09:20:51,308 WARNING peoplein.stream: archive interval skipped start=2026-08-18T02:47:42.000 end=2026-08-18T02:47:43.000 duration_seconds=1.0 reason=camera_archives_do_not_overlap
2026-08-28 09:20:51,308 INFO peoplein.stream: analysis interval ready start=2026-08-18 02:47:43 end=2026-08-18 02:51:05
2026-08-28 09:21:03,092 INFO peoplein.stream: decoded entrance/20260818-024605.mkv: 1010 frames
2026-08-28 09:21:03,092 INFO peoplein.stream: decoded loby/20260818-024743.mkv: 1010 frames
2026-08-28 09:21:03,109 INFO __main__: analysis interval completed start=2026-08-18 02:47:43 end=2026-08-18 02:51:05 frames=2020 ticks=1010 entered=0 exited=0 people_inside=0
2026-08-28 09:21:03,111 INFO __main__: summary updated end=2026-08-18 02:51:05
2026-08-28 09:21:03,111 INFO peoplein.stream: analysis interval ready start=2026-08-18 02:51:05 end=2026-08-18 02:52:43
2026-08-28 09:21:11,495 INFO peoplein.stream: decoded entrance/20260818-025105.mkv: 490 frames
2026-08-28 09:21:11,495 INFO peoplein.stream: decoded loby/20260818-024743.mkv: 490 frames
2026-08-28 09:21:11,511 INFO __main__: analysis interval completed start=2026-08-18 02:51:05 end=2026-08-18 02:52:43 frames=980 ticks=490 entered=0 exited=0 people_inside=0
2026-08-28 09:21:11,513 INFO __main__: summary updated end=2026-08-18 02:52:43
2026-08-28 09:21:11,513 INFO peoplein.stream: analysis interval ready start=2026-08-18 02:52:43 end=2026-08-18 02:56:05
2026-08-28 09:21:23,235 INFO peoplein.stream: decoded loby/20260818-025243.mkv: 1010 frames
2026-08-28 09:21:23,235 INFO peoplein.stream: decoded entrance/20260818-025105.mkv: 1010 frames
2026-08-28 09:21:23,252 INFO __main__: analysis interval completed start=2026-08-18 02:52:43 end=2026-08-18 02:56:05 frames=2020 ticks=1010 entered=0 exited=0 people_inside=0
2026-08-28 09:21:23,254 INFO __main__: summary updated end=2026-08-18 02:56:05
2026-08-28 09:21:23,254 INFO peoplein.stream: analysis interval ready start=2026-08-18 02:56:05 end=2026-08-18 02:57:43
2026-08-28 09:21:31,669 INFO peoplein.stream: decoded entrance/20260818-025605.mkv: 490 frames
2026-08-28 09:21:31,669 INFO peoplein.stream: decoded loby/20260818-025243.mkv: 490 frames
2026-08-28 09:21:31,687 INFO __main__: analysis interval completed start=2026-08-18 02:56:05 end=2026-08-18 02:57:43 frames=980 ticks=490 entered=0 exited=0 people_inside=0
2026-08-28 09:21:31,689 INFO __main__: summary updated end=2026-08-18 02:57:43
2026-08-28 09:21:31,689 WARNING peoplein.stream: archive interval skipped start=2026-08-18T02:57:43.000 end=2026-08-18T02:57:44.000 duration_seconds=1.0 reason=camera_archives_do_not_overlap
2026-08-28 09:21:31,689 INFO peoplein.stream: analysis interval ready start=2026-08-18 02:57:44 end=2026-08-18 03:01:05
2026-08-28 09:21:43,367 INFO peoplein.stream: decoded loby/20260818-025744.mkv: 1005 frames
2026-08-28 09:21:43,367 INFO peoplein.stream: decoded entrance/20260818-025605.mkv: 1005 frames
2026-08-28 09:21:43,383 INFO __main__: analysis interval completed start=2026-08-18 02:57:44 end=2026-08-18 03:01:05 frames=2010 ticks=1005 entered=0 exited=0 people_inside=0
2026-08-28 09:21:43,385 INFO __main__: summary updated end=2026-08-18 03:01:05
2026-08-28 09:21:43,386 INFO peoplein.stream: analysis interval ready start=2026-08-18 03:01:05 end=2026-08-18 03:02:42
2026-08-28 09:21:51,587 INFO peoplein.stream: decoded entrance/20260818-030105.mkv: 485 frames
2026-08-28 09:21:51,591 INFO peoplein.stream: decoded loby/20260818-025744.mkv: 485 frames
2026-08-28 09:21:51,605 INFO __main__: analysis interval completed start=2026-08-18 03:01:05 end=2026-08-18 03:02:42 frames=970 ticks=485 entered=0 exited=0 people_inside=0
2026-08-28 09:21:51,607 INFO __main__: summary updated end=2026-08-18 03:02:42
2026-08-28 09:21:51,607 INFO peoplein.stream: analysis interval ready start=2026-08-18 03:02:42 end=2026-08-18 03:06:05
2026-08-28 09:22:03,171 INFO peoplein.stream: decoded loby/20260818-030242.mkv: 1015 frames
2026-08-28 09:22:03,174 INFO peoplein.stream: decoded entrance/20260818-030105.mkv: 1015 frames
2026-08-28 09:22:03,189 INFO __main__: analysis interval completed start=2026-08-18 03:02:42 end=2026-08-18 03:06:05 frames=2030 ticks=1015 entered=0 exited=0 people_inside=0
2026-08-28 09:22:03,191 INFO __main__: summary updated end=2026-08-18 03:06:05
2026-08-28 09:22:03,191 INFO peoplein.stream: analysis interval ready start=2026-08-18 03:06:05 end=2026-08-18 03:07:42
2026-08-28 09:22:11,306 INFO peoplein.stream: decoded loby/20260818-030242.mkv: 485 frames
2026-08-28 09:22:11,308 INFO peoplein.stream: decoded entrance/20260818-030605.mkv: 485 frames
2026-08-28 09:22:11,323 INFO __main__: analysis interval completed start=2026-08-18 03:06:05 end=2026-08-18 03:07:42 frames=970 ticks=485 entered=0 exited=0 people_inside=0
2026-08-28 09:22:11,325 INFO __main__: summary updated end=2026-08-18 03:07:42
2026-08-28 09:22:11,325 WARNING peoplein.stream: archive interval skipped start=2026-08-18T03:07:42.000 end=2026-08-18T03:07:43.000 duration_seconds=1.0 reason=camera_archives_do_not_overlap
2026-08-28 09:22:11,325 INFO peoplein.stream: analysis interval ready start=2026-08-18 03:07:43 end=2026-08-18 03:11:05
2026-08-28 09:22:22,938 INFO peoplein.stream: decoded loby/20260818-030743.mkv: 1010 frames
2026-08-28 09:22:22,938 INFO peoplein.stream: decoded entrance/20260818-030605.mkv: 1010 frames
2026-08-28 09:22:22,956 INFO __main__: analysis interval completed start=2026-08-18 03:07:43 end=2026-08-18 03:11:05 frames=2020 ticks=1010 entered=0 exited=0 people_inside=0
2026-08-28 09:22:22,958 INFO __main__: summary updated end=2026-08-18 03:11:05
2026-08-28 09:22:22,958 INFO peoplein.stream: analysis interval ready start=2026-08-18 03:11:05 end=2026-08-18 03:12:43
2026-08-28 09:22:31,160 INFO peoplein.stream: decoded entrance/20260818-031105.mkv: 490 frames
2026-08-28 09:22:31,160 INFO peoplein.stream: decoded loby/20260818-030743.mkv: 490 frames
2026-08-28 09:22:31,177 INFO __main__: analysis interval completed start=2026-08-18 03:11:05 end=2026-08-18 03:12:43 frames=980 ticks=490 entered=0 exited=0 people_inside=0
2026-08-28 09:22:31,179 INFO __main__: summary updated end=2026-08-18 03:12:43
2026-08-28 09:22:31,179 INFO peoplein.stream: analysis interval ready start=2026-08-18 03:12:43 end=2026-08-18 03:16:05
2026-08-28 09:22:42,830 INFO peoplein.stream: decoded entrance/20260818-031105.mkv: 1010 frames
2026-08-28 09:22:42,832 INFO peoplein.stream: decoded loby/20260818-031243.mkv: 1010 frames
2026-08-28 09:22:42,848 INFO __main__: analysis interval completed start=2026-08-18 03:12:43 end=2026-08-18 03:16:05 frames=2020 ticks=1010 entered=0 exited=0 people_inside=0
2026-08-28 09:22:42,850 INFO __main__: summary updated end=2026-08-18 03:16:05
2026-08-28 09:22:42,850 INFO peoplein.stream: analysis interval ready start=2026-08-18 03:16:05 end=2026-08-18 03:17:43
2026-08-28 09:22:51,121 INFO peoplein.stream: decoded entrance/20260818-031605.mkv: 490 frames
2026-08-28 09:22:51,121 INFO peoplein.stream: decoded loby/20260818-031243.mkv: 490 frames
2026-08-28 09:22:51,138 INFO __main__: analysis interval completed start=2026-08-18 03:16:05 end=2026-08-18 03:17:43 frames=980 ticks=490 entered=0 exited=0 people_inside=0
2026-08-28 09:22:51,140 INFO __main__: summary updated end=2026-08-18 03:17:43
2026-08-28 09:22:51,140 WARNING peoplein.stream: archive interval skipped start=2026-08-18T03:17:43.000 end=2026-08-18T03:17:44.000 duration_seconds=1.0 reason=camera_archives_do_not_overlap
2026-08-28 09:22:51,140 INFO peoplein.stream: analysis interval ready start=2026-08-18 03:17:44 end=2026-08-18 03:21:05
2026-08-28 09:23:02,813 INFO peoplein.stream: decoded entrance/20260818-031605.mkv: 1005 frames
2026-08-28 09:23:02,813 INFO peoplein.stream: decoded loby/20260818-031744.mkv: 1005 frames
2026-08-28 09:23:02,829 INFO __main__: analysis interval completed start=2026-08-18 03:17:44 end=2026-08-18 03:21:05 frames=2010 ticks=1005 entered=0 exited=0 people_inside=0
2026-08-28 09:23:02,831 INFO __main__: summary updated end=2026-08-18 03:21:05
2026-08-28 09:23:02,831 INFO peoplein.stream: analysis interval ready start=2026-08-18 03:21:05 end=2026-08-18 03:22:42
2026-08-28 09:23:11,108 INFO peoplein.stream: decoded entrance/20260818-032105.mkv: 485 frames
2026-08-28 09:23:11,108 INFO peoplein.stream: decoded loby/20260818-031744.mkv: 485 frames
2026-08-28 09:23:11,126 INFO __main__: analysis interval completed start=2026-08-18 03:21:05 end=2026-08-18 03:22:42 frames=970 ticks=485 entered=0 exited=0 people_inside=0
2026-08-28 09:23:11,128 INFO __main__: summary updated end=2026-08-18 03:22:42
2026-08-28 09:23:11,128 INFO peoplein.stream: analysis interval ready start=2026-08-18 03:22:42 end=2026-08-18 03:26:05
2026-08-28 09:23:22,937 INFO peoplein.stream: decoded entrance/20260818-032105.mkv: 1015 frames
2026-08-28 09:23:22,938 INFO peoplein.stream: decoded loby/20260818-032242.mkv: 1015 frames
2026-08-28 09:23:22,954 INFO __main__: analysis interval completed start=2026-08-18 03:22:42 end=2026-08-18 03:26:05 frames=2030 ticks=1015 entered=0 exited=0 people_inside=0
2026-08-28 09:23:22,956 INFO __main__: summary updated end=2026-08-18 03:26:05
2026-08-28 09:23:22,956 INFO peoplein.stream: analysis interval ready start=2026-08-18 03:26:05 end=2026-08-18 03:27:42
2026-08-28 09:23:31,106 INFO peoplein.stream: decoded entrance/20260818-032605.mkv: 485 frames
2026-08-28 09:23:31,109 INFO peoplein.stream: decoded loby/20260818-032242.mkv: 485 frames
2026-08-28 09:23:31,124 INFO __main__: analysis interval completed start=2026-08-18 03:26:05 end=2026-08-18 03:27:42 frames=970 ticks=485 entered=0 exited=0 people_inside=0
2026-08-28 09:23:31,126 INFO __main__: summary updated end=2026-08-18 03:27:42
2026-08-28 09:23:31,126 WARNING peoplein.stream: archive interval skipped start=2026-08-18T03:27:42.000 end=2026-08-18T03:27:43.000 duration_seconds=1.0 reason=camera_archives_do_not_overlap
2026-08-28 09:23:31,126 INFO peoplein.stream: analysis interval ready start=2026-08-18 03:27:43 end=2026-08-18 03:31:05
2026-08-28 09:23:42,803 INFO peoplein.stream: decoded entrance/20260818-032605.mkv: 1010 frames
2026-08-28 09:23:42,805 INFO peoplein.stream: decoded loby/20260818-032743.mkv: 1010 frames
2026-08-28 09:23:42,821 INFO __main__: analysis interval completed start=2026-08-18 03:27:43 end=2026-08-18 03:31:05 frames=2020 ticks=1010 entered=0 exited=0 people_inside=0
2026-08-28 09:23:42,823 INFO __main__: summary updated end=2026-08-18 03:31:05
2026-08-28 09:23:42,823 INFO peoplein.stream: analysis interval ready start=2026-08-18 03:31:05 end=2026-08-18 03:32:43
2026-08-28 09:23:51,194 INFO peoplein.stream: decoded loby/20260818-032743.mkv: 490 frames
2026-08-28 09:23:51,196 INFO peoplein.stream: decoded entrance/20260818-033105.mkv: 490 frames
2026-08-28 09:23:51,211 INFO __main__: analysis interval completed start=2026-08-18 03:31:05 end=2026-08-18 03:32:43 frames=980 ticks=490 entered=0 exited=0 people_inside=0
2026-08-28 09:23:51,213 INFO __main__: summary updated end=2026-08-18 03:32:43
2026-08-28 09:23:51,213 INFO peoplein.stream: analysis interval ready start=2026-08-18 03:32:43 end=2026-08-18 03:36:05
2026-08-28 09:24:03,009 INFO peoplein.stream: decoded loby/20260818-033243.mkv: 1010 frames
2026-08-28 09:24:03,010 INFO peoplein.stream: decoded entrance/20260818-033105.mkv: 1010 frames
2026-08-28 09:24:03,027 INFO __main__: analysis interval completed start=2026-08-18 03:32:43 end=2026-08-18 03:36:05 frames=2020 ticks=1010 entered=0 exited=0 people_inside=0
2026-08-28 09:24:03,029 INFO __main__: summary updated end=2026-08-18 03:36:05
2026-08-28 09:24:03,029 INFO peoplein.stream: analysis interval ready start=2026-08-18 03:36:05 end=2026-08-18 03:37:43
2026-08-28 09:24:11,288 INFO peoplein.stream: decoded entrance/20260818-033605.mkv: 490 frames
2026-08-28 09:24:11,288 INFO peoplein.stream: decoded loby/20260818-033243.mkv: 490 frames
2026-08-28 09:24:11,306 INFO __main__: analysis interval completed start=2026-08-18 03:36:05 end=2026-08-18 03:37:43 frames=980 ticks=490 entered=0 exited=0 people_inside=0
2026-08-28 09:24:11,308 INFO __main__: summary updated end=2026-08-18 03:37:43
2026-08-28 09:24:11,308 WARNING peoplein.stream: archive interval skipped start=2026-08-18T03:37:43.000 end=2026-08-18T03:37:44.000 duration_seconds=1.0 reason=camera_archives_do_not_overlap
2026-08-28 09:24:11,308 INFO peoplein.stream: analysis interval ready start=2026-08-18 03:37:44 end=2026-08-18 03:41:05
2026-08-28 09:24:23,003 INFO peoplein.stream: decoded entrance/20260818-033605.mkv: 1005 frames
2026-08-28 09:24:23,007 INFO peoplein.stream: decoded loby/20260818-033744.mkv: 1005 frames
2026-08-28 09:24:23,020 INFO __main__: analysis interval completed start=2026-08-18 03:37:44 end=2026-08-18 03:41:05 frames=2010 ticks=1005 entered=0 exited=0 people_inside=0
2026-08-28 09:24:23,022 INFO __main__: summary updated end=2026-08-18 03:41:05
2026-08-28 09:24:23,022 INFO peoplein.stream: analysis interval ready start=2026-08-18 03:41:05 end=2026-08-18 03:42:42
2026-08-28 09:24:31,150 INFO peoplein.stream: decoded loby/20260818-033744.mkv: 485 frames
2026-08-28 09:24:31,150 INFO peoplein.stream: decoded entrance/20260818-034105.mkv: 485 frames
2026-08-28 09:24:31,167 INFO __main__: analysis interval completed start=2026-08-18 03:41:05 end=2026-08-18 03:42:42 frames=970 ticks=485 entered=0 exited=0 people_inside=0
2026-08-28 09:24:31,169 INFO __main__: summary updated end=2026-08-18 03:42:42
2026-08-28 09:24:31,169 INFO peoplein.stream: analysis interval ready start=2026-08-18 03:42:42 end=2026-08-18 03:46:05
2026-08-28 09:24:43,071 INFO peoplein.stream: decoded loby/20260818-034242.mkv: 1015 frames
2026-08-28 09:24:43,072 INFO peoplein.stream: decoded entrance/20260818-034105.mkv: 1015 frames
2026-08-28 09:24:43,087 INFO __main__: analysis interval completed start=2026-08-18 03:42:42 end=2026-08-18 03:46:05 frames=2030 ticks=1015 entered=0 exited=0 people_inside=0
2026-08-28 09:24:43,089 INFO __main__: summary updated end=2026-08-18 03:46:05
2026-08-28 09:24:43,090 INFO peoplein.stream: analysis interval ready start=2026-08-18 03:46:05 end=2026-08-18 03:47:42
2026-08-28 09:24:51,460 INFO peoplein.stream: decoded loby/20260818-034242.mkv: 485 frames
2026-08-28 09:24:51,460 INFO peoplein.stream: decoded entrance/20260818-034605.mkv: 485 frames
2026-08-28 09:24:51,478 INFO __main__: analysis interval completed start=2026-08-18 03:46:05 end=2026-08-18 03:47:42 frames=970 ticks=485 entered=0 exited=0 people_inside=0
2026-08-28 09:24:51,479 INFO __main__: summary updated end=2026-08-18 03:47:42
2026-08-28 09:24:51,480 WARNING peoplein.stream: archive interval skipped start=2026-08-18T03:47:42.000 end=2026-08-18T03:47:43.000 duration_seconds=1.0 reason=camera_archives_do_not_overlap
2026-08-28 09:24:51,480 INFO peoplein.stream: analysis interval ready start=2026-08-18 03:47:43 end=2026-08-18 03:51:05
2026-08-28 09:25:03,039 INFO peoplein.stream: decoded loby/20260818-034743.mkv: 1010 frames
2026-08-28 09:25:03,043 INFO peoplein.stream: decoded entrance/20260818-034605.mkv: 1010 frames
2026-08-28 09:25:03,058 INFO __main__: analysis interval completed start=2026-08-18 03:47:43 end=2026-08-18 03:51:05 frames=2020 ticks=1010 entered=0 exited=0 people_inside=0
2026-08-28 09:25:03,060 INFO __main__: summary updated end=2026-08-18 03:51:05
2026-08-28 09:25:03,060 INFO peoplein.stream: analysis interval ready start=2026-08-18 03:51:05 end=2026-08-18 03:52:43
2026-08-28 09:25:11,456 INFO peoplein.stream: decoded loby/20260818-034743.mkv: 490 frames
2026-08-28 09:25:11,456 INFO peoplein.stream: decoded entrance/20260818-035105.mkv: 490 frames
2026-08-28 09:25:11,473 INFO __main__: analysis interval completed start=2026-08-18 03:51:05 end=2026-08-18 03:52:43 frames=980 ticks=490 entered=0 exited=0 people_inside=0
2026-08-28 09:25:11,475 INFO __main__: summary updated end=2026-08-18 03:52:43
2026-08-28 09:25:11,475 INFO peoplein.stream: analysis interval ready start=2026-08-18 03:52:43 end=2026-08-18 03:56:05
2026-08-28 09:25:23,247 INFO peoplein.stream: decoded loby/20260818-035243.mkv: 1010 frames
2026-08-28 09:25:23,247 INFO peoplein.stream: decoded entrance/20260818-035105.mkv: 1010 frames
2026-08-28 09:25:23,264 INFO __main__: analysis interval completed start=2026-08-18 03:52:43 end=2026-08-18 03:56:05 frames=2020 ticks=1010 entered=0 exited=0 people_inside=0
2026-08-28 09:25:23,266 INFO __main__: summary updated end=2026-08-18 03:56:05
2026-08-28 09:25:23,266 INFO peoplein.stream: analysis interval ready start=2026-08-18 03:56:05 end=2026-08-18 03:57:43
2026-08-28 09:25:31,575 INFO peoplein.stream: decoded entrance/20260818-035605.mkv: 490 frames
2026-08-28 09:25:31,575 INFO peoplein.stream: decoded loby/20260818-035243.mkv: 490 frames
2026-08-28 09:25:31,593 INFO __main__: analysis interval completed start=2026-08-18 03:56:05 end=2026-08-18 03:57:43 frames=980 ticks=490 entered=0 exited=0 people_inside=0
2026-08-28 09:25:31,594 INFO __main__: summary updated end=2026-08-18 03:57:43
2026-08-28 09:25:31,594 WARNING peoplein.stream: archive interval skipped start=2026-08-18T03:57:43.000 end=2026-08-18T03:57:44.000 duration_seconds=1.0 reason=camera_archives_do_not_overlap
2026-08-28 09:25:31,595 INFO peoplein.stream: analysis interval ready start=2026-08-18 03:57:44 end=2026-08-18 04:01:05
2026-08-28 09:25:43,501 INFO peoplein.stream: decoded loby/20260818-035744.mkv: 1005 frames
2026-08-28 09:25:43,501 INFO peoplein.stream: decoded entrance/20260818-035605.mkv: 1005 frames
2026-08-28 09:25:43,517 INFO __main__: analysis interval completed start=2026-08-18 03:57:44 end=2026-08-18 04:01:05 frames=2010 ticks=1005 entered=0 exited=0 people_inside=0
2026-08-28 09:25:43,520 INFO __main__: summary updated end=2026-08-18 04:01:05
2026-08-28 09:25:43,520 INFO peoplein.stream: analysis interval ready start=2026-08-18 04:01:05 end=2026-08-18 04:02:42
2026-08-28 09:25:51,813 INFO peoplein.stream: decoded entrance/20260818-040105.mkv: 485 frames
2026-08-28 09:25:51,813 INFO peoplein.stream: decoded loby/20260818-035744.mkv: 485 frames
2026-08-28 09:25:51,830 INFO __main__: analysis interval completed start=2026-08-18 04:01:05 end=2026-08-18 04:02:42 frames=970 ticks=485 entered=0 exited=0 people_inside=0
2026-08-28 09:25:51,832 INFO __main__: summary updated end=2026-08-18 04:02:42
2026-08-28 09:25:51,832 INFO peoplein.stream: analysis interval ready start=2026-08-18 04:02:42 end=2026-08-18 04:06:05
2026-08-28 09:26:03,712 INFO peoplein.stream: decoded entrance/20260818-040105.mkv: 1015 frames
2026-08-28 09:26:03,712 INFO peoplein.stream: decoded loby/20260818-040242.mkv: 1015 frames
2026-08-28 09:26:03,729 INFO __main__: analysis interval completed start=2026-08-18 04:02:42 end=2026-08-18 04:06:05 frames=2030 ticks=1015 entered=0 exited=0 people_inside=0
2026-08-28 09:26:03,731 INFO __main__: summary updated end=2026-08-18 04:06:05
2026-08-28 09:26:03,731 INFO peoplein.stream: analysis interval ready start=2026-08-18 04:06:05 end=2026-08-18 04:07:42
2026-08-28 09:26:12,080 INFO peoplein.stream: decoded loby/20260818-040242.mkv: 485 frames
2026-08-28 09:26:12,081 INFO peoplein.stream: decoded entrance/20260818-040605.mkv: 485 frames
2026-08-28 09:26:12,097 INFO __main__: analysis interval completed start=2026-08-18 04:06:05 end=2026-08-18 04:07:42 frames=970 ticks=485 entered=0 exited=0 people_inside=0
2026-08-28 09:26:12,099 INFO __main__: summary updated end=2026-08-18 04:07:42
2026-08-28 09:26:12,099 WARNING peoplein.stream: archive interval skipped start=2026-08-18T04:07:42.000 end=2026-08-18T04:07:43.000 duration_seconds=1.0 reason=camera_archives_do_not_overlap
2026-08-28 09:26:12,099 INFO peoplein.stream: analysis interval ready start=2026-08-18 04:07:43 end=2026-08-18 04:11:05
2026-08-28 09:26:23,999 INFO peoplein.stream: decoded loby/20260818-040743.mkv: 1010 frames
2026-08-28 09:26:24,001 INFO peoplein.stream: decoded entrance/20260818-040605.mkv: 1010 frames
2026-08-28 09:26:24,017 INFO __main__: analysis interval completed start=2026-08-18 04:07:43 end=2026-08-18 04:11:05 frames=2020 ticks=1010 entered=0 exited=0 people_inside=0
2026-08-28 09:26:24,019 INFO __main__: summary updated end=2026-08-18 04:11:05
2026-08-28 09:26:24,019 INFO peoplein.stream: analysis interval ready start=2026-08-18 04:11:05 end=2026-08-18 04:12:43
2026-08-28 09:26:32,446 INFO peoplein.stream: decoded entrance/20260818-041105.mkv: 490 frames
2026-08-28 09:26:32,446 INFO peoplein.stream: decoded loby/20260818-040743.mkv: 490 frames
2026-08-28 09:26:32,463 INFO __main__: analysis interval completed start=2026-08-18 04:11:05 end=2026-08-18 04:12:43 frames=980 ticks=490 entered=0 exited=0 people_inside=0
2026-08-28 09:26:32,465 INFO __main__: summary updated end=2026-08-18 04:12:43
2026-08-28 09:26:32,465 INFO peoplein.stream: analysis interval ready start=2026-08-18 04:12:43 end=2026-08-18 04:16:05
2026-08-28 09:26:44,252 INFO peoplein.stream: decoded loby/20260818-041243.mkv: 1010 frames
2026-08-28 09:26:44,255 INFO peoplein.stream: decoded entrance/20260818-041105.mkv: 1010 frames
2026-08-28 09:26:44,270 INFO __main__: analysis interval completed start=2026-08-18 04:12:43 end=2026-08-18 04:16:05 frames=2020 ticks=1010 entered=0 exited=0 people_inside=0
2026-08-28 09:26:44,272 INFO __main__: summary updated end=2026-08-18 04:16:05
2026-08-28 09:26:44,272 INFO peoplein.stream: analysis interval ready start=2026-08-18 04:16:05 end=2026-08-18 04:17:43
2026-08-28 09:26:52,684 INFO peoplein.stream: decoded entrance/20260818-041605.mkv: 490 frames
2026-08-28 09:26:52,684 INFO peoplein.stream: decoded loby/20260818-041243.mkv: 490 frames
2026-08-28 09:26:52,701 INFO __main__: analysis interval completed start=2026-08-18 04:16:05 end=2026-08-18 04:17:43 frames=980 ticks=490 entered=0 exited=0 people_inside=0
2026-08-28 09:26:52,703 INFO __main__: summary updated end=2026-08-18 04:17:43
2026-08-28 09:26:52,703 WARNING peoplein.stream: archive interval skipped start=2026-08-18T04:17:43.000 end=2026-08-18T04:17:44.000 duration_seconds=1.0 reason=camera_archives_do_not_overlap
2026-08-28 09:26:52,703 INFO peoplein.stream: analysis interval ready start=2026-08-18 04:17:44 end=2026-08-18 04:21:05
2026-08-28 09:27:04,582 INFO peoplein.stream: decoded entrance/20260818-041605.mkv: 1005 frames
2026-08-28 09:27:04,582 INFO peoplein.stream: decoded loby/20260818-041744.mkv: 1005 frames
2026-08-28 09:27:04,597 INFO __main__: analysis interval completed start=2026-08-18 04:17:44 end=2026-08-18 04:21:05 frames=2010 ticks=1005 entered=0 exited=0 people_inside=0
2026-08-28 09:27:04,599 INFO __main__: summary updated end=2026-08-18 04:21:05
2026-08-28 09:27:04,599 INFO peoplein.stream: analysis interval ready start=2026-08-18 04:21:05 end=2026-08-18 04:22:42
2026-08-28 09:27:12,950 INFO peoplein.stream: decoded loby/20260818-041744.mkv: 485 frames
2026-08-28 09:27:12,950 INFO peoplein.stream: decoded entrance/20260818-042105.mkv: 485 frames
2026-08-28 09:27:12,966 INFO __main__: analysis interval completed start=2026-08-18 04:21:05 end=2026-08-18 04:22:42 frames=970 ticks=485 entered=0 exited=0 people_inside=0
2026-08-28 09:27:12,968 INFO __main__: summary updated end=2026-08-18 04:22:42
2026-08-28 09:27:12,968 INFO peoplein.stream: analysis interval ready start=2026-08-18 04:22:42 end=2026-08-18 04:26:05
2026-08-28 09:27:25,002 INFO peoplein.stream: decoded entrance/20260818-042105.mkv: 1015 frames
2026-08-28 09:27:25,002 INFO peoplein.stream: decoded loby/20260818-042242.mkv: 1015 frames
2026-08-28 09:27:25,021 INFO __main__: analysis interval completed start=2026-08-18 04:22:42 end=2026-08-18 04:26:05 frames=2030 ticks=1015 entered=0 exited=0 people_inside=0
2026-08-28 09:27:25,023 INFO __main__: summary updated end=2026-08-18 04:26:05
2026-08-28 09:27:25,023 INFO peoplein.stream: analysis interval ready start=2026-08-18 04:26:05 end=2026-08-18 04:27:42
2026-08-28 09:27:33,460 INFO peoplein.stream: decoded entrance/20260818-042605.mkv: 485 frames
2026-08-28 09:27:33,460 INFO peoplein.stream: decoded loby/20260818-042242.mkv: 485 frames
2026-08-28 09:27:33,478 INFO __main__: analysis interval completed start=2026-08-18 04:26:05 end=2026-08-18 04:27:42 frames=970 ticks=485 entered=0 exited=0 people_inside=0
2026-08-28 09:27:33,480 INFO __main__: summary updated end=2026-08-18 04:27:42
2026-08-28 09:27:33,480 WARNING peoplein.stream: archive interval skipped start=2026-08-18T04:27:42.000 end=2026-08-18T04:27:43.000 duration_seconds=1.0 reason=camera_archives_do_not_overlap
2026-08-28 09:27:33,480 INFO peoplein.stream: analysis interval ready start=2026-08-18 04:27:43 end=2026-08-18 04:31:05
2026-08-28 09:27:45,560 INFO peoplein.stream: decoded entrance/20260818-042605.mkv: 1010 frames
2026-08-28 09:27:45,560 INFO peoplein.stream: decoded loby/20260818-042743.mkv: 1010 frames
2026-08-28 09:27:45,577 INFO __main__: analysis interval completed start=2026-08-18 04:27:43 end=2026-08-18 04:31:05 frames=2020 ticks=1010 entered=0 exited=0 people_inside=0
2026-08-28 09:27:45,579 INFO __main__: summary updated end=2026-08-18 04:31:05
2026-08-28 09:27:45,579 INFO peoplein.stream: analysis interval ready start=2026-08-18 04:31:05 end=2026-08-18 04:32:43
2026-08-28 09:27:54,089 INFO peoplein.stream: decoded loby/20260818-042743.mkv: 490 frames
2026-08-28 09:27:54,091 INFO peoplein.stream: decoded entrance/20260818-043105.mkv: 490 frames
2026-08-28 09:27:54,107 INFO __main__: analysis interval completed start=2026-08-18 04:31:05 end=2026-08-18 04:32:43 frames=980 ticks=490 entered=0 exited=0 people_inside=0
2026-08-28 09:27:54,108 INFO __main__: summary updated end=2026-08-18 04:32:43
2026-08-28 09:27:54,109 INFO peoplein.stream: analysis interval ready start=2026-08-18 04:32:43 end=2026-08-18 04:36:05
2026-08-28 09:28:05,884 INFO peoplein.stream: decoded entrance/20260818-043105.mkv: 1010 frames
2026-08-28 09:28:05,884 INFO peoplein.stream: decoded loby/20260818-043243.mkv: 1010 frames
2026-08-28 09:28:05,901 INFO __main__: analysis interval completed start=2026-08-18 04:32:43 end=2026-08-18 04:36:05 frames=2020 ticks=1010 entered=0 exited=0 people_inside=0
2026-08-28 09:28:05,903 INFO __main__: summary updated end=2026-08-18 04:36:05
2026-08-28 09:28:05,903 INFO peoplein.stream: analysis interval ready start=2026-08-18 04:36:05 end=2026-08-18 04:37:43
2026-08-28 09:28:14,290 INFO peoplein.stream: decoded loby/20260818-043243.mkv: 490 frames
2026-08-28 09:28:14,290 INFO peoplein.stream: decoded entrance/20260818-043605.mkv: 490 frames
2026-08-28 09:28:14,307 INFO __main__: analysis interval completed start=2026-08-18 04:36:05 end=2026-08-18 04:37:43 frames=980 ticks=490 entered=0 exited=0 people_inside=0
2026-08-28 09:28:14,309 INFO __main__: summary updated end=2026-08-18 04:37:43
2026-08-28 09:28:14,309 WARNING peoplein.stream: archive interval skipped start=2026-08-18T04:37:43.000 end=2026-08-18T04:37:44.000 duration_seconds=1.0 reason=camera_archives_do_not_overlap
2026-08-28 09:28:14,309 INFO peoplein.stream: analysis interval ready start=2026-08-18 04:37:44 end=2026-08-18 04:41:05
2026-08-28 09:28:26,095 INFO peoplein.stream: decoded entrance/20260818-043605.mkv: 1005 frames
2026-08-28 09:28:26,095 INFO peoplein.stream: decoded loby/20260818-043744.mkv: 1005 frames
2026-08-28 09:28:26,111 INFO __main__: analysis interval completed start=2026-08-18 04:37:44 end=2026-08-18 04:41:05 frames=2010 ticks=1005 entered=0 exited=0 people_inside=0
2026-08-28 09:28:26,113 INFO __main__: summary updated end=2026-08-18 04:41:05
2026-08-28 09:28:26,113 INFO peoplein.stream: analysis interval ready start=2026-08-18 04:41:05 end=2026-08-18 04:42:42
2026-08-28 09:28:34,294 INFO peoplein.stream: decoded entrance/20260818-044105.mkv: 485 frames
2026-08-28 09:28:34,295 INFO peoplein.stream: decoded loby/20260818-043744.mkv: 485 frames
2026-08-28 09:28:34,311 INFO __main__: analysis interval completed start=2026-08-18 04:41:05 end=2026-08-18 04:42:42 frames=970 ticks=485 entered=0 exited=0 people_inside=0
2026-08-28 09:28:34,313 INFO __main__: summary updated end=2026-08-18 04:42:42
2026-08-28 09:28:34,313 INFO peoplein.stream: analysis interval ready start=2026-08-18 04:42:42 end=2026-08-18 04:46:05
2026-08-28 09:28:46,197 INFO peoplein.stream: decoded entrance/20260818-044105.mkv: 1015 frames
2026-08-28 09:28:46,197 INFO peoplein.stream: decoded loby/20260818-044242.mkv: 1015 frames
2026-08-28 09:28:46,213 INFO __main__: analysis interval completed start=2026-08-18 04:42:42 end=2026-08-18 04:46:05 frames=2030 ticks=1015 entered=0 exited=0 people_inside=0
2026-08-28 09:28:46,215 INFO __main__: summary updated end=2026-08-18 04:46:05
2026-08-28 09:28:46,215 INFO peoplein.stream: analysis interval ready start=2026-08-18 04:46:05 end=2026-08-18 04:47:42
2026-08-28 09:28:54,449 INFO peoplein.stream: decoded loby/20260818-044242.mkv: 485 frames
2026-08-28 09:28:54,453 INFO peoplein.stream: decoded entrance/20260818-044605.mkv: 485 frames
2026-08-28 09:28:54,467 INFO __main__: analysis interval completed start=2026-08-18 04:46:05 end=2026-08-18 04:47:42 frames=970 ticks=485 entered=0 exited=0 people_inside=0
2026-08-28 09:28:54,469 INFO __main__: summary updated end=2026-08-18 04:47:42
2026-08-28 09:28:54,469 WARNING peoplein.stream: archive interval skipped start=2026-08-18T04:47:42.000 end=2026-08-18T04:47:43.000 duration_seconds=1.0 reason=camera_archives_do_not_overlap
2026-08-28 09:28:54,469 INFO peoplein.stream: analysis interval ready start=2026-08-18 04:47:43 end=2026-08-18 04:51:05
2026-08-28 09:29:06,308 INFO peoplein.stream: decoded entrance/20260818-044605.mkv: 1010 frames
2026-08-28 09:29:06,308 INFO peoplein.stream: decoded loby/20260818-044743.mkv: 1010 frames
2026-08-28 09:29:06,325 INFO __main__: analysis interval completed start=2026-08-18 04:47:43 end=2026-08-18 04:51:05 frames=2020 ticks=1010 entered=0 exited=0 people_inside=0
2026-08-28 09:29:06,327 INFO __main__: summary updated end=2026-08-18 04:51:05
2026-08-28 09:29:06,328 INFO peoplein.stream: analysis interval ready start=2026-08-18 04:51:05 end=2026-08-18 04:52:43
2026-08-28 09:29:14,645 INFO peoplein.stream: decoded entrance/20260818-045105.mkv: 490 frames
2026-08-28 09:29:14,650 INFO peoplein.stream: decoded loby/20260818-044743.mkv: 490 frames
2026-08-28 09:29:14,663 INFO __main__: analysis interval completed start=2026-08-18 04:51:05 end=2026-08-18 04:52:43 frames=980 ticks=490 entered=0 exited=0 people_inside=0
2026-08-28 09:29:14,665 INFO __main__: summary updated end=2026-08-18 04:52:43
2026-08-28 09:29:14,665 INFO peoplein.stream: analysis interval ready start=2026-08-18 04:52:43 end=2026-08-18 04:56:05
2026-08-28 09:29:26,412 INFO peoplein.stream: decoded entrance/20260818-045105.mkv: 1010 frames
2026-08-28 09:29:26,412 INFO peoplein.stream: decoded loby/20260818-045243.mkv: 1010 frames
2026-08-28 09:29:26,430 INFO __main__: analysis interval completed start=2026-08-18 04:52:43 end=2026-08-18 04:56:05 frames=2020 ticks=1010 entered=0 exited=0 people_inside=0
2026-08-28 09:29:26,432 INFO __main__: summary updated end=2026-08-18 04:56:05
2026-08-28 09:29:26,432 INFO peoplein.stream: analysis interval ready start=2026-08-18 04:56:05 end=2026-08-18 04:57:43
2026-08-28 09:29:34,669 INFO peoplein.stream: decoded entrance/20260818-045605.mkv: 490 frames
2026-08-28 09:29:34,669 INFO peoplein.stream: decoded loby/20260818-045243.mkv: 490 frames
2026-08-28 09:29:34,686 INFO __main__: analysis interval completed start=2026-08-18 04:56:05 end=2026-08-18 04:57:43 frames=980 ticks=490 entered=0 exited=0 people_inside=0
2026-08-28 09:29:34,688 INFO __main__: summary updated end=2026-08-18 04:57:43
2026-08-28 09:29:34,688 WARNING peoplein.stream: archive interval skipped start=2026-08-18T04:57:43.000 end=2026-08-18T04:57:44.000 duration_seconds=1.0 reason=camera_archives_do_not_overlap
2026-08-28 09:29:34,688 INFO peoplein.stream: analysis interval ready start=2026-08-18 04:57:44 end=2026-08-18 05:01:05
2026-08-28 09:29:46,519 INFO peoplein.stream: decoded loby/20260818-045744.mkv: 1005 frames
2026-08-28 09:29:46,522 INFO peoplein.stream: decoded entrance/20260818-045605.mkv: 1005 frames
2026-08-28 09:29:46,536 INFO __main__: analysis interval completed start=2026-08-18 04:57:44 end=2026-08-18 05:01:05 frames=2010 ticks=1005 entered=0 exited=0 people_inside=0
2026-08-28 09:29:46,538 INFO __main__: summary updated end=2026-08-18 05:01:05
2026-08-28 09:29:46,538 INFO peoplein.stream: analysis interval ready start=2026-08-18 05:01:05 end=2026-08-18 05:02:42
2026-08-28 09:29:54,772 INFO peoplein.stream: decoded entrance/20260818-050105.mkv: 485 frames
2026-08-28 09:29:54,772 INFO peoplein.stream: decoded loby/20260818-045744.mkv: 485 frames
2026-08-28 09:29:54,789 INFO __main__: analysis interval completed start=2026-08-18 05:01:05 end=2026-08-18 05:02:42 frames=970 ticks=485 entered=0 exited=0 people_inside=0
2026-08-28 09:29:54,791 INFO __main__: summary updated end=2026-08-18 05:02:42
2026-08-28 09:29:54,791 INFO peoplein.stream: analysis interval ready start=2026-08-18 05:02:42 end=2026-08-18 05:06:05
2026-08-28 09:30:06,515 INFO peoplein.stream: decoded entrance/20260818-050105.mkv: 1015 frames
2026-08-28 09:30:06,519 INFO peoplein.stream: decoded loby/20260818-050242.mkv: 1015 frames
2026-08-28 09:30:06,533 INFO __main__: analysis interval completed start=2026-08-18 05:02:42 end=2026-08-18 05:06:05 frames=2030 ticks=1015 entered=0 exited=0 people_inside=0
2026-08-28 09:30:06,535 INFO __main__: summary updated end=2026-08-18 05:06:05
2026-08-28 09:30:06,535 INFO peoplein.stream: analysis interval ready start=2026-08-18 05:06:05 end=2026-08-18 05:07:42
2026-08-28 09:30:14,891 INFO peoplein.stream: decoded loby/20260818-050242.mkv: 485 frames
2026-08-28 09:30:14,893 INFO peoplein.stream: decoded entrance/20260818-050605.mkv: 485 frames
2026-08-28 09:30:14,909 INFO __main__: analysis interval completed start=2026-08-18 05:06:05 end=2026-08-18 05:07:42 frames=970 ticks=485 entered=0 exited=0 people_inside=0
2026-08-28 09:30:14,911 INFO __main__: summary updated end=2026-08-18 05:07:42
2026-08-28 09:30:14,911 WARNING peoplein.stream: archive interval skipped start=2026-08-18T05:07:42.000 end=2026-08-18T05:07:43.000 duration_seconds=1.0 reason=camera_archives_do_not_overlap
2026-08-28 09:30:14,911 INFO peoplein.stream: analysis interval ready start=2026-08-18 05:07:43 end=2026-08-18 05:11:05
2026-08-28 09:30:27,516 INFO peoplein.stream: decoded loby/20260818-050743.mkv: 1010 frames
2026-08-28 09:30:27,519 INFO peoplein.stream: decoded entrance/20260818-050605.mkv: 1010 frames
2026-08-28 09:30:27,534 INFO __main__: analysis interval completed start=2026-08-18 05:07:43 end=2026-08-18 05:11:05 frames=2020 ticks=1010 entered=0 exited=0 people_inside=0
2026-08-28 09:30:27,536 INFO __main__: summary updated end=2026-08-18 05:11:05
2026-08-28 09:30:27,536 INFO peoplein.stream: analysis interval ready start=2026-08-18 05:11:05 end=2026-08-18 05:12:43
2026-08-28 09:30:36,696 INFO peoplein.stream: decoded entrance/20260818-051105.mkv: 490 frames
2026-08-28 09:30:36,696 INFO peoplein.stream: decoded loby/20260818-050743.mkv: 490 frames
2026-08-28 09:30:36,713 INFO __main__: analysis interval completed start=2026-08-18 05:11:05 end=2026-08-18 05:12:43 frames=980 ticks=490 entered=0 exited=0 people_inside=0
2026-08-28 09:30:36,715 INFO __main__: summary updated end=2026-08-18 05:12:43
2026-08-28 09:30:36,715 INFO peoplein.stream: analysis interval ready start=2026-08-18 05:12:43 end=2026-08-18 05:16:05
2026-08-28 09:30:49,593 INFO peoplein.stream: decoded loby/20260818-051243.mkv: 1010 frames
2026-08-28 09:30:49,593 INFO peoplein.stream: decoded entrance/20260818-051105.mkv: 1010 frames
2026-08-28 09:30:49,611 INFO __main__: analysis interval completed start=2026-08-18 05:12:43 end=2026-08-18 05:16:05 frames=2020 ticks=1010 entered=0 exited=0 people_inside=0
2026-08-28 09:30:49,613 INFO __main__: summary updated end=2026-08-18 05:16:05
2026-08-28 09:30:49,614 INFO peoplein.stream: analysis interval ready start=2026-08-18 05:16:05 end=2026-08-18 05:17:43
2026-08-28 09:30:58,828 INFO peoplein.stream: decoded entrance/20260818-051605.mkv: 490 frames
2026-08-28 09:30:58,828 INFO peoplein.stream: decoded loby/20260818-051243.mkv: 490 frames
2026-08-28 09:30:58,845 INFO __main__: analysis interval completed start=2026-08-18 05:16:05 end=2026-08-18 05:17:43 frames=980 ticks=490 entered=0 exited=0 people_inside=0
2026-08-28 09:30:58,847 INFO __main__: summary updated end=2026-08-18 05:17:43
2026-08-28 09:30:58,848 WARNING peoplein.stream: archive interval skipped start=2026-08-18T05:17:43.000 end=2026-08-18T05:17:44.000 duration_seconds=1.0 reason=camera_archives_do_not_overlap
2026-08-28 09:30:58,848 INFO peoplein.stream: analysis interval ready start=2026-08-18 05:17:44 end=2026-08-18 05:21:05
2026-08-28 09:31:12,489 INFO peoplein.stream: decoded loby/20260818-051744.mkv: 1005 frames
2026-08-28 09:31:12,492 INFO peoplein.stream: decoded entrance/20260818-051605.mkv: 1005 frames
2026-08-28 09:31:12,513 INFO __main__: analysis interval completed start=2026-08-18 05:17:44 end=2026-08-18 05:21:05 frames=2010 ticks=1005 entered=0 exited=0 people_inside=0
2026-08-28 09:31:12,515 INFO __main__: summary updated end=2026-08-18 05:21:05
2026-08-28 09:31:12,515 INFO peoplein.stream: analysis interval ready start=2026-08-18 05:21:05 end=2026-08-18 05:22:42
2026-08-28 09:31:21,206 INFO peoplein.stream: decoded entrance/20260818-052105.mkv: 485 frames
2026-08-28 09:31:21,208 INFO peoplein.stream: decoded loby/20260818-051744.mkv: 485 frames
2026-08-28 09:31:21,224 INFO __main__: analysis interval completed start=2026-08-18 05:21:05 end=2026-08-18 05:22:42 frames=970 ticks=485 entered=0 exited=0 people_inside=0
2026-08-28 09:31:21,226 INFO __main__: summary updated end=2026-08-18 05:22:42
2026-08-28 09:31:21,226 INFO peoplein.stream: analysis interval ready start=2026-08-18 05:22:42 end=2026-08-18 05:26:05
2026-08-28 09:31:33,665 INFO peoplein.stream: decoded entrance/20260818-052105.mkv: 1015 frames
2026-08-28 09:31:33,665 INFO peoplein.stream: decoded loby/20260818-052242.mkv: 1015 frames
2026-08-28 09:31:33,682 INFO __main__: analysis interval completed start=2026-08-18 05:22:42 end=2026-08-18 05:26:05 frames=2030 ticks=1015 entered=0 exited=0 people_inside=0
2026-08-28 09:31:33,684 INFO __main__: summary updated end=2026-08-18 05:26:05
2026-08-28 09:31:33,684 INFO peoplein.stream: analysis interval ready start=2026-08-18 05:26:05 end=2026-08-18 05:27:42
2026-08-28 09:31:42,235 INFO peoplein.stream: decoded loby/20260818-052242.mkv: 485 frames
2026-08-28 09:31:42,235 INFO peoplein.stream: decoded entrance/20260818-052605.mkv: 485 frames
2026-08-28 09:31:42,251 INFO __main__: analysis interval completed start=2026-08-18 05:26:05 end=2026-08-18 05:27:42 frames=970 ticks=485 entered=0 exited=0 people_inside=0
2026-08-28 09:31:42,253 INFO __main__: summary updated end=2026-08-18 05:27:42
2026-08-28 09:31:42,253 WARNING peoplein.stream: archive interval skipped start=2026-08-18T05:27:42.000 end=2026-08-18T05:27:43.000 duration_seconds=1.0 reason=camera_archives_do_not_overlap
2026-08-28 09:31:42,253 INFO peoplein.stream: analysis interval ready start=2026-08-18 05:27:43 end=2026-08-18 05:31:05
2026-08-28 09:31:54,500 INFO peoplein.stream: decoded entrance/20260818-052605.mkv: 1010 frames
2026-08-28 09:31:54,500 INFO peoplein.stream: decoded loby/20260818-052743.mkv: 1010 frames
2026-08-28 09:31:54,518 INFO __main__: analysis interval completed start=2026-08-18 05:27:43 end=2026-08-18 05:31:05 frames=2020 ticks=1010 entered=0 exited=0 people_inside=0
2026-08-28 09:31:54,520 INFO __main__: summary updated end=2026-08-18 05:31:05
2026-08-28 09:31:54,520 INFO peoplein.stream: analysis interval ready start=2026-08-18 05:31:05 end=2026-08-18 05:32:43
2026-08-28 09:32:03,139 INFO peoplein.stream: decoded entrance/20260818-053105.mkv: 490 frames
2026-08-28 09:32:03,144 INFO peoplein.stream: decoded loby/20260818-052743.mkv: 490 frames
2026-08-28 09:32:03,159 INFO __main__: analysis interval completed start=2026-08-18 05:31:05 end=2026-08-18 05:32:43 frames=980 ticks=490 entered=0 exited=0 people_inside=0
2026-08-28 09:32:03,161 INFO __main__: summary updated end=2026-08-18 05:32:43
2026-08-28 09:32:03,161 INFO peoplein.stream: analysis interval ready start=2026-08-18 05:32:43 end=2026-08-18 05:36:05
2026-08-28 09:32:16,093 INFO peoplein.stream: decoded entrance/20260818-053105.mkv: 1010 frames
2026-08-28 09:32:16,093 INFO peoplein.stream: decoded loby/20260818-053243.mkv: 1010 frames
2026-08-28 09:32:16,111 INFO __main__: analysis interval completed start=2026-08-18 05:32:43 end=2026-08-18 05:36:05 frames=2020 ticks=1010 entered=0 exited=0 people_inside=0
2026-08-28 09:32:16,113 INFO __main__: summary updated end=2026-08-18 05:36:05
2026-08-28 09:32:16,113 INFO peoplein.stream: analysis interval ready start=2026-08-18 05:36:05 end=2026-08-18 05:37:43
2026-08-28 09:32:24,528 INFO peoplein.stream: decoded entrance/20260818-053605.mkv: 490 frames
2026-08-28 09:32:24,528 INFO peoplein.stream: decoded loby/20260818-053243.mkv: 490 frames
2026-08-28 09:32:24,545 INFO __main__: analysis interval completed start=2026-08-18 05:36:05 end=2026-08-18 05:37:43 frames=980 ticks=490 entered=0 exited=0 people_inside=0
2026-08-28 09:32:24,547 INFO __main__: summary updated end=2026-08-18 05:37:43
2026-08-28 09:32:24,547 INFO peoplein.stream: analysis interval ready start=2026-08-18 05:37:43 end=2026-08-18 05:41:05
2026-08-28 09:32:36,868 INFO peoplein.stream: decoded loby/20260818-053743.mkv: 1010 frames
2026-08-28 09:32:36,872 INFO peoplein.stream: decoded entrance/20260818-053605.mkv: 1010 frames
2026-08-28 09:32:36,885 INFO __main__: analysis interval completed start=2026-08-18 05:37:43 end=2026-08-18 05:41:05 frames=2020 ticks=1010 entered=0 exited=0 people_inside=0
2026-08-28 09:32:36,887 INFO __main__: summary updated end=2026-08-18 05:41:05
2026-08-28 09:32:36,888 INFO peoplein.stream: analysis interval ready start=2026-08-18 05:41:05 end=2026-08-18 05:42:43
2026-08-28 09:32:45,675 INFO peoplein.stream: decoded loby/20260818-053743.mkv: 485 frames
2026-08-28 09:32:45,760 INFO peoplein.stream: decoded entrance/20260818-054105.mkv: 490 frames
2026-08-28 09:32:45,765 INFO peoplein.stream: decoded loby/20260818-054242.mkv: 5 frames
2026-08-28 09:32:45,778 INFO __main__: analysis interval completed start=2026-08-18 05:41:05 end=2026-08-18 05:42:43 frames=980 ticks=490 entered=0 exited=0 people_inside=0
2026-08-28 09:32:45,780 INFO __main__: summary updated end=2026-08-18 05:42:43
2026-08-28 09:32:45,780 INFO peoplein.stream: analysis interval ready start=2026-08-18 05:42:42 end=2026-08-18 05:46:05
2026-08-28 09:32:58,361 INFO peoplein.stream: decoded entrance/20260818-054105.mkv: 1015 frames
2026-08-28 09:32:58,361 INFO peoplein.stream: decoded loby/20260818-054242.mkv: 1015 frames
2026-08-28 09:32:58,379 INFO __main__: analysis interval completed start=2026-08-18 05:42:42 end=2026-08-18 05:46:05 frames=2030 ticks=1015 entered=0 exited=0 people_inside=0
2026-08-28 09:32:58,381 INFO __main__: summary updated end=2026-08-18 05:46:05
2026-08-28 09:32:58,381 WARNING peoplein.stream: archive interval skipped start=2026-08-18T05:46:05.000 end=2026-08-18T22:26:05.000 duration_seconds=60000.0 reason=camera_archives_do_not_overlap
2026-08-28 09:32:58,381 INFO peoplein.stream: analysis interval ready start=2026-08-18 22:26:05 end=2026-08-18 22:27:40
2026-08-28 09:33:06,759 INFO peoplein.stream: decoded entrance/20260818-222605.mkv: 475 frames
2026-08-28 09:33:06,760 INFO peoplein.stream: decoded loby/20260818-222242.mkv: 475 frames
2026-08-28 09:33:06,777 INFO __main__: analysis interval completed start=2026-08-18 22:26:05 end=2026-08-18 22:27:40 frames=950 ticks=475 entered=0 exited=0 people_inside=0
2026-08-28 09:33:06,779 INFO __main__: summary updated end=2026-08-18 22:27:40
2026-08-28 09:33:06,779 WARNING peoplein.stream: archive interval skipped start=2026-08-18T22:27:40.000 end=2026-08-18T22:27:41.000 duration_seconds=1.0 reason=camera_archives_do_not_overlap
2026-08-28 09:33:06,779 INFO peoplein.stream: analysis interval ready start=2026-08-18 22:27:41 end=2026-08-18 22:31:05
2026-08-28 09:33:19,565 INFO peoplein.stream: decoded entrance/20260818-222605.mkv: 1020 frames
2026-08-28 09:33:19,566 INFO peoplein.stream: decoded loby/20260818-222741.mkv: 1020 frames
2026-08-28 09:33:19,581 INFO __main__: analysis interval completed start=2026-08-18 22:27:41 end=2026-08-18 22:31:05 frames=2040 ticks=1020 entered=0 exited=0 people_inside=0
2026-08-28 09:33:19,583 INFO __main__: summary updated end=2026-08-18 22:31:05
2026-08-28 09:33:19,583 INFO peoplein.stream: analysis interval ready start=2026-08-18 22:31:05 end=2026-08-18 22:32:41
2026-08-28 09:33:28,295 INFO peoplein.stream: decoded loby/20260818-222741.mkv: 480 frames
2026-08-28 09:33:28,300 INFO peoplein.stream: decoded entrance/20260818-223105.mkv: 480 frames
2026-08-28 09:33:28,313 INFO __main__: analysis interval completed start=2026-08-18 22:31:05 end=2026-08-18 22:32:41 frames=960 ticks=480 entered=0 exited=0 people_inside=0
2026-08-28 09:33:28,315 INFO __main__: summary updated end=2026-08-18 22:32:41
2026-08-28 09:33:28,315 INFO peoplein.stream: analysis interval ready start=2026-08-18 22:32:41 end=2026-08-18 22:36:05
2026-08-28 09:33:40,963 INFO peoplein.stream: decoded loby/20260818-223241.mkv: 1020 frames
2026-08-28 09:33:40,963 INFO peoplein.stream: decoded entrance/20260818-223105.mkv: 1020 frames
2026-08-28 09:33:40,978 INFO __main__: analysis interval completed start=2026-08-18 22:32:41 end=2026-08-18 22:36:05 frames=2040 ticks=1020 entered=0 exited=0 people_inside=0
2026-08-28 09:33:40,980 INFO __main__: summary updated end=2026-08-18 22:36:05
2026-08-28 09:33:40,980 INFO peoplein.stream: analysis interval ready start=2026-08-18 22:36:05 end=2026-08-18 22:37:41
2026-08-28 09:33:49,731 INFO peoplein.stream: decoded loby/20260818-223241.mkv: 480 frames
2026-08-28 09:33:49,731 INFO peoplein.stream: decoded entrance/20260818-223605.mkv: 480 frames
2026-08-28 09:33:49,748 INFO __main__: analysis interval completed start=2026-08-18 22:36:05 end=2026-08-18 22:37:41 frames=960 ticks=480 entered=0 exited=0 people_inside=0
2026-08-28 09:33:49,749 INFO __main__: summary updated end=2026-08-18 22:37:41
2026-08-28 09:33:49,750 WARNING peoplein.stream: archive interval skipped start=2026-08-18T22:37:41.000 end=2026-08-18T22:37:42.000 duration_seconds=1.0 reason=camera_archives_do_not_overlap
2026-08-28 09:33:49,750 INFO peoplein.stream: analysis interval ready start=2026-08-18 22:37:42 end=2026-08-18 22:41:05
2026-08-28 09:34:02,404 INFO peoplein.stream: decoded entrance/20260818-223605.mkv: 1015 frames
2026-08-28 09:34:02,408 INFO peoplein.stream: decoded loby/20260818-223742.mkv: 1015 frames
2026-08-28 09:34:02,420 INFO __main__: analysis interval completed start=2026-08-18 22:37:42 end=2026-08-18 22:41:05 frames=2030 ticks=1015 entered=0 exited=0 people_inside=0
2026-08-28 09:34:02,424 INFO __main__: summary updated end=2026-08-18 22:41:05
2026-08-28 09:34:02,424 INFO peoplein.stream: analysis interval ready start=2026-08-18 22:41:05 end=2026-08-18 22:42:42
2026-08-28 09:34:11,307 INFO peoplein.stream: decoded loby/20260818-223742.mkv: 485 frames
2026-08-28 09:34:11,307 INFO peoplein.stream: decoded entrance/20260818-224105.mkv: 485 frames
2026-08-28 09:34:11,321 INFO __main__: analysis interval completed start=2026-08-18 22:41:05 end=2026-08-18 22:42:42 frames=970 ticks=485 entered=0 exited=0 people_inside=0
2026-08-28 09:34:11,323 INFO __main__: summary updated end=2026-08-18 22:42:42
2026-08-28 09:34:11,323 INFO peoplein.stream: analysis interval ready start=2026-08-18 22:42:42 end=2026-08-18 22:46:05
2026-08-28 09:34:24,642 INFO peoplein.stream: decoded entrance/20260818-224105.mkv: 1015 frames
2026-08-28 09:34:24,648 INFO peoplein.stream: decoded loby/20260818-224242.mkv: 1015 frames
2026-08-28 09:34:24,660 INFO __main__: analysis interval completed start=2026-08-18 22:42:42 end=2026-08-18 22:46:05 frames=2030 ticks=1015 entered=0 exited=0 people_inside=0
2026-08-28 09:34:24,662 INFO __main__: summary updated end=2026-08-18 22:46:05
2026-08-28 09:34:24,662 INFO peoplein.stream: analysis interval ready start=2026-08-18 22:46:05 end=2026-08-18 22:47:40
2026-08-28 09:34:33,508 INFO peoplein.stream: decoded loby/20260818-224242.mkv: 475 frames
2026-08-28 09:34:33,508 INFO peoplein.stream: decoded entrance/20260818-224605.mkv: 475 frames
2026-08-28 09:34:33,523 INFO __main__: analysis interval completed start=2026-08-18 22:46:05 end=2026-08-18 22:47:40 frames=950 ticks=475 entered=0 exited=0 people_inside=0
2026-08-28 09:34:33,524 INFO __main__: summary updated end=2026-08-18 22:47:40
2026-08-28 09:34:33,524 WARNING peoplein.stream: archive interval skipped start=2026-08-18T22:47:40.000 end=2026-08-18T22:47:41.000 duration_seconds=1.0 reason=camera_archives_do_not_overlap
2026-08-28 09:34:33,525 INFO peoplein.stream: analysis interval ready start=2026-08-18 22:47:41 end=2026-08-18 22:51:05
2026-08-28 09:34:46,296 INFO peoplein.stream: decoded entrance/20260818-224605.mkv: 1020 frames
2026-08-28 09:34:46,296 INFO peoplein.stream: decoded loby/20260818-224741.mkv: 1020 frames
2026-08-28 09:34:46,313 INFO __main__: analysis interval completed start=2026-08-18 22:47:41 end=2026-08-18 22:51:05 frames=2040 ticks=1020 entered=0 exited=0 people_inside=0
2026-08-28 09:34:46,315 INFO __main__: summary updated end=2026-08-18 22:51:05
2026-08-28 09:34:46,315 INFO peoplein.stream: analysis interval ready start=2026-08-18 22:51:05 end=2026-08-18 22:52:41
2026-08-28 09:34:55,049 INFO peoplein.stream: decoded entrance/20260818-225105.mkv: 480 frames
2026-08-28 09:34:55,049 INFO peoplein.stream: decoded loby/20260818-224741.mkv: 480 frames
2026-08-28 09:34:55,066 INFO __main__: analysis interval completed start=2026-08-18 22:51:05 end=2026-08-18 22:52:41 frames=960 ticks=480 entered=0 exited=0 people_inside=0
2026-08-28 09:34:55,068 INFO __main__: summary updated end=2026-08-18 22:52:41
2026-08-28 09:34:55,068 INFO peoplein.stream: analysis interval ready start=2026-08-18 22:52:41 end=2026-08-18 22:56:05
2026-08-28 09:35:07,825 INFO peoplein.stream: decoded loby/20260818-225241.mkv: 1020 frames
2026-08-28 09:35:07,825 INFO peoplein.stream: decoded entrance/20260818-225105.mkv: 1020 frames
2026-08-28 09:35:07,840 INFO __main__: analysis interval completed start=2026-08-18 22:52:41 end=2026-08-18 22:56:05 frames=2040 ticks=1020 entered=0 exited=0 people_inside=0
2026-08-28 09:35:07,842 INFO __main__: summary updated end=2026-08-18 22:56:05
2026-08-28 09:35:07,842 INFO peoplein.stream: analysis interval ready start=2026-08-18 22:56:05 end=2026-08-18 22:57:41
2026-08-28 09:35:16,603 INFO peoplein.stream: decoded loby/20260818-225241.mkv: 480 frames
2026-08-28 09:35:16,608 INFO peoplein.stream: decoded entrance/20260818-225605.mkv: 480 frames
2026-08-28 09:35:16,621 INFO __main__: analysis interval completed start=2026-08-18 22:56:05 end=2026-08-18 22:57:41 frames=960 ticks=480 entered=0 exited=0 people_inside=0
2026-08-28 09:35:16,623 INFO __main__: summary updated end=2026-08-18 22:57:41
2026-08-28 09:35:16,623 WARNING peoplein.stream: archive interval skipped start=2026-08-18T22:57:41.000 end=2026-08-18T22:57:42.000 duration_seconds=1.0 reason=camera_archives_do_not_overlap
2026-08-28 09:35:16,624 INFO peoplein.stream: analysis interval ready start=2026-08-18 22:57:42 end=2026-08-18 23:01:05
2026-08-28 09:35:28,865 INFO peoplein.stream: decoded entrance/20260818-225605.mkv: 1015 frames
2026-08-28 09:35:28,865 INFO peoplein.stream: decoded loby/20260818-225742.mkv: 1015 frames
2026-08-28 09:35:28,881 INFO __main__: analysis interval completed start=2026-08-18 22:57:42 end=2026-08-18 23:01:05 frames=2030 ticks=1015 entered=0 exited=0 people_inside=0
2026-08-28 09:35:28,883 INFO __main__: summary updated end=2026-08-18 23:01:05
2026-08-28 09:35:28,883 INFO peoplein.stream: analysis interval ready start=2026-08-18 23:01:05 end=2026-08-18 23:02:42
2026-08-28 09:35:37,370 INFO peoplein.stream: decoded loby/20260818-225742.mkv: 485 frames
2026-08-28 09:35:37,372 INFO peoplein.stream: decoded entrance/20260818-230105.mkv: 485 frames
2026-08-28 09:35:37,387 INFO __main__: analysis interval completed start=2026-08-18 23:01:05 end=2026-08-18 23:02:42 frames=970 ticks=485 entered=0 exited=0 people_inside=0
2026-08-28 09:35:37,389 INFO __main__: summary updated end=2026-08-18 23:02:42
2026-08-28 09:35:37,389 INFO peoplein.stream: analysis interval ready start=2026-08-18 23:02:42 end=2026-08-18 23:06:05
2026-08-28 09:35:49,865 INFO peoplein.stream: decoded entrance/20260818-230105.mkv: 1015 frames
2026-08-28 09:35:49,865 INFO peoplein.stream: decoded loby/20260818-230242.mkv: 1015 frames
2026-08-28 09:35:49,880 INFO __main__: analysis interval completed start=2026-08-18 23:02:42 end=2026-08-18 23:06:05 frames=2030 ticks=1015 entered=0 exited=0 people_inside=0
2026-08-28 09:35:49,882 INFO __main__: summary updated end=2026-08-18 23:06:05
2026-08-28 09:35:49,883 INFO peoplein.stream: analysis interval ready start=2026-08-18 23:06:05 end=2026-08-18 23:07:40
2026-08-28 09:35:58,333 INFO peoplein.stream: decoded loby/20260818-230242.mkv: 475 frames
2026-08-28 09:35:58,333 INFO peoplein.stream: decoded entrance/20260818-230605.mkv: 475 frames
2026-08-28 09:35:58,349 INFO __main__: analysis interval completed start=2026-08-18 23:06:05 end=2026-08-18 23:07:40 frames=950 ticks=475 entered=0 exited=0 people_inside=0
2026-08-28 09:35:58,351 INFO __main__: summary updated end=2026-08-18 23:07:40
2026-08-28 09:35:58,351 WARNING peoplein.stream: archive interval skipped start=2026-08-18T23:07:40.000 end=2026-08-18T23:07:41.000 duration_seconds=1.0 reason=camera_archives_do_not_overlap
2026-08-28 09:35:58,351 INFO peoplein.stream: analysis interval ready start=2026-08-18 23:07:41 end=2026-08-18 23:11:05
2026-08-28 09:36:10,886 INFO peoplein.stream: decoded entrance/20260818-230605.mkv: 1020 frames
2026-08-28 09:36:10,886 INFO peoplein.stream: decoded loby/20260818-230741.mkv: 1020 frames
2026-08-28 09:36:10,903 INFO __main__: analysis interval completed start=2026-08-18 23:07:41 end=2026-08-18 23:11:05 frames=2040 ticks=1020 entered=0 exited=0 people_inside=0
2026-08-28 09:36:10,905 INFO __main__: summary updated end=2026-08-18 23:11:05
2026-08-28 09:36:10,905 INFO peoplein.stream: analysis interval ready start=2026-08-18 23:11:05 end=2026-08-18 23:12:41
2026-08-28 09:36:19,206 INFO peoplein.stream: decoded loby/20260818-230741.mkv: 480 frames
2026-08-28 09:36:19,207 INFO peoplein.stream: decoded entrance/20260818-231105.mkv: 480 frames
2026-08-28 09:36:19,222 INFO __main__: analysis interval completed start=2026-08-18 23:11:05 end=2026-08-18 23:12:41 frames=960 ticks=480 entered=0 exited=0 people_inside=0
2026-08-28 09:36:19,224 INFO __main__: summary updated end=2026-08-18 23:12:41
2026-08-28 09:36:19,224 INFO peoplein.stream: analysis interval ready start=2026-08-18 23:12:41 end=2026-08-18 23:16:05
2026-08-28 09:36:31,062 INFO peoplein.stream: decoded loby/20260818-231241.mkv: 1020 frames
2026-08-28 09:36:31,063 INFO peoplein.stream: decoded entrance/20260818-231105.mkv: 1020 frames
2026-08-28 09:36:31,077 INFO __main__: analysis interval completed start=2026-08-18 23:12:41 end=2026-08-18 23:16:05 frames=2040 ticks=1020 entered=0 exited=0 people_inside=0
2026-08-28 09:36:31,079 INFO __main__: summary updated end=2026-08-18 23:16:05
2026-08-28 09:36:31,079 INFO peoplein.stream: analysis interval ready start=2026-08-18 23:16:05 end=2026-08-18 23:17:41
2026-08-28 09:36:39,320 INFO peoplein.stream: decoded loby/20260818-231241.mkv: 480 frames
2026-08-28 09:36:39,320 INFO peoplein.stream: decoded entrance/20260818-231605.mkv: 480 frames
2026-08-28 09:36:39,337 INFO __main__: analysis interval completed start=2026-08-18 23:16:05 end=2026-08-18 23:17:41 frames=960 ticks=480 entered=0 exited=0 people_inside=0
2026-08-28 09:36:39,339 INFO __main__: summary updated end=2026-08-18 23:17:41
2026-08-28 09:36:39,339 WARNING peoplein.stream: archive interval skipped start=2026-08-18T23:17:41.000 end=2026-08-18T23:17:42.000 duration_seconds=1.0 reason=camera_archives_do_not_overlap
2026-08-28 09:36:39,339 INFO peoplein.stream: analysis interval ready start=2026-08-18 23:17:42 end=2026-08-18 23:21:05
2026-08-28 09:36:51,605 INFO peoplein.stream: decoded loby/20260818-231742.mkv: 1015 frames
2026-08-28 09:36:51,606 INFO peoplein.stream: decoded entrance/20260818-231605.mkv: 1015 frames
2026-08-28 09:36:51,619 INFO __main__: analysis interval completed start=2026-08-18 23:17:42 end=2026-08-18 23:21:05 frames=2030 ticks=1015 entered=0 exited=0 people_inside=0
2026-08-28 09:36:51,621 INFO __main__: summary updated end=2026-08-18 23:21:05
2026-08-28 09:36:51,621 INFO peoplein.stream: analysis interval ready start=2026-08-18 23:21:05 end=2026-08-18 23:22:42
2026-08-28 09:36:59,991 INFO peoplein.stream: decoded loby/20260818-231742.mkv: 485 frames
2026-08-28 09:36:59,991 INFO peoplein.stream: decoded entrance/20260818-232105.mkv: 485 frames
2026-08-28 09:37:00,008 INFO __main__: analysis interval completed start=2026-08-18 23:21:05 end=2026-08-18 23:22:42 frames=970 ticks=485 entered=0 exited=0 people_inside=0
2026-08-28 09:37:00,010 INFO __main__: summary updated end=2026-08-18 23:22:42
2026-08-28 09:37:00,010 INFO peoplein.stream: analysis interval ready start=2026-08-18 23:22:42 end=2026-08-18 23:26:05
2026-08-28 09:37:11,943 INFO peoplein.stream: decoded entrance/20260818-232105.mkv: 1015 frames
2026-08-28 09:37:11,943 INFO peoplein.stream: decoded loby/20260818-232242.mkv: 1015 frames
2026-08-28 09:37:11,959 INFO __main__: analysis interval completed start=2026-08-18 23:22:42 end=2026-08-18 23:26:05 frames=2030 ticks=1015 entered=0 exited=0 people_inside=0
2026-08-28 09:37:11,960 INFO __main__: summary updated end=2026-08-18 23:26:05
2026-08-28 09:37:11,961 INFO peoplein.stream: analysis interval ready start=2026-08-18 23:26:05 end=2026-08-18 23:27:40
2026-08-28 09:37:20,291 INFO peoplein.stream: decoded loby/20260818-232242.mkv: 475 frames
2026-08-28 09:37:20,291 INFO peoplein.stream: decoded entrance/20260818-232605.mkv: 475 frames
2026-08-28 09:37:20,307 INFO __main__: analysis interval completed start=2026-08-18 23:26:05 end=2026-08-18 23:27:40 frames=950 ticks=475 entered=0 exited=0 people_inside=0
2026-08-28 09:37:20,309 INFO __main__: summary updated end=2026-08-18 23:27:40
2026-08-28 09:37:20,309 WARNING peoplein.stream: archive interval skipped start=2026-08-18T23:27:40.000 end=2026-08-18T23:27:41.000 duration_seconds=1.0 reason=camera_archives_do_not_overlap
2026-08-28 09:37:20,310 INFO peoplein.stream: analysis interval ready start=2026-08-18 23:27:41 end=2026-08-18 23:31:05
2026-08-28 09:37:32,190 INFO peoplein.stream: decoded loby/20260818-232741.mkv: 1020 frames
2026-08-28 09:37:32,194 INFO peoplein.stream: decoded entrance/20260818-232605.mkv: 1020 frames
2026-08-28 09:37:32,207 INFO __main__: analysis interval completed start=2026-08-18 23:27:41 end=2026-08-18 23:31:05 frames=2040 ticks=1020 entered=0 exited=0 people_inside=0
2026-08-28 09:37:32,209 INFO __main__: summary updated end=2026-08-18 23:31:05
2026-08-28 09:37:32,209 INFO peoplein.stream: analysis interval ready start=2026-08-18 23:31:05 end=2026-08-18 23:32:41
2026-08-28 09:37:40,534 INFO peoplein.stream: decoded entrance/20260818-233105.mkv: 480 frames
2026-08-28 09:37:40,534 INFO peoplein.stream: decoded loby/20260818-232741.mkv: 480 frames
2026-08-28 09:37:40,551 INFO __main__: analysis interval completed start=2026-08-18 23:31:05 end=2026-08-18 23:32:41 frames=960 ticks=480 entered=0 exited=0 people_inside=0
2026-08-28 09:37:40,553 INFO __main__: summary updated end=2026-08-18 23:32:41
2026-08-28 09:37:40,553 INFO peoplein.stream: analysis interval ready start=2026-08-18 23:32:41 end=2026-08-18 23:36:05
2026-08-28 09:37:52,926 INFO peoplein.stream: decoded entrance/20260818-233105.mkv: 1020 frames
2026-08-28 09:37:52,926 INFO peoplein.stream: decoded loby/20260818-233241.mkv: 1020 frames
2026-08-28 09:37:52,942 INFO __main__: analysis interval completed start=2026-08-18 23:32:41 end=2026-08-18 23:36:05 frames=2040 ticks=1020 entered=0 exited=0 people_inside=0
2026-08-28 09:37:52,944 INFO __main__: summary updated end=2026-08-18 23:36:05
2026-08-28 09:37:52,944 INFO peoplein.stream: analysis interval ready start=2026-08-18 23:36:05 end=2026-08-18 23:37:41
2026-08-28 09:38:01,741 INFO peoplein.stream: decoded loby/20260818-233241.mkv: 480 frames
2026-08-28 09:38:01,741 INFO peoplein.stream: decoded entrance/20260818-233605.mkv: 480 frames
2026-08-28 09:38:01,757 INFO __main__: analysis interval completed start=2026-08-18 23:36:05 end=2026-08-18 23:37:41 frames=960 ticks=480 entered=0 exited=0 people_inside=0
2026-08-28 09:38:01,759 INFO __main__: summary updated end=2026-08-18 23:37:41
2026-08-28 09:38:01,759 WARNING peoplein.stream: archive interval skipped start=2026-08-18T23:37:41.000 end=2026-08-18T23:37:42.000 duration_seconds=1.0 reason=camera_archives_do_not_overlap
2026-08-28 09:38:01,759 INFO peoplein.stream: analysis interval ready start=2026-08-18 23:37:42 end=2026-08-18 23:41:05
2026-08-28 09:38:13,352 INFO peoplein.stream: decoded loby/20260818-233742.mkv: 1015 frames
2026-08-28 09:38:13,356 INFO peoplein.stream: decoded entrance/20260818-233605.mkv: 1015 frames
2026-08-28 09:38:13,369 INFO __main__: analysis interval completed start=2026-08-18 23:37:42 end=2026-08-18 23:41:05 frames=2030 ticks=1015 entered=0 exited=0 people_inside=0
2026-08-28 09:38:13,371 INFO __main__: summary updated end=2026-08-18 23:41:05
2026-08-28 09:38:13,371 INFO peoplein.stream: analysis interval ready start=2026-08-18 23:41:05 end=2026-08-18 23:42:42
2026-08-28 09:38:21,803 INFO peoplein.stream: decoded loby/20260818-233742.mkv: 485 frames
2026-08-28 09:38:21,806 INFO peoplein.stream: decoded entrance/20260818-234105.mkv: 485 frames
2026-08-28 09:38:21,820 INFO __main__: analysis interval completed start=2026-08-18 23:41:05 end=2026-08-18 23:42:42 frames=970 ticks=485 entered=0 exited=0 people_inside=0
2026-08-28 09:38:21,821 INFO __main__: summary updated end=2026-08-18 23:42:42
2026-08-28 09:38:21,822 INFO peoplein.stream: analysis interval ready start=2026-08-18 23:42:42 end=2026-08-18 23:46:05
2026-08-28 09:38:33,602 INFO peoplein.stream: decoded loby/20260818-234242.mkv: 1015 frames
2026-08-28 09:38:33,602 INFO peoplein.stream: decoded entrance/20260818-234105.mkv: 1015 frames
2026-08-28 09:38:33,618 INFO __main__: analysis interval completed start=2026-08-18 23:42:42 end=2026-08-18 23:46:05 frames=2030 ticks=1015 entered=0 exited=0 people_inside=0
2026-08-28 09:38:33,620 INFO __main__: summary updated end=2026-08-18 23:46:05
2026-08-28 09:38:33,620 INFO peoplein.stream: analysis interval ready start=2026-08-18 23:46:05 end=2026-08-18 23:47:40
2026-08-28 09:38:41,857 INFO peoplein.stream: decoded loby/20260818-234242.mkv: 475 frames
2026-08-28 09:38:41,860 INFO peoplein.stream: decoded entrance/20260818-234605.mkv: 475 frames
2026-08-28 09:38:41,874 INFO __main__: analysis interval completed start=2026-08-18 23:46:05 end=2026-08-18 23:47:40 frames=950 ticks=475 entered=0 exited=0 people_inside=0
2026-08-28 09:38:41,875 INFO __main__: summary updated end=2026-08-18 23:47:40
2026-08-28 09:38:41,876 WARNING peoplein.stream: archive interval skipped start=2026-08-18T23:47:40.000 end=2026-08-18T23:47:41.000 duration_seconds=1.0 reason=camera_archives_do_not_overlap
2026-08-28 09:38:41,876 INFO peoplein.stream: analysis interval ready start=2026-08-18 23:47:41 end=2026-08-18 23:51:05
2026-08-28 09:38:53,971 INFO peoplein.stream: decoded entrance/20260818-234605.mkv: 1020 frames
2026-08-28 09:38:53,971 INFO peoplein.stream: decoded loby/20260818-234741.mkv: 1020 frames
2026-08-28 09:38:53,989 INFO __main__: analysis interval completed start=2026-08-18 23:47:41 end=2026-08-18 23:51:05 frames=2040 ticks=1020 entered=0 exited=0 people_inside=0
2026-08-28 09:38:53,991 INFO __main__: summary updated end=2026-08-18 23:51:05
2026-08-28 09:38:53,991 INFO peoplein.stream: analysis interval ready start=2026-08-18 23:51:05 end=2026-08-18 23:52:41
2026-08-28 09:39:02,452 INFO peoplein.stream: decoded entrance/20260818-235105.mkv: 480 frames
2026-08-28 09:39:02,455 INFO peoplein.stream: decoded loby/20260818-234741.mkv: 480 frames
2026-08-28 09:39:02,470 INFO __main__: analysis interval completed start=2026-08-18 23:51:05 end=2026-08-18 23:52:41 frames=960 ticks=480 entered=0 exited=0 people_inside=0
2026-08-28 09:39:02,472 INFO __main__: summary updated end=2026-08-18 23:52:41
2026-08-28 09:39:02,472 INFO peoplein.stream: analysis interval ready start=2026-08-18 23:52:41 end=2026-08-18 23:56:05
2026-08-28 09:39:14,397 INFO peoplein.stream: decoded entrance/20260818-235105.mkv: 1020 frames
2026-08-28 09:39:14,397 INFO peoplein.stream: decoded loby/20260818-235241.mkv: 1020 frames
2026-08-28 09:39:14,414 INFO __main__: analysis interval completed start=2026-08-18 23:52:41 end=2026-08-18 23:56:05 frames=2040 ticks=1020 entered=0 exited=0 people_inside=0
2026-08-28 09:39:14,416 INFO __main__: summary updated end=2026-08-18 23:56:05
2026-08-28 09:39:14,416 INFO peoplein.stream: analysis interval ready start=2026-08-18 23:56:05 end=2026-08-18 23:57:41
2026-08-28 09:39:22,969 INFO peoplein.stream: decoded loby/20260818-235241.mkv: 480 frames
2026-08-28 09:39:22,970 INFO peoplein.stream: decoded entrance/20260818-235605.mkv: 480 frames
2026-08-28 09:39:22,986 INFO __main__: analysis interval completed start=2026-08-18 23:56:05 end=2026-08-18 23:57:41 frames=960 ticks=480 entered=0 exited=0 people_inside=0
2026-08-28 09:39:22,988 INFO __main__: summary updated end=2026-08-18 23:57:41
2026-08-28 09:39:22,988 WARNING peoplein.stream: archive interval skipped start=2026-08-18T23:57:41.000 end=2026-08-18T23:57:42.000 duration_seconds=1.0 reason=camera_archives_do_not_overlap
2026-08-28 09:39:22,988 INFO peoplein.stream: analysis interval ready start=2026-08-18 23:57:42 end=2026-08-19 00:01:05
2026-08-28 09:39:35,242 INFO peoplein.stream: decoded entrance/20260818-235605.mkv: 1015 frames
2026-08-28 09:39:35,242 INFO peoplein.stream: decoded loby/20260818-235742.mkv: 1015 frames
2026-08-28 09:39:35,259 INFO __main__: analysis interval completed start=2026-08-18 23:57:42 end=2026-08-19 00:01:05 frames=2030 ticks=1015 entered=0 exited=0 people_inside=0
2026-08-28 09:39:35,261 INFO __main__: summary updated end=2026-08-19 00:01:05
2026-08-28 09:39:35,261 INFO peoplein.stream: analysis interval ready start=2026-08-19 00:01:05 end=2026-08-19 00:02:42
2026-08-28 09:39:43,852 INFO peoplein.stream: decoded loby/20260818-235742.mkv: 485 frames
2026-08-28 09:39:43,855 INFO peoplein.stream: decoded entrance/20260819-000105.mkv: 485 frames
2026-08-28 09:39:43,869 INFO __main__: analysis interval completed start=2026-08-19 00:01:05 end=2026-08-19 00:02:42 frames=970 ticks=485 entered=0 exited=0 people_inside=0
2026-08-28 09:39:43,871 INFO __main__: summary updated end=2026-08-19 00:02:42
2026-08-28 09:39:43,871 INFO peoplein.stream: analysis interval ready start=2026-08-19 00:02:42 end=2026-08-19 00:06:05
2026-08-28 09:39:55,986 INFO peoplein.stream: decoded entrance/20260819-000105.mkv: 1015 frames
2026-08-28 09:39:55,986 INFO peoplein.stream: decoded loby/20260819-000242.mkv: 1015 frames
2026-08-28 09:39:56,003 INFO __main__: analysis interval completed start=2026-08-19 00:02:42 end=2026-08-19 00:06:05 frames=2030 ticks=1015 entered=0 exited=0 people_inside=0
2026-08-28 09:39:56,005 INFO __main__: summary updated end=2026-08-19 00:06:05
2026-08-28 09:39:56,005 INFO peoplein.stream: analysis interval ready start=2026-08-19 00:06:05 end=2026-08-19 00:07:40
2026-08-28 09:40:04,339 INFO peoplein.stream: decoded entrance/20260819-000605.mkv: 475 frames
2026-08-28 09:40:04,340 INFO peoplein.stream: decoded loby/20260819-000242.mkv: 475 frames
2026-08-28 09:40:04,356 INFO __main__: analysis interval completed start=2026-08-19 00:06:05 end=2026-08-19 00:07:40 frames=950 ticks=475 entered=0 exited=0 people_inside=0
2026-08-28 09:40:04,358 INFO __main__: summary updated end=2026-08-19 00:07:40
2026-08-28 09:40:04,358 WARNING peoplein.stream: archive interval skipped start=2026-08-19T00:07:40.000 end=2026-08-19T00:07:41.000 duration_seconds=1.0 reason=camera_archives_do_not_overlap
2026-08-28 09:40:04,359 INFO peoplein.stream: analysis interval ready start=2026-08-19 00:07:41 end=2026-08-19 00:11:05
2026-08-28 09:40:16,730 INFO peoplein.stream: decoded loby/20260819-000741.mkv: 1020 frames
2026-08-28 09:40:16,730 INFO peoplein.stream: decoded entrance/20260819-000605.mkv: 1020 frames
2026-08-28 09:40:16,748 INFO __main__: analysis interval completed start=2026-08-19 00:07:41 end=2026-08-19 00:11:05 frames=2040 ticks=1020 entered=0 exited=0 people_inside=0
2026-08-28 09:40:16,750 INFO __main__: summary updated end=2026-08-19 00:11:05
2026-08-28 09:40:16,750 INFO peoplein.stream: analysis interval ready start=2026-08-19 00:11:05 end=2026-08-19 00:12:41
2026-08-28 09:40:25,352 INFO peoplein.stream: decoded entrance/20260819-001105.mkv: 480 frames
2026-08-28 09:40:25,353 INFO peoplein.stream: decoded loby/20260819-000741.mkv: 480 frames
2026-08-28 09:40:25,367 INFO __main__: analysis interval completed start=2026-08-19 00:11:05 end=2026-08-19 00:12:41 frames=960 ticks=480 entered=0 exited=0 people_inside=0
2026-08-28 09:40:25,369 INFO __main__: summary updated end=2026-08-19 00:12:41
2026-08-28 09:40:25,369 INFO peoplein.stream: analysis interval ready start=2026-08-19 00:12:41 end=2026-08-19 00:16:05
2026-08-28 09:40:37,508 INFO peoplein.stream: decoded loby/20260819-001241.mkv: 1020 frames
2026-08-28 09:40:37,509 INFO peoplein.stream: decoded entrance/20260819-001105.mkv: 1020 frames
2026-08-28 09:40:37,525 INFO __main__: analysis interval completed start=2026-08-19 00:12:41 end=2026-08-19 00:16:05 frames=2040 ticks=1020 entered=0 exited=0 people_inside=0
2026-08-28 09:40:37,528 INFO __main__: summary updated end=2026-08-19 00:16:05
2026-08-28 09:40:37,528 INFO peoplein.stream: analysis interval ready start=2026-08-19 00:16:05 end=2026-08-19 00:17:41
2026-08-28 09:40:46,074 INFO peoplein.stream: decoded entrance/20260819-001605.mkv: 480 frames
2026-08-28 09:40:46,074 INFO peoplein.stream: decoded loby/20260819-001241.mkv: 480 frames
2026-08-28 09:40:46,092 INFO __main__: analysis interval completed start=2026-08-19 00:16:05 end=2026-08-19 00:17:41 frames=960 ticks=480 entered=0 exited=0 people_inside=0
2026-08-28 09:40:46,094 INFO __main__: summary updated end=2026-08-19 00:17:41
2026-08-28 09:40:46,095 WARNING peoplein.stream: archive interval skipped start=2026-08-19T00:17:41.000 end=2026-08-19T00:17:42.000 duration_seconds=1.0 reason=camera_archives_do_not_overlap
2026-08-28 09:40:46,095 INFO peoplein.stream: analysis interval ready start=2026-08-19 00:17:42 end=2026-08-19 00:21:05
2026-08-28 09:40:58,149 INFO peoplein.stream: decoded entrance/20260819-001605.mkv: 1015 frames
2026-08-28 09:40:58,149 INFO peoplein.stream: decoded loby/20260819-001742.mkv: 1015 frames
2026-08-28 09:40:58,165 INFO __main__: analysis interval completed start=2026-08-19 00:17:42 end=2026-08-19 00:21:05 frames=2030 ticks=1015 entered=0 exited=0 people_inside=0
2026-08-28 09:40:58,167 INFO __main__: summary updated end=2026-08-19 00:21:05
2026-08-28 09:40:58,168 INFO peoplein.stream: analysis interval ready start=2026-08-19 00:21:05 end=2026-08-19 00:22:42
2026-08-28 09:41:06,774 INFO peoplein.stream: decoded entrance/20260819-002105.mkv: 485 frames
2026-08-28 09:41:06,774 INFO peoplein.stream: decoded loby/20260819-001742.mkv: 485 frames
2026-08-28 09:41:06,792 INFO __main__: analysis interval completed start=2026-08-19 00:21:05 end=2026-08-19 00:22:42 frames=970 ticks=485 entered=0 exited=0 people_inside=0
2026-08-28 09:41:06,794 INFO __main__: summary updated end=2026-08-19 00:22:42
2026-08-28 09:41:06,794 INFO peoplein.stream: analysis interval ready start=2026-08-19 00:22:42 end=2026-08-19 00:26:05
2026-08-28 09:41:19,151 INFO peoplein.stream: decoded entrance/20260819-002105.mkv: 1015 frames
2026-08-28 09:41:19,151 INFO peoplein.stream: decoded loby/20260819-002242.mkv: 1015 frames
2026-08-28 09:41:19,168 INFO __main__: analysis interval completed start=2026-08-19 00:22:42 end=2026-08-19 00:26:05 frames=2030 ticks=1015 entered=0 exited=0 people_inside=0
2026-08-28 09:41:19,170 INFO __main__: summary updated end=2026-08-19 00:26:05
2026-08-28 09:41:19,170 INFO peoplein.stream: analysis interval ready start=2026-08-19 00:26:05 end=2026-08-19 00:27:40
2026-08-28 09:41:27,619 INFO peoplein.stream: decoded entrance/20260819-002605.mkv: 475 frames
2026-08-28 09:41:27,619 INFO peoplein.stream: decoded loby/20260819-002242.mkv: 475 frames
2026-08-28 09:41:27,636 INFO __main__: analysis interval completed start=2026-08-19 00:26:05 end=2026-08-19 00:27:40 frames=950 ticks=475 entered=0 exited=0 people_inside=0
2026-08-28 09:41:27,638 INFO __main__: summary updated end=2026-08-19 00:27:40
2026-08-28 09:41:27,638 WARNING peoplein.stream: archive interval skipped start=2026-08-19T00:27:40.000 end=2026-08-19T00:27:41.000 duration_seconds=1.0 reason=camera_archives_do_not_overlap
2026-08-28 09:41:27,639 INFO peoplein.stream: analysis interval ready start=2026-08-19 00:27:41 end=2026-08-19 00:31:05
2026-08-28 09:41:39,939 INFO peoplein.stream: decoded entrance/20260819-002605.mkv: 1020 frames
2026-08-28 09:41:39,939 INFO peoplein.stream: decoded loby/20260819-002741.mkv: 1020 frames
2026-08-28 09:41:39,957 INFO __main__: analysis interval completed start=2026-08-19 00:27:41 end=2026-08-19 00:31:05 frames=2040 ticks=1020 entered=0 exited=0 people_inside=0
2026-08-28 09:41:39,959 INFO __main__: summary updated end=2026-08-19 00:31:05
2026-08-28 09:41:39,959 INFO peoplein.stream: analysis interval ready start=2026-08-19 00:31:05 end=2026-08-19 00:32:41
2026-08-28 09:41:48,554 INFO peoplein.stream: decoded entrance/20260819-003105.mkv: 480 frames
2026-08-28 09:41:48,554 INFO peoplein.stream: decoded loby/20260819-002741.mkv: 480 frames
2026-08-28 09:41:48,571 INFO __main__: analysis interval completed start=2026-08-19 00:31:05 end=2026-08-19 00:32:41 frames=960 ticks=480 entered=0 exited=0 people_inside=0
2026-08-28 09:41:48,573 INFO __main__: summary updated end=2026-08-19 00:32:41
2026-08-28 09:41:48,573 INFO peoplein.stream: analysis interval ready start=2026-08-19 00:32:41 end=2026-08-19 00:36:05
2026-08-28 09:42:00,714 INFO peoplein.stream: decoded entrance/20260819-003105.mkv: 1020 frames
2026-08-28 09:42:00,715 INFO peoplein.stream: decoded loby/20260819-003241.mkv: 1020 frames
2026-08-28 09:42:00,732 INFO __main__: analysis interval completed start=2026-08-19 00:32:41 end=2026-08-19 00:36:05 frames=2040 ticks=1020 entered=0 exited=0 people_inside=0
2026-08-28 09:42:00,734 INFO __main__: summary updated end=2026-08-19 00:36:05
2026-08-28 09:42:00,734 INFO peoplein.stream: analysis interval ready start=2026-08-19 00:36:05 end=2026-08-19 00:37:41
2026-08-28 09:42:09,436 INFO peoplein.stream: decoded entrance/20260819-003605.mkv: 480 frames
2026-08-28 09:42:09,436 INFO peoplein.stream: decoded loby/20260819-003241.mkv: 480 frames
2026-08-28 09:42:09,452 INFO __main__: analysis interval completed start=2026-08-19 00:36:05 end=2026-08-19 00:37:41 frames=960 ticks=480 entered=0 exited=0 people_inside=0
2026-08-28 09:42:09,454 INFO __main__: summary updated end=2026-08-19 00:37:41
2026-08-28 09:42:09,454 WARNING peoplein.stream: archive interval skipped start=2026-08-19T00:37:41.000 end=2026-08-19T00:37:42.000 duration_seconds=1.0 reason=camera_archives_do_not_overlap
2026-08-28 09:42:09,454 INFO peoplein.stream: analysis interval ready start=2026-08-19 00:37:42 end=2026-08-19 00:41:05
2026-08-28 09:42:21,656 INFO peoplein.stream: decoded loby/20260819-003742.mkv: 1015 frames
2026-08-28 09:42:21,656 INFO peoplein.stream: decoded entrance/20260819-003605.mkv: 1015 frames
2026-08-28 09:42:21,671 INFO __main__: analysis interval completed start=2026-08-19 00:37:42 end=2026-08-19 00:41:05 frames=2030 ticks=1015 entered=0 exited=0 people_inside=0
2026-08-28 09:42:21,673 INFO __main__: summary updated end=2026-08-19 00:41:05
2026-08-28 09:42:21,673 INFO peoplein.stream: analysis interval ready start=2026-08-19 00:41:05 end=2026-08-19 00:42:42
2026-08-28 09:42:30,439 INFO peoplein.stream: decoded entrance/20260819-004105.mkv: 485 frames
2026-08-28 09:42:30,439 INFO peoplein.stream: decoded loby/20260819-003742.mkv: 485 frames
2026-08-28 09:42:30,456 INFO __main__: analysis interval completed start=2026-08-19 00:41:05 end=2026-08-19 00:42:42 frames=970 ticks=485 entered=0 exited=0 people_inside=0
2026-08-28 09:42:30,458 INFO __main__: summary updated end=2026-08-19 00:42:42
2026-08-28 09:42:30,458 INFO peoplein.stream: analysis interval ready start=2026-08-19 00:42:42 end=2026-08-19 00:46:05
2026-08-28 09:42:42,655 INFO peoplein.stream: decoded entrance/20260819-004105.mkv: 1015 frames
2026-08-28 09:42:42,655 INFO peoplein.stream: decoded loby/20260819-004242.mkv: 1015 frames
2026-08-28 09:42:42,672 INFO __main__: analysis interval completed start=2026-08-19 00:42:42 end=2026-08-19 00:46:05 frames=2030 ticks=1015 entered=0 exited=0 people_inside=0
2026-08-28 09:42:42,674 INFO __main__: summary updated end=2026-08-19 00:46:05
2026-08-28 09:42:42,674 INFO peoplein.stream: analysis interval ready start=2026-08-19 00:46:05 end=2026-08-19 00:47:40
2026-08-28 09:42:51,270 INFO peoplein.stream: decoded entrance/20260819-004605.mkv: 475 frames
2026-08-28 09:42:51,270 INFO peoplein.stream: decoded loby/20260819-004242.mkv: 475 frames
2026-08-28 09:42:51,286 INFO __main__: analysis interval completed start=2026-08-19 00:46:05 end=2026-08-19 00:47:40 frames=950 ticks=475 entered=0 exited=0 people_inside=0
2026-08-28 09:42:51,288 INFO __main__: summary updated end=2026-08-19 00:47:40
2026-08-28 09:42:51,289 WARNING peoplein.stream: archive interval skipped start=2026-08-19T00:47:40.000 end=2026-08-19T00:47:41.000 duration_seconds=1.0 reason=camera_archives_do_not_overlap
2026-08-28 09:42:51,289 INFO peoplein.stream: analysis interval ready start=2026-08-19 00:47:41 end=2026-08-19 00:51:05
2026-08-28 09:43:03,766 INFO peoplein.stream: decoded loby/20260819-004741.mkv: 1020 frames
2026-08-28 09:43:03,766 INFO peoplein.stream: decoded entrance/20260819-004605.mkv: 1020 frames
2026-08-28 09:43:03,783 INFO __main__: analysis interval completed start=2026-08-19 00:47:41 end=2026-08-19 00:51:05 frames=2040 ticks=1020 entered=0 exited=0 people_inside=0
2026-08-28 09:43:03,785 INFO __main__: summary updated end=2026-08-19 00:51:05
2026-08-28 09:43:03,785 INFO peoplein.stream: analysis interval ready start=2026-08-19 00:51:05 end=2026-08-19 00:52:41
2026-08-28 09:43:12,334 INFO peoplein.stream: decoded entrance/20260819-005105.mkv: 480 frames
2026-08-28 09:43:12,334 INFO peoplein.stream: decoded loby/20260819-004741.mkv: 480 frames
2026-08-28 09:43:12,352 INFO __main__: analysis interval completed start=2026-08-19 00:51:05 end=2026-08-19 00:52:41 frames=960 ticks=480 entered=0 exited=0 people_inside=0
2026-08-28 09:43:12,354 INFO __main__: summary updated end=2026-08-19 00:52:41
2026-08-28 09:43:12,354 INFO peoplein.stream: analysis interval ready start=2026-08-19 00:52:41 end=2026-08-19 00:56:05
2026-08-28 09:43:24,906 INFO peoplein.stream: decoded loby/20260819-005241.mkv: 1020 frames
2026-08-28 09:43:24,910 INFO peoplein.stream: decoded entrance/20260819-005105.mkv: 1020 frames
2026-08-28 09:43:24,924 INFO __main__: analysis interval completed start=2026-08-19 00:52:41 end=2026-08-19 00:56:05 frames=2040 ticks=1020 entered=0 exited=0 people_inside=0
2026-08-28 09:43:24,926 INFO __main__: summary updated end=2026-08-19 00:56:05
2026-08-28 09:43:24,926 INFO peoplein.stream: analysis interval ready start=2026-08-19 00:56:05 end=2026-08-19 00:57:41
2026-08-28 09:43:33,445 INFO peoplein.stream: decoded loby/20260819-005241.mkv: 480 frames
2026-08-28 09:43:33,449 INFO peoplein.stream: decoded entrance/20260819-005605.mkv: 480 frames
2026-08-28 09:43:33,463 INFO __main__: analysis interval completed start=2026-08-19 00:56:05 end=2026-08-19 00:57:41 frames=960 ticks=480 entered=0 exited=0 people_inside=0
2026-08-28 09:43:33,465 INFO __main__: summary updated end=2026-08-19 00:57:41
2026-08-28 09:43:33,465 WARNING peoplein.stream: archive interval skipped start=2026-08-19T00:57:41.000 end=2026-08-19T00:57:42.000 duration_seconds=1.0 reason=camera_archives_do_not_overlap
2026-08-28 09:43:33,465 INFO peoplein.stream: analysis interval ready start=2026-08-19 00:57:42 end=2026-08-19 01:01:05
2026-08-28 09:43:45,841 INFO peoplein.stream: decoded entrance/20260819-005605.mkv: 1015 frames
2026-08-28 09:43:45,841 INFO peoplein.stream: decoded loby/20260819-005742.mkv: 1015 frames
2026-08-28 09:43:45,857 INFO __main__: analysis interval completed start=2026-08-19 00:57:42 end=2026-08-19 01:01:05 frames=2030 ticks=1015 entered=0 exited=0 people_inside=0
2026-08-28 09:43:45,859 INFO __main__: summary updated end=2026-08-19 01:01:05
2026-08-28 09:43:45,860 INFO peoplein.stream: analysis interval ready start=2026-08-19 01:01:05 end=2026-08-19 01:02:42
2026-08-28 09:43:54,557 INFO peoplein.stream: decoded entrance/20260819-010105.mkv: 485 frames
2026-08-28 09:43:54,557 INFO peoplein.stream: decoded loby/20260819-005742.mkv: 485 frames
2026-08-28 09:43:54,573 INFO __main__: analysis interval completed start=2026-08-19 01:01:05 end=2026-08-19 01:02:42 frames=970 ticks=485 entered=0 exited=0 people_inside=0
2026-08-28 09:43:54,575 INFO __main__: summary updated end=2026-08-19 01:02:42
2026-08-28 09:43:54,575 INFO peoplein.stream: analysis interval ready start=2026-08-19 01:02:42 end=2026-08-19 01:06:05
2026-08-28 09:44:06,934 INFO peoplein.stream: decoded loby/20260819-010242.mkv: 1015 frames
2026-08-28 09:44:06,936 INFO peoplein.stream: decoded entrance/20260819-010105.mkv: 1015 frames
2026-08-28 09:44:06,950 INFO __main__: analysis interval completed start=2026-08-19 01:02:42 end=2026-08-19 01:06:05 frames=2030 ticks=1015 entered=0 exited=0 people_inside=0
2026-08-28 09:44:06,953 INFO __main__: summary updated end=2026-08-19 01:06:05
2026-08-28 09:44:06,953 INFO peoplein.stream: analysis interval ready start=2026-08-19 01:06:05 end=2026-08-19 01:07:40
2026-08-28 09:44:15,606 INFO peoplein.stream: decoded entrance/20260819-010605.mkv: 475 frames
2026-08-28 09:44:15,606 INFO peoplein.stream: decoded loby/20260819-010242.mkv: 475 frames
2026-08-28 09:44:15,623 INFO __main__: analysis interval completed start=2026-08-19 01:06:05 end=2026-08-19 01:07:40 frames=950 ticks=475 entered=0 exited=0 people_inside=0
2026-08-28 09:44:15,625 INFO __main__: summary updated end=2026-08-19 01:07:40
2026-08-28 09:44:15,625 WARNING peoplein.stream: archive interval skipped start=2026-08-19T01:07:40.000 end=2026-08-19T01:07:41.000 duration_seconds=1.0 reason=camera_archives_do_not_overlap
2026-08-28 09:44:15,625 INFO peoplein.stream: analysis interval ready start=2026-08-19 01:07:41 end=2026-08-19 01:11:05
2026-08-28 09:44:27,822 INFO peoplein.stream: decoded entrance/20260819-010605.mkv: 1020 frames
2026-08-28 09:44:27,822 INFO peoplein.stream: decoded loby/20260819-010741.mkv: 1020 frames
2026-08-28 09:44:27,871 INFO __main__: analysis interval completed start=2026-08-19 01:07:41 end=2026-08-19 01:11:05 frames=2040 ticks=1020 entered=0 exited=0 people_inside=0
2026-08-28 09:44:27,873 INFO __main__: summary updated end=2026-08-19 01:11:05
2026-08-28 09:44:27,873 INFO peoplein.stream: analysis interval ready start=2026-08-19 01:11:05 end=2026-08-19 01:12:41
2026-08-28 09:44:36,707 INFO peoplein.stream: decoded entrance/20260819-011105.mkv: 480 frames
2026-08-28 09:44:36,715 INFO peoplein.stream: decoded loby/20260819-010741.mkv: 480 frames
2026-08-28 09:44:36,748 INFO __main__: analysis interval completed start=2026-08-19 01:11:05 end=2026-08-19 01:12:41 frames=960 ticks=480 entered=0 exited=0 people_inside=0
2026-08-28 09:44:36,750 INFO __main__: summary updated end=2026-08-19 01:12:41
2026-08-28 09:44:36,750 INFO peoplein.stream: analysis interval ready start=2026-08-19 01:12:41 end=2026-08-19 01:16:05
2026-08-28 09:44:49,218 INFO peoplein.stream: decoded entrance/20260819-011105.mkv: 1020 frames
2026-08-28 09:44:49,218 INFO peoplein.stream: decoded loby/20260819-011241.mkv: 1020 frames
2026-08-28 09:44:49,235 INFO __main__: analysis interval completed start=2026-08-19 01:12:41 end=2026-08-19 01:16:05 frames=2040 ticks=1020 entered=0 exited=0 people_inside=0
2026-08-28 09:44:49,237 INFO __main__: summary updated end=2026-08-19 01:16:05
2026-08-28 09:44:49,238 INFO peoplein.stream: analysis interval ready start=2026-08-19 01:16:05 end=2026-08-19 01:17:41
2026-08-28 09:44:58,466 INFO peoplein.stream: decoded loby/20260819-011241.mkv: 480 frames
2026-08-28 09:44:58,471 INFO peoplein.stream: decoded entrance/20260819-011605.mkv: 480 frames
2026-08-28 09:44:58,485 INFO __main__: analysis interval completed start=2026-08-19 01:16:05 end=2026-08-19 01:17:41 frames=960 ticks=480 entered=0 exited=0 people_inside=0
2026-08-28 09:44:58,486 INFO __main__: summary updated end=2026-08-19 01:17:41
2026-08-28 09:44:58,486 WARNING peoplein.stream: archive interval skipped start=2026-08-19T01:17:41.000 end=2026-08-19T01:17:42.000 duration_seconds=1.0 reason=camera_archives_do_not_overlap
2026-08-28 09:44:58,487 INFO peoplein.stream: analysis interval ready start=2026-08-19 01:17:42 end=2026-08-19 01:21:05
2026-08-28 09:45:11,296 INFO peoplein.stream: decoded entrance/20260819-011605.mkv: 1015 frames
2026-08-28 09:45:11,301 INFO peoplein.stream: decoded loby/20260819-011742.mkv: 1015 frames
2026-08-28 09:45:11,314 INFO __main__: analysis interval completed start=2026-08-19 01:17:42 end=2026-08-19 01:21:05 frames=2030 ticks=1015 entered=0 exited=0 people_inside=0
2026-08-28 09:45:11,317 INFO __main__: summary updated end=2026-08-19 01:21:05
2026-08-28 09:45:11,317 INFO peoplein.stream: analysis interval ready start=2026-08-19 01:21:05 end=2026-08-19 01:22:42
2026-08-28 09:45:20,368 INFO peoplein.stream: decoded loby/20260819-011742.mkv: 485 frames
2026-08-28 09:45:20,371 INFO peoplein.stream: decoded entrance/20260819-012105.mkv: 485 frames
2026-08-28 09:45:20,385 INFO __main__: analysis interval completed start=2026-08-19 01:21:05 end=2026-08-19 01:22:42 frames=970 ticks=485 entered=0 exited=0 people_inside=0
2026-08-28 09:45:20,387 INFO __main__: summary updated end=2026-08-19 01:22:42
2026-08-28 09:45:20,387 INFO peoplein.stream: analysis interval ready start=2026-08-19 01:22:42 end=2026-08-19 01:26:05
2026-08-28 09:45:32,632 INFO peoplein.stream: decoded entrance/20260819-012105.mkv: 1015 frames
2026-08-28 09:45:32,632 INFO peoplein.stream: decoded loby/20260819-012242.mkv: 1015 frames
2026-08-28 09:45:32,648 INFO __main__: analysis interval completed start=2026-08-19 01:22:42 end=2026-08-19 01:26:05 frames=2030 ticks=1015 entered=0 exited=0 people_inside=0
2026-08-28 09:45:32,650 INFO __main__: summary updated end=2026-08-19 01:26:05
2026-08-28 09:45:32,651 INFO peoplein.stream: analysis interval ready start=2026-08-19 01:26:05 end=2026-08-19 01:27:40
2026-08-28 09:45:41,147 INFO peoplein.stream: decoded entrance/20260819-012605.mkv: 475 frames
2026-08-28 09:45:41,149 INFO peoplein.stream: decoded loby/20260819-012242.mkv: 475 frames
2026-08-28 09:45:41,164 INFO __main__: analysis interval completed start=2026-08-19 01:26:05 end=2026-08-19 01:27:40 frames=950 ticks=475 entered=0 exited=0 people_inside=0
2026-08-28 09:45:41,166 INFO __main__: summary updated end=2026-08-19 01:27:40
2026-08-28 09:45:41,166 WARNING peoplein.stream: archive interval skipped start=2026-08-19T01:27:40.000 end=2026-08-19T01:27:41.000 duration_seconds=1.0 reason=camera_archives_do_not_overlap
2026-08-28 09:45:41,166 INFO peoplein.stream: analysis interval ready start=2026-08-19 01:27:41 end=2026-08-19 01:31:05
2026-08-28 09:45:53,180 INFO peoplein.stream: decoded entrance/20260819-012605.mkv: 1020 frames
2026-08-28 09:45:53,180 INFO peoplein.stream: decoded loby/20260819-012741.mkv: 1020 frames
2026-08-28 09:45:53,198 INFO __main__: analysis interval completed start=2026-08-19 01:27:41 end=2026-08-19 01:31:05 frames=2040 ticks=1020 entered=0 exited=0 people_inside=0
2026-08-28 09:45:53,200 INFO __main__: summary updated end=2026-08-19 01:31:05
2026-08-28 09:45:53,201 INFO peoplein.stream: analysis interval ready start=2026-08-19 01:31:05 end=2026-08-19 01:32:41
2026-08-28 09:46:01,587 INFO peoplein.stream: decoded loby/20260819-012741.mkv: 480 frames
2026-08-28 09:46:01,587 INFO peoplein.stream: decoded entrance/20260819-013105.mkv: 480 frames
2026-08-28 09:46:01,605 INFO __main__: analysis interval completed start=2026-08-19 01:31:05 end=2026-08-19 01:32:41 frames=960 ticks=480 entered=0 exited=0 people_inside=0
2026-08-28 09:46:01,607 INFO __main__: summary updated end=2026-08-19 01:32:41
2026-08-28 09:46:01,607 INFO peoplein.stream: analysis interval ready start=2026-08-19 01:32:41 end=2026-08-19 01:36:05
2026-08-28 09:46:13,538 INFO peoplein.stream: decoded entrance/20260819-013105.mkv: 1020 frames
2026-08-28 09:46:13,538 INFO peoplein.stream: decoded loby/20260819-013241.mkv: 1020 frames
2026-08-28 09:46:13,555 INFO __main__: analysis interval completed start=2026-08-19 01:32:41 end=2026-08-19 01:36:05 frames=2040 ticks=1020 entered=0 exited=0 people_inside=0
2026-08-28 09:46:13,557 INFO __main__: summary updated end=2026-08-19 01:36:05
2026-08-28 09:46:13,558 INFO peoplein.stream: analysis interval ready start=2026-08-19 01:36:05 end=2026-08-19 01:37:41
2026-08-28 09:46:21,833 INFO peoplein.stream: decoded loby/20260819-013241.mkv: 480 frames
2026-08-28 09:46:21,834 INFO peoplein.stream: decoded entrance/20260819-013605.mkv: 480 frames
2026-08-28 09:46:21,850 INFO __main__: analysis interval completed start=2026-08-19 01:36:05 end=2026-08-19 01:37:41 frames=960 ticks=480 entered=0 exited=0 people_inside=0
2026-08-28 09:46:21,852 INFO __main__: summary updated end=2026-08-19 01:37:41
2026-08-28 09:46:21,852 WARNING peoplein.stream: archive interval skipped start=2026-08-19T01:37:41.000 end=2026-08-19T01:37:42.000 duration_seconds=1.0 reason=camera_archives_do_not_overlap
2026-08-28 09:46:21,852 INFO peoplein.stream: analysis interval ready start=2026-08-19 01:37:42 end=2026-08-19 01:41:05
2026-08-28 09:46:33,800 INFO peoplein.stream: decoded entrance/20260819-013605.mkv: 1015 frames
2026-08-28 09:46:33,804 INFO peoplein.stream: decoded loby/20260819-013742.mkv: 1015 frames
2026-08-28 09:46:33,817 INFO __main__: analysis interval completed start=2026-08-19 01:37:42 end=2026-08-19 01:41:05 frames=2030 ticks=1015 entered=0 exited=0 people_inside=0
2026-08-28 09:46:33,819 INFO __main__: summary updated end=2026-08-19 01:41:05
2026-08-28 09:46:33,819 INFO peoplein.stream: analysis interval ready start=2026-08-19 01:41:05 end=2026-08-19 01:42:42
2026-08-28 09:46:42,198 INFO peoplein.stream: decoded loby/20260819-013742.mkv: 485 frames
2026-08-28 09:46:42,198 INFO peoplein.stream: decoded entrance/20260819-014105.mkv: 485 frames
2026-08-28 09:46:42,216 INFO __main__: analysis interval completed start=2026-08-19 01:41:05 end=2026-08-19 01:42:42 frames=970 ticks=485 entered=0 exited=0 people_inside=0
2026-08-28 09:46:42,218 INFO __main__: summary updated end=2026-08-19 01:42:42
2026-08-28 09:46:42,218 WARNING peoplein.stream: archive interval skipped start=2026-08-19T01:42:42.000 end=2026-08-19T01:42:43.000 duration_seconds=1.0 reason=camera_archives_do_not_overlap
2026-08-28 09:46:42,218 INFO peoplein.stream: analysis interval ready start=2026-08-19 01:42:43 end=2026-08-19 01:46:05
2026-08-28 09:46:56,160 INFO peoplein.stream: decoded entrance/20260819-014105.mkv: 1010 frames
2026-08-28 09:46:56,160 INFO peoplein.stream: decoded loby/20260819-014243.mkv: 1010 frames
2026-08-28 09:46:56,176 INFO __main__: analysis interval completed start=2026-08-19 01:42:43 end=2026-08-19 01:46:05 frames=2020 ticks=1010 entered=1 exited=0 people_inside=1
2026-08-28 09:46:56,178 INFO __main__: summary updated end=2026-08-19 01:46:05
2026-08-28 09:46:56,179 INFO peoplein.stream: analysis interval ready start=2026-08-19 01:46:05 end=2026-08-19 01:47:41
2026-08-28 09:47:04,627 INFO peoplein.stream: decoded entrance/20260819-014605.mkv: 480 frames
2026-08-28 09:47:04,627 INFO peoplein.stream: decoded loby/20260819-014243.mkv: 480 frames
2026-08-28 09:47:04,645 INFO __main__: analysis interval completed start=2026-08-19 01:46:05 end=2026-08-19 01:47:41 frames=960 ticks=480 entered=1 exited=0 people_inside=1
2026-08-28 09:47:04,647 INFO __main__: summary updated end=2026-08-19 01:47:41
2026-08-28 09:47:04,647 INFO peoplein.stream: analysis interval ready start=2026-08-19 01:47:41 end=2026-08-19 01:51:05
2026-08-28 09:47:16,597 INFO peoplein.stream: decoded entrance/20260819-014605.mkv: 1020 frames
2026-08-28 09:47:16,597 INFO peoplein.stream: decoded loby/20260819-014741.mkv: 1020 frames
2026-08-28 09:47:16,614 INFO __main__: analysis interval completed start=2026-08-19 01:47:41 end=2026-08-19 01:51:05 frames=2040 ticks=1020 entered=1 exited=0 people_inside=1
2026-08-28 09:47:16,616 INFO __main__: summary updated end=2026-08-19 01:51:05
2026-08-28 09:47:16,617 INFO peoplein.stream: analysis interval ready start=2026-08-19 01:51:05 end=2026-08-19 01:52:41
2026-08-28 09:47:25,228 INFO peoplein.stream: decoded entrance/20260819-015105.mkv: 480 frames
2026-08-28 09:47:25,228 INFO peoplein.stream: decoded loby/20260819-014741.mkv: 480 frames
2026-08-28 09:47:25,246 INFO __main__: analysis interval completed start=2026-08-19 01:51:05 end=2026-08-19 01:52:41 frames=960 ticks=480 entered=1 exited=0 people_inside=1
2026-08-28 09:47:25,248 INFO __main__: summary updated end=2026-08-19 01:52:41
2026-08-28 09:47:25,248 INFO peoplein.stream: analysis interval ready start=2026-08-19 01:52:41 end=2026-08-19 01:56:05
2026-08-28 09:47:37,552 INFO peoplein.stream: decoded entrance/20260819-015105.mkv: 1020 frames
2026-08-28 09:47:37,552 INFO peoplein.stream: decoded loby/20260819-015241.mkv: 1020 frames
2026-08-28 09:47:37,569 INFO __main__: analysis interval completed start=2026-08-19 01:52:41 end=2026-08-19 01:56:05 frames=2040 ticks=1020 entered=1 exited=0 people_inside=1
2026-08-28 09:47:37,571 INFO __main__: summary updated end=2026-08-19 01:56:05
2026-08-28 09:47:37,571 INFO peoplein.stream: analysis interval ready start=2026-08-19 01:56:05 end=2026-08-19 01:57:41
2026-08-28 09:47:46,259 INFO peoplein.stream: decoded entrance/20260819-015605.mkv: 480 frames
2026-08-28 09:47:46,259 INFO peoplein.stream: decoded loby/20260819-015241.mkv: 480 frames
2026-08-28 09:47:46,276 INFO __main__: analysis interval completed start=2026-08-19 01:56:05 end=2026-08-19 01:57:41 frames=960 ticks=480 entered=1 exited=0 people_inside=1
2026-08-28 09:47:46,278 INFO __main__: summary updated end=2026-08-19 01:57:41
2026-08-28 09:47:46,279 WARNING peoplein.stream: archive interval skipped start=2026-08-19T01:57:41.000 end=2026-08-19T01:57:42.000 duration_seconds=1.0 reason=camera_archives_do_not_overlap
2026-08-28 09:47:46,279 INFO peoplein.stream: analysis interval ready start=2026-08-19 01:57:42 end=2026-08-19 02:01:05
2026-08-28 09:47:58,285 INFO peoplein.stream: decoded entrance/20260819-015605.mkv: 1015 frames
2026-08-28 09:47:58,285 INFO peoplein.stream: decoded loby/20260819-015742.mkv: 1015 frames
2026-08-28 09:47:58,301 INFO __main__: analysis interval completed start=2026-08-19 01:57:42 end=2026-08-19 02:01:05 frames=2030 ticks=1015 entered=1 exited=0 people_inside=1
2026-08-28 09:47:58,304 INFO __main__: summary updated end=2026-08-19 02:01:05
2026-08-28 09:47:58,304 INFO peoplein.stream: analysis interval ready start=2026-08-19 02:01:05 end=2026-08-19 02:02:42
2026-08-28 09:48:07,322 INFO peoplein.stream: decoded loby/20260819-015742.mkv: 485 frames
2026-08-28 09:48:07,325 INFO peoplein.stream: decoded entrance/20260819-020105.mkv: 485 frames
2026-08-28 09:48:07,339 INFO __main__: analysis interval completed start=2026-08-19 02:01:05 end=2026-08-19 02:02:42 frames=970 ticks=485 entered=1 exited=0 people_inside=1
2026-08-28 09:48:07,341 INFO __main__: summary updated end=2026-08-19 02:02:42
2026-08-28 09:48:07,342 WARNING peoplein.stream: archive interval skipped start=2026-08-19T02:02:42.000 end=2026-08-19T02:02:43.000 duration_seconds=1.0 reason=camera_archives_do_not_overlap
2026-08-28 09:48:07,342 INFO peoplein.stream: analysis interval ready start=2026-08-19 02:02:43 end=2026-08-19 02:06:05
2026-08-28 09:48:19,680 INFO peoplein.stream: decoded entrance/20260819-020105.mkv: 1010 frames
2026-08-28 09:48:19,680 INFO peoplein.stream: decoded loby/20260819-020243.mkv: 1010 frames
2026-08-28 09:48:19,698 INFO __main__: analysis interval completed start=2026-08-19 02:02:43 end=2026-08-19 02:06:05 frames=2020 ticks=1010 entered=1 exited=0 people_inside=1
2026-08-28 09:48:19,700 INFO __main__: summary updated end=2026-08-19 02:06:05
2026-08-28 09:48:19,701 INFO peoplein.stream: analysis interval ready start=2026-08-19 02:06:05 end=2026-08-19 02:07:41
2026-08-28 09:48:28,236 INFO peoplein.stream: decoded entrance/20260819-020605.mkv: 480 frames
2026-08-28 09:48:28,236 INFO peoplein.stream: decoded loby/20260819-020243.mkv: 480 frames
2026-08-28 09:48:28,253 INFO __main__: analysis interval completed start=2026-08-19 02:06:05 end=2026-08-19 02:07:41 frames=960 ticks=480 entered=1 exited=0 people_inside=1
2026-08-28 09:48:28,255 INFO __main__: summary updated end=2026-08-19 02:07:41
2026-08-28 09:48:28,255 INFO peoplein.stream: analysis interval ready start=2026-08-19 02:07:41 end=2026-08-19 02:11:05
2026-08-28 09:48:40,577 INFO peoplein.stream: decoded entrance/20260819-020605.mkv: 1020 frames
2026-08-28 09:48:40,577 INFO peoplein.stream: decoded loby/20260819-020741.mkv: 1020 frames
2026-08-28 09:48:40,595 INFO __main__: analysis interval completed start=2026-08-19 02:07:41 end=2026-08-19 02:11:05 frames=2040 ticks=1020 entered=1 exited=0 people_inside=1
2026-08-28 09:48:40,597 INFO __main__: summary updated end=2026-08-19 02:11:05
2026-08-28 09:48:40,597 INFO peoplein.stream: analysis interval ready start=2026-08-19 02:11:05 end=2026-08-19 02:12:41
2026-08-28 09:48:49,145 INFO peoplein.stream: decoded loby/20260819-020741.mkv: 480 frames
2026-08-28 09:48:49,145 INFO peoplein.stream: decoded entrance/20260819-021105.mkv: 480 frames
2026-08-28 09:48:49,162 INFO __main__: analysis interval completed start=2026-08-19 02:11:05 end=2026-08-19 02:12:41 frames=960 ticks=480 entered=1 exited=0 people_inside=1
2026-08-28 09:48:49,164 INFO __main__: summary updated end=2026-08-19 02:12:41
2026-08-28 09:48:49,164 WARNING peoplein.stream: archive interval skipped start=2026-08-19T02:12:41.000 end=2026-08-19T02:12:42.000 duration_seconds=1.0 reason=camera_archives_do_not_overlap
2026-08-28 09:48:49,164 INFO peoplein.stream: analysis interval ready start=2026-08-19 02:12:42 end=2026-08-19 02:16:05
2026-08-28 09:49:01,236 INFO peoplein.stream: decoded loby/20260819-021242.mkv: 1015 frames
2026-08-28 09:49:01,240 INFO peoplein.stream: decoded entrance/20260819-021105.mkv: 1015 frames
2026-08-28 09:49:01,253 INFO __main__: analysis interval completed start=2026-08-19 02:12:42 end=2026-08-19 02:16:05 frames=2030 ticks=1015 entered=1 exited=0 people_inside=1
2026-08-28 09:49:01,256 INFO __main__: summary updated end=2026-08-19 02:16:05
2026-08-28 09:49:01,256 INFO peoplein.stream: analysis interval ready start=2026-08-19 02:16:05 end=2026-08-19 02:17:42
2026-08-28 09:49:09,812 INFO peoplein.stream: decoded entrance/20260819-021605.mkv: 485 frames
2026-08-28 09:49:09,812 INFO peoplein.stream: decoded loby/20260819-021242.mkv: 485 frames
2026-08-28 09:49:09,829 INFO __main__: analysis interval completed start=2026-08-19 02:16:05 end=2026-08-19 02:17:42 frames=970 ticks=485 entered=1 exited=0 people_inside=1
2026-08-28 09:49:09,831 INFO __main__: summary updated end=2026-08-19 02:17:42
2026-08-28 09:49:09,831 INFO peoplein.stream: analysis interval ready start=2026-08-19 02:17:42 end=2026-08-19 02:21:05
2026-08-28 09:49:22,950 INFO peoplein.stream: decoded entrance/20260819-021605.mkv: 1015 frames
2026-08-28 09:49:22,958 INFO peoplein.stream: decoded loby/20260819-021742.mkv: 1015 frames
2026-08-28 09:49:22,991 INFO __main__: analysis interval completed start=2026-08-19 02:17:42 end=2026-08-19 02:21:05 frames=2030 ticks=1015 entered=1 exited=1 people_inside=0
2026-08-28 09:49:22,993 INFO __main__: summary updated end=2026-08-19 02:21:05
2026-08-28 09:49:22,993 INFO peoplein.stream: analysis interval ready start=2026-08-19 02:21:05 end=2026-08-19 02:22:40
2026-08-28 09:49:32,049 INFO peoplein.stream: decoded loby/20260819-021742.mkv: 475 frames
2026-08-28 09:49:32,052 INFO peoplein.stream: decoded entrance/20260819-022105.mkv: 475 frames
2026-08-28 09:49:32,066 INFO __main__: analysis interval completed start=2026-08-19 02:21:05 end=2026-08-19 02:22:40 frames=950 ticks=475 entered=1 exited=1 people_inside=0
2026-08-28 09:49:32,068 INFO __main__: summary updated end=2026-08-19 02:22:40
2026-08-28 09:49:32,069 WARNING peoplein.stream: archive interval skipped start=2026-08-19T02:22:40.000 end=2026-08-19T02:22:41.000 duration_seconds=1.0 reason=camera_archives_do_not_overlap
2026-08-28 09:49:32,069 INFO peoplein.stream: analysis interval ready start=2026-08-19 02:22:41 end=2026-08-19 02:26:05
2026-08-28 09:49:44,190 INFO peoplein.stream: decoded entrance/20260819-022105.mkv: 1020 frames
2026-08-28 09:49:44,190 INFO peoplein.stream: decoded loby/20260819-022241.mkv: 1020 frames
2026-08-28 09:49:44,207 INFO __main__: analysis interval completed start=2026-08-19 02:22:41 end=2026-08-19 02:26:05 frames=2040 ticks=1020 entered=1 exited=1 people_inside=0
2026-08-28 09:49:44,210 INFO __main__: summary updated end=2026-08-19 02:26:05
2026-08-28 09:49:44,210 INFO peoplein.stream: analysis interval ready start=2026-08-19 02:26:05 end=2026-08-19 02:27:41
2026-08-28 09:49:52,581 INFO peoplein.stream: decoded loby/20260819-022241.mkv: 480 frames
2026-08-28 09:49:52,581 INFO peoplein.stream: decoded entrance/20260819-022605.mkv: 480 frames
2026-08-28 09:49:52,598 INFO __main__: analysis interval completed start=2026-08-19 02:26:05 end=2026-08-19 02:27:41 frames=960 ticks=480 entered=1 exited=1 people_inside=0
2026-08-28 09:49:52,600 INFO __main__: summary updated end=2026-08-19 02:27:41
2026-08-28 09:49:52,600 INFO peoplein.stream: analysis interval ready start=2026-08-19 02:27:41 end=2026-08-19 02:31:05
2026-08-28 09:50:04,483 INFO peoplein.stream: decoded loby/20260819-022741.mkv: 1020 frames
2026-08-28 09:50:04,485 INFO peoplein.stream: decoded entrance/20260819-022605.mkv: 1020 frames
2026-08-28 09:50:04,500 INFO __main__: analysis interval completed start=2026-08-19 02:27:41 end=2026-08-19 02:31:05 frames=2040 ticks=1020 entered=1 exited=1 people_inside=0
2026-08-28 09:50:04,502 INFO __main__: summary updated end=2026-08-19 02:31:05
2026-08-28 09:50:04,502 INFO peoplein.stream: analysis interval ready start=2026-08-19 02:31:05 end=2026-08-19 02:32:41
2026-08-28 09:50:12,928 INFO peoplein.stream: decoded entrance/20260819-023105.mkv: 480 frames
2026-08-28 09:50:12,928 INFO peoplein.stream: decoded loby/20260819-022741.mkv: 480 frames
2026-08-28 09:50:12,942 INFO __main__: analysis interval completed start=2026-08-19 02:31:05 end=2026-08-19 02:32:41 frames=960 ticks=480 entered=1 exited=1 people_inside=0
2026-08-28 09:50:12,945 INFO __main__: summary updated end=2026-08-19 02:32:41
2026-08-28 09:50:12,945 WARNING peoplein.stream: archive interval skipped start=2026-08-19T02:32:41.000 end=2026-08-19T02:32:42.000 duration_seconds=1.0 reason=camera_archives_do_not_overlap
2026-08-28 09:50:12,945 INFO peoplein.stream: analysis interval ready start=2026-08-19 02:32:42 end=2026-08-19 02:36:05
2026-08-28 09:50:24,835 INFO peoplein.stream: decoded loby/20260819-023242.mkv: 1015 frames
2026-08-28 09:50:24,838 INFO peoplein.stream: decoded entrance/20260819-023105.mkv: 1015 frames
2026-08-28 09:50:24,852 INFO __main__: analysis interval completed start=2026-08-19 02:32:42 end=2026-08-19 02:36:05 frames=2030 ticks=1015 entered=1 exited=1 people_inside=0
2026-08-28 09:50:24,854 INFO __main__: summary updated end=2026-08-19 02:36:05
2026-08-28 09:50:24,854 INFO peoplein.stream: analysis interval ready start=2026-08-19 02:36:05 end=2026-08-19 02:37:42
2026-08-28 09:50:33,217 INFO peoplein.stream: decoded loby/20260819-023242.mkv: 485 frames
2026-08-28 09:50:33,218 INFO peoplein.stream: decoded entrance/20260819-023605.mkv: 485 frames
2026-08-28 09:50:33,235 INFO __main__: analysis interval completed start=2026-08-19 02:36:05 end=2026-08-19 02:37:42 frames=970 ticks=485 entered=1 exited=1 people_inside=0
2026-08-28 09:50:33,237 INFO __main__: summary updated end=2026-08-19 02:37:42
2026-08-28 09:50:33,237 INFO peoplein.stream: analysis interval ready start=2026-08-19 02:37:42 end=2026-08-19 02:41:05
2026-08-28 09:50:45,153 INFO peoplein.stream: decoded entrance/20260819-023605.mkv: 1015 frames
2026-08-28 09:50:45,153 INFO peoplein.stream: decoded loby/20260819-023742.mkv: 1015 frames
2026-08-28 09:50:45,170 INFO __main__: analysis interval completed start=2026-08-19 02:37:42 end=2026-08-19 02:41:05 frames=2030 ticks=1015 entered=1 exited=1 people_inside=0
2026-08-28 09:50:45,172 INFO __main__: summary updated end=2026-08-19 02:41:05
2026-08-28 09:50:45,172 INFO peoplein.stream: analysis interval ready start=2026-08-19 02:41:05 end=2026-08-19 02:42:40
2026-08-28 09:50:53,509 INFO peoplein.stream: decoded entrance/20260819-024105.mkv: 475 frames
2026-08-28 09:50:53,510 INFO peoplein.stream: decoded loby/20260819-023742.mkv: 475 frames
2026-08-28 09:50:53,527 INFO __main__: analysis interval completed start=2026-08-19 02:41:05 end=2026-08-19 02:42:40 frames=950 ticks=475 entered=1 exited=1 people_inside=0
2026-08-28 09:50:53,528 INFO __main__: summary updated end=2026-08-19 02:42:40
2026-08-28 09:50:53,529 WARNING peoplein.stream: archive interval skipped start=2026-08-19T02:42:40.000 end=2026-08-19T02:42:41.000 duration_seconds=1.0 reason=camera_archives_do_not_overlap
2026-08-28 09:50:53,529 INFO peoplein.stream: analysis interval ready start=2026-08-19 02:42:41 end=2026-08-19 02:46:05
2026-08-28 09:51:05,503 INFO peoplein.stream: decoded entrance/20260819-024105.mkv: 1020 frames
2026-08-28 09:51:05,503 INFO peoplein.stream: decoded loby/20260819-024241.mkv: 1020 frames
2026-08-28 09:51:05,521 INFO __main__: analysis interval completed start=2026-08-19 02:42:41 end=2026-08-19 02:46:05 frames=2040 ticks=1020 entered=1 exited=1 people_inside=0
2026-08-28 09:51:05,524 INFO __main__: summary updated end=2026-08-19 02:46:05
2026-08-28 09:51:05,524 INFO peoplein.stream: analysis interval ready start=2026-08-19 02:46:05 end=2026-08-19 02:47:41
2026-08-28 09:51:14,235 INFO peoplein.stream: decoded entrance/20260819-024605.mkv: 480 frames
2026-08-28 09:51:14,235 INFO peoplein.stream: decoded loby/20260819-024241.mkv: 480 frames
2026-08-28 09:51:14,250 INFO __main__: analysis interval completed start=2026-08-19 02:46:05 end=2026-08-19 02:47:41 frames=960 ticks=480 entered=1 exited=1 people_inside=0
2026-08-28 09:51:14,252 INFO __main__: summary updated end=2026-08-19 02:47:41
2026-08-28 09:51:14,252 INFO peoplein.stream: analysis interval ready start=2026-08-19 02:47:41 end=2026-08-19 02:51:05
2026-08-28 09:51:26,068 INFO peoplein.stream: decoded entrance/20260819-024605.mkv: 1020 frames
2026-08-28 09:51:26,068 INFO peoplein.stream: decoded loby/20260819-024741.mkv: 1020 frames
2026-08-28 09:51:26,085 INFO __main__: analysis interval completed start=2026-08-19 02:47:41 end=2026-08-19 02:51:05 frames=2040 ticks=1020 entered=1 exited=1 people_inside=0
2026-08-28 09:51:26,088 INFO __main__: summary updated end=2026-08-19 02:51:05
2026-08-28 09:51:26,088 INFO peoplein.stream: analysis interval ready start=2026-08-19 02:51:05 end=2026-08-19 02:52:41
2026-08-28 09:51:34,589 INFO peoplein.stream: decoded loby/20260819-024741.mkv: 480 frames
2026-08-28 09:51:34,589 INFO peoplein.stream: decoded entrance/20260819-025105.mkv: 480 frames
2026-08-28 09:51:34,606 INFO __main__: analysis interval completed start=2026-08-19 02:51:05 end=2026-08-19 02:52:41 frames=960 ticks=480 entered=1 exited=1 people_inside=0
2026-08-28 09:51:34,608 INFO __main__: summary updated end=2026-08-19 02:52:41
2026-08-28 09:51:34,609 WARNING peoplein.stream: archive interval skipped start=2026-08-19T02:52:41.000 end=2026-08-19T02:52:42.000 duration_seconds=1.0 reason=camera_archives_do_not_overlap
2026-08-28 09:51:34,609 INFO peoplein.stream: analysis interval ready start=2026-08-19 02:52:42 end=2026-08-19 02:56:05
2026-08-28 09:51:46,472 INFO peoplein.stream: decoded entrance/20260819-025105.mkv: 1015 frames
2026-08-28 09:51:46,472 INFO peoplein.stream: decoded loby/20260819-025242.mkv: 1015 frames
2026-08-28 09:51:46,489 INFO __main__: analysis interval completed start=2026-08-19 02:52:42 end=2026-08-19 02:56:05 frames=2030 ticks=1015 entered=1 exited=1 people_inside=0
2026-08-28 09:51:46,491 INFO __main__: summary updated end=2026-08-19 02:56:05
2026-08-28 09:51:46,492 INFO peoplein.stream: analysis interval ready start=2026-08-19 02:56:05 end=2026-08-19 02:57:42
2026-08-28 09:51:55,055 INFO peoplein.stream: decoded entrance/20260819-025605.mkv: 485 frames
2026-08-28 09:51:55,059 INFO peoplein.stream: decoded loby/20260819-025242.mkv: 485 frames
2026-08-28 09:51:55,072 INFO __main__: analysis interval completed start=2026-08-19 02:56:05 end=2026-08-19 02:57:42 frames=970 ticks=485 entered=1 exited=1 people_inside=0
2026-08-28 09:51:55,075 INFO __main__: summary updated end=2026-08-19 02:57:42
2026-08-28 09:51:55,075 INFO peoplein.stream: analysis interval ready start=2026-08-19 02:57:42 end=2026-08-19 03:01:05
2026-08-28 09:52:06,973 INFO peoplein.stream: decoded entrance/20260819-025605.mkv: 1015 frames
2026-08-28 09:52:06,973 INFO peoplein.stream: decoded loby/20260819-025742.mkv: 1015 frames
2026-08-28 09:52:06,990 INFO __main__: analysis interval completed start=2026-08-19 02:57:42 end=2026-08-19 03:01:05 frames=2030 ticks=1015 entered=1 exited=1 people_inside=0
2026-08-28 09:52:06,992 INFO __main__: summary updated end=2026-08-19 03:01:05
2026-08-28 09:52:06,992 INFO peoplein.stream: analysis interval ready start=2026-08-19 03:01:05 end=2026-08-19 03:02:40
2026-08-28 09:52:15,577 INFO peoplein.stream: decoded loby/20260819-025742.mkv: 475 frames
2026-08-28 09:52:15,581 INFO peoplein.stream: decoded entrance/20260819-030105.mkv: 475 frames
2026-08-28 09:52:15,595 INFO __main__: analysis interval completed start=2026-08-19 03:01:05 end=2026-08-19 03:02:40 frames=950 ticks=475 entered=1 exited=1 people_inside=0
2026-08-28 09:52:15,597 INFO __main__: summary updated end=2026-08-19 03:02:40
2026-08-28 09:52:15,597 WARNING peoplein.stream: archive interval skipped start=2026-08-19T03:02:40.000 end=2026-08-19T03:02:41.000 duration_seconds=1.0 reason=camera_archives_do_not_overlap
2026-08-28 09:52:15,597 INFO peoplein.stream: analysis interval ready start=2026-08-19 03:02:41 end=2026-08-19 03:06:05
2026-08-28 09:52:27,523 INFO peoplein.stream: decoded entrance/20260819-030105.mkv: 1020 frames
2026-08-28 09:52:27,524 INFO peoplein.stream: decoded loby/20260819-030241.mkv: 1020 frames
2026-08-28 09:52:27,540 INFO __main__: analysis interval completed start=2026-08-19 03:02:41 end=2026-08-19 03:06:05 frames=2040 ticks=1020 entered=1 exited=1 people_inside=0
2026-08-28 09:52:27,542 INFO __main__: summary updated end=2026-08-19 03:06:05
2026-08-28 09:52:27,542 INFO peoplein.stream: analysis interval ready start=2026-08-19 03:06:05 end=2026-08-19 03:07:41
2026-08-28 09:52:36,015 INFO peoplein.stream: decoded loby/20260819-030241.mkv: 480 frames
2026-08-28 09:52:36,019 INFO peoplein.stream: decoded entrance/20260819-030605.mkv: 480 frames
2026-08-28 09:52:36,032 INFO __main__: analysis interval completed start=2026-08-19 03:06:05 end=2026-08-19 03:07:41 frames=960 ticks=480 entered=1 exited=1 people_inside=0
2026-08-28 09:52:36,034 INFO __main__: summary updated end=2026-08-19 03:07:41
2026-08-28 09:52:36,035 INFO peoplein.stream: analysis interval ready start=2026-08-19 03:07:41 end=2026-08-19 03:11:05
2026-08-28 09:52:47,948 INFO peoplein.stream: decoded loby/20260819-030741.mkv: 1020 frames
2026-08-28 09:52:47,952 INFO peoplein.stream: decoded entrance/20260819-030605.mkv: 1020 frames
2026-08-28 09:52:47,965 INFO __main__: analysis interval completed start=2026-08-19 03:07:41 end=2026-08-19 03:11:05 frames=2040 ticks=1020 entered=1 exited=1 people_inside=0
2026-08-28 09:52:47,968 INFO __main__: summary updated end=2026-08-19 03:11:05
2026-08-28 09:52:47,968 INFO peoplein.stream: analysis interval ready start=2026-08-19 03:11:05 end=2026-08-19 03:12:41
2026-08-28 09:52:56,318 INFO peoplein.stream: decoded loby/20260819-030741.mkv: 480 frames
2026-08-28 09:52:56,318 INFO peoplein.stream: decoded entrance/20260819-031105.mkv: 480 frames
2026-08-28 09:52:56,336 INFO __main__: analysis interval completed start=2026-08-19 03:11:05 end=2026-08-19 03:12:41 frames=960 ticks=480 entered=1 exited=1 people_inside=0
2026-08-28 09:52:56,338 INFO __main__: summary updated end=2026-08-19 03:12:41
2026-08-28 09:52:56,338 WARNING peoplein.stream: archive interval skipped start=2026-08-19T03:12:41.000 end=2026-08-19T03:12:42.000 duration_seconds=1.0 reason=camera_archives_do_not_overlap
2026-08-28 09:52:56,338 INFO peoplein.stream: analysis interval ready start=2026-08-19 03:12:42 end=2026-08-19 03:16:05
2026-08-28 09:53:08,202 INFO peoplein.stream: decoded entrance/20260819-031105.mkv: 1015 frames
2026-08-28 09:53:08,202 INFO peoplein.stream: decoded loby/20260819-031242.mkv: 1015 frames
2026-08-28 09:53:08,220 INFO __main__: analysis interval completed start=2026-08-19 03:12:42 end=2026-08-19 03:16:05 frames=2030 ticks=1015 entered=1 exited=1 people_inside=0
2026-08-28 09:53:08,223 INFO __main__: summary updated end=2026-08-19 03:16:05
2026-08-28 09:53:08,223 INFO peoplein.stream: analysis interval ready start=2026-08-19 03:16:05 end=2026-08-19 03:17:42
2026-08-28 09:53:16,803 INFO peoplein.stream: decoded loby/20260819-031242.mkv: 485 frames
2026-08-28 09:53:16,803 INFO peoplein.stream: decoded entrance/20260819-031605.mkv: 485 frames
2026-08-28 09:53:16,818 INFO __main__: analysis interval completed start=2026-08-19 03:16:05 end=2026-08-19 03:17:42 frames=970 ticks=485 entered=1 exited=1 people_inside=0
2026-08-28 09:53:16,820 INFO __main__: summary updated end=2026-08-19 03:17:42
2026-08-28 09:53:16,820 INFO peoplein.stream: analysis interval ready start=2026-08-19 03:17:42 end=2026-08-19 03:21:05
2026-08-28 09:53:29,201 INFO peoplein.stream: decoded loby/20260819-031742.mkv: 1015 frames
2026-08-28 09:53:29,203 INFO peoplein.stream: decoded entrance/20260819-031605.mkv: 1015 frames
2026-08-28 09:53:29,218 INFO __main__: analysis interval completed start=2026-08-19 03:17:42 end=2026-08-19 03:21:05 frames=2030 ticks=1015 entered=1 exited=1 people_inside=0
2026-08-28 09:53:29,220 INFO __main__: summary updated end=2026-08-19 03:21:05
2026-08-28 09:53:29,220 INFO peoplein.stream: analysis interval ready start=2026-08-19 03:21:05 end=2026-08-19 03:22:40
2026-08-28 09:53:37,562 INFO peoplein.stream: decoded loby/20260819-031742.mkv: 475 frames
2026-08-28 09:53:37,566 INFO peoplein.stream: decoded entrance/20260819-032105.mkv: 475 frames
2026-08-28 09:53:37,579 INFO __main__: analysis interval completed start=2026-08-19 03:21:05 end=2026-08-19 03:22:40 frames=950 ticks=475 entered=1 exited=1 people_inside=0
2026-08-28 09:53:37,581 INFO __main__: summary updated end=2026-08-19 03:22:40
2026-08-28 09:53:37,581 WARNING peoplein.stream: archive interval skipped start=2026-08-19T03:22:40.000 end=2026-08-19T03:22:41.000 duration_seconds=1.0 reason=camera_archives_do_not_overlap
2026-08-28 09:53:37,581 INFO peoplein.stream: analysis interval ready start=2026-08-19 03:22:41 end=2026-08-19 03:26:05
2026-08-28 09:53:49,407 INFO peoplein.stream: decoded entrance/20260819-032105.mkv: 1020 frames
2026-08-28 09:53:49,407 INFO peoplein.stream: decoded loby/20260819-032241.mkv: 1020 frames
2026-08-28 09:53:49,424 INFO __main__: analysis interval completed start=2026-08-19 03:22:41 end=2026-08-19 03:26:05 frames=2040 ticks=1020 entered=1 exited=1 people_inside=0
2026-08-28 09:53:49,426 INFO __main__: summary updated end=2026-08-19 03:26:05
2026-08-28 09:53:49,426 INFO peoplein.stream: analysis interval ready start=2026-08-19 03:26:05 end=2026-08-19 03:27:41
2026-08-28 09:53:57,741 INFO peoplein.stream: decoded entrance/20260819-032605.mkv: 480 frames
2026-08-28 09:53:57,742 INFO peoplein.stream: decoded loby/20260819-032241.mkv: 480 frames
2026-08-28 09:53:57,757 INFO __main__: analysis interval completed start=2026-08-19 03:26:05 end=2026-08-19 03:27:41 frames=960 ticks=480 entered=1 exited=1 people_inside=0
2026-08-28 09:53:57,759 INFO __main__: summary updated end=2026-08-19 03:27:41
2026-08-28 09:53:57,759 INFO peoplein.stream: analysis interval ready start=2026-08-19 03:27:41 end=2026-08-19 03:31:05
2026-08-28 09:54:09,906 INFO peoplein.stream: decoded entrance/20260819-032605.mkv: 1020 frames
2026-08-28 09:54:09,906 INFO peoplein.stream: decoded loby/20260819-032741.mkv: 1020 frames
2026-08-28 09:54:09,921 INFO __main__: analysis interval completed start=2026-08-19 03:27:41 end=2026-08-19 03:31:05 frames=2040 ticks=1020 entered=1 exited=1 people_inside=0
2026-08-28 09:54:09,923 INFO __main__: summary updated end=2026-08-19 03:31:05
2026-08-28 09:54:09,923 INFO peoplein.stream: analysis interval ready start=2026-08-19 03:31:05 end=2026-08-19 03:32:41
2026-08-28 09:54:18,371 INFO peoplein.stream: decoded entrance/20260819-033105.mkv: 480 frames
2026-08-28 09:54:18,371 INFO peoplein.stream: decoded loby/20260819-032741.mkv: 480 frames
2026-08-28 09:54:18,388 INFO __main__: analysis interval completed start=2026-08-19 03:31:05 end=2026-08-19 03:32:41 frames=960 ticks=480 entered=1 exited=1 people_inside=0
2026-08-28 09:54:18,391 INFO __main__: summary updated end=2026-08-19 03:32:41
2026-08-28 09:54:18,391 WARNING peoplein.stream: archive interval skipped start=2026-08-19T03:32:41.000 end=2026-08-19T03:32:42.000 duration_seconds=1.0 reason=camera_archives_do_not_overlap
2026-08-28 09:54:18,391 INFO peoplein.stream: analysis interval ready start=2026-08-19 03:32:42 end=2026-08-19 03:36:05
2026-08-28 09:54:30,477 INFO peoplein.stream: decoded entrance/20260819-033105.mkv: 1015 frames
2026-08-28 09:54:30,477 INFO peoplein.stream: decoded loby/20260819-033242.mkv: 1015 frames
2026-08-28 09:54:30,493 INFO __main__: analysis interval completed start=2026-08-19 03:32:42 end=2026-08-19 03:36:05 frames=2030 ticks=1015 entered=1 exited=1 people_inside=0
2026-08-28 09:54:30,496 INFO __main__: summary updated end=2026-08-19 03:36:05
2026-08-28 09:54:30,496 INFO peoplein.stream: analysis interval ready start=2026-08-19 03:36:05 end=2026-08-19 03:37:42
2026-08-28 09:54:38,934 INFO peoplein.stream: decoded loby/20260819-033242.mkv: 485 frames
2026-08-28 09:54:38,934 INFO peoplein.stream: decoded entrance/20260819-033605.mkv: 485 frames
2026-08-28 09:54:38,951 INFO __main__: analysis interval completed start=2026-08-19 03:36:05 end=2026-08-19 03:37:42 frames=970 ticks=485 entered=1 exited=1 people_inside=0
2026-08-28 09:54:38,953 INFO __main__: summary updated end=2026-08-19 03:37:42
2026-08-28 09:54:38,953 INFO peoplein.stream: analysis interval ready start=2026-08-19 03:37:42 end=2026-08-19 03:41:05
2026-08-28 09:54:50,871 INFO peoplein.stream: decoded entrance/20260819-033605.mkv: 1015 frames
2026-08-28 09:54:50,871 INFO peoplein.stream: decoded loby/20260819-033742.mkv: 1015 frames
2026-08-28 09:54:50,887 INFO __main__: analysis interval completed start=2026-08-19 03:37:42 end=2026-08-19 03:41:05 frames=2030 ticks=1015 entered=1 exited=1 people_inside=0
2026-08-28 09:54:50,889 INFO __main__: summary updated end=2026-08-19 03:41:05
2026-08-28 09:54:50,889 INFO peoplein.stream: analysis interval ready start=2026-08-19 03:41:05 end=2026-08-19 03:42:40
2026-08-28 09:54:59,158 INFO peoplein.stream: decoded entrance/20260819-034105.mkv: 475 frames
2026-08-28 09:54:59,158 INFO peoplein.stream: decoded loby/20260819-033742.mkv: 475 frames
2026-08-28 09:54:59,176 INFO __main__: analysis interval completed start=2026-08-19 03:41:05 end=2026-08-19 03:42:40 frames=950 ticks=475 entered=1 exited=1 people_inside=0
2026-08-28 09:54:59,177 INFO __main__: summary updated end=2026-08-19 03:42:40
2026-08-28 09:54:59,178 WARNING peoplein.stream: archive interval skipped start=2026-08-19T03:42:40.000 end=2026-08-19T03:42:41.000 duration_seconds=1.0 reason=camera_archives_do_not_overlap
2026-08-28 09:54:59,178 INFO peoplein.stream: analysis interval ready start=2026-08-19 03:42:41 end=2026-08-19 03:46:05
2026-08-28 09:55:11,176 INFO peoplein.stream: decoded entrance/20260819-034105.mkv: 1020 frames
2026-08-28 09:55:11,176 INFO peoplein.stream: decoded loby/20260819-034241.mkv: 1020 frames
2026-08-28 09:55:11,192 INFO __main__: analysis interval completed start=2026-08-19 03:42:41 end=2026-08-19 03:46:05 frames=2040 ticks=1020 entered=1 exited=1 people_inside=0
2026-08-28 09:55:11,195 INFO __main__: summary updated end=2026-08-19 03:46:05
2026-08-28 09:55:11,195 INFO peoplein.stream: analysis interval ready start=2026-08-19 03:46:05 end=2026-08-19 03:47:41
2026-08-28 09:55:19,692 INFO peoplein.stream: decoded entrance/20260819-034605.mkv: 480 frames
2026-08-28 09:55:19,692 INFO peoplein.stream: decoded loby/20260819-034241.mkv: 480 frames
2026-08-28 09:55:19,709 INFO __main__: analysis interval completed start=2026-08-19 03:46:05 end=2026-08-19 03:47:41 frames=960 ticks=480 entered=1 exited=1 people_inside=0
2026-08-28 09:55:19,711 INFO __main__: summary updated end=2026-08-19 03:47:41
2026-08-28 09:55:19,712 INFO peoplein.stream: analysis interval ready start=2026-08-19 03:47:41 end=2026-08-19 03:51:05
2026-08-28 09:55:31,630 INFO peoplein.stream: decoded loby/20260819-034741.mkv: 1020 frames
2026-08-28 09:55:31,630 INFO peoplein.stream: decoded entrance/20260819-034605.mkv: 1020 frames
2026-08-28 09:55:31,647 INFO __main__: analysis interval completed start=2026-08-19 03:47:41 end=2026-08-19 03:51:05 frames=2040 ticks=1020 entered=1 exited=1 people_inside=0
2026-08-28 09:55:31,649 INFO __main__: summary updated end=2026-08-19 03:51:05
2026-08-28 09:55:31,649 INFO peoplein.stream: analysis interval ready start=2026-08-19 03:51:05 end=2026-08-19 03:52:41
2026-08-28 09:55:40,174 INFO peoplein.stream: decoded loby/20260819-034741.mkv: 480 frames
2026-08-28 09:55:40,176 INFO peoplein.stream: decoded entrance/20260819-035105.mkv: 480 frames
2026-08-28 09:55:40,191 INFO __main__: analysis interval completed start=2026-08-19 03:51:05 end=2026-08-19 03:52:41 frames=960 ticks=480 entered=1 exited=1 people_inside=0
2026-08-28 09:55:40,193 INFO __main__: summary updated end=2026-08-19 03:52:41
2026-08-28 09:55:40,193 WARNING peoplein.stream: archive interval skipped start=2026-08-19T03:52:41.000 end=2026-08-19T03:52:42.000 duration_seconds=1.0 reason=camera_archives_do_not_overlap
2026-08-28 09:55:40,193 INFO peoplein.stream: analysis interval ready start=2026-08-19 03:52:42 end=2026-08-19 03:56:05
2026-08-28 09:55:52,142 INFO peoplein.stream: decoded loby/20260819-035242.mkv: 1015 frames
2026-08-28 09:55:52,142 INFO peoplein.stream: decoded entrance/20260819-035105.mkv: 1015 frames
2026-08-28 09:55:52,159 INFO __main__: analysis interval completed start=2026-08-19 03:52:42 end=2026-08-19 03:56:05 frames=2030 ticks=1015 entered=1 exited=1 people_inside=0
2026-08-28 09:55:52,162 INFO __main__: summary updated end=2026-08-19 03:56:05
2026-08-28 09:55:52,162 INFO peoplein.stream: analysis interval ready start=2026-08-19 03:56:05 end=2026-08-19 03:57:42
2026-08-28 09:56:00,632 INFO peoplein.stream: decoded entrance/20260819-035605.mkv: 485 frames
2026-08-28 09:56:00,632 INFO peoplein.stream: decoded loby/20260819-035242.mkv: 485 frames
2026-08-28 09:56:00,648 INFO __main__: analysis interval completed start=2026-08-19 03:56:05 end=2026-08-19 03:57:42 frames=970 ticks=485 entered=1 exited=1 people_inside=0
2026-08-28 09:56:00,650 INFO __main__: summary updated end=2026-08-19 03:57:42
2026-08-28 09:56:00,651 INFO peoplein.stream: analysis interval ready start=2026-08-19 03:57:42 end=2026-08-19 04:01:05
2026-08-28 09:56:12,459 INFO peoplein.stream: decoded entrance/20260819-035605.mkv: 1015 frames
2026-08-28 09:56:12,459 INFO peoplein.stream: decoded loby/20260819-035742.mkv: 1015 frames
2026-08-28 09:56:12,476 INFO __main__: analysis interval completed start=2026-08-19 03:57:42 end=2026-08-19 04:01:05 frames=2030 ticks=1015 entered=1 exited=1 people_inside=0
2026-08-28 09:56:12,478 INFO __main__: summary updated end=2026-08-19 04:01:05
2026-08-28 09:56:12,478 INFO peoplein.stream: analysis interval ready start=2026-08-19 04:01:05 end=2026-08-19 04:02:40
2026-08-28 09:56:20,736 INFO peoplein.stream: decoded entrance/20260819-040105.mkv: 475 frames
2026-08-28 09:56:20,736 INFO peoplein.stream: decoded loby/20260819-035742.mkv: 475 frames
2026-08-28 09:56:20,754 INFO __main__: analysis interval completed start=2026-08-19 04:01:05 end=2026-08-19 04:02:40 frames=950 ticks=475 entered=1 exited=1 people_inside=0
2026-08-28 09:56:20,756 INFO __main__: summary updated end=2026-08-19 04:02:40
2026-08-28 09:56:20,756 WARNING peoplein.stream: archive interval skipped start=2026-08-19T04:02:40.000 end=2026-08-19T04:02:41.000 duration_seconds=1.0 reason=camera_archives_do_not_overlap
2026-08-28 09:56:20,756 INFO peoplein.stream: analysis interval ready start=2026-08-19 04:02:41 end=2026-08-19 04:05:01.120000
2026-08-28 09:56:29,624 INFO peoplein.stream: decoded entrance/20260819-040105.mkv: 701 frames
2026-08-28 09:56:29,624 INFO peoplein.stream: decoded loby/20260819-040241.mkv: 701 frames
2026-08-28 09:56:29,641 INFO __main__: analysis interval completed start=2026-08-19 04:02:41 end=2026-08-19 04:05:01.120000 frames=1402 ticks=701 entered=1 exited=1 people_inside=0
2026-08-28 09:56:29,643 INFO __main__: summary updated end=2026-08-19 04:05:01.120000
2026-08-28 09:56:29,644 WARNING peoplein.stream: archive interval skipped start=2026-08-19T04:05:01.120 end=2026-08-19T04:06:03.000 duration_seconds=61.88 reason=camera_archives_do_not_overlap
2026-08-28 09:56:29,644 INFO peoplein.stream: analysis interval ready start=2026-08-19 04:06:03 end=2026-08-19 04:07:41
2026-08-28 09:56:38,136 INFO peoplein.stream: decoded entrance/20260819-040603.mkv: 490 frames
2026-08-28 09:56:38,136 INFO peoplein.stream: decoded loby/20260819-040241.mkv: 490 frames
2026-08-28 09:56:38,152 INFO __main__: analysis interval completed start=2026-08-19 04:06:03 end=2026-08-19 04:07:41 frames=980 ticks=490 entered=1 exited=1 people_inside=0
2026-08-28 09:56:38,155 INFO __main__: summary updated end=2026-08-19 04:07:41
2026-08-28 09:56:38,155 INFO peoplein.stream: analysis interval ready start=2026-08-19 04:07:41 end=2026-08-19 04:11:05
2026-08-28 09:56:50,163 INFO peoplein.stream: decoded entrance/20260819-040603.mkv: 1015 frames
2026-08-28 09:56:50,255 INFO peoplein.stream: decoded entrance/20260819-041104.mkv: 5 frames
2026-08-28 09:56:50,255 INFO peoplein.stream: decoded loby/20260819-040741.mkv: 1020 frames
2026-08-28 09:56:50,272 INFO __main__: analysis interval completed start=2026-08-19 04:07:41 end=2026-08-19 04:11:05 frames=2040 ticks=1020 entered=1 exited=1 people_inside=0
2026-08-28 09:56:50,274 INFO __main__: summary updated end=2026-08-19 04:11:05
2026-08-28 09:56:50,274 INFO peoplein.stream: analysis interval ready start=2026-08-19 04:11:04 end=2026-08-19 04:12:41
2026-08-28 09:56:58,693 INFO peoplein.stream: decoded entrance/20260819-041104.mkv: 485 frames
2026-08-28 09:56:58,693 INFO peoplein.stream: decoded loby/20260819-040741.mkv: 485 frames
2026-08-28 09:56:58,710 INFO __main__: analysis interval completed start=2026-08-19 04:11:04 end=2026-08-19 04:12:41 frames=970 ticks=485 entered=1 exited=1 people_inside=0
2026-08-28 09:56:58,712 INFO __main__: summary updated end=2026-08-19 04:12:41
2026-08-28 09:56:58,712 WARNING peoplein.stream: archive interval skipped start=2026-08-19T04:12:41.000 end=2026-08-19T04:12:42.000 duration_seconds=1.0 reason=camera_archives_do_not_overlap
2026-08-28 09:56:58,712 INFO peoplein.stream: analysis interval ready start=2026-08-19 04:12:42 end=2026-08-19 04:16:04
2026-08-28 09:57:10,527 INFO peoplein.stream: decoded loby/20260819-041242.mkv: 1010 frames
2026-08-28 09:57:10,527 INFO peoplein.stream: decoded entrance/20260819-041104.mkv: 1010 frames
2026-08-28 09:57:10,544 INFO __main__: analysis interval completed start=2026-08-19 04:12:42 end=2026-08-19 04:16:04 frames=2020 ticks=1010 entered=1 exited=1 people_inside=0
2026-08-28 09:57:10,547 INFO __main__: summary updated end=2026-08-19 04:16:04
2026-08-28 09:57:10,547 INFO peoplein.stream: analysis interval ready start=2026-08-19 04:16:04 end=2026-08-19 04:17:42
2026-08-28 09:57:19,064 INFO peoplein.stream: decoded loby/20260819-041242.mkv: 490 frames
2026-08-28 09:57:19,068 INFO peoplein.stream: decoded entrance/20260819-041604.mkv: 490 frames
2026-08-28 09:57:19,083 INFO __main__: analysis interval completed start=2026-08-19 04:16:04 end=2026-08-19 04:17:42 frames=980 ticks=490 entered=1 exited=1 people_inside=0
2026-08-28 09:57:19,085 INFO __main__: summary updated end=2026-08-19 04:17:42
2026-08-28 09:57:19,085 INFO peoplein.stream: analysis interval ready start=2026-08-19 04:17:42 end=2026-08-19 04:21:04
2026-08-28 09:57:30,956 INFO peoplein.stream: decoded entrance/20260819-041604.mkv: 1010 frames
2026-08-28 09:57:30,958 INFO peoplein.stream: decoded loby/20260819-041742.mkv: 1010 frames
2026-08-28 09:57:30,973 INFO __main__: analysis interval completed start=2026-08-19 04:17:42 end=2026-08-19 04:21:04 frames=2020 ticks=1010 entered=1 exited=1 people_inside=0
2026-08-28 09:57:30,975 INFO __main__: summary updated end=2026-08-19 04:21:04
2026-08-28 09:57:30,975 INFO peoplein.stream: analysis interval ready start=2026-08-19 04:21:04 end=2026-08-19 04:22:40
2026-08-28 09:57:39,422 INFO peoplein.stream: decoded entrance/20260819-042104.mkv: 480 frames
2026-08-28 09:57:39,422 INFO peoplein.stream: decoded loby/20260819-041742.mkv: 480 frames
2026-08-28 09:57:39,438 INFO __main__: analysis interval completed start=2026-08-19 04:21:04 end=2026-08-19 04:22:40 frames=960 ticks=480 entered=1 exited=1 people_inside=0
2026-08-28 09:57:39,440 INFO __main__: summary updated end=2026-08-19 04:22:40
2026-08-28 09:57:39,440 WARNING peoplein.stream: archive interval skipped start=2026-08-19T04:22:40.000 end=2026-08-19T04:22:41.000 duration_seconds=1.0 reason=camera_archives_do_not_overlap
2026-08-28 09:57:39,440 INFO peoplein.stream: analysis interval ready start=2026-08-19 04:22:41 end=2026-08-19 04:26:04
2026-08-28 09:57:51,323 INFO peoplein.stream: decoded entrance/20260819-042104.mkv: 1015 frames
2026-08-28 09:57:51,324 INFO peoplein.stream: decoded loby/20260819-042241.mkv: 1015 frames
2026-08-28 09:57:51,340 INFO __main__: analysis interval completed start=2026-08-19 04:22:41 end=2026-08-19 04:26:04 frames=2030 ticks=1015 entered=1 exited=1 people_inside=0
2026-08-28 09:57:51,342 INFO __main__: summary updated end=2026-08-19 04:26:04
2026-08-28 09:57:51,342 INFO peoplein.stream: analysis interval ready start=2026-08-19 04:26:04 end=2026-08-19 04:27:41
2026-08-28 09:57:59,850 INFO peoplein.stream: decoded entrance/20260819-042604.mkv: 485 frames
2026-08-28 09:57:59,850 INFO peoplein.stream: decoded loby/20260819-042241.mkv: 485 frames
2026-08-28 09:57:59,866 INFO __main__: analysis interval completed start=2026-08-19 04:26:04 end=2026-08-19 04:27:41 frames=970 ticks=485 entered=1 exited=1 people_inside=0
2026-08-28 09:57:59,869 INFO __main__: summary updated end=2026-08-19 04:27:41
2026-08-28 09:57:59,869 INFO peoplein.stream: analysis interval ready start=2026-08-19 04:27:41 end=2026-08-19 04:31:04
2026-08-28 09:58:11,870 INFO peoplein.stream: decoded entrance/20260819-042604.mkv: 1015 frames
2026-08-28 09:58:11,870 INFO peoplein.stream: decoded loby/20260819-042741.mkv: 1015 frames
2026-08-28 09:58:11,886 INFO __main__: analysis interval completed start=2026-08-19 04:27:41 end=2026-08-19 04:31:04 frames=2030 ticks=1015 entered=1 exited=1 people_inside=0
2026-08-28 09:58:11,889 INFO __main__: summary updated end=2026-08-19 04:31:04
2026-08-28 09:58:11,889 INFO peoplein.stream: analysis interval ready start=2026-08-19 04:31:04 end=2026-08-19 04:32:41
2026-08-28 09:58:20,366 INFO peoplein.stream: decoded loby/20260819-042741.mkv: 485 frames
2026-08-28 09:58:20,366 INFO peoplein.stream: decoded entrance/20260819-043104.mkv: 485 frames
2026-08-28 09:58:20,383 INFO __main__: analysis interval completed start=2026-08-19 04:31:04 end=2026-08-19 04:32:41 frames=970 ticks=485 entered=1 exited=1 people_inside=0
2026-08-28 09:58:20,386 INFO __main__: summary updated end=2026-08-19 04:32:41
2026-08-28 09:58:20,386 WARNING peoplein.stream: archive interval skipped start=2026-08-19T04:32:41.000 end=2026-08-19T04:32:42.000 duration_seconds=1.0 reason=camera_archives_do_not_overlap
2026-08-28 09:58:20,386 INFO peoplein.stream: analysis interval ready start=2026-08-19 04:32:42 end=2026-08-19 04:36:04
2026-08-28 09:58:32,353 INFO peoplein.stream: decoded loby/20260819-043242.mkv: 1010 frames
2026-08-28 09:58:32,353 INFO peoplein.stream: decoded entrance/20260819-043104.mkv: 1010 frames
2026-08-28 09:58:32,369 INFO __main__: analysis interval completed start=2026-08-19 04:32:42 end=2026-08-19 04:36:04 frames=2020 ticks=1010 entered=1 exited=1 people_inside=0
2026-08-28 09:58:32,371 INFO __main__: summary updated end=2026-08-19 04:36:04
2026-08-28 09:58:32,371 INFO peoplein.stream: analysis interval ready start=2026-08-19 04:36:04 end=2026-08-19 04:37:42
2026-08-28 09:58:40,920 INFO peoplein.stream: decoded entrance/20260819-043604.mkv: 490 frames
2026-08-28 09:58:40,920 INFO peoplein.stream: decoded loby/20260819-043242.mkv: 490 frames
2026-08-28 09:58:40,938 INFO __main__: analysis interval completed start=2026-08-19 04:36:04 end=2026-08-19 04:37:42 frames=980 ticks=490 entered=1 exited=1 people_inside=0
2026-08-28 09:58:40,939 INFO __main__: summary updated end=2026-08-19 04:37:42
2026-08-28 09:58:40,940 INFO peoplein.stream: analysis interval ready start=2026-08-19 04:37:42 end=2026-08-19 04:41:04
2026-08-28 09:58:52,821 INFO peoplein.stream: decoded loby/20260819-043742.mkv: 1010 frames
2026-08-28 09:58:52,821 INFO peoplein.stream: decoded entrance/20260819-043604.mkv: 1010 frames
2026-08-28 09:58:52,838 INFO __main__: analysis interval completed start=2026-08-19 04:37:42 end=2026-08-19 04:41:04 frames=2020 ticks=1010 entered=1 exited=1 people_inside=0
2026-08-28 09:58:52,841 INFO __main__: summary updated end=2026-08-19 04:41:04
2026-08-28 09:58:52,841 INFO peoplein.stream: analysis interval ready start=2026-08-19 04:41:04 end=2026-08-19 04:42:40
2026-08-28 09:59:01,265 INFO peoplein.stream: decoded entrance/20260819-044104.mkv: 480 frames
2026-08-28 09:59:01,265 INFO peoplein.stream: decoded loby/20260819-043742.mkv: 480 frames
2026-08-28 09:59:01,282 INFO __main__: analysis interval completed start=2026-08-19 04:41:04 end=2026-08-19 04:42:40 frames=960 ticks=480 entered=1 exited=1 people_inside=0
2026-08-28 09:59:01,284 INFO __main__: summary updated end=2026-08-19 04:42:40
2026-08-28 09:59:01,284 WARNING peoplein.stream: archive interval skipped start=2026-08-19T04:42:40.000 end=2026-08-19T04:42:41.000 duration_seconds=1.0 reason=camera_archives_do_not_overlap
2026-08-28 09:59:01,284 INFO peoplein.stream: analysis interval ready start=2026-08-19 04:42:41 end=2026-08-19 04:46:04
2026-08-28 09:59:13,685 INFO peoplein.stream: decoded loby/20260819-044241.mkv: 1015 frames
2026-08-28 09:59:13,686 INFO peoplein.stream: decoded entrance/20260819-044104.mkv: 1015 frames
2026-08-28 09:59:13,702 INFO __main__: analysis interval completed start=2026-08-19 04:42:41 end=2026-08-19 04:46:04 frames=2030 ticks=1015 entered=1 exited=1 people_inside=0
2026-08-28 09:59:13,704 INFO __main__: summary updated end=2026-08-19 04:46:04
2026-08-28 09:59:13,704 INFO peoplein.stream: analysis interval ready start=2026-08-19 04:46:04 end=2026-08-19 04:47:41
2026-08-28 09:59:22,202 INFO peoplein.stream: decoded loby/20260819-044241.mkv: 485 frames
2026-08-28 09:59:22,205 INFO peoplein.stream: decoded entrance/20260819-044604.mkv: 485 frames
2026-08-28 09:59:22,219 INFO __main__: analysis interval completed start=2026-08-19 04:46:04 end=2026-08-19 04:47:41 frames=970 ticks=485 entered=1 exited=1 people_inside=0
2026-08-28 09:59:22,222 INFO __main__: summary updated end=2026-08-19 04:47:41
2026-08-28 09:59:22,222 INFO peoplein.stream: analysis interval ready start=2026-08-19 04:47:41 end=2026-08-19 04:51:04
2026-08-28 09:59:34,052 INFO peoplein.stream: decoded entrance/20260819-044604.mkv: 1015 frames
2026-08-28 09:59:34,052 INFO peoplein.stream: decoded loby/20260819-044741.mkv: 1015 frames
2026-08-28 09:59:34,066 INFO __main__: analysis interval completed start=2026-08-19 04:47:41 end=2026-08-19 04:51:04 frames=2030 ticks=1015 entered=1 exited=1 people_inside=0
2026-08-28 09:59:34,068 INFO __main__: summary updated end=2026-08-19 04:51:04
2026-08-28 09:59:34,068 INFO peoplein.stream: analysis interval ready start=2026-08-19 04:51:04 end=2026-08-19 04:52:41
2026-08-28 09:59:42,548 INFO peoplein.stream: decoded loby/20260819-044741.mkv: 485 frames
2026-08-28 09:59:42,548 INFO peoplein.stream: decoded entrance/20260819-045104.mkv: 485 frames
2026-08-28 09:59:42,565 INFO __main__: analysis interval completed start=2026-08-19 04:51:04 end=2026-08-19 04:52:41 frames=970 ticks=485 entered=1 exited=1 people_inside=0
2026-08-28 09:59:42,568 INFO __main__: summary updated end=2026-08-19 04:52:41
2026-08-28 09:59:42,568 WARNING peoplein.stream: archive interval skipped start=2026-08-19T04:52:41.000 end=2026-08-19T04:52:42.000 duration_seconds=1.0 reason=camera_archives_do_not_overlap
2026-08-28 09:59:42,568 INFO peoplein.stream: analysis interval ready start=2026-08-19 04:52:42 end=2026-08-19 04:56:04
2026-08-28 09:59:54,465 INFO peoplein.stream: decoded entrance/20260819-045104.mkv: 1010 frames
2026-08-28 09:59:54,465 INFO peoplein.stream: decoded loby/20260819-045242.mkv: 1010 frames
2026-08-28 09:59:54,482 INFO __main__: analysis interval completed start=2026-08-19 04:52:42 end=2026-08-19 04:56:04 frames=2020 ticks=1010 entered=1 exited=1 people_inside=0
2026-08-28 09:59:54,485 INFO __main__: summary updated end=2026-08-19 04:56:04
2026-08-28 09:59:54,485 INFO peoplein.stream: analysis interval ready start=2026-08-19 04:56:04 end=2026-08-19 04:57:42
2026-08-28 10:00:03,065 INFO peoplein.stream: decoded entrance/20260819-045604.mkv: 490 frames
2026-08-28 10:00:03,073 INFO peoplein.stream: decoded loby/20260819-045242.mkv: 490 frames
2026-08-28 10:00:03,106 INFO __main__: analysis interval completed start=2026-08-19 04:56:04 end=2026-08-19 04:57:42 frames=980 ticks=490 entered=1 exited=1 people_inside=0
2026-08-28 10:00:03,108 INFO __main__: summary updated end=2026-08-19 04:57:42
2026-08-28 10:00:03,108 INFO peoplein.stream: analysis interval ready start=2026-08-19 04:57:42 end=2026-08-19 05:01:04
2026-08-28 10:00:15,717 INFO peoplein.stream: decoded loby/20260819-045742.mkv: 1010 frames
2026-08-28 10:00:15,721 INFO peoplein.stream: decoded entrance/20260819-045604.mkv: 1010 frames
2026-08-28 10:00:15,735 INFO __main__: analysis interval completed start=2026-08-19 04:57:42 end=2026-08-19 05:01:04 frames=2020 ticks=1010 entered=1 exited=1 people_inside=0
2026-08-28 10:00:15,737 INFO __main__: summary updated end=2026-08-19 05:01:04
2026-08-28 10:00:15,737 INFO peoplein.stream: analysis interval ready start=2026-08-19 05:01:04 end=2026-08-19 05:02:40
2026-08-28 10:00:24,158 INFO peoplein.stream: decoded loby/20260819-045742.mkv: 480 frames
2026-08-28 10:00:24,158 INFO peoplein.stream: decoded entrance/20260819-050104.mkv: 480 frames
2026-08-28 10:00:24,176 INFO __main__: analysis interval completed start=2026-08-19 05:01:04 end=2026-08-19 05:02:40 frames=960 ticks=480 entered=1 exited=1 people_inside=0
2026-08-28 10:00:24,178 INFO __main__: summary updated end=2026-08-19 05:02:40
2026-08-28 10:00:24,178 WARNING peoplein.stream: archive interval skipped start=2026-08-19T05:02:40.000 end=2026-08-19T05:02:41.000 duration_seconds=1.0 reason=camera_archives_do_not_overlap
2026-08-28 10:00:24,178 INFO peoplein.stream: analysis interval ready start=2026-08-19 05:02:41 end=2026-08-19 05:06:04
2026-08-28 10:00:36,195 INFO peoplein.stream: decoded entrance/20260819-050104.mkv: 1015 frames
2026-08-28 10:00:36,196 INFO peoplein.stream: decoded loby/20260819-050241.mkv: 1015 frames
2026-08-28 10:00:36,212 INFO __main__: analysis interval completed start=2026-08-19 05:02:41 end=2026-08-19 05:06:04 frames=2030 ticks=1015 entered=1 exited=1 people_inside=0
2026-08-28 10:00:36,214 INFO __main__: summary updated end=2026-08-19 05:06:04
2026-08-28 10:00:36,214 INFO peoplein.stream: analysis interval ready start=2026-08-19 05:06:04 end=2026-08-19 05:07:41
2026-08-28 10:00:44,581 INFO peoplein.stream: decoded entrance/20260819-050604.mkv: 485 frames
2026-08-28 10:00:44,581 INFO peoplein.stream: decoded loby/20260819-050241.mkv: 485 frames
2026-08-28 10:00:44,599 INFO __main__: analysis interval completed start=2026-08-19 05:06:04 end=2026-08-19 05:07:41 frames=970 ticks=485 entered=1 exited=1 people_inside=0
2026-08-28 10:00:44,601 INFO __main__: summary updated end=2026-08-19 05:07:41
2026-08-28 10:00:44,601 INFO peoplein.stream: analysis interval ready start=2026-08-19 05:07:41 end=2026-08-19 05:11:04
2026-08-28 10:00:56,396 INFO peoplein.stream: decoded entrance/20260819-050604.mkv: 1015 frames
2026-08-28 10:00:56,396 INFO peoplein.stream: decoded loby/20260819-050741.mkv: 1015 frames
2026-08-28 10:00:56,412 INFO __main__: analysis interval completed start=2026-08-19 05:07:41 end=2026-08-19 05:11:04 frames=2030 ticks=1015 entered=1 exited=1 people_inside=0
2026-08-28 10:00:56,415 INFO __main__: summary updated end=2026-08-19 05:11:04
2026-08-28 10:00:56,415 INFO peoplein.stream: analysis interval ready start=2026-08-19 05:11:04 end=2026-08-19 05:12:41
2026-08-28 10:01:04,746 INFO peoplein.stream: decoded loby/20260819-050741.mkv: 485 frames
2026-08-28 10:01:04,746 INFO peoplein.stream: decoded entrance/20260819-051104.mkv: 485 frames
2026-08-28 10:01:04,763 INFO __main__: analysis interval completed start=2026-08-19 05:11:04 end=2026-08-19 05:12:41 frames=970 ticks=485 entered=1 exited=1 people_inside=0
2026-08-28 10:01:04,765 INFO __main__: summary updated end=2026-08-19 05:12:41
2026-08-28 10:01:04,766 WARNING peoplein.stream: archive interval skipped start=2026-08-19T05:12:41.000 end=2026-08-19T05:12:42.000 duration_seconds=1.0 reason=camera_archives_do_not_overlap
2026-08-28 10:01:04,766 INFO peoplein.stream: analysis interval ready start=2026-08-19 05:12:42 end=2026-08-19 05:16:04
2026-08-28 10:01:16,628 INFO peoplein.stream: decoded loby/20260819-051242.mkv: 1010 frames
2026-08-28 10:01:16,628 INFO peoplein.stream: decoded entrance/20260819-051104.mkv: 1010 frames
2026-08-28 10:01:16,669 INFO __main__: analysis interval completed start=2026-08-19 05:12:42 end=2026-08-19 05:16:04 frames=2020 ticks=1010 entered=1 exited=1 people_inside=0
2026-08-28 10:01:16,673 INFO __main__: summary updated end=2026-08-19 05:16:04
2026-08-28 10:01:16,673 INFO peoplein.stream: analysis interval ready start=2026-08-19 05:16:04 end=2026-08-19 05:17:42
2026-08-28 10:01:24,992 INFO peoplein.stream: decoded entrance/20260819-051604.mkv: 490 frames
2026-08-28 10:01:24,992 INFO peoplein.stream: decoded loby/20260819-051242.mkv: 490 frames
2026-08-28 10:01:25,009 INFO __main__: analysis interval completed start=2026-08-19 05:16:04 end=2026-08-19 05:17:42 frames=980 ticks=490 entered=1 exited=1 people_inside=0
2026-08-28 10:01:25,012 INFO __main__: summary updated end=2026-08-19 05:17:42
2026-08-28 10:01:25,012 INFO peoplein.stream: analysis interval ready start=2026-08-19 05:17:42 end=2026-08-19 05:21:04
2026-08-28 10:01:37,208 INFO peoplein.stream: decoded loby/20260819-051742.mkv: 1010 frames
2026-08-28 10:01:37,208 INFO peoplein.stream: decoded entrance/20260819-051604.mkv: 1010 frames
2026-08-28 10:01:37,225 INFO __main__: analysis interval completed start=2026-08-19 05:17:42 end=2026-08-19 05:21:04 frames=2020 ticks=1010 entered=1 exited=1 people_inside=0
2026-08-28 10:01:37,227 INFO __main__: summary updated end=2026-08-19 05:21:04
2026-08-28 10:01:37,227 INFO peoplein.stream: analysis interval ready start=2026-08-19 05:21:04 end=2026-08-19 05:22:40
2026-08-28 10:01:45,488 INFO peoplein.stream: decoded loby/20260819-051742.mkv: 480 frames
2026-08-28 10:01:45,488 INFO peoplein.stream: decoded entrance/20260819-052104.mkv: 480 frames
2026-08-28 10:01:45,505 INFO __main__: analysis interval completed start=2026-08-19 05:21:04 end=2026-08-19 05:22:40 frames=960 ticks=480 entered=1 exited=1 people_inside=0
2026-08-28 10:01:45,507 INFO __main__: summary updated end=2026-08-19 05:22:40
2026-08-28 10:01:45,507 WARNING peoplein.stream: archive interval skipped start=2026-08-19T05:22:40.000 end=2026-08-19T05:22:41.000 duration_seconds=1.0 reason=camera_archives_do_not_overlap
2026-08-28 10:01:45,508 INFO peoplein.stream: analysis interval ready start=2026-08-19 05:22:41 end=2026-08-19 05:26:04
2026-08-28 10:01:57,368 INFO peoplein.stream: decoded entrance/20260819-052104.mkv: 1015 frames
2026-08-28 10:01:57,368 INFO peoplein.stream: decoded loby/20260819-052241.mkv: 1015 frames
2026-08-28 10:01:57,384 INFO __main__: analysis interval completed start=2026-08-19 05:22:41 end=2026-08-19 05:26:04 frames=2030 ticks=1015 entered=1 exited=1 people_inside=0
2026-08-28 10:01:57,387 INFO __main__: summary updated end=2026-08-19 05:26:04
2026-08-28 10:01:57,387 INFO peoplein.stream: analysis interval ready start=2026-08-19 05:26:04 end=2026-08-19 05:27:41
2026-08-28 10:02:05,595 INFO peoplein.stream: decoded entrance/20260819-052604.mkv: 485 frames
2026-08-28 10:02:05,595 INFO peoplein.stream: decoded loby/20260819-052241.mkv: 485 frames
2026-08-28 10:02:05,613 INFO __main__: analysis interval completed start=2026-08-19 05:26:04 end=2026-08-19 05:27:41 frames=970 ticks=485 entered=1 exited=1 people_inside=0
2026-08-28 10:02:05,615 INFO __main__: summary updated end=2026-08-19 05:27:41
2026-08-28 10:02:05,615 INFO peoplein.stream: analysis interval ready start=2026-08-19 05:27:41 end=2026-08-19 05:31:04
2026-08-28 10:02:17,485 INFO peoplein.stream: decoded entrance/20260819-052604.mkv: 1015 frames
2026-08-28 10:02:17,485 INFO peoplein.stream: decoded loby/20260819-052741.mkv: 1015 frames
2026-08-28 10:02:17,502 INFO __main__: analysis interval completed start=2026-08-19 05:27:41 end=2026-08-19 05:31:04 frames=2030 ticks=1015 entered=1 exited=1 people_inside=0
2026-08-28 10:02:17,504 INFO __main__: summary updated end=2026-08-19 05:31:04
2026-08-28 10:02:17,504 INFO peoplein.stream: analysis interval ready start=2026-08-19 05:31:04 end=2026-08-19 05:32:41
2026-08-28 10:02:25,733 INFO peoplein.stream: decoded entrance/20260819-053104.mkv: 485 frames
2026-08-28 10:02:25,733 INFO peoplein.stream: decoded loby/20260819-052741.mkv: 485 frames
2026-08-28 10:02:25,750 INFO __main__: analysis interval completed start=2026-08-19 05:31:04 end=2026-08-19 05:32:41 frames=970 ticks=485 entered=1 exited=1 people_inside=0
2026-08-28 10:02:25,752 INFO __main__: summary updated end=2026-08-19 05:32:41
2026-08-28 10:02:25,752 WARNING peoplein.stream: archive interval skipped start=2026-08-19T05:32:41.000 end=2026-08-19T05:32:42.000 duration_seconds=1.0 reason=camera_archives_do_not_overlap
2026-08-28 10:02:25,752 INFO peoplein.stream: analysis interval ready start=2026-08-19 05:32:42 end=2026-08-19 05:36:04
2026-08-28 10:02:37,531 INFO peoplein.stream: decoded loby/20260819-053242.mkv: 1010 frames
2026-08-28 10:02:37,531 INFO peoplein.stream: decoded entrance/20260819-053104.mkv: 1010 frames
2026-08-28 10:02:37,548 INFO __main__: analysis interval completed start=2026-08-19 05:32:42 end=2026-08-19 05:36:04 frames=2020 ticks=1010 entered=1 exited=1 people_inside=0
2026-08-28 10:02:37,550 INFO __main__: summary updated end=2026-08-19 05:36:04
2026-08-28 10:02:37,550 INFO peoplein.stream: analysis interval ready start=2026-08-19 05:36:04 end=2026-08-19 05:37:42
2026-08-28 10:02:45,816 INFO peoplein.stream: decoded loby/20260819-053242.mkv: 490 frames
2026-08-28 10:02:45,819 INFO peoplein.stream: decoded entrance/20260819-053604.mkv: 490 frames
2026-08-28 10:02:45,833 INFO __main__: analysis interval completed start=2026-08-19 05:36:04 end=2026-08-19 05:37:42 frames=980 ticks=490 entered=1 exited=1 people_inside=0
2026-08-28 10:02:45,835 INFO __main__: summary updated end=2026-08-19 05:37:42
2026-08-28 10:02:45,835 INFO peoplein.stream: analysis interval ready start=2026-08-19 05:37:42 end=2026-08-19 05:41:04
2026-08-28 10:02:57,683 INFO peoplein.stream: decoded loby/20260819-053742.mkv: 1010 frames
2026-08-28 10:02:57,686 INFO peoplein.stream: decoded entrance/20260819-053604.mkv: 1010 frames
2026-08-28 10:02:57,701 INFO __main__: analysis interval completed start=2026-08-19 05:37:42 end=2026-08-19 05:41:04 frames=2020 ticks=1010 entered=1 exited=1 people_inside=0
2026-08-28 10:02:57,703 INFO __main__: summary updated end=2026-08-19 05:41:04
2026-08-28 10:02:57,704 INFO peoplein.stream: analysis interval ready start=2026-08-19 05:41:04 end=2026-08-19 05:42:40
2026-08-28 10:03:06,015 INFO peoplein.stream: decoded entrance/20260819-054104.mkv: 480 frames
2026-08-28 10:03:06,015 INFO peoplein.stream: decoded loby/20260819-053742.mkv: 480 frames
2026-08-28 10:03:06,030 INFO __main__: analysis interval completed start=2026-08-19 05:41:04 end=2026-08-19 05:42:40 frames=960 ticks=480 entered=1 exited=1 people_inside=0
2026-08-28 10:03:06,032 INFO __main__: summary updated end=2026-08-19 05:42:40
2026-08-28 10:03:06,033 WARNING peoplein.stream: archive interval skipped start=2026-08-19T05:42:40.000 end=2026-08-19T05:42:41.000 duration_seconds=1.0 reason=camera_archives_do_not_overlap
2026-08-28 10:03:06,033 INFO peoplein.stream: analysis interval ready start=2026-08-19 05:42:41 end=2026-08-19 05:46:04
2026-08-28 10:03:18,149 INFO peoplein.stream: decoded entrance/20260819-054104.mkv: 1015 frames
2026-08-28 10:03:18,149 INFO peoplein.stream: decoded loby/20260819-054241.mkv: 1015 frames
2026-08-28 10:03:18,166 INFO __main__: analysis interval completed start=2026-08-19 05:42:41 end=2026-08-19 05:46:04 frames=2030 ticks=1015 entered=1 exited=1 people_inside=0
2026-08-28 10:03:18,169 INFO __main__: summary updated end=2026-08-19 05:46:04
2026-08-28 10:03:18,169 INFO peoplein.stream: analysis interval ready start=2026-08-19 05:46:04 end=2026-08-19 05:47:41
2026-08-28 10:03:26,396 INFO peoplein.stream: decoded entrance/20260819-054604.mkv: 485 frames
2026-08-28 10:03:26,398 INFO peoplein.stream: decoded loby/20260819-054241.mkv: 485 frames
2026-08-28 10:03:26,414 INFO __main__: analysis interval completed start=2026-08-19 05:46:04 end=2026-08-19 05:47:41 frames=970 ticks=485 entered=1 exited=1 people_inside=0
2026-08-28 10:03:26,416 INFO __main__: summary updated end=2026-08-19 05:47:41
2026-08-28 10:03:26,416 INFO peoplein.stream: analysis interval ready start=2026-08-19 05:47:41 end=2026-08-19 05:51:04
2026-08-28 10:03:38,121 INFO peoplein.stream: decoded loby/20260819-054741.mkv: 1015 frames
2026-08-28 10:03:38,122 INFO peoplein.stream: decoded entrance/20260819-054604.mkv: 1015 frames
2026-08-28 10:03:38,138 INFO __main__: analysis interval completed start=2026-08-19 05:47:41 end=2026-08-19 05:51:04 frames=2030 ticks=1015 entered=1 exited=1 people_inside=0
2026-08-28 10:03:38,140 INFO __main__: summary updated end=2026-08-19 05:51:04
2026-08-28 10:03:38,140 INFO peoplein.stream: analysis interval ready start=2026-08-19 05:51:04 end=2026-08-19 05:52:41
2026-08-28 10:03:46,393 INFO peoplein.stream: decoded loby/20260819-054741.mkv: 485 frames
2026-08-28 10:03:46,394 INFO peoplein.stream: decoded entrance/20260819-055104.mkv: 485 frames
2026-08-28 10:03:46,411 INFO __main__: analysis interval completed start=2026-08-19 05:51:04 end=2026-08-19 05:52:41 frames=970 ticks=485 entered=1 exited=1 people_inside=0
2026-08-28 10:03:46,413 INFO __main__: summary updated end=2026-08-19 05:52:41
2026-08-28 10:03:46,414 WARNING peoplein.stream: archive interval skipped start=2026-08-19T05:52:41.000 end=2026-08-19T05:52:42.000 duration_seconds=1.0 reason=camera_archives_do_not_overlap
2026-08-28 10:03:46,414 INFO peoplein.stream: analysis interval ready start=2026-08-19 05:52:42 end=2026-08-19 05:56:04
2026-08-28 10:03:58,919 INFO peoplein.stream: decoded loby/20260819-055242.mkv: 1010 frames
2026-08-28 10:03:58,923 INFO peoplein.stream: decoded entrance/20260819-055104.mkv: 1010 frames
2026-08-28 10:03:58,937 INFO __main__: analysis interval completed start=2026-08-19 05:52:42 end=2026-08-19 05:56:04 frames=2020 ticks=1010 entered=1 exited=1 people_inside=0
2026-08-28 10:03:58,939 INFO __main__: summary updated end=2026-08-19 05:56:04
2026-08-28 10:03:58,939 INFO peoplein.stream: analysis interval ready start=2026-08-19 05:56:04 end=2026-08-19 05:57:42
2026-08-28 10:04:07,288 INFO peoplein.stream: decoded entrance/20260819-055604.mkv: 490 frames
2026-08-28 10:04:07,288 INFO peoplein.stream: decoded loby/20260819-055242.mkv: 490 frames
2026-08-28 10:04:07,304 INFO __main__: analysis interval completed start=2026-08-19 05:56:04 end=2026-08-19 05:57:42 frames=980 ticks=490 entered=1 exited=1 people_inside=0
2026-08-28 10:04:07,307 INFO __main__: summary updated end=2026-08-19 05:57:42
2026-08-28 10:04:07,307 INFO peoplein.stream: analysis interval ready start=2026-08-19 05:57:42 end=2026-08-19 06:01:04
2026-08-28 10:04:19,579 INFO peoplein.stream: decoded entrance/20260819-055604.mkv: 1010 frames
2026-08-28 10:04:19,582 INFO peoplein.stream: decoded loby/20260819-055742.mkv: 1010 frames
2026-08-28 10:04:19,598 INFO __main__: analysis interval completed start=2026-08-19 05:57:42 end=2026-08-19 06:01:04 frames=2020 ticks=1010 entered=1 exited=1 people_inside=0
2026-08-28 10:04:19,600 INFO __main__: summary updated end=2026-08-19 06:01:04
2026-08-28 10:04:19,600 INFO peoplein.stream: analysis interval ready start=2026-08-19 06:01:04 end=2026-08-19 06:02:40
2026-08-28 10:04:27,865 INFO peoplein.stream: decoded loby/20260819-055742.mkv: 480 frames
2026-08-28 10:04:27,865 INFO peoplein.stream: decoded entrance/20260819-060104.mkv: 480 frames
2026-08-28 10:04:27,882 INFO __main__: analysis interval completed start=2026-08-19 06:01:04 end=2026-08-19 06:02:40 frames=960 ticks=480 entered=1 exited=1 people_inside=0
2026-08-28 10:04:27,884 INFO __main__: summary updated end=2026-08-19 06:02:40
2026-08-28 10:04:27,885 WARNING peoplein.stream: archive interval skipped start=2026-08-19T06:02:40.000 end=2026-08-19T06:02:41.000 duration_seconds=1.0 reason=camera_archives_do_not_overlap
2026-08-28 10:04:27,885 INFO peoplein.stream: analysis interval ready start=2026-08-19 06:02:41 end=2026-08-19 06:06:04
2026-08-28 10:04:39,782 INFO peoplein.stream: decoded loby/20260819-060241.mkv: 1015 frames
2026-08-28 10:04:39,782 INFO peoplein.stream: decoded entrance/20260819-060104.mkv: 1015 frames
2026-08-28 10:04:39,800 INFO __main__: analysis interval completed start=2026-08-19 06:02:41 end=2026-08-19 06:06:04 frames=2030 ticks=1015 entered=1 exited=1 people_inside=0
2026-08-28 10:04:39,803 INFO __main__: summary updated end=2026-08-19 06:06:04
2026-08-28 10:04:39,803 INFO peoplein.stream: analysis interval ready start=2026-08-19 06:06:04 end=2026-08-19 06:07:41
2026-08-28 10:04:48,563 INFO peoplein.stream: decoded entrance/20260819-060604.mkv: 485 frames
2026-08-28 10:04:48,563 INFO peoplein.stream: decoded loby/20260819-060241.mkv: 485 frames
2026-08-28 10:04:48,581 INFO __main__: analysis interval completed start=2026-08-19 06:06:04 end=2026-08-19 06:07:41 frames=970 ticks=485 entered=1 exited=1 people_inside=0
2026-08-28 10:04:48,583 INFO __main__: summary updated end=2026-08-19 06:07:41
2026-08-28 10:04:48,583 INFO peoplein.stream: analysis interval ready start=2026-08-19 06:07:41 end=2026-08-19 06:11:04
2026-08-28 10:05:00,395 INFO peoplein.stream: decoded loby/20260819-060741.mkv: 1015 frames
2026-08-28 10:05:00,395 INFO peoplein.stream: decoded entrance/20260819-060604.mkv: 1015 frames
2026-08-28 10:05:00,444 INFO __main__: analysis interval completed start=2026-08-19 06:07:41 end=2026-08-19 06:11:04 frames=2030 ticks=1015 entered=1 exited=1 people_inside=0
2026-08-28 10:05:00,447 INFO __main__: summary updated end=2026-08-19 06:11:04
2026-08-28 10:05:00,447 INFO peoplein.stream: analysis interval ready start=2026-08-19 06:11:04 end=2026-08-19 06:12:41
2026-08-28 10:05:08,670 INFO peoplein.stream: decoded loby/20260819-060741.mkv: 485 frames
2026-08-28 10:05:08,670 INFO peoplein.stream: decoded entrance/20260819-061104.mkv: 485 frames
2026-08-28 10:05:08,688 INFO __main__: analysis interval completed start=2026-08-19 06:11:04 end=2026-08-19 06:12:41 frames=970 ticks=485 entered=1 exited=1 people_inside=0
2026-08-28 10:05:08,690 INFO __main__: summary updated end=2026-08-19 06:12:41
2026-08-28 10:05:08,690 WARNING peoplein.stream: archive interval skipped start=2026-08-19T06:12:41.000 end=2026-08-19T06:12:42.000 duration_seconds=1.0 reason=camera_archives_do_not_overlap
2026-08-28 10:05:08,690 INFO peoplein.stream: analysis interval ready start=2026-08-19 06:12:42 end=2026-08-19 06:16:04
2026-08-28 10:05:20,452 INFO peoplein.stream: decoded entrance/20260819-061104.mkv: 1010 frames
2026-08-28 10:05:20,452 INFO peoplein.stream: decoded loby/20260819-061242.mkv: 1010 frames
2026-08-28 10:05:20,470 INFO __main__: analysis interval completed start=2026-08-19 06:12:42 end=2026-08-19 06:16:04 frames=2020 ticks=1010 entered=1 exited=1 people_inside=0
2026-08-28 10:05:20,472 INFO __main__: summary updated end=2026-08-19 06:16:04
2026-08-28 10:05:20,472 INFO peoplein.stream: analysis interval ready start=2026-08-19 06:16:04 end=2026-08-19 06:17:42
2026-08-28 10:05:28,710 INFO peoplein.stream: decoded entrance/20260819-061604.mkv: 490 frames
2026-08-28 10:05:28,710 INFO peoplein.stream: decoded loby/20260819-061242.mkv: 490 frames
2026-08-28 10:05:28,727 INFO __main__: analysis interval completed start=2026-08-19 06:16:04 end=2026-08-19 06:17:42 frames=980 ticks=490 entered=1 exited=1 people_inside=0
2026-08-28 10:05:28,729 INFO __main__: summary updated end=2026-08-19 06:17:42
2026-08-28 10:05:28,729 INFO peoplein.stream: analysis interval ready start=2026-08-19 06:17:42 end=2026-08-19 06:21:04
2026-08-28 10:05:40,441 INFO peoplein.stream: decoded loby/20260819-061742.mkv: 1010 frames
2026-08-28 10:05:40,443 INFO peoplein.stream: decoded entrance/20260819-061604.mkv: 1010 frames
2026-08-28 10:05:40,461 INFO __main__: analysis interval completed start=2026-08-19 06:17:42 end=2026-08-19 06:21:04 frames=2020 ticks=1010 entered=1 exited=1 people_inside=0
2026-08-28 10:05:40,463 INFO __main__: summary updated end=2026-08-19 06:21:04
2026-08-28 10:05:40,463 INFO peoplein.stream: analysis interval ready start=2026-08-19 06:21:04 end=2026-08-19 06:22:40
2026-08-28 10:05:48,680 INFO peoplein.stream: decoded entrance/20260819-062104.mkv: 480 frames
2026-08-28 10:05:48,680 INFO peoplein.stream: decoded loby/20260819-061742.mkv: 480 frames
2026-08-28 10:05:48,697 INFO __main__: analysis interval completed start=2026-08-19 06:21:04 end=2026-08-19 06:22:40 frames=960 ticks=480 entered=1 exited=1 people_inside=0
2026-08-28 10:05:48,700 INFO __main__: summary updated end=2026-08-19 06:22:40
2026-08-28 10:05:48,700 WARNING peoplein.stream: archive interval skipped start=2026-08-19T06:22:40.000 end=2026-08-19T06:22:41.000 duration_seconds=1.0 reason=camera_archives_do_not_overlap
2026-08-28 10:05:48,700 INFO peoplein.stream: analysis interval ready start=2026-08-19 06:22:41 end=2026-08-19 06:26:04
2026-08-28 10:06:00,530 INFO peoplein.stream: decoded loby/20260819-062241.mkv: 1015 frames
2026-08-28 10:06:00,530 INFO peoplein.stream: decoded entrance/20260819-062104.mkv: 1015 frames
2026-08-28 10:06:00,548 INFO __main__: analysis interval completed start=2026-08-19 06:22:41 end=2026-08-19 06:26:04 frames=2030 ticks=1015 entered=1 exited=1 people_inside=0
2026-08-28 10:06:00,550 INFO __main__: summary updated end=2026-08-19 06:26:04
2026-08-28 10:06:00,550 INFO peoplein.stream: analysis interval ready start=2026-08-19 06:26:04 end=2026-08-19 06:27:41
2026-08-28 10:06:08,884 INFO peoplein.stream: decoded loby/20260819-062241.mkv: 485 frames
2026-08-28 10:06:08,886 INFO peoplein.stream: decoded entrance/20260819-062604.mkv: 485 frames
2026-08-28 10:06:08,901 INFO __main__: analysis interval completed start=2026-08-19 06:26:04 end=2026-08-19 06:27:41 frames=970 ticks=485 entered=1 exited=1 people_inside=0
2026-08-28 10:06:08,904 INFO __main__: summary updated end=2026-08-19 06:27:41
2026-08-28 10:06:08,904 INFO peoplein.stream: analysis interval ready start=2026-08-19 06:27:41 end=2026-08-19 06:31:04
2026-08-28 10:06:21,208 INFO peoplein.stream: decoded loby/20260819-062741.mkv: 1015 frames
2026-08-28 10:06:21,209 INFO peoplein.stream: decoded entrance/20260819-062604.mkv: 1015 frames
2026-08-28 10:06:21,225 INFO __main__: analysis interval completed start=2026-08-19 06:27:41 end=2026-08-19 06:31:04 frames=2030 ticks=1015 entered=1 exited=1 people_inside=0
2026-08-28 10:06:21,227 INFO __main__: summary updated end=2026-08-19 06:31:04
2026-08-28 10:06:21,227 INFO peoplein.stream: analysis interval ready start=2026-08-19 06:31:04 end=2026-08-19 06:32:41
2026-08-28 10:06:29,689 INFO peoplein.stream: decoded loby/20260819-062741.mkv: 480 frames
2026-08-28 10:06:29,771 INFO peoplein.stream: decoded entrance/20260819-063104.mkv: 485 frames
2026-08-28 10:06:29,786 INFO peoplein.stream: decoded loby/20260819-063240.mkv: 5 frames
2026-08-28 10:06:29,792 INFO __main__: analysis interval completed start=2026-08-19 06:31:04 end=2026-08-19 06:32:41 frames=970 ticks=485 entered=1 exited=1 people_inside=0
2026-08-28 10:06:29,794 INFO __main__: summary updated end=2026-08-19 06:32:41
2026-08-28 10:06:29,794 INFO peoplein.stream: analysis interval ready start=2026-08-19 06:32:40 end=2026-08-19 06:36:04
2026-08-28 10:06:42,369 INFO peoplein.stream: decoded entrance/20260819-063104.mkv: 1020 frames
2026-08-28 10:06:42,370 INFO peoplein.stream: decoded loby/20260819-063240.mkv: 1020 frames
2026-08-28 10:06:42,388 INFO __main__: analysis interval completed start=2026-08-19 06:32:40 end=2026-08-19 06:36:04 frames=2040 ticks=1020 entered=1 exited=1 people_inside=0
2026-08-28 10:06:42,391 INFO __main__: summary updated end=2026-08-19 06:36:04
2026-08-28 10:06:42,391 INFO peoplein.stream: analysis interval ready start=2026-08-19 06:36:04 end=2026-08-19 06:37:42
2026-08-28 10:06:50,843 INFO peoplein.stream: decoded loby/20260819-063240.mkv: 490 frames
2026-08-28 10:06:50,843 INFO peoplein.stream: decoded entrance/20260819-063604.mkv: 490 frames
2026-08-28 10:06:50,860 INFO __main__: analysis interval completed start=2026-08-19 06:36:04 end=2026-08-19 06:37:42 frames=980 ticks=490 entered=1 exited=1 people_inside=0
2026-08-28 10:06:50,862 INFO __main__: summary updated end=2026-08-19 06:37:42
2026-08-28 10:06:50,862 INFO peoplein.stream: analysis interval ready start=2026-08-19 06:37:42 end=2026-08-19 06:41:04
2026-08-28 10:07:03,039 INFO peoplein.stream: decoded loby/20260819-063742.mkv: 1010 frames
2026-08-28 10:07:03,039 INFO peoplein.stream: decoded entrance/20260819-063604.mkv: 1010 frames
2026-08-28 10:07:03,055 INFO __main__: analysis interval completed start=2026-08-19 06:37:42 end=2026-08-19 06:41:04 frames=2020 ticks=1010 entered=1 exited=1 people_inside=0
2026-08-28 10:07:03,057 INFO __main__: summary updated end=2026-08-19 06:41:04
2026-08-28 10:07:03,057 INFO peoplein.stream: analysis interval ready start=2026-08-19 06:41:04 end=2026-08-19 06:42:42
2026-08-28 10:07:11,513 INFO peoplein.stream: decoded entrance/20260819-064104.mkv: 490 frames
2026-08-28 10:07:11,513 INFO peoplein.stream: decoded loby/20260819-063742.mkv: 490 frames
2026-08-28 10:07:11,531 INFO __main__: analysis interval completed start=2026-08-19 06:41:04 end=2026-08-19 06:42:42 frames=980 ticks=490 entered=1 exited=1 people_inside=0
2026-08-28 10:07:11,533 INFO __main__: summary updated end=2026-08-19 06:42:42
2026-08-28 10:07:11,534 INFO peoplein.stream: analysis interval ready start=2026-08-19 06:42:42 end=2026-08-19 06:46:04
2026-08-28 10:07:23,564 INFO peoplein.stream: decoded entrance/20260819-064104.mkv: 1010 frames
2026-08-28 10:07:23,564 INFO peoplein.stream: decoded loby/20260819-064242.mkv: 1010 frames
2026-08-28 10:07:23,581 INFO __main__: analysis interval completed start=2026-08-19 06:42:42 end=2026-08-19 06:46:04 frames=2020 ticks=1010 entered=1 exited=1 people_inside=0
2026-08-28 10:07:23,584 INFO __main__: summary updated end=2026-08-19 06:46:04
2026-08-28 10:07:23,584 INFO peoplein.stream: analysis interval ready start=2026-08-19 06:46:04 end=2026-08-19 06:47:42
2026-08-28 10:07:32,192 INFO peoplein.stream: decoded entrance/20260819-064604.mkv: 490 frames
2026-08-28 10:07:32,193 INFO peoplein.stream: decoded loby/20260819-064242.mkv: 490 frames
2026-08-28 10:07:32,211 INFO __main__: analysis interval completed start=2026-08-19 06:46:04 end=2026-08-19 06:47:42 frames=980 ticks=490 entered=1 exited=1 people_inside=0
2026-08-28 10:07:32,213 INFO __main__: summary updated end=2026-08-19 06:47:42
2026-08-28 10:07:32,213 INFO peoplein.stream: analysis interval ready start=2026-08-19 06:47:42 end=2026-08-19 06:51:04
2026-08-28 10:07:44,330 INFO peoplein.stream: decoded loby/20260819-064742.mkv: 1010 frames
2026-08-28 10:07:44,330 INFO peoplein.stream: decoded entrance/20260819-064604.mkv: 1010 frames
2026-08-28 10:07:44,346 INFO __main__: analysis interval completed start=2026-08-19 06:47:42 end=2026-08-19 06:51:04 frames=2020 ticks=1010 entered=1 exited=1 people_inside=0
2026-08-28 10:07:44,348 INFO __main__: summary updated end=2026-08-19 06:51:04
2026-08-28 10:07:44,348 INFO peoplein.stream: analysis interval ready start=2026-08-19 06:51:04 end=2026-08-19 06:52:42
2026-08-28 10:07:53,317 INFO peoplein.stream: decoded entrance/20260819-065104.mkv: 490 frames
2026-08-28 10:07:53,317 INFO peoplein.stream: decoded loby/20260819-064742.mkv: 490 frames
2026-08-28 10:07:53,334 INFO __main__: analysis interval completed start=2026-08-19 06:51:04 end=2026-08-19 06:52:42 frames=980 ticks=490 entered=1 exited=1 people_inside=0
2026-08-28 10:07:53,337 INFO __main__: summary updated end=2026-08-19 06:52:42
2026-08-28 10:07:53,337 INFO peoplein.stream: analysis interval ready start=2026-08-19 06:52:42 end=2026-08-19 06:56:04
2026-08-28 10:08:06,181 INFO peoplein.stream: decoded loby/20260819-065242.mkv: 1010 frames
2026-08-28 10:08:06,184 INFO peoplein.stream: decoded entrance/20260819-065104.mkv: 1010 frames
2026-08-28 10:08:06,199 INFO __main__: analysis interval completed start=2026-08-19 06:52:42 end=2026-08-19 06:56:04 frames=2020 ticks=1010 entered=1 exited=1 people_inside=0
2026-08-28 10:08:06,202 INFO __main__: summary updated end=2026-08-19 06:56:04
2026-08-28 10:08:06,202 INFO peoplein.stream: analysis interval ready start=2026-08-19 06:56:04 end=2026-08-19 06:57:42
2026-08-28 10:08:15,750 INFO peoplein.stream: decoded entrance/20260819-065604.mkv: 490 frames
2026-08-28 10:08:15,750 INFO peoplein.stream: decoded loby/20260819-065242.mkv: 490 frames
2026-08-28 10:08:15,768 INFO __main__: analysis interval completed start=2026-08-19 06:56:04 end=2026-08-19 06:57:42 frames=980 ticks=490 entered=1 exited=1 people_inside=0
2026-08-28 10:08:15,770 INFO __main__: summary updated end=2026-08-19 06:57:42
2026-08-28 10:08:15,770 INFO peoplein.stream: analysis interval ready start=2026-08-19 06:57:42 end=2026-08-19 07:01:04
2026-08-28 10:08:28,438 INFO peoplein.stream: decoded loby/20260819-065742.mkv: 1010 frames
2026-08-28 10:08:28,438 INFO peoplein.stream: decoded entrance/20260819-065604.mkv: 1010 frames
2026-08-28 10:08:28,456 INFO __main__: analysis interval completed start=2026-08-19 06:57:42 end=2026-08-19 07:01:04 frames=2020 ticks=1010 entered=1 exited=1 people_inside=0
2026-08-28 10:08:28,458 INFO __main__: summary updated end=2026-08-19 07:01:04
2026-08-28 10:08:28,458 INFO peoplein.stream: analysis interval ready start=2026-08-19 07:01:04 end=2026-08-19 07:02:42
2026-08-28 10:08:37,441 INFO peoplein.stream: decoded entrance/20260819-070104.mkv: 490 frames
2026-08-28 10:08:37,442 INFO peoplein.stream: decoded loby/20260819-065742.mkv: 490 frames
2026-08-28 10:08:37,459 INFO __main__: analysis interval completed start=2026-08-19 07:01:04 end=2026-08-19 07:02:42 frames=980 ticks=490 entered=1 exited=1 people_inside=0
2026-08-28 10:08:37,461 INFO __main__: summary updated end=2026-08-19 07:02:42
2026-08-28 10:08:37,461 INFO peoplein.stream: analysis interval ready start=2026-08-19 07:02:42 end=2026-08-19 07:06:04
2026-08-28 10:08:50,160 INFO peoplein.stream: decoded entrance/20260819-070104.mkv: 1010 frames
2026-08-28 10:08:50,160 INFO peoplein.stream: decoded loby/20260819-070242.mkv: 1010 frames
2026-08-28 10:08:50,178 INFO __main__: analysis interval completed start=2026-08-19 07:02:42 end=2026-08-19 07:06:04 frames=2020 ticks=1010 entered=1 exited=1 people_inside=0
2026-08-28 10:08:50,181 INFO __main__: summary updated end=2026-08-19 07:06:04
2026-08-28 10:08:50,181 INFO peoplein.stream: analysis interval ready start=2026-08-19 07:06:04 end=2026-08-19 07:07:42
2026-08-28 10:08:58,746 INFO peoplein.stream: decoded loby/20260819-070242.mkv: 485 frames
2026-08-28 10:08:58,834 INFO peoplein.stream: decoded entrance/20260819-070604.mkv: 490 frames
2026-08-28 10:08:58,834 INFO peoplein.stream: decoded loby/20260819-070741.mkv: 5 frames
2026-08-28 10:08:58,851 INFO __main__: analysis interval completed start=2026-08-19 07:06:04 end=2026-08-19 07:07:42 frames=980 ticks=490 entered=1 exited=1 people_inside=0
2026-08-28 10:08:58,854 INFO __main__: summary updated end=2026-08-19 07:07:42
2026-08-28 10:08:58,854 INFO peoplein.stream: analysis interval ready start=2026-08-19 07:07:41 end=2026-08-19 07:11:04
2026-08-28 10:09:10,963 INFO peoplein.stream: decoded entrance/20260819-070604.mkv: 1015 frames
2026-08-28 10:09:10,963 INFO peoplein.stream: decoded loby/20260819-070741.mkv: 1015 frames
2026-08-28 10:09:10,980 INFO __main__: analysis interval completed start=2026-08-19 07:07:41 end=2026-08-19 07:11:04 frames=2030 ticks=1015 entered=1 exited=1 people_inside=0
2026-08-28 10:09:10,982 INFO __main__: summary updated end=2026-08-19 07:11:04
2026-08-28 10:09:10,982 INFO peoplein.stream: analysis interval ready start=2026-08-19 07:11:04 end=2026-08-19 07:12:41
2026-08-28 10:09:19,486 INFO peoplein.stream: decoded loby/20260819-070741.mkv: 485 frames
2026-08-28 10:09:19,486 INFO peoplein.stream: decoded entrance/20260819-071104.mkv: 485 frames
2026-08-28 10:09:19,504 INFO __main__: analysis interval completed start=2026-08-19 07:11:04 end=2026-08-19 07:12:41 frames=970 ticks=485 entered=1 exited=1 people_inside=0
2026-08-28 10:09:19,506 INFO __main__: summary updated end=2026-08-19 07:12:41
2026-08-28 10:09:19,506 INFO peoplein.stream: analysis interval ready start=2026-08-19 07:12:41 end=2026-08-19 07:16:04
2026-08-28 10:09:31,755 INFO peoplein.stream: decoded entrance/20260819-071104.mkv: 1015 frames
2026-08-28 10:09:31,759 INFO peoplein.stream: decoded loby/20260819-071241.mkv: 1015 frames
2026-08-28 10:09:31,773 INFO __main__: analysis interval completed start=2026-08-19 07:12:41 end=2026-08-19 07:16:04 frames=2030 ticks=1015 entered=1 exited=1 people_inside=0
2026-08-28 10:09:31,776 INFO __main__: summary updated end=2026-08-19 07:16:04
2026-08-28 10:09:31,776 INFO peoplein.stream: analysis interval ready start=2026-08-19 07:16:04 end=2026-08-19 07:17:41
2026-08-28 10:09:40,176 INFO peoplein.stream: decoded loby/20260819-071241.mkv: 485 frames
2026-08-28 10:09:40,177 INFO peoplein.stream: decoded entrance/20260819-071604.mkv: 485 frames
2026-08-28 10:09:40,193 INFO __main__: analysis interval completed start=2026-08-19 07:16:04 end=2026-08-19 07:17:41 frames=970 ticks=485 entered=1 exited=1 people_inside=0
2026-08-28 10:09:40,195 INFO __main__: summary updated end=2026-08-19 07:17:41
2026-08-28 10:09:40,195 INFO peoplein.stream: analysis interval ready start=2026-08-19 07:17:41 end=2026-08-19 07:21:04
2026-08-28 10:09:52,143 INFO peoplein.stream: decoded entrance/20260819-071604.mkv: 1015 frames
2026-08-28 10:09:52,143 INFO peoplein.stream: decoded loby/20260819-071741.mkv: 1015 frames
2026-08-28 10:09:52,160 INFO __main__: analysis interval completed start=2026-08-19 07:17:41 end=2026-08-19 07:21:04 frames=2030 ticks=1015 entered=1 exited=1 people_inside=0
2026-08-28 10:09:52,163 INFO __main__: summary updated end=2026-08-19 07:21:04
2026-08-28 10:09:52,163 INFO peoplein.stream: analysis interval ready start=2026-08-19 07:21:04 end=2026-08-19 07:22:41
2026-08-28 10:10:00,541 INFO peoplein.stream: decoded loby/20260819-071741.mkv: 485 frames
2026-08-28 10:10:00,545 INFO peoplein.stream: decoded entrance/20260819-072104.mkv: 485 frames
2026-08-28 10:10:00,560 INFO __main__: analysis interval completed start=2026-08-19 07:21:04 end=2026-08-19 07:22:41 frames=970 ticks=485 entered=1 exited=1 people_inside=0
2026-08-28 10:10:00,563 INFO __main__: summary updated end=2026-08-19 07:22:41
2026-08-28 10:10:00,563 INFO peoplein.stream: analysis interval ready start=2026-08-19 07:22:41 end=2026-08-19 07:26:04
2026-08-28 10:10:12,559 INFO peoplein.stream: decoded entrance/20260819-072104.mkv: 1015 frames
2026-08-28 10:10:12,559 INFO peoplein.stream: decoded loby/20260819-072241.mkv: 1015 frames
2026-08-28 10:10:12,576 INFO __main__: analysis interval completed start=2026-08-19 07:22:41 end=2026-08-19 07:26:04 frames=2030 ticks=1015 entered=1 exited=1 people_inside=0
2026-08-28 10:10:12,578 INFO __main__: summary updated end=2026-08-19 07:26:04
2026-08-28 10:10:12,578 INFO peoplein.stream: analysis interval ready start=2026-08-19 07:26:04 end=2026-08-19 07:27:41
2026-08-28 10:10:20,794 INFO peoplein.stream: decoded entrance/20260819-072604.mkv: 485 frames
2026-08-28 10:10:20,794 INFO peoplein.stream: decoded loby/20260819-072241.mkv: 485 frames
2026-08-28 10:10:20,812 INFO __main__: analysis interval completed start=2026-08-19 07:26:04 end=2026-08-19 07:27:41 frames=970 ticks=485 entered=1 exited=1 people_inside=0
2026-08-28 10:10:20,814 INFO __main__: summary updated end=2026-08-19 07:27:41
2026-08-28 10:10:20,814 INFO peoplein.stream: analysis interval ready start=2026-08-19 07:27:41 end=2026-08-19 07:31:04
2026-08-28 10:10:32,824 INFO peoplein.stream: decoded entrance/20260819-072604.mkv: 1015 frames
2026-08-28 10:10:32,824 INFO peoplein.stream: decoded loby/20260819-072741.mkv: 1015 frames
2026-08-28 10:10:32,841 INFO __main__: analysis interval completed start=2026-08-19 07:27:41 end=2026-08-19 07:31:04 frames=2030 ticks=1015 entered=1 exited=1 people_inside=0
2026-08-28 10:10:32,844 INFO __main__: summary updated end=2026-08-19 07:31:04
2026-08-28 10:10:32,844 INFO peoplein.stream: analysis interval ready start=2026-08-19 07:31:04 end=2026-08-19 07:32:41
2026-08-28 10:10:42,043 INFO peoplein.stream: decoded entrance/20260819-073104.mkv: 485 frames
2026-08-28 10:10:42,043 INFO peoplein.stream: decoded loby/20260819-072741.mkv: 485 frames
2026-08-28 10:10:42,061 INFO __main__: analysis interval completed start=2026-08-19 07:31:04 end=2026-08-19 07:32:41 frames=970 ticks=485 entered=1 exited=1 people_inside=0
2026-08-28 10:10:42,064 INFO __main__: summary updated end=2026-08-19 07:32:41
2026-08-28 10:10:42,064 INFO peoplein.stream: analysis interval ready start=2026-08-19 07:32:41 end=2026-08-19 07:36:04
2026-08-28 10:10:54,293 INFO peoplein.stream: decoded entrance/20260819-073104.mkv: 1015 frames
2026-08-28 10:10:54,301 INFO peoplein.stream: decoded loby/20260819-073241.mkv: 1015 frames
2026-08-28 10:10:54,334 INFO __main__: analysis interval completed start=2026-08-19 07:32:41 end=2026-08-19 07:36:04 frames=2030 ticks=1015 entered=1 exited=1 people_inside=0
2026-08-28 10:10:54,336 INFO __main__: summary updated end=2026-08-19 07:36:04
2026-08-28 10:10:54,337 INFO peoplein.stream: analysis interval ready start=2026-08-19 07:36:04 end=2026-08-19 07:37:41
2026-08-28 10:11:03,140 INFO peoplein.stream: decoded entrance/20260819-073604.mkv: 485 frames
2026-08-28 10:11:03,140 INFO peoplein.stream: decoded loby/20260819-073241.mkv: 485 frames
2026-08-28 10:11:03,158 INFO __main__: analysis interval completed start=2026-08-19 07:36:04 end=2026-08-19 07:37:41 frames=970 ticks=485 entered=1 exited=1 people_inside=0
2026-08-28 10:11:03,160 INFO __main__: summary updated end=2026-08-19 07:37:41
2026-08-28 10:11:03,160 INFO peoplein.stream: analysis interval ready start=2026-08-19 07:37:41 end=2026-08-19 07:41:04
2026-08-28 10:11:15,511 INFO peoplein.stream: decoded loby/20260819-073741.mkv: 1015 frames
2026-08-28 10:11:15,514 INFO peoplein.stream: decoded entrance/20260819-073604.mkv: 1015 frames
2026-08-28 10:11:15,561 INFO __main__: analysis interval completed start=2026-08-19 07:37:41 end=2026-08-19 07:41:04 frames=2030 ticks=1015 entered=1 exited=1 people_inside=0
2026-08-28 10:11:15,563 INFO __main__: summary updated end=2026-08-19 07:41:04
2026-08-28 10:11:15,563 INFO peoplein.stream: analysis interval ready start=2026-08-19 07:41:04 end=2026-08-19 07:42:41
2026-08-28 10:11:24,011 INFO peoplein.stream: decoded entrance/20260819-074104.mkv: 485 frames
2026-08-28 10:11:24,015 INFO peoplein.stream: decoded loby/20260819-073741.mkv: 485 frames
2026-08-28 10:11:24,030 INFO __main__: analysis interval completed start=2026-08-19 07:41:04 end=2026-08-19 07:42:41 frames=970 ticks=485 entered=1 exited=1 people_inside=0
2026-08-28 10:11:24,033 INFO __main__: summary updated end=2026-08-19 07:42:41
2026-08-28 10:11:24,033 INFO peoplein.stream: analysis interval ready start=2026-08-19 07:42:41 end=2026-08-19 07:46:04
2026-08-28 10:11:35,917 INFO peoplein.stream: decoded entrance/20260819-074104.mkv: 1015 frames
2026-08-28 10:11:35,917 INFO peoplein.stream: decoded loby/20260819-074241.mkv: 1015 frames
2026-08-28 10:11:35,935 INFO __main__: analysis interval completed start=2026-08-19 07:42:41 end=2026-08-19 07:46:04 frames=2030 ticks=1015 entered=1 exited=1 people_inside=0
2026-08-28 10:11:35,938 INFO __main__: summary updated end=2026-08-19 07:46:04
2026-08-28 10:11:35,938 INFO peoplein.stream: analysis interval ready start=2026-08-19 07:46:04 end=2026-08-19 07:47:41
2026-08-28 10:11:44,414 INFO peoplein.stream: decoded loby/20260819-074241.mkv: 480 frames
2026-08-28 10:11:44,495 INFO peoplein.stream: decoded entrance/20260819-074604.mkv: 485 frames
2026-08-28 10:11:44,512 INFO peoplein.stream: decoded loby/20260819-074740.mkv: 5 frames
2026-08-28 10:11:44,518 INFO __main__: analysis interval completed start=2026-08-19 07:46:04 end=2026-08-19 07:47:41 frames=970 ticks=485 entered=1 exited=1 people_inside=0
2026-08-28 10:11:44,520 INFO __main__: summary updated end=2026-08-19 07:47:41
2026-08-28 10:11:44,520 INFO peoplein.stream: analysis interval ready start=2026-08-19 07:47:40 end=2026-08-19 07:51:04
2026-08-28 10:11:56,876 INFO peoplein.stream: decoded loby/20260819-074740.mkv: 1020 frames
2026-08-28 10:11:56,876 INFO peoplein.stream: decoded entrance/20260819-074604.mkv: 1020 frames
2026-08-28 10:11:56,895 INFO __main__: analysis interval completed start=2026-08-19 07:47:40 end=2026-08-19 07:51:04 frames=2040 ticks=1020 entered=1 exited=1 people_inside=0
2026-08-28 10:11:56,897 INFO __main__: summary updated end=2026-08-19 07:51:04
2026-08-28 10:11:56,897 INFO peoplein.stream: analysis interval ready start=2026-08-19 07:51:04 end=2026-08-19 07:52:40
2026-08-28 10:12:05,163 INFO peoplein.stream: decoded loby/20260819-074740.mkv: 480 frames
2026-08-28 10:12:05,167 INFO peoplein.stream: decoded entrance/20260819-075104.mkv: 480 frames
2026-08-28 10:12:05,181 INFO __main__: analysis interval completed start=2026-08-19 07:51:04 end=2026-08-19 07:52:40 frames=960 ticks=480 entered=1 exited=1 people_inside=0
2026-08-28 10:12:05,183 INFO __main__: summary updated end=2026-08-19 07:52:40
2026-08-28 10:12:05,183 INFO peoplein.stream: analysis interval ready start=2026-08-19 07:52:40 end=2026-08-19 07:56:04
2026-08-28 10:12:17,291 INFO peoplein.stream: decoded loby/20260819-075240.mkv: 1020 frames
2026-08-28 10:12:17,295 INFO peoplein.stream: decoded entrance/20260819-075104.mkv: 1020 frames
2026-08-28 10:12:17,309 INFO __main__: analysis interval completed start=2026-08-19 07:52:40 end=2026-08-19 07:56:04 frames=2040 ticks=1020 entered=1 exited=1 people_inside=0
2026-08-28 10:12:17,312 INFO __main__: summary updated end=2026-08-19 07:56:04
2026-08-28 10:12:17,312 INFO peoplein.stream: analysis interval ready start=2026-08-19 07:56:04 end=2026-08-19 07:57:42
2026-08-28 10:12:26,359 INFO peoplein.stream: decoded entrance/20260819-075604.mkv: 490 frames
2026-08-28 10:12:26,359 INFO peoplein.stream: decoded loby/20260819-075240.mkv: 490 frames
2026-08-28 10:12:26,375 INFO __main__: analysis interval completed start=2026-08-19 07:56:04 end=2026-08-19 07:57:42 frames=980 ticks=490 entered=1 exited=1 people_inside=0
2026-08-28 10:12:26,377 INFO __main__: summary updated end=2026-08-19 07:57:42
2026-08-28 10:12:26,377 INFO peoplein.stream: analysis interval ready start=2026-08-19 07:57:42 end=2026-08-19 08:01:04
2026-08-28 10:12:38,762 INFO peoplein.stream: decoded entrance/20260819-075604.mkv: 1010 frames
2026-08-28 10:12:38,762 INFO peoplein.stream: decoded loby/20260819-075742.mkv: 1010 frames
2026-08-28 10:12:38,779 INFO __main__: analysis interval completed start=2026-08-19 07:57:42 end=2026-08-19 08:01:04 frames=2020 ticks=1010 entered=1 exited=1 people_inside=0
2026-08-28 10:12:38,781 INFO __main__: summary updated end=2026-08-19 08:01:04
2026-08-28 10:12:38,781 INFO peoplein.stream: analysis interval ready start=2026-08-19 08:01:04 end=2026-08-19 08:02:42
2026-08-28 10:12:48,080 INFO peoplein.stream: decoded entrance/20260819-080104.mkv: 490 frames
2026-08-28 10:12:48,093 INFO peoplein.stream: decoded loby/20260819-075742.mkv: 490 frames
2026-08-28 10:12:48,125 INFO __main__: analysis interval completed start=2026-08-19 08:01:04 end=2026-08-19 08:02:42 frames=980 ticks=490 entered=1 exited=1 people_inside=0
2026-08-28 10:12:48,127 INFO __main__: summary updated end=2026-08-19 08:02:42
2026-08-28 10:12:48,128 INFO peoplein.stream: analysis interval ready start=2026-08-19 08:02:42 end=2026-08-19 08:06:04
2026-08-28 10:13:00,436 INFO peoplein.stream: decoded entrance/20260819-080104.mkv: 1010 frames
2026-08-28 10:13:00,436 INFO peoplein.stream: decoded loby/20260819-080242.mkv: 1010 frames
2026-08-28 10:13:00,451 INFO __main__: analysis interval completed start=2026-08-19 08:02:42 end=2026-08-19 08:06:04 frames=2020 ticks=1010 entered=1 exited=1 people_inside=0
2026-08-28 10:13:00,454 INFO __main__: summary updated end=2026-08-19 08:06:04
2026-08-28 10:13:00,454 INFO peoplein.stream: analysis interval ready start=2026-08-19 08:06:04 end=2026-08-19 08:07:42
2026-08-28 10:13:08,894 INFO peoplein.stream: decoded entrance/20260819-080604.mkv: 490 frames
2026-08-28 10:13:08,894 INFO peoplein.stream: decoded loby/20260819-080242.mkv: 490 frames
2026-08-28 10:13:08,912 INFO __main__: analysis interval completed start=2026-08-19 08:06:04 end=2026-08-19 08:07:42 frames=980 ticks=490 entered=1 exited=1 people_inside=0
2026-08-28 10:13:08,914 INFO __main__: summary updated end=2026-08-19 08:07:42
2026-08-28 10:13:08,914 INFO peoplein.stream: analysis interval ready start=2026-08-19 08:07:42 end=2026-08-19 08:11:04
2026-08-28 10:13:21,448 INFO peoplein.stream: decoded loby/20260819-080742.mkv: 1010 frames
2026-08-28 10:13:21,453 INFO peoplein.stream: decoded entrance/20260819-080604.mkv: 1010 frames
2026-08-28 10:13:21,466 INFO __main__: analysis interval completed start=2026-08-19 08:07:42 end=2026-08-19 08:11:04 frames=2020 ticks=1010 entered=1 exited=1 people_inside=0
2026-08-28 10:13:21,469 INFO __main__: summary updated end=2026-08-19 08:11:04
2026-08-28 10:13:21,469 INFO peoplein.stream: analysis interval ready start=2026-08-19 08:11:04 end=2026-08-19 08:12:42
2026-08-28 10:13:29,879 INFO peoplein.stream: decoded entrance/20260819-081104.mkv: 490 frames
2026-08-28 10:13:29,879 INFO peoplein.stream: decoded loby/20260819-080742.mkv: 490 frames
2026-08-28 10:13:29,897 INFO __main__: analysis interval completed start=2026-08-19 08:11:04 end=2026-08-19 08:12:42 frames=980 ticks=490 entered=1 exited=1 people_inside=0
2026-08-28 10:13:29,899 INFO __main__: summary updated end=2026-08-19 08:12:42
2026-08-28 10:13:29,899 INFO peoplein.stream: analysis interval ready start=2026-08-19 08:12:42 end=2026-08-19 08:16:04
2026-08-28 10:13:42,117 INFO peoplein.stream: decoded loby/20260819-081242.mkv: 1010 frames
2026-08-28 10:13:42,117 INFO peoplein.stream: decoded entrance/20260819-081104.mkv: 1010 frames
2026-08-28 10:13:42,135 INFO __main__: analysis interval completed start=2026-08-19 08:12:42 end=2026-08-19 08:16:04 frames=2020 ticks=1010 entered=1 exited=1 people_inside=0
2026-08-28 10:13:42,138 INFO __main__: summary updated end=2026-08-19 08:16:04
2026-08-28 10:13:42,138 INFO peoplein.stream: analysis interval ready start=2026-08-19 08:16:04 end=2026-08-19 08:17:42
2026-08-28 10:13:51,404 INFO peoplein.stream: decoded entrance/20260819-081604.mkv: 490 frames
2026-08-28 10:13:51,404 INFO peoplein.stream: decoded loby/20260819-081242.mkv: 490 frames
2026-08-28 10:13:51,419 INFO __main__: analysis interval completed start=2026-08-19 08:16:04 end=2026-08-19 08:17:42 frames=980 ticks=490 entered=1 exited=1 people_inside=0
2026-08-28 10:13:51,422 INFO __main__: summary updated end=2026-08-19 08:17:42
2026-08-28 10:13:51,422 INFO peoplein.stream: analysis interval ready start=2026-08-19 08:17:42 end=2026-08-19 08:21:04
2026-08-28 10:14:04,384 INFO peoplein.stream: decoded entrance/20260819-081604.mkv: 1010 frames
2026-08-28 10:14:04,387 INFO peoplein.stream: decoded loby/20260819-081742.mkv: 1010 frames
2026-08-28 10:14:04,402 INFO __main__: analysis interval completed start=2026-08-19 08:17:42 end=2026-08-19 08:21:04 frames=2020 ticks=1010 entered=1 exited=1 people_inside=0
2026-08-28 10:14:04,405 INFO __main__: summary updated end=2026-08-19 08:21:04
2026-08-28 10:14:04,405 INFO peoplein.stream: analysis interval ready start=2026-08-19 08:21:04 end=2026-08-19 08:22:42
2026-08-28 10:14:13,748 INFO peoplein.stream: decoded loby/20260819-081742.mkv: 485 frames
2026-08-28 10:14:13,832 INFO peoplein.stream: decoded entrance/20260819-082104.mkv: 490 frames
2026-08-28 10:14:13,842 INFO peoplein.stream: decoded loby/20260819-082241.mkv: 5 frames
2026-08-28 10:14:13,852 INFO __main__: analysis interval completed start=2026-08-19 08:21:04 end=2026-08-19 08:22:42 frames=980 ticks=490 entered=1 exited=1 people_inside=0
2026-08-28 10:14:13,854 INFO __main__: summary updated end=2026-08-19 08:22:42
2026-08-28 10:14:13,854 INFO peoplein.stream: analysis interval ready start=2026-08-19 08:22:41 end=2026-08-19 08:26:04
2026-08-28 10:14:26,466 INFO peoplein.stream: decoded entrance/20260819-082104.mkv: 1015 frames
2026-08-28 10:14:26,466 INFO peoplein.stream: decoded loby/20260819-082241.mkv: 1015 frames
2026-08-28 10:14:26,482 INFO __main__: analysis interval completed start=2026-08-19 08:22:41 end=2026-08-19 08:26:04 frames=2030 ticks=1015 entered=1 exited=1 people_inside=0
2026-08-28 10:14:26,485 INFO __main__: summary updated end=2026-08-19 08:26:04
2026-08-28 10:14:26,485 INFO peoplein.stream: analysis interval ready start=2026-08-19 08:26:04 end=2026-08-19 08:27:41
2026-08-28 10:14:35,045 INFO peoplein.stream: decoded entrance/20260819-082604.mkv: 485 frames
2026-08-28 10:14:35,053 INFO peoplein.stream: decoded loby/20260819-082241.mkv: 485 frames
2026-08-28 10:14:35,085 INFO __main__: analysis interval completed start=2026-08-19 08:26:04 end=2026-08-19 08:27:41 frames=970 ticks=485 entered=1 exited=1 people_inside=0
2026-08-28 10:14:35,088 INFO __main__: summary updated end=2026-08-19 08:27:41
2026-08-28 10:14:35,088 INFO peoplein.stream: analysis interval ready start=2026-08-19 08:27:41 end=2026-08-19 08:31:04
2026-08-28 10:14:50,972 INFO peoplein.stream: decoded entrance/20260819-082604.mkv: 1015 frames
2026-08-28 10:14:50,979 INFO peoplein.stream: decoded loby/20260819-082741.mkv: 1015 frames
2026-08-28 10:14:51,011 INFO __main__: analysis interval completed start=2026-08-19 08:27:41 end=2026-08-19 08:31:04 frames=2030 ticks=1015 entered=1 exited=1 people_inside=0
2026-08-28 10:14:51,014 INFO __main__: summary updated end=2026-08-19 08:31:04
2026-08-28 10:14:51,014 INFO peoplein.stream: analysis interval ready start=2026-08-19 08:31:04 end=2026-08-19 08:32:41
2026-08-28 10:15:00,129 INFO peoplein.stream: decoded loby/20260819-082741.mkv: 485 frames
2026-08-28 10:15:00,131 INFO peoplein.stream: decoded entrance/20260819-083104.mkv: 485 frames
2026-08-28 10:15:00,146 INFO __main__: analysis interval completed start=2026-08-19 08:31:04 end=2026-08-19 08:32:41 frames=970 ticks=485 entered=2 exited=1 people_inside=1
2026-08-28 10:15:00,149 INFO __main__: summary updated end=2026-08-19 08:32:41
2026-08-28 10:15:00,149 INFO peoplein.stream: analysis interval ready start=2026-08-19 08:32:41 end=2026-08-19 08:36:04
2026-08-28 10:15:12,578 INFO peoplein.stream: decoded entrance/20260819-083104.mkv: 1015 frames
2026-08-28 10:15:12,585 INFO peoplein.stream: decoded loby/20260819-083241.mkv: 1015 frames
2026-08-28 10:15:12,618 INFO __main__: analysis interval completed start=2026-08-19 08:32:41 end=2026-08-19 08:36:04 frames=2030 ticks=1015 entered=2 exited=1 people_inside=1
2026-08-28 10:15:12,621 INFO __main__: summary updated end=2026-08-19 08:36:04
2026-08-28 10:15:12,621 INFO peoplein.stream: analysis interval ready start=2026-08-19 08:36:04 end=2026-08-19 08:37:41
2026-08-28 10:15:21,204 INFO peoplein.stream: decoded entrance/20260819-083604.mkv: 485 frames
2026-08-28 10:15:21,206 INFO peoplein.stream: decoded loby/20260819-083241.mkv: 485 frames
2026-08-28 10:15:21,223 INFO __main__: analysis interval completed start=2026-08-19 08:36:04 end=2026-08-19 08:37:41 frames=970 ticks=485 entered=2 exited=1 people_inside=1
2026-08-28 10:15:21,226 INFO __main__: summary updated end=2026-08-19 08:37:41
2026-08-28 10:15:21,226 INFO peoplein.stream: analysis interval ready start=2026-08-19 08:37:41 end=2026-08-19 08:41:04
2026-08-28 10:15:33,688 INFO peoplein.stream: decoded entrance/20260819-083604.mkv: 1015 frames
2026-08-28 10:15:33,689 INFO peoplein.stream: decoded loby/20260819-083741.mkv: 1015 frames
2026-08-28 10:15:33,705 INFO __main__: analysis interval completed start=2026-08-19 08:37:41 end=2026-08-19 08:41:04 frames=2030 ticks=1015 entered=2 exited=1 people_inside=1
2026-08-28 10:15:33,708 INFO __main__: summary updated end=2026-08-19 08:41:04
2026-08-28 10:15:33,708 INFO peoplein.stream: analysis interval ready start=2026-08-19 08:41:04 end=2026-08-19 08:42:41
2026-08-28 10:15:42,182 INFO peoplein.stream: decoded loby/20260819-083741.mkv: 485 frames
2026-08-28 10:15:42,182 INFO peoplein.stream: decoded entrance/20260819-084104.mkv: 485 frames
2026-08-28 10:15:42,200 INFO __main__: analysis interval completed start=2026-08-19 08:41:04 end=2026-08-19 08:42:41 frames=970 ticks=485 entered=2 exited=1 people_inside=1
2026-08-28 10:15:42,202 INFO __main__: summary updated end=2026-08-19 08:42:41
2026-08-28 10:15:42,203 INFO peoplein.stream: analysis interval ready start=2026-08-19 08:42:41 end=2026-08-19 08:46:04
2026-08-28 10:15:54,261 INFO peoplein.stream: decoded entrance/20260819-084104.mkv: 1015 frames
2026-08-28 10:15:54,261 INFO peoplein.stream: decoded loby/20260819-084241.mkv: 1015 frames
2026-08-28 10:15:54,277 INFO __main__: analysis interval completed start=2026-08-19 08:42:41 end=2026-08-19 08:46:04 frames=2030 ticks=1015 entered=2 exited=1 people_inside=1
2026-08-28 10:15:54,280 INFO __main__: summary updated end=2026-08-19 08:46:04
2026-08-28 10:15:54,280 INFO peoplein.stream: analysis interval ready start=2026-08-19 08:46:04 end=2026-08-19 08:47:41
2026-08-28 10:16:02,708 INFO peoplein.stream: decoded entrance/20260819-084604.mkv: 485 frames
2026-08-28 10:16:02,708 INFO peoplein.stream: decoded loby/20260819-084241.mkv: 485 frames
2026-08-28 10:16:02,726 INFO __main__: analysis interval completed start=2026-08-19 08:46:04 end=2026-08-19 08:47:41 frames=970 ticks=485 entered=2 exited=1 people_inside=1
2026-08-28 10:16:02,729 INFO __main__: summary updated end=2026-08-19 08:47:41
2026-08-28 10:16:02,729 INFO peoplein.stream: analysis interval ready start=2026-08-19 08:47:41 end=2026-08-19 08:51:04
2026-08-28 10:16:15,190 INFO peoplein.stream: decoded entrance/20260819-084604.mkv: 1015 frames
2026-08-28 10:16:15,190 INFO peoplein.stream: decoded loby/20260819-084741.mkv: 1015 frames
2026-08-28 10:16:15,208 INFO __main__: analysis interval completed start=2026-08-19 08:47:41 end=2026-08-19 08:51:04 frames=2030 ticks=1015 entered=2 exited=1 people_inside=1
2026-08-28 10:16:15,210 INFO __main__: summary updated end=2026-08-19 08:51:04
2026-08-28 10:16:15,210 INFO peoplein.stream: analysis interval ready start=2026-08-19 08:51:04 end=2026-08-19 08:52:41
2026-08-28 10:16:23,585 INFO peoplein.stream: decoded loby/20260819-084741.mkv: 485 frames
2026-08-28 10:16:23,585 INFO peoplein.stream: decoded entrance/20260819-085104.mkv: 485 frames
2026-08-28 10:16:23,602 INFO __main__: analysis interval completed start=2026-08-19 08:51:04 end=2026-08-19 08:52:41 frames=970 ticks=485 entered=2 exited=1 people_inside=1
2026-08-28 10:16:23,605 INFO __main__: summary updated end=2026-08-19 08:52:41
2026-08-28 10:16:23,605 INFO peoplein.stream: analysis interval ready start=2026-08-19 08:52:41 end=2026-08-19 08:56:04
2026-08-28 10:16:36,000 INFO peoplein.stream: decoded loby/20260819-085241.mkv: 1015 frames
2026-08-28 10:16:36,003 INFO peoplein.stream: decoded entrance/20260819-085104.mkv: 1015 frames
2026-08-28 10:16:36,019 INFO __main__: analysis interval completed start=2026-08-19 08:52:41 end=2026-08-19 08:56:04 frames=2030 ticks=1015 entered=2 exited=1 people_inside=1
2026-08-28 10:16:36,021 INFO __main__: summary updated end=2026-08-19 08:56:04
2026-08-28 10:16:36,021 INFO peoplein.stream: analysis interval ready start=2026-08-19 08:56:04 end=2026-08-19 08:57:41
2026-08-28 10:16:44,457 INFO peoplein.stream: decoded entrance/20260819-085604.mkv: 485 frames
2026-08-28 10:16:44,457 INFO peoplein.stream: decoded loby/20260819-085241.mkv: 485 frames
2026-08-28 10:16:44,474 INFO __main__: analysis interval completed start=2026-08-19 08:56:04 end=2026-08-19 08:57:41 frames=970 ticks=485 entered=2 exited=1 people_inside=1
2026-08-28 10:16:44,477 INFO __main__: summary updated end=2026-08-19 08:57:41
2026-08-28 10:16:44,477 INFO peoplein.stream: analysis interval ready start=2026-08-19 08:57:41 end=2026-08-19 09:01:04
2026-08-28 10:16:56,363 INFO peoplein.stream: decoded entrance/20260819-085604.mkv: 1015 frames
2026-08-28 10:16:56,363 INFO peoplein.stream: decoded loby/20260819-085741.mkv: 1015 frames
2026-08-28 10:16:56,380 INFO __main__: analysis interval completed start=2026-08-19 08:57:41 end=2026-08-19 09:01:04 frames=2030 ticks=1015 entered=2 exited=1 people_inside=1
2026-08-28 10:16:56,382 INFO __main__: summary updated end=2026-08-19 09:01:04
2026-08-28 10:16:56,383 INFO peoplein.stream: analysis interval ready start=2026-08-19 09:01:04 end=2026-08-19 09:02:41
2026-08-28 10:17:05,764 INFO peoplein.stream: decoded loby/20260819-085741.mkv: 480 frames
2026-08-28 10:17:05,856 INFO peoplein.stream: decoded loby/20260819-090240.mkv: 5 frames
2026-08-28 10:17:05,856 INFO peoplein.stream: decoded entrance/20260819-090104.mkv: 485 frames
2026-08-28 10:17:05,874 INFO __main__: analysis interval completed start=2026-08-19 09:01:04 end=2026-08-19 09:02:41 frames=970 ticks=485 entered=2 exited=1 people_inside=1
2026-08-28 10:17:05,876 INFO __main__: summary updated end=2026-08-19 09:02:41
2026-08-28 10:17:05,876 INFO peoplein.stream: analysis interval ready start=2026-08-19 09:02:40 end=2026-08-19 09:06:04
2026-08-28 10:17:17,971 INFO peoplein.stream: decoded entrance/20260819-090104.mkv: 1020 frames
2026-08-28 10:17:17,971 INFO peoplein.stream: decoded loby/20260819-090240.mkv: 1020 frames
2026-08-28 10:17:17,989 INFO __main__: analysis interval completed start=2026-08-19 09:02:40 end=2026-08-19 09:06:04 frames=2040 ticks=1020 entered=2 exited=1 people_inside=1
2026-08-28 10:17:17,991 INFO __main__: summary updated end=2026-08-19 09:06:04
2026-08-28 10:17:17,992 INFO peoplein.stream: analysis interval ready start=2026-08-19 09:06:04 end=2026-08-19 09:07:40
2026-08-28 10:17:26,315 INFO peoplein.stream: decoded loby/20260819-090240.mkv: 480 frames
2026-08-28 10:17:26,315 INFO peoplein.stream: decoded entrance/20260819-090604.mkv: 480 frames
2026-08-28 10:17:26,334 INFO __main__: analysis interval completed start=2026-08-19 09:06:04 end=2026-08-19 09:07:40 frames=960 ticks=480 entered=2 exited=1 people_inside=1
2026-08-28 10:17:26,337 INFO __main__: summary updated end=2026-08-19 09:07:40
2026-08-28 10:17:26,337 INFO peoplein.stream: analysis interval ready start=2026-08-19 09:07:40 end=2026-08-19 09:11:04
2026-08-28 10:17:39,096 INFO peoplein.stream: decoded loby/20260819-090740.mkv: 1020 frames
2026-08-28 10:17:39,098 INFO peoplein.stream: decoded entrance/20260819-090604.mkv: 1020 frames
2026-08-28 10:17:39,114 INFO __main__: analysis interval completed start=2026-08-19 09:07:40 end=2026-08-19 09:11:04 frames=2040 ticks=1020 entered=2 exited=1 people_inside=1
2026-08-28 10:17:39,116 INFO __main__: summary updated end=2026-08-19 09:11:04
2026-08-28 10:17:39,117 INFO peoplein.stream: analysis interval ready start=2026-08-19 09:11:04 end=2026-08-19 09:12:42
2026-08-28 10:17:47,504 INFO peoplein.stream: decoded loby/20260819-090740.mkv: 490 frames
2026-08-28 10:17:47,504 INFO peoplein.stream: decoded entrance/20260819-091104.mkv: 490 frames
2026-08-28 10:17:47,521 INFO __main__: analysis interval completed start=2026-08-19 09:11:04 end=2026-08-19 09:12:42 frames=980 ticks=490 entered=2 exited=1 people_inside=1
2026-08-28 10:17:47,524 INFO __main__: summary updated end=2026-08-19 09:12:42
2026-08-28 10:17:47,524 INFO peoplein.stream: analysis interval ready start=2026-08-19 09:12:42 end=2026-08-19 09:16:04
2026-08-28 10:17:59,853 INFO peoplein.stream: decoded entrance/20260819-091104.mkv: 1010 frames
2026-08-28 10:17:59,856 INFO peoplein.stream: decoded loby/20260819-091242.mkv: 1010 frames
2026-08-28 10:17:59,870 INFO __main__: analysis interval completed start=2026-08-19 09:12:42 end=2026-08-19 09:16:04 frames=2020 ticks=1010 entered=2 exited=1 people_inside=1
2026-08-28 10:17:59,873 INFO __main__: summary updated end=2026-08-19 09:16:04
2026-08-28 10:17:59,873 INFO peoplein.stream: analysis interval ready start=2026-08-19 09:16:04 end=2026-08-19 09:17:42
2026-08-28 10:18:08,375 INFO peoplein.stream: decoded entrance/20260819-091604.mkv: 490 frames
2026-08-28 10:18:08,375 INFO peoplein.stream: decoded loby/20260819-091242.mkv: 490 frames
2026-08-28 10:18:08,391 INFO __main__: analysis interval completed start=2026-08-19 09:16:04 end=2026-08-19 09:17:42 frames=980 ticks=490 entered=2 exited=1 people_inside=1
2026-08-28 10:18:08,394 INFO __main__: summary updated end=2026-08-19 09:17:42
2026-08-28 10:18:08,394 INFO peoplein.stream: analysis interval ready start=2026-08-19 09:17:42 end=2026-08-19 09:21:04
2026-08-28 10:18:20,370 INFO peoplein.stream: decoded entrance/20260819-091604.mkv: 1010 frames
2026-08-28 10:18:20,374 INFO peoplein.stream: decoded loby/20260819-091742.mkv: 1010 frames
2026-08-28 10:18:20,388 INFO __main__: analysis interval completed start=2026-08-19 09:17:42 end=2026-08-19 09:21:04 frames=2020 ticks=1010 entered=2 exited=1 people_inside=1
2026-08-28 10:18:20,391 INFO __main__: summary updated end=2026-08-19 09:21:04
2026-08-28 10:18:20,391 INFO peoplein.stream: analysis interval ready start=2026-08-19 09:21:04 end=2026-08-19 09:22:42
2026-08-28 10:18:29,142 INFO peoplein.stream: decoded entrance/20260819-092104.mkv: 490 frames
2026-08-28 10:18:29,149 INFO peoplein.stream: decoded loby/20260819-091742.mkv: 490 frames
2026-08-28 10:18:29,182 INFO __main__: analysis interval completed start=2026-08-19 09:21:04 end=2026-08-19 09:22:42 frames=980 ticks=490 entered=2 exited=1 people_inside=1
2026-08-28 10:18:29,185 INFO __main__: summary updated end=2026-08-19 09:22:42
2026-08-28 10:18:29,185 INFO peoplein.stream: analysis interval ready start=2026-08-19 09:22:42 end=2026-08-19 09:26:04
2026-08-28 10:18:41,930 INFO peoplein.stream: decoded loby/20260819-092242.mkv: 1010 frames
2026-08-28 10:18:41,931 INFO peoplein.stream: decoded entrance/20260819-092104.mkv: 1010 frames
2026-08-28 10:18:41,946 INFO __main__: analysis interval completed start=2026-08-19 09:22:42 end=2026-08-19 09:26:04 frames=2020 ticks=1010 entered=2 exited=1 people_inside=1
2026-08-28 10:18:41,949 INFO __main__: summary updated end=2026-08-19 09:26:04
2026-08-28 10:18:41,949 INFO peoplein.stream: analysis interval ready start=2026-08-19 09:26:04 end=2026-08-19 09:27:42
2026-08-28 10:18:50,312 INFO peoplein.stream: decoded entrance/20260819-092604.mkv: 490 frames
2026-08-28 10:18:50,316 INFO peoplein.stream: decoded loby/20260819-092242.mkv: 490 frames
2026-08-28 10:18:50,330 INFO __main__: analysis interval completed start=2026-08-19 09:26:04 end=2026-08-19 09:27:42 frames=980 ticks=490 entered=2 exited=1 people_inside=1
2026-08-28 10:18:50,333 INFO __main__: summary updated end=2026-08-19 09:27:42
2026-08-28 10:18:50,333 INFO peoplein.stream: analysis interval ready start=2026-08-19 09:27:42 end=2026-08-19 09:31:04
2026-08-28 10:19:02,544 INFO peoplein.stream: decoded entrance/20260819-092604.mkv: 1010 frames
2026-08-28 10:19:02,544 INFO peoplein.stream: decoded loby/20260819-092742.mkv: 1010 frames
2026-08-28 10:19:02,564 INFO __main__: analysis interval completed start=2026-08-19 09:27:42 end=2026-08-19 09:31:04 frames=2020 ticks=1010 entered=2 exited=1 people_inside=1
2026-08-28 10:19:02,567 INFO __main__: summary updated end=2026-08-19 09:31:04
2026-08-28 10:19:02,567 INFO peoplein.stream: analysis interval ready start=2026-08-19 09:31:04 end=2026-08-19 09:32:42
2026-08-28 10:19:10,954 INFO peoplein.stream: decoded entrance/20260819-093104.mkv: 490 frames
2026-08-28 10:19:10,956 INFO peoplein.stream: decoded loby/20260819-092742.mkv: 490 frames
2026-08-28 10:19:10,972 INFO __main__: analysis interval completed start=2026-08-19 09:31:04 end=2026-08-19 09:32:42 frames=980 ticks=490 entered=2 exited=1 people_inside=1
2026-08-28 10:19:10,974 INFO __main__: summary updated end=2026-08-19 09:32:42
2026-08-28 10:19:10,974 INFO peoplein.stream: analysis interval ready start=2026-08-19 09:32:42 end=2026-08-19 09:36:04
2026-08-28 10:19:23,501 INFO peoplein.stream: decoded entrance/20260819-093104.mkv: 1010 frames
2026-08-28 10:19:23,503 INFO peoplein.stream: decoded loby/20260819-093242.mkv: 1010 frames
2026-08-28 10:19:23,519 INFO __main__: analysis interval completed start=2026-08-19 09:32:42 end=2026-08-19 09:36:04 frames=2020 ticks=1010 entered=2 exited=1 people_inside=1
2026-08-28 10:19:23,521 INFO __main__: summary updated end=2026-08-19 09:36:04
2026-08-28 10:19:23,521 INFO peoplein.stream: analysis interval ready start=2026-08-19 09:36:04 end=2026-08-19 09:37:42
2026-08-28 10:19:32,392 INFO peoplein.stream: decoded loby/20260819-093242.mkv: 485 frames
2026-08-28 10:19:32,484 INFO peoplein.stream: decoded loby/20260819-093741.mkv: 5 frames
2026-08-28 10:19:32,487 INFO peoplein.stream: decoded entrance/20260819-093604.mkv: 490 frames
2026-08-28 10:19:32,500 INFO __main__: analysis interval completed start=2026-08-19 09:36:04 end=2026-08-19 09:37:42 frames=980 ticks=490 entered=2 exited=1 people_inside=1
2026-08-28 10:19:32,502 INFO __main__: summary updated end=2026-08-19 09:37:42
2026-08-28 10:19:32,503 INFO peoplein.stream: analysis interval ready start=2026-08-19 09:37:41 end=2026-08-19 09:41:04
2026-08-28 10:19:44,462 INFO peoplein.stream: decoded entrance/20260819-093604.mkv: 1015 frames
2026-08-28 10:19:44,462 INFO peoplein.stream: decoded loby/20260819-093741.mkv: 1015 frames
2026-08-28 10:19:44,479 INFO __main__: analysis interval completed start=2026-08-19 09:37:41 end=2026-08-19 09:41:04 frames=2030 ticks=1015 entered=2 exited=1 people_inside=1
2026-08-28 10:19:44,482 INFO __main__: summary updated end=2026-08-19 09:41:04
2026-08-28 10:19:44,482 INFO peoplein.stream: analysis interval ready start=2026-08-19 09:41:04 end=2026-08-19 09:42:41
2026-08-28 10:19:53,328 INFO peoplein.stream: decoded loby/20260819-093741.mkv: 485 frames
2026-08-28 10:19:53,328 INFO peoplein.stream: decoded entrance/20260819-094104.mkv: 485 frames
2026-08-28 10:19:53,347 INFO __main__: analysis interval completed start=2026-08-19 09:41:04 end=2026-08-19 09:42:41 frames=970 ticks=485 entered=2 exited=1 people_inside=1
2026-08-28 10:19:53,350 INFO __main__: summary updated end=2026-08-19 09:42:41
2026-08-28 10:19:53,350 INFO peoplein.stream: analysis interval ready start=2026-08-19 09:42:41 end=2026-08-19 09:46:04
2026-08-28 10:20:06,255 INFO peoplein.stream: decoded entrance/20260819-094104.mkv: 1015 frames
2026-08-28 10:20:06,255 INFO peoplein.stream: decoded loby/20260819-094241.mkv: 1015 frames
2026-08-28 10:20:06,273 INFO __main__: analysis interval completed start=2026-08-19 09:42:41 end=2026-08-19 09:46:04 frames=2030 ticks=1015 entered=2 exited=1 people_inside=1
2026-08-28 10:20:06,275 INFO __main__: summary updated end=2026-08-19 09:46:04
2026-08-28 10:20:06,275 INFO peoplein.stream: analysis interval ready start=2026-08-19 09:46:04 end=2026-08-19 09:47:41
2026-08-28 10:20:14,671 INFO peoplein.stream: decoded entrance/20260819-094604.mkv: 485 frames
2026-08-28 10:20:14,671 INFO peoplein.stream: decoded loby/20260819-094241.mkv: 485 frames
2026-08-28 10:20:14,689 INFO __main__: analysis interval completed start=2026-08-19 09:46:04 end=2026-08-19 09:47:41 frames=970 ticks=485 entered=2 exited=1 people_inside=1
2026-08-28 10:20:14,691 INFO __main__: summary updated end=2026-08-19 09:47:41
2026-08-28 10:20:14,691 INFO peoplein.stream: analysis interval ready start=2026-08-19 09:47:41 end=2026-08-19 09:51:04
2026-08-28 10:20:26,568 INFO peoplein.stream: decoded entrance/20260819-094604.mkv: 1015 frames
2026-08-28 10:20:26,568 INFO peoplein.stream: decoded loby/20260819-094741.mkv: 1015 frames
2026-08-28 10:20:26,585 INFO __main__: analysis interval completed start=2026-08-19 09:47:41 end=2026-08-19 09:51:04 frames=2030 ticks=1015 entered=2 exited=1 people_inside=1
2026-08-28 10:20:26,588 INFO __main__: summary updated end=2026-08-19 09:51:04
2026-08-28 10:20:26,588 INFO peoplein.stream: analysis interval ready start=2026-08-19 09:51:04 end=2026-08-19 09:52:41
2026-08-28 10:20:34,864 INFO peoplein.stream: decoded entrance/20260819-095104.mkv: 485 frames
2026-08-28 10:20:34,864 INFO peoplein.stream: decoded loby/20260819-094741.mkv: 485 frames
2026-08-28 10:20:34,881 INFO __main__: analysis interval completed start=2026-08-19 09:51:04 end=2026-08-19 09:52:41 frames=970 ticks=485 entered=2 exited=1 people_inside=1
2026-08-28 10:20:34,884 INFO __main__: summary updated end=2026-08-19 09:52:41
2026-08-28 10:20:34,884 INFO peoplein.stream: analysis interval ready start=2026-08-19 09:52:41 end=2026-08-19 09:56:04
2026-08-28 10:20:47,846 INFO peoplein.stream: decoded loby/20260819-095241.mkv: 1015 frames
2026-08-28 10:20:47,850 INFO peoplein.stream: decoded entrance/20260819-095104.mkv: 1015 frames
2026-08-28 10:20:47,864 INFO __main__: analysis interval completed start=2026-08-19 09:52:41 end=2026-08-19 09:56:04 frames=2030 ticks=1015 entered=2 exited=1 people_inside=1
2026-08-28 10:20:47,866 INFO __main__: summary updated end=2026-08-19 09:56:04
2026-08-28 10:20:47,866 INFO peoplein.stream: analysis interval ready start=2026-08-19 09:56:04 end=2026-08-19 09:57:41
2026-08-28 10:20:56,756 INFO peoplein.stream: decoded loby/20260819-095241.mkv: 485 frames
2026-08-28 10:20:56,758 INFO peoplein.stream: decoded entrance/20260819-095604.mkv: 485 frames
2026-08-28 10:20:56,773 INFO __main__: analysis interval completed start=2026-08-19 09:56:04 end=2026-08-19 09:57:41 frames=970 ticks=485 entered=2 exited=1 people_inside=1
2026-08-28 10:20:56,776 INFO __main__: summary updated end=2026-08-19 09:57:41
2026-08-28 10:20:56,776 INFO peoplein.stream: analysis interval ready start=2026-08-19 09:57:41 end=2026-08-19 10:01:04
2026-08-28 10:21:08,681 INFO peoplein.stream: decoded loby/20260819-095741.mkv: 1015 frames
2026-08-28 10:21:08,681 INFO peoplein.stream: decoded entrance/20260819-095604.mkv: 1015 frames
2026-08-28 10:21:08,698 INFO __main__: analysis interval completed start=2026-08-19 09:57:41 end=2026-08-19 10:01:04 frames=2030 ticks=1015 entered=2 exited=1 people_inside=1
2026-08-28 10:21:08,701 INFO __main__: summary updated end=2026-08-19 10:01:04
2026-08-28 10:21:08,701 INFO peoplein.stream: analysis interval ready start=2026-08-19 10:01:04 end=2026-08-19 10:02:41
2026-08-28 10:21:17,042 INFO peoplein.stream: decoded entrance/20260819-100104.mkv: 485 frames
2026-08-28 10:21:17,042 INFO peoplein.stream: decoded loby/20260819-095741.mkv: 485 frames
2026-08-28 10:21:17,059 INFO __main__: analysis interval completed start=2026-08-19 10:01:04 end=2026-08-19 10:02:41 frames=970 ticks=485 entered=2 exited=1 people_inside=1
2026-08-28 10:21:17,062 INFO __main__: summary updated end=2026-08-19 10:02:41
2026-08-28 10:21:17,062 INFO peoplein.stream: analysis interval ready start=2026-08-19 10:02:41 end=2026-08-19 10:06:04
2026-08-28 10:21:29,556 INFO peoplein.stream: decoded loby/20260819-100241.mkv: 1015 frames
2026-08-28 10:21:29,556 INFO peoplein.stream: decoded entrance/20260819-100104.mkv: 1015 frames
2026-08-28 10:21:29,573 INFO __main__: analysis interval completed start=2026-08-19 10:02:41 end=2026-08-19 10:06:04 frames=2030 ticks=1015 entered=2 exited=1 people_inside=1
2026-08-28 10:21:29,576 INFO __main__: summary updated end=2026-08-19 10:06:04
2026-08-28 10:21:29,576 INFO peoplein.stream: analysis interval ready start=2026-08-19 10:06:04 end=2026-08-19 10:07:41
2026-08-28 10:21:38,443 INFO peoplein.stream: decoded entrance/20260819-100604.mkv: 485 frames
2026-08-28 10:21:38,445 INFO peoplein.stream: decoded loby/20260819-100241.mkv: 485 frames
2026-08-28 10:21:38,461 INFO __main__: analysis interval completed start=2026-08-19 10:06:04 end=2026-08-19 10:07:41 frames=970 ticks=485 entered=2 exited=1 people_inside=1
2026-08-28 10:21:38,464 INFO __main__: summary updated end=2026-08-19 10:07:41
2026-08-28 10:21:38,464 INFO peoplein.stream: analysis interval ready start=2026-08-19 10:07:41 end=2026-08-19 10:11:04
2026-08-28 10:21:50,883 INFO peoplein.stream: decoded entrance/20260819-100604.mkv: 1015 frames
2026-08-28 10:21:50,883 INFO peoplein.stream: decoded loby/20260819-100741.mkv: 1015 frames
2026-08-28 10:21:50,900 INFO __main__: analysis interval completed start=2026-08-19 10:07:41 end=2026-08-19 10:11:04 frames=2030 ticks=1015 entered=2 exited=1 people_inside=1
2026-08-28 10:21:50,903 INFO __main__: summary updated end=2026-08-19 10:11:04
2026-08-28 10:21:50,903 INFO peoplein.stream: analysis interval ready start=2026-08-19 10:11:04 end=2026-08-19 10:12:41
2026-08-28 10:21:59,234 INFO peoplein.stream: decoded entrance/20260819-101104.mkv: 485 frames
2026-08-28 10:21:59,234 INFO peoplein.stream: decoded loby/20260819-100741.mkv: 485 frames
2026-08-28 10:21:59,252 INFO __main__: analysis interval completed start=2026-08-19 10:11:04 end=2026-08-19 10:12:41 frames=970 ticks=485 entered=2 exited=1 people_inside=1
2026-08-28 10:21:59,254 INFO __main__: summary updated end=2026-08-19 10:12:41
2026-08-28 10:21:59,254 INFO peoplein.stream: analysis interval ready start=2026-08-19 10:12:41 end=2026-08-19 10:16:04
2026-08-28 10:22:11,224 INFO peoplein.stream: decoded entrance/20260819-101104.mkv: 1015 frames
2026-08-28 10:22:11,226 INFO peoplein.stream: decoded loby/20260819-101241.mkv: 1015 frames
2026-08-28 10:22:11,241 INFO __main__: analysis interval completed start=2026-08-19 10:12:41 end=2026-08-19 10:16:04 frames=2030 ticks=1015 entered=2 exited=1 people_inside=1
2026-08-28 10:22:11,244 INFO __main__: summary updated end=2026-08-19 10:16:04
2026-08-28 10:22:11,244 INFO peoplein.stream: analysis interval ready start=2026-08-19 10:16:04 end=2026-08-19 10:17:41
2026-08-28 10:22:20,046 INFO peoplein.stream: decoded loby/20260819-101241.mkv: 480 frames
2026-08-28 10:22:20,133 INFO peoplein.stream: decoded entrance/20260819-101604.mkv: 485 frames
2026-08-28 10:22:20,133 INFO peoplein.stream: decoded loby/20260819-101740.mkv: 5 frames
2026-08-28 10:22:20,152 INFO __main__: analysis interval completed start=2026-08-19 10:16:04 end=2026-08-19 10:17:41 frames=970 ticks=485 entered=2 exited=1 people_inside=1
2026-08-28 10:22:20,155 INFO __main__: summary updated end=2026-08-19 10:17:41
2026-08-28 10:22:20,155 INFO peoplein.stream: analysis interval ready start=2026-08-19 10:17:40 end=2026-08-19 10:21:04
2026-08-28 10:22:33,075 INFO peoplein.stream: decoded loby/20260819-101740.mkv: 1020 frames
2026-08-28 10:22:33,076 INFO peoplein.stream: decoded entrance/20260819-101604.mkv: 1020 frames
2026-08-28 10:22:33,092 INFO __main__: analysis interval completed start=2026-08-19 10:17:40 end=2026-08-19 10:21:04 frames=2040 ticks=1020 entered=2 exited=1 people_inside=1
2026-08-28 10:22:33,095 INFO __main__: summary updated end=2026-08-19 10:21:04
2026-08-28 10:22:33,095 INFO peoplein.stream: analysis interval ready start=2026-08-19 10:21:04 end=2026-08-19 10:22:40
2026-08-28 10:22:41,453 INFO peoplein.stream: decoded entrance/20260819-102104.mkv: 480 frames
2026-08-28 10:22:41,455 INFO peoplein.stream: decoded loby/20260819-101740.mkv: 480 frames
2026-08-28 10:22:41,471 INFO __main__: analysis interval completed start=2026-08-19 10:21:04 end=2026-08-19 10:22:40 frames=960 ticks=480 entered=2 exited=1 people_inside=1
2026-08-28 10:22:41,473 INFO __main__: summary updated end=2026-08-19 10:22:40
2026-08-28 10:22:41,473 INFO peoplein.stream: analysis interval ready start=2026-08-19 10:22:40 end=2026-08-19 10:26:04
2026-08-28 10:22:53,545 INFO peoplein.stream: decoded entrance/20260819-102104.mkv: 1020 frames
2026-08-28 10:22:53,546 INFO peoplein.stream: decoded loby/20260819-102240.mkv: 1020 frames
2026-08-28 10:22:53,562 INFO __main__: analysis interval completed start=2026-08-19 10:22:40 end=2026-08-19 10:26:04 frames=2040 ticks=1020 entered=2 exited=1 people_inside=1
2026-08-28 10:22:53,565 INFO __main__: summary updated end=2026-08-19 10:26:04
2026-08-28 10:22:53,565 INFO peoplein.stream: analysis interval ready start=2026-08-19 10:26:04 end=2026-08-19 10:27:40
2026-08-28 10:23:02,339 INFO peoplein.stream: decoded entrance/20260819-102604.mkv: 480 frames
2026-08-28 10:23:02,339 INFO peoplein.stream: decoded loby/20260819-102240.mkv: 480 frames
2026-08-28 10:23:02,357 INFO __main__: analysis interval completed start=2026-08-19 10:26:04 end=2026-08-19 10:27:40 frames=960 ticks=480 entered=2 exited=1 people_inside=1
2026-08-28 10:23:02,359 INFO __main__: summary updated end=2026-08-19 10:27:40
2026-08-28 10:23:02,360 INFO peoplein.stream: analysis interval ready start=2026-08-19 10:27:40 end=2026-08-19 10:31:04
2026-08-28 10:23:14,354 INFO peoplein.stream: decoded loby/20260819-102740.mkv: 1020 frames
2026-08-28 10:23:14,354 INFO peoplein.stream: decoded entrance/20260819-102604.mkv: 1020 frames
2026-08-28 10:23:14,370 INFO __main__: analysis interval completed start=2026-08-19 10:27:40 end=2026-08-19 10:31:04 frames=2040 ticks=1020 entered=2 exited=1 people_inside=1
2026-08-28 10:23:14,373 INFO __main__: summary updated end=2026-08-19 10:31:04
2026-08-28 10:23:14,373 INFO peoplein.stream: analysis interval ready start=2026-08-19 10:31:04 end=2026-08-19 10:32:42
2026-08-28 10:23:22,791 INFO peoplein.stream: decoded entrance/20260819-103104.mkv: 490 frames
2026-08-28 10:23:22,795 INFO peoplein.stream: decoded loby/20260819-102740.mkv: 490 frames
2026-08-28 10:23:22,809 INFO __main__: analysis interval completed start=2026-08-19 10:31:04 end=2026-08-19 10:32:42 frames=980 ticks=490 entered=2 exited=1 people_inside=1
2026-08-28 10:23:22,812 INFO __main__: summary updated end=2026-08-19 10:32:42
2026-08-28 10:23:22,812 INFO peoplein.stream: analysis interval ready start=2026-08-19 10:32:42 end=2026-08-19 10:36:04
2026-08-28 10:23:36,348 INFO peoplein.stream: decoded loby/20260819-103242.mkv: 1010 frames
2026-08-28 10:23:36,351 INFO peoplein.stream: decoded entrance/20260819-103104.mkv: 1010 frames
2026-08-28 10:23:36,366 INFO __main__: analysis interval completed start=2026-08-19 10:32:42 end=2026-08-19 10:36:04 frames=2020 ticks=1010 entered=2 exited=1 people_inside=1
2026-08-28 10:23:36,369 INFO __main__: summary updated end=2026-08-19 10:36:04
2026-08-28 10:23:36,369 INFO peoplein.stream: analysis interval ready start=2026-08-19 10:36:04 end=2026-08-19 10:37:42
2026-08-28 10:23:45,660 INFO peoplein.stream: decoded entrance/20260819-103604.mkv: 490 frames
2026-08-28 10:23:45,660 INFO peoplein.stream: decoded loby/20260819-103242.mkv: 490 frames
2026-08-28 10:23:45,678 INFO __main__: analysis interval completed start=2026-08-19 10:36:04 end=2026-08-19 10:37:42 frames=980 ticks=490 entered=2 exited=1 people_inside=1
2026-08-28 10:23:45,681 INFO __main__: summary updated end=2026-08-19 10:37:42
2026-08-28 10:23:45,681 INFO peoplein.stream: analysis interval ready start=2026-08-19 10:37:42 end=2026-08-19 10:41:04
2026-08-28 10:23:58,427 INFO peoplein.stream: decoded loby/20260819-103742.mkv: 1010 frames
2026-08-28 10:23:58,427 INFO peoplein.stream: decoded entrance/20260819-103604.mkv: 1010 frames
2026-08-28 10:23:58,445 INFO __main__: analysis interval completed start=2026-08-19 10:37:42 end=2026-08-19 10:41:04 frames=2020 ticks=1010 entered=2 exited=1 people_inside=1
2026-08-28 10:23:58,448 INFO __main__: summary updated end=2026-08-19 10:41:04
2026-08-28 10:23:58,448 INFO peoplein.stream: analysis interval ready start=2026-08-19 10:41:04 end=2026-08-19 10:42:42
2026-08-28 10:24:07,318 INFO peoplein.stream: decoded entrance/20260819-104104.mkv: 490 frames
2026-08-28 10:24:07,320 INFO peoplein.stream: decoded loby/20260819-103742.mkv: 490 frames
2026-08-28 10:24:07,335 INFO __main__: analysis interval completed start=2026-08-19 10:41:04 end=2026-08-19 10:42:42 frames=980 ticks=490 entered=2 exited=1 people_inside=1
2026-08-28 10:24:07,338 INFO __main__: summary updated end=2026-08-19 10:42:42
2026-08-28 10:24:07,338 INFO peoplein.stream: analysis interval ready start=2026-08-19 10:42:42 end=2026-08-19 10:46:04
2026-08-28 10:24:19,297 INFO peoplein.stream: decoded entrance/20260819-104104.mkv: 1010 frames
2026-08-28 10:24:19,297 INFO peoplein.stream: decoded loby/20260819-104242.mkv: 1010 frames
2026-08-28 10:24:19,315 INFO __main__: analysis interval completed start=2026-08-19 10:42:42 end=2026-08-19 10:46:04 frames=2020 ticks=1010 entered=2 exited=1 people_inside=1
2026-08-28 10:24:19,318 INFO __main__: summary updated end=2026-08-19 10:46:04
2026-08-28 10:24:19,318 INFO peoplein.stream: analysis interval ready start=2026-08-19 10:46:04 end=2026-08-19 10:47:42
2026-08-28 10:24:27,823 INFO peoplein.stream: decoded entrance/20260819-104604.mkv: 490 frames
2026-08-28 10:24:27,823 INFO peoplein.stream: decoded loby/20260819-104242.mkv: 490 frames
2026-08-28 10:24:27,842 INFO __main__: analysis interval completed start=2026-08-19 10:46:04 end=2026-08-19 10:47:42 frames=980 ticks=490 entered=2 exited=1 people_inside=1
2026-08-28 10:24:27,845 INFO __main__: summary updated end=2026-08-19 10:47:42
2026-08-28 10:24:27,845 INFO peoplein.stream: analysis interval ready start=2026-08-19 10:47:42 end=2026-08-19 10:51:04
2026-08-28 10:24:40,293 INFO peoplein.stream: decoded loby/20260819-104742.mkv: 1010 frames
2026-08-28 10:24:40,294 INFO peoplein.stream: decoded entrance/20260819-104604.mkv: 1010 frames
2026-08-28 10:24:40,310 INFO __main__: analysis interval completed start=2026-08-19 10:47:42 end=2026-08-19 10:51:04 frames=2020 ticks=1010 entered=2 exited=1 people_inside=1
2026-08-28 10:24:40,313 INFO __main__: summary updated end=2026-08-19 10:51:04
2026-08-28 10:24:40,313 INFO peoplein.stream: analysis interval ready start=2026-08-19 10:51:04 end=2026-08-19 10:52:42
2026-08-28 10:24:49,114 INFO peoplein.stream: decoded entrance/20260819-105104.mkv: 490 frames
2026-08-28 10:24:49,115 INFO peoplein.stream: decoded loby/20260819-104742.mkv: 490 frames
2026-08-28 10:24:49,131 INFO __main__: analysis interval completed start=2026-08-19 10:51:04 end=2026-08-19 10:52:42 frames=980 ticks=490 entered=2 exited=1 people_inside=1
2026-08-28 10:24:49,134 INFO __main__: summary updated end=2026-08-19 10:52:42
2026-08-28 10:24:49,134 INFO peoplein.stream: analysis interval ready start=2026-08-19 10:52:42 end=2026-08-19 10:56:04
2026-08-28 10:25:01,894 INFO peoplein.stream: decoded loby/20260819-105242.mkv: 1010 frames
2026-08-28 10:25:01,897 INFO peoplein.stream: decoded entrance/20260819-105104.mkv: 1010 frames
2026-08-28 10:25:01,912 INFO __main__: analysis interval completed start=2026-08-19 10:52:42 end=2026-08-19 10:56:04 frames=2020 ticks=1010 entered=2 exited=1 people_inside=1
2026-08-28 10:25:01,914 INFO __main__: summary updated end=2026-08-19 10:56:04
2026-08-28 10:25:01,915 INFO peoplein.stream: analysis interval ready start=2026-08-19 10:56:04 end=2026-08-19 10:57:42
2026-08-28 10:25:11,623 INFO peoplein.stream: decoded loby/20260819-105242.mkv: 485 frames
2026-08-28 10:25:11,712 INFO peoplein.stream: decoded entrance/20260819-105604.mkv: 490 frames
2026-08-28 10:25:11,716 INFO peoplein.stream: decoded loby/20260819-105741.mkv: 5 frames
2026-08-28 10:25:11,728 INFO __main__: analysis interval completed start=2026-08-19 10:56:04 end=2026-08-19 10:57:42 frames=980 ticks=490 entered=2 exited=1 people_inside=1
2026-08-28 10:25:11,730 INFO __main__: summary updated end=2026-08-19 10:57:42
2026-08-28 10:25:11,731 INFO peoplein.stream: analysis interval ready start=2026-08-19 10:57:41 end=2026-08-19 11:01:04
2026-08-28 10:25:23,522 INFO peoplein.stream: decoded loby/20260819-105741.mkv: 1015 frames
2026-08-28 10:25:23,526 INFO peoplein.stream: decoded entrance/20260819-105604.mkv: 1015 frames
2026-08-28 10:25:23,539 INFO __main__: analysis interval completed start=2026-08-19 10:57:41 end=2026-08-19 11:01:04 frames=2030 ticks=1015 entered=2 exited=1 people_inside=1
2026-08-28 10:25:23,542 INFO __main__: summary updated end=2026-08-19 11:01:04
2026-08-28 10:25:23,542 INFO peoplein.stream: analysis interval ready start=2026-08-19 11:01:04 end=2026-08-19 11:02:41
2026-08-28 10:25:31,808 INFO peoplein.stream: decoded loby/20260819-105741.mkv: 485 frames
2026-08-28 10:25:31,808 INFO peoplein.stream: decoded entrance/20260819-110104.mkv: 485 frames
2026-08-28 10:25:31,825 INFO __main__: analysis interval completed start=2026-08-19 11:01:04 end=2026-08-19 11:02:41 frames=970 ticks=485 entered=2 exited=1 people_inside=1
2026-08-28 10:25:31,828 INFO __main__: summary updated end=2026-08-19 11:02:41
2026-08-28 10:25:31,828 INFO peoplein.stream: analysis interval ready start=2026-08-19 11:02:41 end=2026-08-19 11:06:04
2026-08-28 10:25:44,136 INFO peoplein.stream: decoded entrance/20260819-110104.mkv: 1015 frames
2026-08-28 10:25:44,136 INFO peoplein.stream: decoded loby/20260819-110241.mkv: 1015 frames
2026-08-28 10:25:44,154 INFO __main__: analysis interval completed start=2026-08-19 11:02:41 end=2026-08-19 11:06:04 frames=2030 ticks=1015 entered=2 exited=1 people_inside=1
2026-08-28 10:25:44,157 INFO __main__: summary updated end=2026-08-19 11:06:04
2026-08-28 10:25:44,157 INFO peoplein.stream: analysis interval ready start=2026-08-19 11:06:04 end=2026-08-19 11:07:41
2026-08-28 10:25:52,470 INFO peoplein.stream: decoded loby/20260819-110241.mkv: 485 frames
2026-08-28 10:25:52,470 INFO peoplein.stream: decoded entrance/20260819-110604.mkv: 485 frames
2026-08-28 10:25:52,487 INFO __main__: analysis interval completed start=2026-08-19 11:06:04 end=2026-08-19 11:07:41 frames=970 ticks=485 entered=2 exited=1 people_inside=1
2026-08-28 10:25:52,490 INFO __main__: summary updated end=2026-08-19 11:07:41
2026-08-28 10:25:52,490 INFO peoplein.stream: analysis interval ready start=2026-08-19 11:07:41 end=2026-08-19 11:11:04
2026-08-28 10:26:05,856 INFO peoplein.stream: decoded entrance/20260819-110604.mkv: 1015 frames
2026-08-28 10:26:05,856 INFO peoplein.stream: decoded loby/20260819-110741.mkv: 1015 frames
2026-08-28 10:26:05,874 INFO __main__: analysis interval completed start=2026-08-19 11:07:41 end=2026-08-19 11:11:04 frames=2030 ticks=1015 entered=2 exited=1 people_inside=1
2026-08-28 10:26:05,876 INFO __main__: summary updated end=2026-08-19 11:11:04
2026-08-28 10:26:05,876 INFO peoplein.stream: analysis interval ready start=2026-08-19 11:11:04 end=2026-08-19 11:12:41
2026-08-28 10:26:15,483 INFO peoplein.stream: decoded entrance/20260819-111104.mkv: 485 frames
2026-08-28 10:26:15,485 INFO peoplein.stream: decoded loby/20260819-110741.mkv: 485 frames
2026-08-28 10:26:15,502 INFO __main__: analysis interval completed start=2026-08-19 11:11:04 end=2026-08-19 11:12:41 frames=970 ticks=485 entered=2 exited=1 people_inside=1
2026-08-28 10:26:15,505 INFO __main__: summary updated end=2026-08-19 11:12:41
2026-08-28 10:26:15,505 INFO peoplein.stream: analysis interval ready start=2026-08-19 11:12:41 end=2026-08-19 11:16:04
2026-08-28 10:26:27,442 INFO peoplein.stream: decoded entrance/20260819-111104.mkv: 1015 frames
2026-08-28 10:26:27,444 INFO peoplein.stream: decoded loby/20260819-111241.mkv: 1015 frames
2026-08-28 10:26:27,459 INFO __main__: analysis interval completed start=2026-08-19 11:12:41 end=2026-08-19 11:16:04 frames=2030 ticks=1015 entered=2 exited=1 people_inside=1
2026-08-28 10:26:27,462 INFO __main__: summary updated end=2026-08-19 11:16:04
2026-08-28 10:26:27,462 INFO peoplein.stream: analysis interval ready start=2026-08-19 11:16:04 end=2026-08-19 11:17:41
2026-08-28 10:26:35,698 INFO peoplein.stream: decoded loby/20260819-111241.mkv: 485 frames
2026-08-28 10:26:35,699 INFO peoplein.stream: decoded entrance/20260819-111604.mkv: 485 frames
2026-08-28 10:26:35,715 INFO __main__: analysis interval completed start=2026-08-19 11:16:04 end=2026-08-19 11:17:41 frames=970 ticks=485 entered=2 exited=1 people_inside=1
2026-08-28 10:26:35,718 INFO __main__: summary updated end=2026-08-19 11:17:41
2026-08-28 10:26:35,718 INFO peoplein.stream: analysis interval ready start=2026-08-19 11:17:41 end=2026-08-19 11:21:04
2026-08-28 10:26:48,247 INFO peoplein.stream: decoded entrance/20260819-111604.mkv: 1015 frames
2026-08-28 10:26:48,247 INFO peoplein.stream: decoded loby/20260819-111741.mkv: 1015 frames
2026-08-28 10:26:48,263 INFO __main__: analysis interval completed start=2026-08-19 11:17:41 end=2026-08-19 11:21:04 frames=2030 ticks=1015 entered=2 exited=1 people_inside=1
2026-08-28 10:26:48,266 INFO __main__: summary updated end=2026-08-19 11:21:04
2026-08-28 10:26:48,266 INFO peoplein.stream: analysis interval ready start=2026-08-19 11:21:04 end=2026-08-19 11:22:41
2026-08-28 10:26:57,045 INFO peoplein.stream: decoded loby/20260819-111741.mkv: 485 frames
2026-08-28 10:26:57,049 INFO peoplein.stream: decoded entrance/20260819-112104.mkv: 485 frames
2026-08-28 10:26:57,062 INFO __main__: analysis interval completed start=2026-08-19 11:21:04 end=2026-08-19 11:22:41 frames=970 ticks=485 entered=2 exited=1 people_inside=1
2026-08-28 10:26:57,064 INFO __main__: summary updated end=2026-08-19 11:22:41
2026-08-28 10:26:57,065 INFO peoplein.stream: analysis interval ready start=2026-08-19 11:22:41 end=2026-08-19 11:26:04
2026-08-28 10:27:09,436 INFO peoplein.stream: decoded entrance/20260819-112104.mkv: 1015 frames
2026-08-28 10:27:09,436 INFO peoplein.stream: decoded loby/20260819-112241.mkv: 1015 frames
2026-08-28 10:27:09,453 INFO __main__: analysis interval completed start=2026-08-19 11:22:41 end=2026-08-19 11:26:04 frames=2030 ticks=1015 entered=2 exited=1 people_inside=1
2026-08-28 10:27:09,456 INFO __main__: summary updated end=2026-08-19 11:26:04
2026-08-28 10:27:09,456 INFO peoplein.stream: analysis interval ready start=2026-08-19 11:26:04 end=2026-08-19 11:27:41
2026-08-28 10:27:17,802 INFO peoplein.stream: decoded entrance/20260819-112604.mkv: 485 frames
2026-08-28 10:27:17,802 INFO peoplein.stream: decoded loby/20260819-112241.mkv: 485 frames
2026-08-28 10:27:17,820 INFO __main__: analysis interval completed start=2026-08-19 11:26:04 end=2026-08-19 11:27:41 frames=970 ticks=485 entered=2 exited=1 people_inside=1
2026-08-28 10:27:17,823 INFO __main__: summary updated end=2026-08-19 11:27:41
2026-08-28 10:27:17,823 INFO peoplein.stream: analysis interval ready start=2026-08-19 11:27:41 end=2026-08-19 11:31:04
2026-08-28 10:27:29,764 INFO peoplein.stream: decoded loby/20260819-112741.mkv: 1015 frames
2026-08-28 10:27:29,768 INFO peoplein.stream: decoded entrance/20260819-112604.mkv: 1015 frames
2026-08-28 10:27:29,781 INFO __main__: analysis interval completed start=2026-08-19 11:27:41 end=2026-08-19 11:31:04 frames=2030 ticks=1015 entered=2 exited=1 people_inside=1
2026-08-28 10:27:29,784 INFO __main__: summary updated end=2026-08-19 11:31:04
2026-08-28 10:27:29,784 INFO peoplein.stream: analysis interval ready start=2026-08-19 11:31:04 end=2026-08-19 11:32:41
2026-08-28 10:27:38,215 INFO peoplein.stream: decoded loby/20260819-112741.mkv: 480 frames
2026-08-28 10:27:38,300 INFO peoplein.stream: decoded entrance/20260819-113104.mkv: 485 frames
2026-08-28 10:27:38,309 INFO peoplein.stream: decoded loby/20260819-113240.mkv: 5 frames
2026-08-28 10:27:38,322 INFO __main__: analysis interval completed start=2026-08-19 11:31:04 end=2026-08-19 11:32:41 frames=970 ticks=485 entered=2 exited=1 people_inside=1
2026-08-28 10:27:38,325 INFO __main__: summary updated end=2026-08-19 11:32:41
2026-08-28 10:27:38,325 INFO peoplein.stream: analysis interval ready start=2026-08-19 11:32:40 end=2026-08-19 11:36:04
2026-08-28 10:27:50,304 INFO peoplein.stream: decoded entrance/20260819-113104.mkv: 1020 frames
2026-08-28 10:27:50,305 INFO peoplein.stream: decoded loby/20260819-113240.mkv: 1020 frames
2026-08-28 10:27:50,322 INFO __main__: analysis interval completed start=2026-08-19 11:32:40 end=2026-08-19 11:36:04 frames=2040 ticks=1020 entered=2 exited=1 people_inside=1
2026-08-28 10:27:50,325 INFO __main__: summary updated end=2026-08-19 11:36:04
2026-08-28 10:27:50,325 INFO peoplein.stream: analysis interval ready start=2026-08-19 11:36:04 end=2026-08-19 11:37:40
2026-08-28 10:27:59,169 INFO peoplein.stream: decoded loby/20260819-113240.mkv: 480 frames
2026-08-28 10:27:59,169 INFO peoplein.stream: decoded entrance/20260819-113604.mkv: 480 frames
2026-08-28 10:27:59,187 INFO __main__: analysis interval completed start=2026-08-19 11:36:04 end=2026-08-19 11:37:40 frames=960 ticks=480 entered=2 exited=1 people_inside=1
2026-08-28 10:27:59,189 INFO __main__: summary updated end=2026-08-19 11:37:40
2026-08-28 10:27:59,189 INFO peoplein.stream: analysis interval ready start=2026-08-19 11:37:40 end=2026-08-19 11:41:04
2026-08-28 10:28:11,733 INFO peoplein.stream: decoded entrance/20260819-113604.mkv: 1020 frames
2026-08-28 10:28:11,737 INFO peoplein.stream: decoded loby/20260819-113740.mkv: 1020 frames
2026-08-28 10:28:11,750 INFO __main__: analysis interval completed start=2026-08-19 11:37:40 end=2026-08-19 11:41:04 frames=2040 ticks=1020 entered=2 exited=1 people_inside=1
2026-08-28 10:28:11,754 INFO __main__: summary updated end=2026-08-19 11:41:04
2026-08-28 10:28:11,754 INFO peoplein.stream: analysis interval ready start=2026-08-19 11:41:04 end=2026-08-19 11:42:40
2026-08-28 10:28:20,036 INFO peoplein.stream: decoded loby/20260819-113740.mkv: 480 frames
2026-08-28 10:28:20,041 INFO peoplein.stream: decoded entrance/20260819-114104.mkv: 480 frames
2026-08-28 10:28:20,054 INFO __main__: analysis interval completed start=2026-08-19 11:41:04 end=2026-08-19 11:42:40 frames=960 ticks=480 entered=2 exited=1 people_inside=1
2026-08-28 10:28:20,057 INFO __main__: summary updated end=2026-08-19 11:42:40
2026-08-28 10:28:20,057 INFO peoplein.stream: analysis interval ready start=2026-08-19 11:42:40 end=2026-08-19 11:46:04
2026-08-28 10:28:33,427 INFO peoplein.stream: decoded loby/20260819-114240.mkv: 1020 frames
2026-08-28 10:28:33,428 INFO peoplein.stream: decoded entrance/20260819-114104.mkv: 1020 frames
2026-08-28 10:28:33,444 INFO __main__: analysis interval completed start=2026-08-19 11:42:40 end=2026-08-19 11:46:04 frames=2040 ticks=1020 entered=2 exited=1 people_inside=1
2026-08-28 10:28:33,447 INFO __main__: summary updated end=2026-08-19 11:46:04
2026-08-28 10:28:33,447 INFO peoplein.stream: analysis interval ready start=2026-08-19 11:46:04 end=2026-08-19 11:47:42
2026-08-28 10:28:42,063 INFO peoplein.stream: decoded loby/20260819-114240.mkv: 490 frames
2026-08-28 10:28:42,063 INFO peoplein.stream: decoded entrance/20260819-114604.mkv: 490 frames
2026-08-28 10:28:42,080 INFO __main__: analysis interval completed start=2026-08-19 11:46:04 end=2026-08-19 11:47:42 frames=980 ticks=490 entered=2 exited=1 people_inside=1
2026-08-28 10:28:42,082 INFO __main__: summary updated end=2026-08-19 11:47:42
2026-08-28 10:28:42,083 INFO peoplein.stream: analysis interval ready start=2026-08-19 11:47:42 end=2026-08-19 11:51:04
2026-08-28 10:28:54,243 INFO peoplein.stream: decoded entrance/20260819-114604.mkv: 1010 frames
2026-08-28 10:28:54,245 INFO peoplein.stream: decoded loby/20260819-114742.mkv: 1010 frames
2026-08-28 10:28:54,261 INFO __main__: analysis interval completed start=2026-08-19 11:47:42 end=2026-08-19 11:51:04 frames=2020 ticks=1010 entered=2 exited=1 people_inside=1
2026-08-28 10:28:54,264 INFO __main__: summary updated end=2026-08-19 11:51:04
2026-08-28 10:28:54,264 INFO peoplein.stream: analysis interval ready start=2026-08-19 11:51:04 end=2026-08-19 11:52:42
2026-08-28 10:29:03,430 INFO peoplein.stream: decoded entrance/20260819-115104.mkv: 490 frames
2026-08-28 10:29:03,437 INFO peoplein.stream: decoded loby/20260819-114742.mkv: 490 frames
2026-08-28 10:29:03,456 INFO __main__: analysis interval completed start=2026-08-19 11:51:04 end=2026-08-19 11:52:42 frames=980 ticks=490 entered=2 exited=1 people_inside=1
2026-08-28 10:29:03,458 INFO __main__: summary updated end=2026-08-19 11:52:42
2026-08-28 10:29:03,458 INFO peoplein.stream: analysis interval ready start=2026-08-19 11:52:42 end=2026-08-19 11:56:04
2026-08-28 10:29:16,181 INFO peoplein.stream: decoded entrance/20260819-115104.mkv: 1010 frames
2026-08-28 10:29:16,182 INFO peoplein.stream: decoded loby/20260819-115242.mkv: 1010 frames
2026-08-28 10:29:16,199 INFO __main__: analysis interval completed start=2026-08-19 11:52:42 end=2026-08-19 11:56:04 frames=2020 ticks=1010 entered=2 exited=1 people_inside=1
2026-08-28 10:29:16,202 INFO __main__: summary updated end=2026-08-19 11:56:04
2026-08-28 10:29:16,202 INFO peoplein.stream: analysis interval ready start=2026-08-19 11:56:04 end=2026-08-19 11:57:42
2026-08-28 10:29:24,738 INFO peoplein.stream: decoded loby/20260819-115242.mkv: 490 frames
2026-08-28 10:29:24,740 INFO peoplein.stream: decoded entrance/20260819-115604.mkv: 490 frames
2026-08-28 10:29:24,756 INFO __main__: analysis interval completed start=2026-08-19 11:56:04 end=2026-08-19 11:57:42 frames=980 ticks=490 entered=2 exited=1 people_inside=1
2026-08-28 10:29:24,759 INFO __main__: summary updated end=2026-08-19 11:57:42
2026-08-28 10:29:24,759 INFO peoplein.stream: analysis interval ready start=2026-08-19 11:57:42 end=2026-08-19 12:01:04
2026-08-28 10:29:37,933 INFO peoplein.stream: decoded entrance/20260819-115604.mkv: 1010 frames
2026-08-28 10:29:37,933 INFO peoplein.stream: decoded loby/20260819-115742.mkv: 1010 frames
2026-08-28 10:29:37,952 INFO __main__: analysis interval completed start=2026-08-19 11:57:42 end=2026-08-19 12:01:04 frames=2020 ticks=1010 entered=2 exited=1 people_inside=1
2026-08-28 10:29:37,955 INFO __main__: summary updated end=2026-08-19 12:01:04
2026-08-28 10:29:37,955 INFO peoplein.stream: analysis interval ready start=2026-08-19 12:01:04 end=2026-08-19 12:02:42
2026-08-28 10:29:47,291 INFO peoplein.stream: decoded loby/20260819-115742.mkv: 490 frames
2026-08-28 10:29:47,295 INFO peoplein.stream: decoded entrance/20260819-120104.mkv: 490 frames
2026-08-28 10:29:47,309 INFO __main__: analysis interval completed start=2026-08-19 12:01:04 end=2026-08-19 12:02:42 frames=980 ticks=490 entered=2 exited=1 people_inside=1
2026-08-28 10:29:47,312 INFO __main__: summary updated end=2026-08-19 12:02:42
2026-08-28 10:29:47,312 INFO peoplein.stream: analysis interval ready start=2026-08-19 12:02:42 end=2026-08-19 12:06:04
2026-08-28 10:30:00,890 INFO peoplein.stream: decoded entrance/20260819-120104.mkv: 1010 frames
2026-08-28 10:30:00,890 INFO peoplein.stream: decoded loby/20260819-120242.mkv: 1010 frames
2026-08-28 10:30:00,908 INFO __main__: analysis interval completed start=2026-08-19 12:02:42 end=2026-08-19 12:06:04 frames=2020 ticks=1010 entered=2 exited=1 people_inside=1
2026-08-28 10:30:00,910 INFO __main__: summary updated end=2026-08-19 12:06:04
2026-08-28 10:30:00,911 INFO peoplein.stream: analysis interval ready start=2026-08-19 12:06:04 end=2026-08-19 12:07:42
2026-08-28 10:30:09,464 INFO peoplein.stream: decoded loby/20260819-120242.mkv: 485 frames
2026-08-28 10:30:09,552 INFO peoplein.stream: decoded entrance/20260819-120604.mkv: 490 frames
2026-08-28 10:30:09,560 INFO peoplein.stream: decoded loby/20260819-120741.mkv: 5 frames
2026-08-28 10:30:09,572 INFO __main__: analysis interval completed start=2026-08-19 12:06:04 end=2026-08-19 12:07:42 frames=980 ticks=490 entered=2 exited=1 people_inside=1
2026-08-28 10:30:09,575 INFO __main__: summary updated end=2026-08-19 12:07:42
2026-08-28 10:30:09,575 INFO peoplein.stream: analysis interval ready start=2026-08-19 12:07:41 end=2026-08-19 12:11:04
2026-08-28 10:30:22,631 INFO peoplein.stream: decoded loby/20260819-120741.mkv: 1015 frames
2026-08-28 10:30:22,631 INFO peoplein.stream: decoded entrance/20260819-120604.mkv: 1015 frames
2026-08-28 10:30:22,648 INFO __main__: analysis interval completed start=2026-08-19 12:07:41 end=2026-08-19 12:11:04 frames=2030 ticks=1015 entered=2 exited=1 people_inside=1
2026-08-28 10:30:22,651 INFO __main__: summary updated end=2026-08-19 12:11:04
2026-08-28 10:30:22,652 INFO peoplein.stream: analysis interval ready start=2026-08-19 12:11:04 end=2026-08-19 12:12:41
2026-08-28 10:30:31,969 INFO peoplein.stream: decoded entrance/20260819-121104.mkv: 485 frames
2026-08-28 10:30:31,970 INFO peoplein.stream: decoded loby/20260819-120741.mkv: 485 frames
2026-08-28 10:30:31,987 INFO __main__: analysis interval completed start=2026-08-19 12:11:04 end=2026-08-19 12:12:41 frames=970 ticks=485 entered=2 exited=1 people_inside=1
2026-08-28 10:30:31,990 INFO __main__: summary updated end=2026-08-19 12:12:41
2026-08-28 10:30:31,990 INFO peoplein.stream: analysis interval ready start=2026-08-19 12:12:41 end=2026-08-19 12:16:04
2026-08-28 10:30:44,691 INFO peoplein.stream: decoded loby/20260819-121241.mkv: 1015 frames
2026-08-28 10:30:44,692 INFO peoplein.stream: decoded entrance/20260819-121104.mkv: 1015 frames
2026-08-28 10:30:44,709 INFO __main__: analysis interval completed start=2026-08-19 12:12:41 end=2026-08-19 12:16:04 frames=2030 ticks=1015 entered=2 exited=1 people_inside=1
2026-08-28 10:30:44,712 INFO __main__: summary updated end=2026-08-19 12:16:04
2026-08-28 10:30:44,712 INFO peoplein.stream: analysis interval ready start=2026-08-19 12:16:04 end=2026-08-19 12:17:41
2026-08-28 10:30:53,204 INFO peoplein.stream: decoded loby/20260819-121241.mkv: 485 frames
2026-08-28 10:30:53,204 INFO peoplein.stream: decoded entrance/20260819-121604.mkv: 485 frames
2026-08-28 10:30:53,221 INFO __main__: analysis interval completed start=2026-08-19 12:16:04 end=2026-08-19 12:17:41 frames=970 ticks=485 entered=2 exited=1 people_inside=1
2026-08-28 10:30:53,224 INFO __main__: summary updated end=2026-08-19 12:17:41
2026-08-28 10:30:53,224 INFO peoplein.stream: analysis interval ready start=2026-08-19 12:17:41 end=2026-08-19 12:21:04
2026-08-28 10:31:05,665 INFO peoplein.stream: decoded entrance/20260819-121604.mkv: 1015 frames
2026-08-28 10:31:05,665 INFO peoplein.stream: decoded loby/20260819-121741.mkv: 1015 frames
2026-08-28 10:31:05,682 INFO __main__: analysis interval completed start=2026-08-19 12:17:41 end=2026-08-19 12:21:04 frames=2030 ticks=1015 entered=2 exited=1 people_inside=1
2026-08-28 10:31:05,685 INFO __main__: summary updated end=2026-08-19 12:21:04
2026-08-28 10:31:05,685 INFO peoplein.stream: analysis interval ready start=2026-08-19 12:21:04 end=2026-08-19 12:22:41
2026-08-28 10:31:14,910 INFO peoplein.stream: decoded loby/20260819-121741.mkv: 485 frames
2026-08-28 10:31:14,910 INFO peoplein.stream: decoded entrance/20260819-122104.mkv: 485 frames
2026-08-28 10:31:14,927 INFO __main__: analysis interval completed start=2026-08-19 12:21:04 end=2026-08-19 12:22:41 frames=970 ticks=485 entered=2 exited=1 people_inside=1
2026-08-28 10:31:14,930 INFO __main__: summary updated end=2026-08-19 12:22:41
2026-08-28 10:31:14,930 INFO peoplein.stream: analysis interval ready start=2026-08-19 12:22:41 end=2026-08-19 12:26:04
2026-08-28 10:31:28,017 INFO peoplein.stream: decoded entrance/20260819-122104.mkv: 1015 frames
2026-08-28 10:31:28,017 INFO peoplein.stream: decoded loby/20260819-122241.mkv: 1015 frames
2026-08-28 10:31:28,035 INFO __main__: analysis interval completed start=2026-08-19 12:22:41 end=2026-08-19 12:26:04 frames=2030 ticks=1015 entered=2 exited=1 people_inside=1
2026-08-28 10:31:28,038 INFO __main__: summary updated end=2026-08-19 12:26:04
2026-08-28 10:31:28,038 INFO peoplein.stream: analysis interval ready start=2026-08-19 12:26:04 end=2026-08-19 12:27:41
2026-08-28 10:31:37,126 INFO peoplein.stream: decoded loby/20260819-122241.mkv: 485 frames
2026-08-28 10:31:37,126 INFO peoplein.stream: decoded entrance/20260819-122604.mkv: 485 frames
2026-08-28 10:31:37,170 INFO __main__: analysis interval completed start=2026-08-19 12:26:04 end=2026-08-19 12:27:41 frames=970 ticks=485 entered=2 exited=1 people_inside=1
2026-08-28 10:31:37,174 INFO __main__: summary updated end=2026-08-19 12:27:41
2026-08-28 10:31:37,177 INFO peoplein.stream: analysis interval ready start=2026-08-19 12:27:41 end=2026-08-19 12:31:04
2026-08-28 10:31:49,345 INFO peoplein.stream: decoded entrance/20260819-122604.mkv: 1015 frames
2026-08-28 10:31:49,348 INFO peoplein.stream: decoded loby/20260819-122741.mkv: 1015 frames
2026-08-28 10:31:49,365 INFO __main__: analysis interval completed start=2026-08-19 12:27:41 end=2026-08-19 12:31:04 frames=2030 ticks=1015 entered=2 exited=1 people_inside=1
2026-08-28 10:31:49,368 INFO __main__: summary updated end=2026-08-19 12:31:04
2026-08-28 10:31:49,368 INFO peoplein.stream: analysis interval ready start=2026-08-19 12:31:04 end=2026-08-19 12:32:41
2026-08-28 10:31:58,352 INFO peoplein.stream: decoded loby/20260819-122741.mkv: 485 frames
2026-08-28 10:31:58,355 INFO peoplein.stream: decoded entrance/20260819-123104.mkv: 485 frames
2026-08-28 10:31:58,370 INFO __main__: analysis interval completed start=2026-08-19 12:31:04 end=2026-08-19 12:32:41 frames=970 ticks=485 entered=2 exited=1 people_inside=1
2026-08-28 10:31:58,373 INFO __main__: summary updated end=2026-08-19 12:32:41
2026-08-28 10:31:58,373 INFO peoplein.stream: analysis interval ready start=2026-08-19 12:32:41 end=2026-08-19 12:36:04
2026-08-28 10:32:10,586 INFO peoplein.stream: decoded loby/20260819-123241.mkv: 1015 frames
2026-08-28 10:32:10,586 INFO peoplein.stream: decoded entrance/20260819-123104.mkv: 1015 frames
2026-08-28 10:32:10,603 INFO __main__: analysis interval completed start=2026-08-19 12:32:41 end=2026-08-19 12:36:04 frames=2030 ticks=1015 entered=2 exited=1 people_inside=1
2026-08-28 10:32:10,606 INFO __main__: summary updated end=2026-08-19 12:36:04
2026-08-28 10:32:10,606 INFO peoplein.stream: analysis interval ready start=2026-08-19 12:36:04 end=2026-08-19 12:37:41
2026-08-28 10:32:19,682 INFO peoplein.stream: decoded entrance/20260819-123604.mkv: 485 frames
2026-08-28 10:32:19,682 INFO peoplein.stream: decoded loby/20260819-123241.mkv: 485 frames
2026-08-28 10:32:19,698 INFO __main__: analysis interval completed start=2026-08-19 12:36:04 end=2026-08-19 12:37:41 frames=970 ticks=485 entered=2 exited=1 people_inside=1
2026-08-28 10:32:19,701 INFO __main__: summary updated end=2026-08-19 12:37:41
2026-08-28 10:32:19,701 INFO peoplein.stream: analysis interval ready start=2026-08-19 12:37:41 end=2026-08-19 12:41:04
2026-08-28 10:32:33,237 INFO peoplein.stream: decoded entrance/20260819-123604.mkv: 1015 frames
2026-08-28 10:32:33,241 INFO peoplein.stream: decoded loby/20260819-123741.mkv: 1015 frames
2026-08-28 10:32:33,255 INFO __main__: analysis interval completed start=2026-08-19 12:37:41 end=2026-08-19 12:41:04 frames=2030 ticks=1015 entered=2 exited=1 people_inside=1
2026-08-28 10:32:33,258 INFO __main__: summary updated end=2026-08-19 12:41:04
2026-08-28 10:32:33,259 INFO peoplein.stream: analysis interval ready start=2026-08-19 12:41:04 end=2026-08-19 12:42:41
2026-08-28 10:32:42,176 INFO peoplein.stream: decoded loby/20260819-123741.mkv: 485 frames
2026-08-28 10:32:42,176 INFO peoplein.stream: decoded entrance/20260819-124104.mkv: 485 frames
2026-08-28 10:32:42,193 INFO __main__: analysis interval completed start=2026-08-19 12:41:04 end=2026-08-19 12:42:41 frames=970 ticks=485 entered=2 exited=1 people_inside=1
2026-08-28 10:32:42,196 INFO __main__: summary updated end=2026-08-19 12:42:41
2026-08-28 10:32:42,196 INFO peoplein.stream: analysis interval ready start=2026-08-19 12:42:41 end=2026-08-19 12:46:04
2026-08-28 10:32:54,269 INFO peoplein.stream: decoded loby/20260819-124241.mkv: 1015 frames
2026-08-28 10:32:54,271 INFO peoplein.stream: decoded entrance/20260819-124104.mkv: 1015 frames
2026-08-28 10:32:54,286 INFO __main__: analysis interval completed start=2026-08-19 12:42:41 end=2026-08-19 12:46:04 frames=2030 ticks=1015 entered=2 exited=1 people_inside=1
2026-08-28 10:32:54,289 INFO __main__: summary updated end=2026-08-19 12:46:04
2026-08-28 10:32:54,289 INFO peoplein.stream: analysis interval ready start=2026-08-19 12:46:04 end=2026-08-19 12:47:41
2026-08-28 10:33:03,294 INFO peoplein.stream: decoded loby/20260819-124241.mkv: 480 frames
2026-08-28 10:33:03,385 INFO peoplein.stream: decoded entrance/20260819-124604.mkv: 485 frames
2026-08-28 10:33:03,387 INFO peoplein.stream: decoded loby/20260819-124740.mkv: 5 frames
2026-08-28 10:33:03,404 INFO __main__: analysis interval completed start=2026-08-19 12:46:04 end=2026-08-19 12:47:41 frames=970 ticks=485 entered=2 exited=1 people_inside=1
2026-08-28 10:33:03,407 INFO __main__: summary updated end=2026-08-19 12:47:41
2026-08-28 10:33:03,407 INFO peoplein.stream: analysis interval ready start=2026-08-19 12:47:40 end=2026-08-19 12:51:04
2026-08-28 10:33:16,131 INFO peoplein.stream: decoded entrance/20260819-124604.mkv: 1020 frames
2026-08-28 10:33:16,132 INFO peoplein.stream: decoded loby/20260819-124740.mkv: 1020 frames
2026-08-28 10:33:16,149 INFO __main__: analysis interval completed start=2026-08-19 12:47:40 end=2026-08-19 12:51:04 frames=2040 ticks=1020 entered=2 exited=1 people_inside=1
2026-08-28 10:33:16,152 INFO __main__: summary updated end=2026-08-19 12:51:04
2026-08-28 10:33:16,152 INFO peoplein.stream: analysis interval ready start=2026-08-19 12:51:04 end=2026-08-19 12:52:40
2026-08-28 10:33:24,614 INFO peoplein.stream: decoded loby/20260819-124740.mkv: 480 frames
2026-08-28 10:33:24,616 INFO peoplein.stream: decoded entrance/20260819-125104.mkv: 480 frames
2026-08-28 10:33:24,632 INFO __main__: analysis interval completed start=2026-08-19 12:51:04 end=2026-08-19 12:52:40 frames=960 ticks=480 entered=2 exited=1 people_inside=1
2026-08-28 10:33:24,634 INFO __main__: summary updated end=2026-08-19 12:52:40
2026-08-28 10:33:24,635 INFO peoplein.stream: analysis interval ready start=2026-08-19 12:52:40 end=2026-08-19 12:56:04
2026-08-28 10:33:37,604 INFO peoplein.stream: decoded loby/20260819-125240.mkv: 1020 frames
2026-08-28 10:33:37,604 INFO peoplein.stream: decoded entrance/20260819-125104.mkv: 1020 frames
2026-08-28 10:33:37,622 INFO __main__: analysis interval completed start=2026-08-19 12:52:40 end=2026-08-19 12:56:04 frames=2040 ticks=1020 entered=2 exited=1 people_inside=1
2026-08-28 10:33:37,625 INFO __main__: summary updated end=2026-08-19 12:56:04
2026-08-28 10:33:37,625 INFO peoplein.stream: analysis interval ready start=2026-08-19 12:56:04 end=2026-08-19 12:57:40
2026-08-28 10:33:46,201 INFO peoplein.stream: decoded loby/20260819-125240.mkv: 480 frames
2026-08-28 10:33:46,201 INFO peoplein.stream: decoded entrance/20260819-125604.mkv: 480 frames
2026-08-28 10:33:46,217 INFO __main__: analysis interval completed start=2026-08-19 12:56:04 end=2026-08-19 12:57:40 frames=960 ticks=480 entered=2 exited=1 people_inside=1
2026-08-28 10:33:46,220 INFO __main__: summary updated end=2026-08-19 12:57:40
2026-08-28 10:33:46,220 INFO peoplein.stream: analysis interval ready start=2026-08-19 12:57:40 end=2026-08-19 13:01:04
2026-08-28 10:33:58,334 INFO peoplein.stream: decoded entrance/20260819-125604.mkv: 1020 frames
2026-08-28 10:33:58,334 INFO peoplein.stream: decoded loby/20260819-125740.mkv: 1020 frames
2026-08-28 10:33:58,353 INFO __main__: analysis interval completed start=2026-08-19 12:57:40 end=2026-08-19 13:01:04 frames=2040 ticks=1020 entered=2 exited=1 people_inside=1
2026-08-28 10:33:58,356 INFO __main__: summary updated end=2026-08-19 13:01:04
2026-08-28 10:33:58,356 INFO peoplein.stream: analysis interval ready start=2026-08-19 13:01:04 end=2026-08-19 13:02:40
2026-08-28 10:34:06,853 INFO peoplein.stream: decoded entrance/20260819-130104.mkv: 480 frames
2026-08-28 10:34:06,853 INFO peoplein.stream: decoded loby/20260819-125740.mkv: 480 frames
2026-08-28 10:34:06,871 INFO __main__: analysis interval completed start=2026-08-19 13:01:04 end=2026-08-19 13:02:40 frames=960 ticks=480 entered=2 exited=1 people_inside=1
2026-08-28 10:34:06,874 INFO __main__: summary updated end=2026-08-19 13:02:40
2026-08-28 10:34:06,874 INFO peoplein.stream: analysis interval ready start=2026-08-19 13:02:40 end=2026-08-19 13:06:04
2026-08-28 10:34:20,148 INFO peoplein.stream: decoded loby/20260819-130240.mkv: 1020 frames
2026-08-28 10:34:20,149 INFO peoplein.stream: decoded entrance/20260819-130104.mkv: 1020 frames
2026-08-28 10:34:20,167 INFO __main__: analysis interval completed start=2026-08-19 13:02:40 end=2026-08-19 13:06:04 frames=2040 ticks=1020 entered=2 exited=1 people_inside=1
2026-08-28 10:34:20,170 INFO __main__: summary updated end=2026-08-19 13:06:04
2026-08-28 10:34:20,170 INFO peoplein.stream: analysis interval ready start=2026-08-19 13:06:04 end=2026-08-19 13:07:42
2026-08-28 10:34:28,814 INFO peoplein.stream: decoded loby/20260819-130240.mkv: 490 frames
2026-08-28 10:34:28,814 INFO peoplein.stream: decoded entrance/20260819-130604.mkv: 490 frames
2026-08-28 10:34:28,831 INFO __main__: analysis interval completed start=2026-08-19 13:06:04 end=2026-08-19 13:07:42 frames=980 ticks=490 entered=2 exited=1 people_inside=1
2026-08-28 10:34:28,834 INFO __main__: summary updated end=2026-08-19 13:07:42
2026-08-28 10:34:28,834 INFO peoplein.stream: analysis interval ready start=2026-08-19 13:07:42 end=2026-08-19 13:11:04
2026-08-28 10:34:43,151 INFO peoplein.stream: decoded loby/20260819-130742.mkv: 1010 frames
2026-08-28 10:34:43,151 INFO peoplein.stream: decoded entrance/20260819-130604.mkv: 1010 frames
2026-08-28 10:34:43,168 INFO __main__: analysis interval completed start=2026-08-19 13:07:42 end=2026-08-19 13:11:04 frames=2020 ticks=1010 entered=2 exited=1 people_inside=1
2026-08-28 10:34:43,171 INFO __main__: summary updated end=2026-08-19 13:11:04
2026-08-28 10:34:43,171 INFO peoplein.stream: analysis interval ready start=2026-08-19 13:11:04 end=2026-08-19 13:12:42
2026-08-28 10:34:52,569 INFO peoplein.stream: decoded entrance/20260819-131104.mkv: 490 frames
2026-08-28 10:34:52,573 INFO peoplein.stream: decoded loby/20260819-130742.mkv: 490 frames
2026-08-28 10:34:52,587 INFO __main__: analysis interval completed start=2026-08-19 13:11:04 end=2026-08-19 13:12:42 frames=980 ticks=490 entered=2 exited=1 people_inside=1
2026-08-28 10:34:52,590 INFO __main__: summary updated end=2026-08-19 13:12:42
2026-08-28 10:34:52,590 INFO peoplein.stream: analysis interval ready start=2026-08-19 13:12:42 end=2026-08-19 13:16:04
2026-08-28 10:35:06,395 INFO peoplein.stream: decoded entrance/20260819-131104.mkv: 1010 frames
2026-08-28 10:35:06,395 INFO peoplein.stream: decoded loby/20260819-131242.mkv: 1010 frames
2026-08-28 10:35:06,413 INFO __main__: analysis interval completed start=2026-08-19 13:12:42 end=2026-08-19 13:16:04 frames=2020 ticks=1010 entered=2 exited=1 people_inside=1
2026-08-28 10:35:06,416 INFO __main__: summary updated end=2026-08-19 13:16:04
2026-08-28 10:35:06,416 INFO peoplein.stream: analysis interval ready start=2026-08-19 13:16:04 end=2026-08-19 13:17:42
2026-08-28 10:35:15,393 INFO peoplein.stream: decoded entrance/20260819-131604.mkv: 490 frames
2026-08-28 10:35:15,393 INFO peoplein.stream: decoded loby/20260819-131242.mkv: 490 frames
2026-08-28 10:35:15,410 INFO __main__: analysis interval completed start=2026-08-19 13:16:04 end=2026-08-19 13:17:42 frames=980 ticks=490 entered=2 exited=1 people_inside=1
2026-08-28 10:35:15,413 INFO __main__: summary updated end=2026-08-19 13:17:42
2026-08-28 10:35:15,413 INFO peoplein.stream: analysis interval ready start=2026-08-19 13:17:42 end=2026-08-19 13:21:04
2026-08-28 10:35:30,142 INFO peoplein.stream: decoded loby/20260819-131742.mkv: 1010 frames
2026-08-28 10:35:30,142 INFO peoplein.stream: decoded entrance/20260819-131604.mkv: 1010 frames
2026-08-28 10:35:30,160 INFO __main__: analysis interval completed start=2026-08-19 13:17:42 end=2026-08-19 13:21:04 frames=2020 ticks=1010 entered=2 exited=1 people_inside=1
2026-08-28 10:35:30,163 INFO __main__: summary updated end=2026-08-19 13:21:04
2026-08-28 10:35:30,163 INFO peoplein.stream: analysis interval ready start=2026-08-19 13:21:04 end=2026-08-19 13:22:42
2026-08-28 10:35:38,713 INFO peoplein.stream: decoded entrance/20260819-132104.mkv: 490 frames
2026-08-28 10:35:38,713 INFO peoplein.stream: decoded loby/20260819-131742.mkv: 490 frames
2026-08-28 10:35:38,730 INFO __main__: analysis interval completed start=2026-08-19 13:21:04 end=2026-08-19 13:22:42 frames=980 ticks=490 entered=2 exited=1 people_inside=1
2026-08-28 10:35:38,733 INFO __main__: summary updated end=2026-08-19 13:22:42
2026-08-28 10:35:38,733 INFO peoplein.stream: analysis interval ready start=2026-08-19 13:22:42 end=2026-08-19 13:26:04
2026-08-28 10:35:50,987 INFO peoplein.stream: decoded entrance/20260819-132104.mkv: 1010 frames
2026-08-28 10:35:50,987 INFO peoplein.stream: decoded loby/20260819-132242.mkv: 1010 frames
2026-08-28 10:35:51,005 INFO __main__: analysis interval completed start=2026-08-19 13:22:42 end=2026-08-19 13:26:04 frames=2020 ticks=1010 entered=2 exited=1 people_inside=1
2026-08-28 10:35:51,009 INFO __main__: summary updated end=2026-08-19 13:26:04
2026-08-28 10:35:51,009 INFO peoplein.stream: analysis interval ready start=2026-08-19 13:26:04 end=2026-08-19 13:27:42
2026-08-28 10:36:00,190 INFO peoplein.stream: decoded loby/20260819-132242.mkv: 485 frames
2026-08-28 10:36:00,283 INFO peoplein.stream: decoded entrance/20260819-132604.mkv: 490 frames
2026-08-28 10:36:00,283 INFO peoplein.stream: decoded loby/20260819-132741.mkv: 5 frames
2026-08-28 10:36:00,301 INFO __main__: analysis interval completed start=2026-08-19 13:26:04 end=2026-08-19 13:27:42 frames=980 ticks=490 entered=2 exited=1 people_inside=1
2026-08-28 10:36:00,304 INFO __main__: summary updated end=2026-08-19 13:27:42
2026-08-28 10:36:00,304 INFO peoplein.stream: analysis interval ready start=2026-08-19 13:27:41 end=2026-08-19 13:31:04
2026-08-28 10:36:13,621 INFO peoplein.stream: decoded entrance/20260819-132604.mkv: 1015 frames
2026-08-28 10:36:13,622 INFO peoplein.stream: decoded loby/20260819-132741.mkv: 1015 frames
2026-08-28 10:36:13,640 INFO __main__: analysis interval completed start=2026-08-19 13:27:41 end=2026-08-19 13:31:04 frames=2030 ticks=1015 entered=2 exited=1 people_inside=1
2026-08-28 10:36:13,643 INFO __main__: summary updated end=2026-08-19 13:31:04
2026-08-28 10:36:13,643 INFO peoplein.stream: analysis interval ready start=2026-08-19 13:31:04 end=2026-08-19 13:32:41
2026-08-28 10:36:22,138 INFO peoplein.stream: decoded loby/20260819-132741.mkv: 485 frames
2026-08-28 10:36:22,141 INFO peoplein.stream: decoded entrance/20260819-133104.mkv: 485 frames
2026-08-28 10:36:22,156 INFO __main__: analysis interval completed start=2026-08-19 13:31:04 end=2026-08-19 13:32:41 frames=970 ticks=485 entered=2 exited=1 people_inside=1
2026-08-28 10:36:22,159 INFO __main__: summary updated end=2026-08-19 13:32:41
2026-08-28 10:36:22,159 INFO peoplein.stream: analysis interval ready start=2026-08-19 13:32:41 end=2026-08-19 13:36:04
2026-08-28 10:36:34,899 INFO peoplein.stream: decoded loby/20260819-133241.mkv: 1015 frames
2026-08-28 10:36:34,902 INFO peoplein.stream: decoded entrance/20260819-133104.mkv: 1015 frames
2026-08-28 10:36:34,917 INFO __main__: analysis interval completed start=2026-08-19 13:32:41 end=2026-08-19 13:36:04 frames=2030 ticks=1015 entered=2 exited=1 people_inside=1
2026-08-28 10:36:34,920 INFO __main__: summary updated end=2026-08-19 13:36:04
2026-08-28 10:36:34,920 INFO peoplein.stream: analysis interval ready start=2026-08-19 13:36:04 end=2026-08-19 13:37:41
2026-08-28 10:36:43,611 INFO peoplein.stream: decoded entrance/20260819-133604.mkv: 485 frames
2026-08-28 10:36:43,611 INFO peoplein.stream: decoded loby/20260819-133241.mkv: 485 frames
2026-08-28 10:36:43,629 INFO __main__: analysis interval completed start=2026-08-19 13:36:04 end=2026-08-19 13:37:41 frames=970 ticks=485 entered=2 exited=1 people_inside=1
2026-08-28 10:36:43,632 INFO __main__: summary updated end=2026-08-19 13:37:41
2026-08-28 10:36:43,632 INFO peoplein.stream: analysis interval ready start=2026-08-19 13:37:41 end=2026-08-19 13:41:04
2026-08-28 10:36:56,393 INFO peoplein.stream: decoded loby/20260819-133741.mkv: 1015 frames
2026-08-28 10:36:56,397 INFO peoplein.stream: decoded entrance/20260819-133604.mkv: 1015 frames
2026-08-28 10:36:56,411 INFO __main__: analysis interval completed start=2026-08-19 13:37:41 end=2026-08-19 13:41:04 frames=2030 ticks=1015 entered=2 exited=1 people_inside=1
2026-08-28 10:36:56,414 INFO __main__: summary updated end=2026-08-19 13:41:04
2026-08-28 10:36:56,414 INFO peoplein.stream: analysis interval ready start=2026-08-19 13:41:04 end=2026-08-19 13:42:41
2026-08-28 10:37:06,041 INFO peoplein.stream: decoded entrance/20260819-134104.mkv: 485 frames
2026-08-28 10:37:06,042 INFO peoplein.stream: decoded loby/20260819-133741.mkv: 485 frames
2026-08-28 10:37:06,059 INFO __main__: analysis interval completed start=2026-08-19 13:41:04 end=2026-08-19 13:42:41 frames=970 ticks=485 entered=2 exited=1 people_inside=1
2026-08-28 10:37:06,062 INFO __main__: summary updated end=2026-08-19 13:42:41
2026-08-28 10:37:06,062 INFO peoplein.stream: analysis interval ready start=2026-08-19 13:42:41 end=2026-08-19 13:46:04
2026-08-28 10:37:18,102 INFO peoplein.stream: decoded entrance/20260819-134104.mkv: 1015 frames
2026-08-28 10:37:18,105 INFO peoplein.stream: decoded loby/20260819-134241.mkv: 1015 frames
2026-08-28 10:37:18,119 INFO __main__: analysis interval completed start=2026-08-19 13:42:41 end=2026-08-19 13:46:04 frames=2030 ticks=1015 entered=2 exited=1 people_inside=1
2026-08-28 10:37:18,122 INFO __main__: summary updated end=2026-08-19 13:46:04
2026-08-28 10:37:18,123 INFO peoplein.stream: analysis interval ready start=2026-08-19 13:46:04 end=2026-08-19 13:47:41
2026-08-28 10:37:26,852 INFO peoplein.stream: decoded entrance/20260819-134604.mkv: 485 frames
2026-08-28 10:37:26,860 INFO peoplein.stream: decoded loby/20260819-134241.mkv: 485 frames
2026-08-28 10:37:26,895 INFO __main__: analysis interval completed start=2026-08-19 13:46:04 end=2026-08-19 13:47:41 frames=970 ticks=485 entered=2 exited=1 people_inside=1
2026-08-28 10:37:26,897 INFO __main__: summary updated end=2026-08-19 13:47:41
2026-08-28 10:37:26,898 INFO peoplein.stream: analysis interval ready start=2026-08-19 13:47:41 end=2026-08-19 13:51:04
2026-08-28 10:37:39,082 INFO peoplein.stream: decoded loby/20260819-134741.mkv: 1015 frames
2026-08-28 10:37:39,082 INFO peoplein.stream: decoded entrance/20260819-134604.mkv: 1015 frames
2026-08-28 10:37:39,100 INFO __main__: analysis interval completed start=2026-08-19 13:47:41 end=2026-08-19 13:51:04 frames=2030 ticks=1015 entered=2 exited=1 people_inside=1
2026-08-28 10:37:39,103 INFO __main__: summary updated end=2026-08-19 13:51:04
2026-08-28 10:37:39,103 INFO peoplein.stream: analysis interval ready start=2026-08-19 13:51:04 end=2026-08-19 13:52:41
2026-08-28 10:37:47,902 INFO peoplein.stream: decoded entrance/20260819-135104.mkv: 485 frames
2026-08-28 10:37:47,909 INFO peoplein.stream: decoded loby/20260819-134741.mkv: 485 frames
2026-08-28 10:37:47,943 INFO __main__: analysis interval completed start=2026-08-19 13:51:04 end=2026-08-19 13:52:41 frames=970 ticks=485 entered=2 exited=1 people_inside=1
2026-08-28 10:37:47,946 INFO __main__: summary updated end=2026-08-19 13:52:41
2026-08-28 10:37:47,946 INFO peoplein.stream: analysis interval ready start=2026-08-19 13:52:41 end=2026-08-19 13:56:04
2026-08-28 10:37:59,998 INFO peoplein.stream: decoded entrance/20260819-135104.mkv: 1015 frames
2026-08-28 10:37:59,998 INFO peoplein.stream: decoded loby/20260819-135241.mkv: 1015 frames
2026-08-28 10:38:00,016 INFO __main__: analysis interval completed start=2026-08-19 13:52:41 end=2026-08-19 13:56:04 frames=2030 ticks=1015 entered=2 exited=1 people_inside=1
2026-08-28 10:38:00,019 INFO __main__: summary updated end=2026-08-19 13:56:04
2026-08-28 10:38:00,019 INFO peoplein.stream: analysis interval ready start=2026-08-19 13:56:04 end=2026-08-19 13:57:41
2026-08-28 10:38:08,861 INFO peoplein.stream: decoded entrance/20260819-135604.mkv: 485 frames
2026-08-28 10:38:08,861 INFO peoplein.stream: decoded loby/20260819-135241.mkv: 485 frames
2026-08-28 10:38:08,880 INFO __main__: analysis interval completed start=2026-08-19 13:56:04 end=2026-08-19 13:57:41 frames=970 ticks=485 entered=2 exited=1 people_inside=1
2026-08-28 10:38:08,883 INFO __main__: summary updated end=2026-08-19 13:57:41
2026-08-28 10:38:08,883 INFO peoplein.stream: analysis interval ready start=2026-08-19 13:57:41 end=2026-08-19 14:01:04
2026-08-28 10:38:22,331 INFO peoplein.stream: decoded entrance/20260819-135604.mkv: 1015 frames
2026-08-28 10:38:22,334 INFO peoplein.stream: decoded loby/20260819-135741.mkv: 1015 frames
2026-08-28 10:38:22,349 INFO __main__: analysis interval completed start=2026-08-19 13:57:41 end=2026-08-19 14:01:04 frames=2030 ticks=1015 entered=2 exited=1 people_inside=1
2026-08-28 10:38:22,352 INFO __main__: summary updated end=2026-08-19 14:01:04
2026-08-28 10:38:22,353 INFO peoplein.stream: analysis interval ready start=2026-08-19 14:01:04 end=2026-08-19 14:02:41
2026-08-28 10:38:31,110 INFO peoplein.stream: decoded loby/20260819-135741.mkv: 485 frames
2026-08-28 10:38:31,111 INFO peoplein.stream: decoded entrance/20260819-140104.mkv: 485 frames
2026-08-28 10:38:31,128 INFO __main__: analysis interval completed start=2026-08-19 14:01:04 end=2026-08-19 14:02:41 frames=970 ticks=485 entered=2 exited=1 people_inside=1
2026-08-28 10:38:31,131 INFO __main__: summary updated end=2026-08-19 14:02:41
2026-08-28 10:38:31,131 INFO peoplein.stream: analysis interval ready start=2026-08-19 14:02:41 end=2026-08-19 14:06:04
2026-08-28 10:38:43,905 INFO peoplein.stream: decoded loby/20260819-140241.mkv: 1015 frames
2026-08-28 10:38:43,909 INFO peoplein.stream: decoded entrance/20260819-140104.mkv: 1015 frames
2026-08-28 10:38:43,923 INFO __main__: analysis interval completed start=2026-08-19 14:02:41 end=2026-08-19 14:06:04 frames=2030 ticks=1015 entered=2 exited=1 people_inside=1
2026-08-28 10:38:43,927 INFO __main__: summary updated end=2026-08-19 14:06:04
2026-08-28 10:38:43,927 INFO peoplein.stream: analysis interval ready start=2026-08-19 14:06:04 end=2026-08-19 14:07:41
2026-08-28 10:38:52,128 INFO peoplein.stream: decoded loby/20260819-140241.mkv: 480 frames
2026-08-28 10:38:52,208 INFO peoplein.stream: decoded entrance/20260819-140604.mkv: 485 frames
2026-08-28 10:38:52,221 INFO peoplein.stream: decoded loby/20260819-140740.mkv: 5 frames
2026-08-28 10:38:52,228 INFO __main__: analysis interval completed start=2026-08-19 14:06:04 end=2026-08-19 14:07:41 frames=970 ticks=485 entered=2 exited=1 people_inside=1
2026-08-28 10:38:52,231 INFO __main__: summary updated end=2026-08-19 14:07:41
2026-08-28 10:38:52,231 INFO peoplein.stream: analysis interval ready start=2026-08-19 14:07:40 end=2026-08-19 14:11:04
2026-08-28 10:39:04,780 INFO peoplein.stream: decoded loby/20260819-140740.mkv: 1020 frames
2026-08-28 10:39:04,784 INFO peoplein.stream: decoded entrance/20260819-140604.mkv: 1020 frames
2026-08-28 10:39:04,799 INFO __main__: analysis interval completed start=2026-08-19 14:07:40 end=2026-08-19 14:11:04 frames=2040 ticks=1020 entered=2 exited=1 people_inside=1
2026-08-28 10:39:04,802 INFO __main__: summary updated end=2026-08-19 14:11:04
2026-08-28 10:39:04,802 INFO peoplein.stream: analysis interval ready start=2026-08-19 14:11:04 end=2026-08-19 14:12:40
2026-08-28 10:39:13,679 INFO peoplein.stream: decoded entrance/20260819-141104.mkv: 480 frames
2026-08-28 10:39:13,679 INFO peoplein.stream: decoded loby/20260819-140740.mkv: 480 frames
2026-08-28 10:39:13,697 INFO __main__: analysis interval completed start=2026-08-19 14:11:04 end=2026-08-19 14:12:40 frames=960 ticks=480 entered=2 exited=1 people_inside=1
2026-08-28 10:39:13,700 INFO __main__: summary updated end=2026-08-19 14:12:40
2026-08-28 10:39:13,700 INFO peoplein.stream: analysis interval ready start=2026-08-19 14:12:40 end=2026-08-19 14:16:04
2026-08-28 10:39:26,072 INFO peoplein.stream: decoded loby/20260819-141240.mkv: 1020 frames
2026-08-28 10:39:26,072 INFO peoplein.stream: decoded entrance/20260819-141104.mkv: 1020 frames
2026-08-28 10:39:26,088 INFO __main__: analysis interval completed start=2026-08-19 14:12:40 end=2026-08-19 14:16:04 frames=2040 ticks=1020 entered=2 exited=1 people_inside=1
2026-08-28 10:39:26,091 INFO __main__: summary updated end=2026-08-19 14:16:04
2026-08-28 10:39:26,091 INFO peoplein.stream: analysis interval ready start=2026-08-19 14:16:04 end=2026-08-19 14:17:40
2026-08-28 10:39:34,844 INFO peoplein.stream: decoded loby/20260819-141240.mkv: 480 frames
2026-08-28 10:39:34,844 INFO peoplein.stream: decoded entrance/20260819-141604.mkv: 480 frames
2026-08-28 10:39:34,861 INFO __main__: analysis interval completed start=2026-08-19 14:16:04 end=2026-08-19 14:17:40 frames=960 ticks=480 entered=2 exited=1 people_inside=1
2026-08-28 10:39:34,864 INFO __main__: summary updated end=2026-08-19 14:17:40
2026-08-28 10:39:34,864 INFO peoplein.stream: analysis interval ready start=2026-08-19 14:17:40 end=2026-08-19 14:21:04
2026-08-28 10:39:47,074 INFO peoplein.stream: decoded loby/20260819-141740.mkv: 1020 frames
2026-08-28 10:39:47,075 INFO peoplein.stream: decoded entrance/20260819-141604.mkv: 1020 frames
2026-08-28 10:39:47,092 INFO __main__: analysis interval completed start=2026-08-19 14:17:40 end=2026-08-19 14:21:04 frames=2040 ticks=1020 entered=2 exited=1 people_inside=1
2026-08-28 10:39:47,095 INFO __main__: summary updated end=2026-08-19 14:21:04
2026-08-28 10:39:47,096 INFO peoplein.stream: analysis interval ready start=2026-08-19 14:21:04 end=2026-08-19 14:22:42
2026-08-28 10:39:55,553 INFO peoplein.stream: decoded entrance/20260819-142104.mkv: 490 frames
2026-08-28 10:39:55,553 INFO peoplein.stream: decoded loby/20260819-141740.mkv: 490 frames
2026-08-28 10:39:55,570 INFO __main__: analysis interval completed start=2026-08-19 14:21:04 end=2026-08-19 14:22:42 frames=980 ticks=490 entered=2 exited=1 people_inside=1
2026-08-28 10:39:55,573 INFO __main__: summary updated end=2026-08-19 14:22:42
2026-08-28 10:39:55,574 INFO peoplein.stream: analysis interval ready start=2026-08-19 14:22:42 end=2026-08-19 14:26:04
2026-08-28 10:40:08,446 INFO peoplein.stream: decoded entrance/20260819-142104.mkv: 1010 frames
2026-08-28 10:40:08,446 INFO peoplein.stream: decoded loby/20260819-142242.mkv: 1010 frames
2026-08-28 10:40:08,463 INFO __main__: analysis interval completed start=2026-08-19 14:22:42 end=2026-08-19 14:26:04 frames=2020 ticks=1010 entered=2 exited=1 people_inside=1
2026-08-28 10:40:08,466 INFO __main__: summary updated end=2026-08-19 14:26:04
2026-08-28 10:40:08,467 INFO peoplein.stream: analysis interval ready start=2026-08-19 14:26:04 end=2026-08-19 14:27:42
2026-08-28 10:40:17,361 INFO peoplein.stream: decoded entrance/20260819-142604.mkv: 490 frames
2026-08-28 10:40:17,361 INFO peoplein.stream: decoded loby/20260819-142242.mkv: 490 frames
2026-08-28 10:40:17,379 INFO __main__: analysis interval completed start=2026-08-19 14:26:04 end=2026-08-19 14:27:42 frames=980 ticks=490 entered=2 exited=1 people_inside=1
2026-08-28 10:40:17,382 INFO __main__: summary updated end=2026-08-19 14:27:42
2026-08-28 10:40:17,382 INFO peoplein.stream: analysis interval ready start=2026-08-19 14:27:42 end=2026-08-19 14:31:04
2026-08-28 10:40:29,867 INFO peoplein.stream: decoded entrance/20260819-142604.mkv: 1010 frames
2026-08-28 10:40:29,867 INFO peoplein.stream: decoded loby/20260819-142742.mkv: 1010 frames
2026-08-28 10:40:29,885 INFO __main__: analysis interval completed start=2026-08-19 14:27:42 end=2026-08-19 14:31:04 frames=2020 ticks=1010 entered=2 exited=1 people_inside=1
2026-08-28 10:40:29,888 INFO __main__: summary updated end=2026-08-19 14:31:04
2026-08-28 10:40:29,888 INFO peoplein.stream: analysis interval ready start=2026-08-19 14:31:04 end=2026-08-19 14:32:42
2026-08-28 10:40:38,825 INFO peoplein.stream: decoded entrance/20260819-143104.mkv: 490 frames
2026-08-28 10:40:38,825 INFO peoplein.stream: decoded loby/20260819-142742.mkv: 490 frames
2026-08-28 10:40:38,871 INFO __main__: analysis interval completed start=2026-08-19 14:31:04 end=2026-08-19 14:32:42 frames=980 ticks=490 entered=2 exited=1 people_inside=1
2026-08-28 10:40:38,878 INFO __main__: summary updated end=2026-08-19 14:32:42
2026-08-28 10:40:38,879 INFO peoplein.stream: analysis interval ready start=2026-08-19 14:32:42 end=2026-08-19 14:36:04
2026-08-28 10:40:51,668 INFO peoplein.stream: decoded entrance/20260819-143104.mkv: 1010 frames
2026-08-28 10:40:51,668 INFO peoplein.stream: decoded loby/20260819-143242.mkv: 1010 frames
2026-08-28 10:40:51,686 INFO __main__: analysis interval completed start=2026-08-19 14:32:42 end=2026-08-19 14:36:04 frames=2020 ticks=1010 entered=2 exited=1 people_inside=1
2026-08-28 10:40:51,689 INFO __main__: summary updated end=2026-08-19 14:36:04
2026-08-28 10:40:51,689 INFO peoplein.stream: analysis interval ready start=2026-08-19 14:36:04 end=2026-08-19 14:37:42
2026-08-28 10:41:00,271 INFO peoplein.stream: decoded entrance/20260819-143604.mkv: 490 frames
2026-08-28 10:41:00,271 INFO peoplein.stream: decoded loby/20260819-143242.mkv: 490 frames
2026-08-28 10:41:00,289 INFO __main__: analysis interval completed start=2026-08-19 14:36:04 end=2026-08-19 14:37:42 frames=980 ticks=490 entered=2 exited=1 people_inside=1
2026-08-28 10:41:00,292 INFO __main__: summary updated end=2026-08-19 14:37:42
2026-08-28 10:41:00,292 INFO peoplein.stream: analysis interval ready start=2026-08-19 14:37:42 end=2026-08-19 14:41:04
2026-08-28 10:41:12,520 INFO peoplein.stream: decoded loby/20260819-143742.mkv: 1010 frames
2026-08-28 10:41:12,520 INFO peoplein.stream: decoded entrance/20260819-143604.mkv: 1010 frames
2026-08-28 10:41:12,537 INFO __main__: analysis interval completed start=2026-08-19 14:37:42 end=2026-08-19 14:41:04 frames=2020 ticks=1010 entered=2 exited=1 people_inside=1
2026-08-28 10:41:12,540 INFO __main__: summary updated end=2026-08-19 14:41:04
2026-08-28 10:41:12,541 INFO peoplein.stream: analysis interval ready start=2026-08-19 14:41:04 end=2026-08-19 14:42:42
2026-08-28 10:41:21,014 INFO peoplein.stream: decoded loby/20260819-143742.mkv: 485 frames
2026-08-28 10:41:21,102 INFO peoplein.stream: decoded entrance/20260819-144104.mkv: 490 frames
2026-08-28 10:41:21,104 INFO peoplein.stream: decoded loby/20260819-144241.mkv: 5 frames
2026-08-28 10:41:21,119 INFO __main__: analysis interval completed start=2026-08-19 14:41:04 end=2026-08-19 14:42:42 frames=980 ticks=490 entered=2 exited=1 people_inside=1
2026-08-28 10:41:21,123 INFO __main__: summary updated end=2026-08-19 14:42:42
2026-08-28 10:41:21,123 INFO peoplein.stream: analysis interval ready start=2026-08-19 14:42:41 end=2026-08-19 14:46:04
2026-08-28 10:41:33,226 INFO peoplein.stream: decoded entrance/20260819-144104.mkv: 1015 frames
2026-08-28 10:41:33,226 INFO peoplein.stream: decoded loby/20260819-144241.mkv: 1015 frames
2026-08-28 10:41:33,245 INFO __main__: analysis interval completed start=2026-08-19 14:42:41 end=2026-08-19 14:46:04 frames=2030 ticks=1015 entered=2 exited=1 people_inside=1
2026-08-28 10:41:33,248 INFO __main__: summary updated end=2026-08-19 14:46:04
2026-08-28 10:41:33,249 INFO peoplein.stream: analysis interval ready start=2026-08-19 14:46:04 end=2026-08-19 14:47:41
2026-08-28 10:41:41,649 INFO peoplein.stream: decoded entrance/20260819-144604.mkv: 485 frames
2026-08-28 10:41:41,650 INFO peoplein.stream: decoded loby/20260819-144241.mkv: 485 frames
2026-08-28 10:41:41,667 INFO __main__: analysis interval completed start=2026-08-19 14:46:04 end=2026-08-19 14:47:41 frames=970 ticks=485 entered=2 exited=1 people_inside=1
2026-08-28 10:41:41,671 INFO __main__: summary updated end=2026-08-19 14:47:41
2026-08-28 10:41:41,671 INFO peoplein.stream: analysis interval ready start=2026-08-19 14:47:41 end=2026-08-19 14:51:04
2026-08-28 10:41:53,818 INFO peoplein.stream: decoded loby/20260819-144741.mkv: 1015 frames
2026-08-28 10:41:53,820 INFO peoplein.stream: decoded entrance/20260819-144604.mkv: 1015 frames
2026-08-28 10:41:53,837 INFO __main__: analysis interval completed start=2026-08-19 14:47:41 end=2026-08-19 14:51:04 frames=2030 ticks=1015 entered=2 exited=1 people_inside=1
2026-08-28 10:41:53,840 INFO __main__: summary updated end=2026-08-19 14:51:04
2026-08-28 10:41:53,840 INFO peoplein.stream: analysis interval ready start=2026-08-19 14:51:04 end=2026-08-19 14:52:41
2026-08-28 10:42:02,767 INFO peoplein.stream: decoded loby/20260819-144741.mkv: 485 frames
2026-08-28 10:42:02,767 INFO peoplein.stream: decoded entrance/20260819-145104.mkv: 485 frames
2026-08-28 10:42:02,785 INFO __main__: analysis interval completed start=2026-08-19 14:51:04 end=2026-08-19 14:52:41 frames=970 ticks=485 entered=2 exited=1 people_inside=1
2026-08-28 10:42:02,788 INFO __main__: summary updated end=2026-08-19 14:52:41
2026-08-28 10:42:02,788 INFO peoplein.stream: analysis interval ready start=2026-08-19 14:52:41 end=2026-08-19 14:56:04
2026-08-28 10:42:16,045 INFO peoplein.stream: decoded loby/20260819-145241.mkv: 1015 frames
2026-08-28 10:42:16,045 INFO peoplein.stream: decoded entrance/20260819-145104.mkv: 1015 frames
2026-08-28 10:42:16,062 INFO __main__: analysis interval completed start=2026-08-19 14:52:41 end=2026-08-19 14:56:04 frames=2030 ticks=1015 entered=2 exited=1 people_inside=1
2026-08-28 10:42:16,065 INFO __main__: summary updated end=2026-08-19 14:56:04
2026-08-28 10:42:16,065 INFO peoplein.stream: analysis interval ready start=2026-08-19 14:56:04 end=2026-08-19 14:57:41
2026-08-28 10:42:24,998 INFO peoplein.stream: decoded entrance/20260819-145604.mkv: 485 frames
2026-08-28 10:42:24,998 INFO peoplein.stream: decoded loby/20260819-145241.mkv: 485 frames
2026-08-28 10:42:25,016 INFO __main__: analysis interval completed start=2026-08-19 14:56:04 end=2026-08-19 14:57:41 frames=970 ticks=485 entered=2 exited=1 people_inside=1
2026-08-28 10:42:25,019 INFO __main__: summary updated end=2026-08-19 14:57:41
2026-08-28 10:42:25,019 INFO peoplein.stream: analysis interval ready start=2026-08-19 14:57:41 end=2026-08-19 15:01:04
2026-08-28 10:42:37,722 INFO peoplein.stream: decoded entrance/20260819-145604.mkv: 1015 frames
2026-08-28 10:42:37,722 INFO peoplein.stream: decoded loby/20260819-145741.mkv: 1015 frames
2026-08-28 10:42:37,740 INFO __main__: analysis interval completed start=2026-08-19 14:57:41 end=2026-08-19 15:01:04 frames=2030 ticks=1015 entered=2 exited=1 people_inside=1
2026-08-28 10:42:37,743 INFO __main__: summary updated end=2026-08-19 15:01:04
2026-08-28 10:42:37,744 INFO peoplein.stream: analysis interval ready start=2026-08-19 15:01:04 end=2026-08-19 15:02:41
2026-08-28 10:42:46,401 INFO peoplein.stream: decoded entrance/20260819-150104.mkv: 485 frames
2026-08-28 10:42:46,401 INFO peoplein.stream: decoded loby/20260819-145741.mkv: 485 frames
2026-08-28 10:42:46,419 INFO __main__: analysis interval completed start=2026-08-19 15:01:04 end=2026-08-19 15:02:41 frames=970 ticks=485 entered=2 exited=1 people_inside=1
2026-08-28 10:42:46,423 INFO __main__: summary updated end=2026-08-19 15:02:41
2026-08-28 10:42:46,423 INFO peoplein.stream: analysis interval ready start=2026-08-19 15:02:41 end=2026-08-19 15:06:04
2026-08-28 10:42:59,094 INFO peoplein.stream: decoded entrance/20260819-150104.mkv: 1015 frames
2026-08-28 10:42:59,098 INFO peoplein.stream: decoded loby/20260819-150241.mkv: 1015 frames
2026-08-28 10:42:59,112 INFO __main__: analysis interval completed start=2026-08-19 15:02:41 end=2026-08-19 15:06:04 frames=2030 ticks=1015 entered=2 exited=1 people_inside=1
2026-08-28 10:42:59,115 INFO __main__: summary updated end=2026-08-19 15:06:04
2026-08-28 10:42:59,115 INFO peoplein.stream: analysis interval ready start=2026-08-19 15:06:04 end=2026-08-19 15:07:41
2026-08-28 10:43:07,715 INFO peoplein.stream: decoded loby/20260819-150241.mkv: 485 frames
2026-08-28 10:43:07,716 INFO peoplein.stream: decoded entrance/20260819-150604.mkv: 485 frames
2026-08-28 10:43:07,734 INFO __main__: analysis interval completed start=2026-08-19 15:06:04 end=2026-08-19 15:07:41 frames=970 ticks=485 entered=2 exited=1 people_inside=1
2026-08-28 10:43:07,737 INFO __main__: summary updated end=2026-08-19 15:07:41
2026-08-28 10:43:07,737 INFO peoplein.stream: analysis interval ready start=2026-08-19 15:07:41 end=2026-08-19 15:11:04
2026-08-28 10:43:20,349 INFO peoplein.stream: decoded loby/20260819-150741.mkv: 1015 frames
2026-08-28 10:43:20,349 INFO peoplein.stream: decoded entrance/20260819-150604.mkv: 1015 frames
2026-08-28 10:43:20,367 INFO __main__: analysis interval completed start=2026-08-19 15:07:41 end=2026-08-19 15:11:04 frames=2030 ticks=1015 entered=2 exited=1 people_inside=1
2026-08-28 10:43:20,370 INFO __main__: summary updated end=2026-08-19 15:11:04
2026-08-28 10:43:20,370 INFO peoplein.stream: analysis interval ready start=2026-08-19 15:11:04 end=2026-08-19 15:12:41
2026-08-28 10:43:28,899 INFO peoplein.stream: decoded loby/20260819-150741.mkv: 485 frames
2026-08-28 10:43:28,901 INFO peoplein.stream: decoded entrance/20260819-151104.mkv: 485 frames
2026-08-28 10:43:28,917 INFO __main__: analysis interval completed start=2026-08-19 15:11:04 end=2026-08-19 15:12:41 frames=970 ticks=485 entered=2 exited=1 people_inside=1
2026-08-28 10:43:28,920 INFO __main__: summary updated end=2026-08-19 15:12:41
2026-08-28 10:43:28,920 INFO peoplein.stream: analysis interval ready start=2026-08-19 15:12:41 end=2026-08-19 15:16:04
2026-08-28 10:43:42,504 INFO peoplein.stream: decoded loby/20260819-151241.mkv: 1015 frames
2026-08-28 10:43:42,504 INFO peoplein.stream: decoded entrance/20260819-151104.mkv: 1015 frames
2026-08-28 10:43:42,521 INFO __main__: analysis interval completed start=2026-08-19 15:12:41 end=2026-08-19 15:16:04 frames=2030 ticks=1015 entered=2 exited=1 people_inside=1
2026-08-28 10:43:42,525 INFO __main__: summary updated end=2026-08-19 15:16:04
2026-08-28 10:43:42,525 INFO peoplein.stream: analysis interval ready start=2026-08-19 15:16:04 end=2026-08-19 15:17:41
2026-08-28 10:43:51,003 INFO peoplein.stream: decoded loby/20260819-151241.mkv: 480 frames
2026-08-28 10:43:51,093 INFO peoplein.stream: decoded entrance/20260819-151604.mkv: 485 frames
2026-08-28 10:43:51,094 INFO peoplein.stream: decoded loby/20260819-151740.mkv: 5 frames
2026-08-28 10:43:51,112 INFO __main__: analysis interval completed start=2026-08-19 15:16:04 end=2026-08-19 15:17:41 frames=970 ticks=485 entered=2 exited=1 people_inside=1
2026-08-28 10:43:51,115 INFO __main__: summary updated end=2026-08-19 15:17:41
2026-08-28 10:43:51,115 INFO peoplein.stream: analysis interval ready start=2026-08-19 15:17:40 end=2026-08-19 15:21:04
2026-08-28 10:44:04,643 INFO peoplein.stream: decoded entrance/20260819-151604.mkv: 1020 frames
2026-08-28 10:44:04,643 INFO peoplein.stream: decoded loby/20260819-151740.mkv: 1020 frames
2026-08-28 10:44:04,660 INFO __main__: analysis interval completed start=2026-08-19 15:17:40 end=2026-08-19 15:21:04 frames=2040 ticks=1020 entered=2 exited=1 people_inside=1
2026-08-28 10:44:04,664 INFO __main__: summary updated end=2026-08-19 15:21:04
2026-08-28 10:44:04,664 INFO peoplein.stream: analysis interval ready start=2026-08-19 15:21:04 end=2026-08-19 15:22:40
2026-08-28 10:44:12,995 INFO peoplein.stream: decoded loby/20260819-151740.mkv: 480 frames
2026-08-28 10:44:12,997 INFO peoplein.stream: decoded entrance/20260819-152104.mkv: 480 frames
2026-08-28 10:44:13,013 INFO __main__: analysis interval completed start=2026-08-19 15:21:04 end=2026-08-19 15:22:40 frames=960 ticks=480 entered=2 exited=1 people_inside=1
2026-08-28 10:44:13,017 INFO __main__: summary updated end=2026-08-19 15:22:40
2026-08-28 10:44:13,017 INFO peoplein.stream: analysis interval ready start=2026-08-19 15:22:40 end=2026-08-19 15:26:04
2026-08-28 10:44:25,539 INFO peoplein.stream: decoded loby/20260819-152240.mkv: 1020 frames
2026-08-28 10:44:25,540 INFO peoplein.stream: decoded entrance/20260819-152104.mkv: 1020 frames
2026-08-28 10:44:25,557 INFO __main__: analysis interval completed start=2026-08-19 15:22:40 end=2026-08-19 15:26:04 frames=2040 ticks=1020 entered=2 exited=1 people_inside=1
2026-08-28 10:44:25,561 INFO __main__: summary updated end=2026-08-19 15:26:04
2026-08-28 10:44:25,561 INFO peoplein.stream: analysis interval ready start=2026-08-19 15:26:04 end=2026-08-19 15:27:40
2026-08-28 10:44:33,886 INFO peoplein.stream: decoded entrance/20260819-152604.mkv: 480 frames
2026-08-28 10:44:33,887 INFO peoplein.stream: decoded loby/20260819-152240.mkv: 480 frames
2026-08-28 10:44:33,904 INFO __main__: analysis interval completed start=2026-08-19 15:26:04 end=2026-08-19 15:27:40 frames=960 ticks=480 entered=2 exited=1 people_inside=1
2026-08-28 10:44:33,907 INFO __main__: summary updated end=2026-08-19 15:27:40
2026-08-28 10:44:33,907 INFO peoplein.stream: analysis interval ready start=2026-08-19 15:27:40 end=2026-08-19 15:31:04
2026-08-28 10:44:46,432 INFO peoplein.stream: decoded entrance/20260819-152604.mkv: 1020 frames
2026-08-28 10:44:46,432 INFO peoplein.stream: decoded loby/20260819-152740.mkv: 1020 frames
2026-08-28 10:44:46,450 INFO __main__: analysis interval completed start=2026-08-19 15:27:40 end=2026-08-19 15:31:04 frames=2040 ticks=1020 entered=2 exited=1 people_inside=1
2026-08-28 10:44:46,453 INFO __main__: summary updated end=2026-08-19 15:31:04
2026-08-28 10:44:46,453 INFO peoplein.stream: analysis interval ready start=2026-08-19 15:31:04 end=2026-08-19 15:32:40
2026-08-28 10:44:57,312 INFO peoplein.stream: decoded entrance/20260819-153104.mkv: 480 frames
2026-08-28 10:44:57,319 INFO peoplein.stream: decoded loby/20260819-152740.mkv: 480 frames
2026-08-28 10:44:57,353 INFO __main__: analysis interval completed start=2026-08-19 15:31:04 end=2026-08-19 15:32:40 frames=960 ticks=480 entered=2 exited=1 people_inside=1
2026-08-28 10:44:57,357 INFO __main__: summary updated end=2026-08-19 15:32:40
2026-08-28 10:44:57,357 INFO peoplein.stream: analysis interval ready start=2026-08-19 15:32:40 end=2026-08-19 15:36:04
2026-08-28 10:45:10,258 INFO peoplein.stream: decoded entrance/20260819-153104.mkv: 1020 frames
2026-08-28 10:45:10,258 INFO peoplein.stream: decoded loby/20260819-153240.mkv: 1020 frames
2026-08-28 10:45:10,276 INFO __main__: analysis interval completed start=2026-08-19 15:32:40 end=2026-08-19 15:36:04 frames=2040 ticks=1020 entered=3 exited=1 people_inside=2
2026-08-28 10:45:10,279 INFO __main__: summary updated end=2026-08-19 15:36:04
2026-08-28 10:45:10,279 INFO peoplein.stream: analysis interval ready start=2026-08-19 15:36:04 end=2026-08-19 15:37:42
2026-08-28 10:45:19,156 INFO peoplein.stream: decoded entrance/20260819-153604.mkv: 490 frames
2026-08-28 10:45:19,156 INFO peoplein.stream: decoded loby/20260819-153240.mkv: 490 frames
2026-08-28 10:45:19,172 INFO __main__: analysis interval completed start=2026-08-19 15:36:04 end=2026-08-19 15:37:42 frames=980 ticks=490 entered=3 exited=1 people_inside=2
2026-08-28 10:45:19,175 INFO __main__: summary updated end=2026-08-19 15:37:42
2026-08-28 10:45:19,175 INFO peoplein.stream: analysis interval ready start=2026-08-19 15:37:42 end=2026-08-19 15:41:04
2026-08-28 10:45:32,181 INFO peoplein.stream: decoded loby/20260819-153742.mkv: 1010 frames
2026-08-28 10:45:32,186 INFO peoplein.stream: decoded entrance/20260819-153604.mkv: 1010 frames
2026-08-28 10:45:32,200 INFO __main__: analysis interval completed start=2026-08-19 15:37:42 end=2026-08-19 15:41:04 frames=2020 ticks=1010 entered=3 exited=1 people_inside=2
2026-08-28 10:45:32,203 INFO __main__: summary updated end=2026-08-19 15:41:04
2026-08-28 10:45:32,203 INFO peoplein.stream: analysis interval ready start=2026-08-19 15:41:04 end=2026-08-19 15:42:42
2026-08-28 10:45:40,865 INFO peoplein.stream: decoded entrance/20260819-154104.mkv: 490 frames
2026-08-28 10:45:40,867 INFO peoplein.stream: decoded loby/20260819-153742.mkv: 490 frames
2026-08-28 10:45:40,883 INFO __main__: analysis interval completed start=2026-08-19 15:41:04 end=2026-08-19 15:42:42 frames=980 ticks=490 entered=3 exited=1 people_inside=2
2026-08-28 10:45:40,886 INFO __main__: summary updated end=2026-08-19 15:42:42
2026-08-28 10:45:40,886 INFO peoplein.stream: analysis interval ready start=2026-08-19 15:42:42 end=2026-08-19 15:46:04
2026-08-28 10:45:53,870 INFO peoplein.stream: decoded entrance/20260819-154104.mkv: 1010 frames
2026-08-28 10:45:53,870 INFO peoplein.stream: decoded loby/20260819-154242.mkv: 1010 frames
2026-08-28 10:45:53,888 INFO __main__: analysis interval completed start=2026-08-19 15:42:42 end=2026-08-19 15:46:04 frames=2020 ticks=1010 entered=3 exited=1 people_inside=2
2026-08-28 10:45:53,891 INFO __main__: summary updated end=2026-08-19 15:46:04
2026-08-28 10:45:53,891 INFO peoplein.stream: analysis interval ready start=2026-08-19 15:46:04 end=2026-08-19 15:47:42
2026-08-28 10:46:02,434 INFO peoplein.stream: decoded entrance/20260819-154604.mkv: 490 frames
2026-08-28 10:46:02,440 INFO peoplein.stream: decoded loby/20260819-154242.mkv: 490 frames
2026-08-28 10:46:02,453 INFO __main__: analysis interval completed start=2026-08-19 15:46:04 end=2026-08-19 15:47:42 frames=980 ticks=490 entered=3 exited=1 people_inside=2
2026-08-28 10:46:02,456 INFO __main__: summary updated end=2026-08-19 15:47:42
2026-08-28 10:46:02,456 INFO peoplein.stream: analysis interval ready start=2026-08-19 15:47:42 end=2026-08-19 15:51:04
2026-08-28 10:46:14,948 INFO peoplein.stream: decoded entrance/20260819-154604.mkv: 1010 frames
2026-08-28 10:46:14,950 INFO peoplein.stream: decoded loby/20260819-154742.mkv: 1010 frames
2026-08-28 10:46:14,967 INFO __main__: analysis interval completed start=2026-08-19 15:47:42 end=2026-08-19 15:51:04 frames=2020 ticks=1010 entered=3 exited=1 people_inside=2
2026-08-28 10:46:14,970 INFO __main__: summary updated end=2026-08-19 15:51:04
2026-08-28 10:46:14,970 INFO peoplein.stream: analysis interval ready start=2026-08-19 15:51:04 end=2026-08-19 15:52:42
2026-08-28 10:46:23,400 INFO peoplein.stream: decoded loby/20260819-154742.mkv: 490 frames
2026-08-28 10:46:23,400 INFO peoplein.stream: decoded entrance/20260819-155104.mkv: 490 frames
2026-08-28 10:46:23,418 INFO __main__: analysis interval completed start=2026-08-19 15:51:04 end=2026-08-19 15:52:42 frames=980 ticks=490 entered=3 exited=1 people_inside=2
2026-08-28 10:46:23,421 INFO __main__: summary updated end=2026-08-19 15:52:42
2026-08-28 10:46:23,421 INFO peoplein.stream: analysis interval ready start=2026-08-19 15:52:42 end=2026-08-19 15:56:04
2026-08-28 10:46:35,231 INFO peoplein.stream: decoded entrance/20260819-155104.mkv: 1010 frames
2026-08-28 10:46:35,232 INFO peoplein.stream: decoded loby/20260819-155242.mkv: 1010 frames
2026-08-28 10:46:35,248 INFO __main__: analysis interval completed start=2026-08-19 15:52:42 end=2026-08-19 15:56:04 frames=2020 ticks=1010 entered=3 exited=1 people_inside=2
2026-08-28 10:46:35,251 INFO __main__: summary updated end=2026-08-19 15:56:04
2026-08-28 10:46:35,251 INFO peoplein.stream: analysis interval ready start=2026-08-19 15:56:04 end=2026-08-19 15:57:42
2026-08-28 10:46:44,529 INFO peoplein.stream: decoded loby/20260819-155242.mkv: 485 frames
2026-08-28 10:46:44,612 INFO peoplein.stream: decoded entrance/20260819-155604.mkv: 490 frames
2026-08-28 10:46:44,625 INFO peoplein.stream: decoded loby/20260819-155741.mkv: 5 frames
2026-08-28 10:46:44,632 INFO __main__: analysis interval completed start=2026-08-19 15:56:04 end=2026-08-19 15:57:42 frames=980 ticks=490 entered=3 exited=1 people_inside=2
2026-08-28 10:46:44,635 INFO __main__: summary updated end=2026-08-19 15:57:42
2026-08-28 10:46:44,635 INFO peoplein.stream: analysis interval ready start=2026-08-19 15:57:41 end=2026-08-19 16:01:04
2026-08-28 10:46:57,103 INFO peoplein.stream: decoded entrance/20260819-155604.mkv: 1015 frames
2026-08-28 10:46:57,103 INFO peoplein.stream: decoded loby/20260819-155741.mkv: 1015 frames
2026-08-28 10:46:57,121 INFO __main__: analysis interval completed start=2026-08-19 15:57:41 end=2026-08-19 16:01:04 frames=2030 ticks=1015 entered=3 exited=1 people_inside=2
2026-08-28 10:46:57,124 INFO __main__: summary updated end=2026-08-19 16:01:04
2026-08-28 10:46:57,124 INFO peoplein.stream: analysis interval ready start=2026-08-19 16:01:04 end=2026-08-19 16:02:41
2026-08-28 10:47:06,026 INFO peoplein.stream: decoded loby/20260819-155741.mkv: 485 frames
2026-08-28 10:47:06,028 INFO peoplein.stream: decoded entrance/20260819-160104.mkv: 485 frames
2026-08-28 10:47:06,044 INFO __main__: analysis interval completed start=2026-08-19 16:01:04 end=2026-08-19 16:02:41 frames=970 ticks=485 entered=3 exited=1 people_inside=2
2026-08-28 10:47:06,048 INFO __main__: summary updated end=2026-08-19 16:02:41
2026-08-28 10:47:06,048 INFO peoplein.stream: analysis interval ready start=2026-08-19 16:02:41 end=2026-08-19 16:06:04
2026-08-28 10:47:18,504 INFO peoplein.stream: decoded entrance/20260819-160104.mkv: 1015 frames
2026-08-28 10:47:18,504 INFO peoplein.stream: decoded loby/20260819-160241.mkv: 1015 frames
2026-08-28 10:47:18,521 INFO __main__: analysis interval completed start=2026-08-19 16:02:41 end=2026-08-19 16:06:04 frames=2030 ticks=1015 entered=3 exited=1 people_inside=2
2026-08-28 10:47:18,525 INFO __main__: summary updated end=2026-08-19 16:06:04
2026-08-28 10:47:18,525 INFO peoplein.stream: analysis interval ready start=2026-08-19 16:06:04 end=2026-08-19 16:07:41
2026-08-28 10:47:27,300 INFO peoplein.stream: decoded entrance/20260819-160604.mkv: 485 frames
2026-08-28 10:47:27,300 INFO peoplein.stream: decoded loby/20260819-160241.mkv: 485 frames
2026-08-28 10:47:27,318 INFO __main__: analysis interval completed start=2026-08-19 16:06:04 end=2026-08-19 16:07:41 frames=970 ticks=485 entered=3 exited=1 people_inside=2
2026-08-28 10:47:27,321 INFO __main__: summary updated end=2026-08-19 16:07:41
2026-08-28 10:47:27,321 INFO peoplein.stream: analysis interval ready start=2026-08-19 16:07:41 end=2026-08-19 16:11:04
2026-08-28 10:47:40,192 INFO peoplein.stream: decoded loby/20260819-160741.mkv: 1015 frames
2026-08-28 10:47:40,193 INFO peoplein.stream: decoded entrance/20260819-160604.mkv: 1015 frames
2026-08-28 10:47:40,210 INFO __main__: analysis interval completed start=2026-08-19 16:07:41 end=2026-08-19 16:11:04 frames=2030 ticks=1015 entered=3 exited=1 people_inside=2
2026-08-28 10:47:40,213 INFO __main__: summary updated end=2026-08-19 16:11:04
2026-08-28 10:47:40,214 INFO peoplein.stream: analysis interval ready start=2026-08-19 16:11:04 end=2026-08-19 16:12:41
2026-08-28 10:47:48,561 INFO peoplein.stream: decoded loby/20260819-160741.mkv: 485 frames
2026-08-28 10:47:48,563 INFO peoplein.stream: decoded entrance/20260819-161104.mkv: 485 frames
2026-08-28 10:47:48,578 INFO __main__: analysis interval completed start=2026-08-19 16:11:04 end=2026-08-19 16:12:41 frames=970 ticks=485 entered=3 exited=1 people_inside=2
2026-08-28 10:47:48,581 INFO __main__: summary updated end=2026-08-19 16:12:41
2026-08-28 10:47:48,581 INFO peoplein.stream: analysis interval ready start=2026-08-19 16:12:41 end=2026-08-19 16:16:04
2026-08-28 10:48:03,407 INFO peoplein.stream: decoded loby/20260819-161241.mkv: 1015 frames
2026-08-28 10:48:03,410 INFO peoplein.stream: decoded entrance/20260819-161104.mkv: 1015 frames
2026-08-28 10:48:03,426 INFO __main__: analysis interval completed start=2026-08-19 16:12:41 end=2026-08-19 16:16:04 frames=2030 ticks=1015 entered=3 exited=2 people_inside=1
2026-08-28 10:48:03,429 INFO __main__: summary updated end=2026-08-19 16:16:04
2026-08-28 10:48:03,429 INFO peoplein.stream: analysis interval ready start=2026-08-19 16:16:04 end=2026-08-19 16:17:41
2026-08-28 10:48:12,289 INFO peoplein.stream: decoded entrance/20260819-161604.mkv: 485 frames
2026-08-28 10:48:12,289 INFO peoplein.stream: decoded loby/20260819-161241.mkv: 485 frames
2026-08-28 10:48:12,307 INFO __main__: analysis interval completed start=2026-08-19 16:16:04 end=2026-08-19 16:17:41 frames=970 ticks=485 entered=3 exited=2 people_inside=1
2026-08-28 10:48:12,310 INFO __main__: summary updated end=2026-08-19 16:17:41
2026-08-28 10:48:12,310 INFO peoplein.stream: analysis interval ready start=2026-08-19 16:17:41 end=2026-08-19 16:21:04
2026-08-28 10:48:24,090 INFO peoplein.stream: decoded entrance/20260819-161604.mkv: 1015 frames
2026-08-28 10:48:24,090 INFO peoplein.stream: decoded loby/20260819-161741.mkv: 1015 frames
2026-08-28 10:48:24,108 INFO __main__: analysis interval completed start=2026-08-19 16:17:41 end=2026-08-19 16:21:04 frames=2030 ticks=1015 entered=3 exited=2 people_inside=1
2026-08-28 10:48:24,111 INFO __main__: summary updated end=2026-08-19 16:21:04
2026-08-28 10:48:24,112 INFO peoplein.stream: analysis interval ready start=2026-08-19 16:21:04 end=2026-08-19 16:22:41
2026-08-28 10:48:33,445 INFO peoplein.stream: decoded entrance/20260819-162104.mkv: 485 frames
2026-08-28 10:48:33,449 INFO peoplein.stream: decoded loby/20260819-161741.mkv: 485 frames
2026-08-28 10:48:33,464 INFO __main__: analysis interval completed start=2026-08-19 16:21:04 end=2026-08-19 16:22:41 frames=970 ticks=485 entered=3 exited=2 people_inside=1
2026-08-28 10:48:33,467 INFO __main__: summary updated end=2026-08-19 16:22:41
2026-08-28 10:48:33,467 INFO peoplein.stream: analysis interval ready start=2026-08-19 16:22:41 end=2026-08-19 16:26:04
2026-08-28 10:48:45,686 INFO peoplein.stream: decoded entrance/20260819-162104.mkv: 1015 frames
2026-08-28 10:48:45,687 INFO peoplein.stream: decoded loby/20260819-162241.mkv: 1015 frames
2026-08-28 10:48:45,705 INFO __main__: analysis interval completed start=2026-08-19 16:22:41 end=2026-08-19 16:26:04 frames=2030 ticks=1015 entered=3 exited=2 people_inside=1
2026-08-28 10:48:45,708 INFO __main__: summary updated end=2026-08-19 16:26:04
2026-08-28 10:48:45,708 INFO peoplein.stream: analysis interval ready start=2026-08-19 16:26:04 end=2026-08-19 16:27:41
2026-08-28 10:48:54,134 INFO peoplein.stream: decoded entrance/20260819-162604.mkv: 485 frames
2026-08-28 10:48:54,135 INFO peoplein.stream: decoded loby/20260819-162241.mkv: 485 frames
2026-08-28 10:48:54,153 INFO __main__: analysis interval completed start=2026-08-19 16:26:04 end=2026-08-19 16:27:41 frames=970 ticks=485 entered=3 exited=2 people_inside=1
2026-08-28 10:48:54,156 INFO __main__: summary updated end=2026-08-19 16:27:41
2026-08-28 10:48:54,156 INFO peoplein.stream: analysis interval ready start=2026-08-19 16:27:41 end=2026-08-19 16:31:04
2026-08-28 10:49:06,664 INFO peoplein.stream: decoded entrance/20260819-162604.mkv: 1015 frames
2026-08-28 10:49:06,664 INFO peoplein.stream: decoded loby/20260819-162741.mkv: 1015 frames
2026-08-28 10:49:06,681 INFO __main__: analysis interval completed start=2026-08-19 16:27:41 end=2026-08-19 16:31:04 frames=2030 ticks=1015 entered=3 exited=2 people_inside=1
2026-08-28 10:49:06,685 INFO __main__: summary updated end=2026-08-19 16:31:04
2026-08-28 10:49:06,685 INFO peoplein.stream: analysis interval ready start=2026-08-19 16:31:04 end=2026-08-19 16:32:41
2026-08-28 10:49:15,160 INFO peoplein.stream: decoded loby/20260819-162741.mkv: 480 frames
2026-08-28 10:49:15,251 INFO peoplein.stream: decoded entrance/20260819-163104.mkv: 485 frames
2026-08-28 10:49:15,255 INFO peoplein.stream: decoded loby/20260819-163240.mkv: 5 frames
2026-08-28 10:49:15,270 INFO __main__: analysis interval completed start=2026-08-19 16:31:04 end=2026-08-19 16:32:41 frames=970 ticks=485 entered=3 exited=2 people_inside=1
2026-08-28 10:49:15,273 INFO __main__: summary updated end=2026-08-19 16:32:41
2026-08-28 10:49:15,274 INFO peoplein.stream: analysis interval ready start=2026-08-19 16:32:40 end=2026-08-19 16:36:04
2026-08-28 10:49:27,155 INFO peoplein.stream: decoded entrance/20260819-163104.mkv: 1020 frames
2026-08-28 10:49:27,155 INFO peoplein.stream: decoded loby/20260819-163240.mkv: 1020 frames
2026-08-28 10:49:27,172 INFO __main__: analysis interval completed start=2026-08-19 16:32:40 end=2026-08-19 16:36:04 frames=2040 ticks=1020 entered=3 exited=2 people_inside=1
2026-08-28 10:49:27,176 INFO __main__: summary updated end=2026-08-19 16:36:04
2026-08-28 10:49:27,176 INFO peoplein.stream: analysis interval ready start=2026-08-19 16:36:04 end=2026-08-19 16:37:40
2026-08-28 10:49:35,386 INFO peoplein.stream: decoded entrance/20260819-163604.mkv: 480 frames
2026-08-28 10:49:35,390 INFO peoplein.stream: decoded loby/20260819-163240.mkv: 480 frames
2026-08-28 10:49:35,405 INFO __main__: analysis interval completed start=2026-08-19 16:36:04 end=2026-08-19 16:37:40 frames=960 ticks=480 entered=3 exited=2 people_inside=1
2026-08-28 10:49:35,408 INFO __main__: summary updated end=2026-08-19 16:37:40
2026-08-28 10:49:35,408 INFO peoplein.stream: analysis interval ready start=2026-08-19 16:37:40 end=2026-08-19 16:41:04
2026-08-28 10:49:48,333 INFO peoplein.stream: decoded entrance/20260819-163604.mkv: 1020 frames
2026-08-28 10:49:48,334 INFO peoplein.stream: decoded loby/20260819-163740.mkv: 1020 frames
2026-08-28 10:49:48,350 INFO __main__: analysis interval completed start=2026-08-19 16:37:40 end=2026-08-19 16:41:04 frames=2040 ticks=1020 entered=3 exited=2 people_inside=1
2026-08-28 10:49:48,354 INFO __main__: summary updated end=2026-08-19 16:41:04
2026-08-28 10:49:48,354 INFO peoplein.stream: analysis interval ready start=2026-08-19 16:41:04 end=2026-08-19 16:42:40
2026-08-28 10:49:56,595 INFO peoplein.stream: decoded entrance/20260819-164104.mkv: 480 frames
2026-08-28 10:49:56,595 INFO peoplein.stream: decoded loby/20260819-163740.mkv: 480 frames
2026-08-28 10:49:56,613 INFO __main__: analysis interval completed start=2026-08-19 16:41:04 end=2026-08-19 16:42:40 frames=960 ticks=480 entered=3 exited=2 people_inside=1
2026-08-28 10:49:56,617 INFO __main__: summary updated end=2026-08-19 16:42:40
2026-08-28 10:49:56,618 INFO peoplein.stream: analysis interval ready start=2026-08-19 16:42:40 end=2026-08-19 16:46:04
2026-08-28 10:50:09,442 INFO peoplein.stream: decoded entrance/20260819-164104.mkv: 1020 frames
2026-08-28 10:50:09,442 INFO peoplein.stream: decoded loby/20260819-164240.mkv: 1020 frames
2026-08-28 10:50:09,461 INFO __main__: analysis interval completed start=2026-08-19 16:42:40 end=2026-08-19 16:46:04 frames=2040 ticks=1020 entered=3 exited=2 people_inside=1
2026-08-28 10:50:09,464 INFO __main__: summary updated end=2026-08-19 16:46:04
2026-08-28 10:50:09,464 INFO peoplein.stream: analysis interval ready start=2026-08-19 16:46:04 end=2026-08-19 16:47:40
2026-08-28 10:50:18,613 INFO peoplein.stream: decoded entrance/20260819-164604.mkv: 480 frames
2026-08-28 10:50:18,621 INFO peoplein.stream: decoded loby/20260819-164240.mkv: 480 frames
2026-08-28 10:50:18,654 INFO __main__: analysis interval completed start=2026-08-19 16:46:04 end=2026-08-19 16:47:40 frames=960 ticks=480 entered=3 exited=2 people_inside=1
2026-08-28 10:50:18,657 INFO __main__: summary updated end=2026-08-19 16:47:40
2026-08-28 10:50:18,657 INFO peoplein.stream: analysis interval ready start=2026-08-19 16:47:40 end=2026-08-19 16:51:04
2026-08-28 10:50:31,381 INFO peoplein.stream: decoded entrance/20260819-164604.mkv: 1020 frames
2026-08-28 10:50:31,381 INFO peoplein.stream: decoded loby/20260819-164740.mkv: 1020 frames
2026-08-28 10:50:31,398 INFO __main__: analysis interval completed start=2026-08-19 16:47:40 end=2026-08-19 16:51:04 frames=2040 ticks=1020 entered=3 exited=2 people_inside=1
2026-08-28 10:50:31,401 INFO __main__: summary updated end=2026-08-19 16:51:04
2026-08-28 10:50:31,401 INFO peoplein.stream: analysis interval ready start=2026-08-19 16:51:04 end=2026-08-19 16:52:40
2026-08-28 10:50:39,979 INFO peoplein.stream: decoded entrance/20260819-165104.mkv: 480 frames
2026-08-28 10:50:39,987 INFO peoplein.stream: decoded loby/20260819-164740.mkv: 480 frames
2026-08-28 10:50:40,020 INFO __main__: analysis interval completed start=2026-08-19 16:51:04 end=2026-08-19 16:52:40 frames=960 ticks=480 entered=3 exited=2 people_inside=1
2026-08-28 10:50:40,023 INFO __main__: summary updated end=2026-08-19 16:52:40
2026-08-28 10:50:40,023 INFO peoplein.stream: analysis interval ready start=2026-08-19 16:52:40 end=2026-08-19 16:56:04
2026-08-28 10:50:53,353 INFO peoplein.stream: decoded entrance/20260819-165104.mkv: 1020 frames
2026-08-28 10:50:53,353 INFO peoplein.stream: decoded loby/20260819-165240.mkv: 1020 frames
2026-08-28 10:50:53,371 INFO __main__: analysis interval completed start=2026-08-19 16:52:40 end=2026-08-19 16:56:04 frames=2040 ticks=1020 entered=3 exited=2 people_inside=1
2026-08-28 10:50:53,375 INFO __main__: summary updated end=2026-08-19 16:56:04
2026-08-28 10:50:53,375 INFO peoplein.stream: analysis interval ready start=2026-08-19 16:56:04 end=2026-08-19 16:57:42
2026-08-28 10:51:02,373 INFO peoplein.stream: decoded loby/20260819-165240.mkv: 490 frames
2026-08-28 10:51:02,373 INFO peoplein.stream: decoded entrance/20260819-165604.mkv: 490 frames
2026-08-28 10:51:02,389 INFO __main__: analysis interval completed start=2026-08-19 16:56:04 end=2026-08-19 16:57:42 frames=980 ticks=490 entered=3 exited=2 people_inside=1
2026-08-28 10:51:02,392 INFO __main__: summary updated end=2026-08-19 16:57:42
2026-08-28 10:51:02,393 INFO peoplein.stream: analysis interval ready start=2026-08-19 16:57:42 end=2026-08-19 17:01:04
2026-08-28 10:51:15,850 INFO peoplein.stream: decoded entrance/20260819-165604.mkv: 1010 frames
2026-08-28 10:51:15,853 INFO peoplein.stream: decoded loby/20260819-165742.mkv: 1010 frames
2026-08-28 10:51:15,868 INFO __main__: analysis interval completed start=2026-08-19 16:57:42 end=2026-08-19 17:01:04 frames=2020 ticks=1010 entered=3 exited=2 people_inside=1
2026-08-28 10:51:15,871 INFO __main__: summary updated end=2026-08-19 17:01:04
2026-08-28 10:51:15,871 INFO peoplein.stream: analysis interval ready start=2026-08-19 17:01:04 end=2026-08-19 17:02:42
2026-08-28 10:51:24,739 INFO peoplein.stream: decoded loby/20260819-165742.mkv: 490 frames
2026-08-28 10:51:24,743 INFO peoplein.stream: decoded entrance/20260819-170104.mkv: 490 frames
2026-08-28 10:51:24,758 INFO __main__: analysis interval completed start=2026-08-19 17:01:04 end=2026-08-19 17:02:42 frames=980 ticks=490 entered=3 exited=2 people_inside=1
2026-08-28 10:51:24,761 INFO __main__: summary updated end=2026-08-19 17:02:42
2026-08-28 10:51:24,761 INFO peoplein.stream: analysis interval ready start=2026-08-19 17:02:42 end=2026-08-19 17:06:04
2026-08-28 10:51:37,211 INFO peoplein.stream: decoded entrance/20260819-170104.mkv: 1010 frames
2026-08-28 10:51:37,211 INFO peoplein.stream: decoded loby/20260819-170242.mkv: 1010 frames
2026-08-28 10:51:37,229 INFO __main__: analysis interval completed start=2026-08-19 17:02:42 end=2026-08-19 17:06:04 frames=2020 ticks=1010 entered=3 exited=2 people_inside=1
2026-08-28 10:51:37,233 INFO __main__: summary updated end=2026-08-19 17:06:04
2026-08-28 10:51:37,233 INFO peoplein.stream: analysis interval ready start=2026-08-19 17:06:04 end=2026-08-19 17:07:42
2026-08-28 10:51:45,849 INFO peoplein.stream: decoded loby/20260819-170242.mkv: 485 frames
2026-08-28 10:51:45,938 INFO peoplein.stream: decoded entrance/20260819-170604.mkv: 490 frames
2026-08-28 10:51:45,948 INFO peoplein.stream: decoded loby/20260819-170741.mkv: 5 frames
2026-08-28 10:51:45,961 INFO __main__: analysis interval completed start=2026-08-19 17:06:04 end=2026-08-19 17:07:42 frames=980 ticks=490 entered=3 exited=2 people_inside=1
2026-08-28 10:51:45,965 INFO __main__: summary updated end=2026-08-19 17:07:42
2026-08-28 10:51:45,965 INFO peoplein.stream: analysis interval ready start=2026-08-19 17:07:41 end=2026-08-19 17:11:04
2026-08-28 10:51:59,165 INFO peoplein.stream: decoded entrance/20260819-170604.mkv: 1015 frames
2026-08-28 10:51:59,165 INFO peoplein.stream: decoded loby/20260819-170741.mkv: 1015 frames
2026-08-28 10:51:59,183 INFO __main__: analysis interval completed start=2026-08-19 17:07:41 end=2026-08-19 17:11:04 frames=2030 ticks=1015 entered=3 exited=2 people_inside=1
2026-08-28 10:51:59,186 INFO __main__: summary updated end=2026-08-19 17:11:04
2026-08-28 10:51:59,186 INFO peoplein.stream: analysis interval ready start=2026-08-19 17:11:04 end=2026-08-19 17:12:41
2026-08-28 10:52:08,338 INFO peoplein.stream: decoded entrance/20260819-171104.mkv: 485 frames
2026-08-28 10:52:08,346 INFO peoplein.stream: decoded loby/20260819-170741.mkv: 485 frames
2026-08-28 10:52:08,379 INFO __main__: analysis interval completed start=2026-08-19 17:11:04 end=2026-08-19 17:12:41 frames=970 ticks=485 entered=3 exited=2 people_inside=1
2026-08-28 10:52:08,382 INFO __main__: summary updated end=2026-08-19 17:12:41
2026-08-28 10:52:08,382 INFO peoplein.stream: analysis interval ready start=2026-08-19 17:12:41 end=2026-08-19 17:16:04
2026-08-28 10:52:21,306 INFO peoplein.stream: decoded loby/20260819-171241.mkv: 1015 frames
2026-08-28 10:52:21,311 INFO peoplein.stream: decoded entrance/20260819-171104.mkv: 1015 frames
2026-08-28 10:52:21,325 INFO __main__: analysis interval completed start=2026-08-19 17:12:41 end=2026-08-19 17:16:04 frames=2030 ticks=1015 entered=3 exited=2 people_inside=1
2026-08-28 10:52:21,328 INFO __main__: summary updated end=2026-08-19 17:16:04
2026-08-28 10:52:21,329 INFO peoplein.stream: analysis interval ready start=2026-08-19 17:16:04 end=2026-08-19 17:17:41
2026-08-28 10:52:29,854 INFO peoplein.stream: decoded entrance/20260819-171604.mkv: 485 frames
2026-08-28 10:52:29,854 INFO peoplein.stream: decoded loby/20260819-171241.mkv: 485 frames
2026-08-28 10:52:29,870 INFO __main__: analysis interval completed start=2026-08-19 17:16:04 end=2026-08-19 17:17:41 frames=970 ticks=485 entered=3 exited=2 people_inside=1
2026-08-28 10:52:29,873 INFO __main__: summary updated end=2026-08-19 17:17:41
2026-08-28 10:52:29,874 INFO peoplein.stream: analysis interval ready start=2026-08-19 17:17:41 end=2026-08-19 17:21:04
2026-08-28 10:52:43,058 INFO peoplein.stream: decoded entrance/20260819-171604.mkv: 1015 frames
2026-08-28 10:52:43,058 INFO peoplein.stream: decoded loby/20260819-171741.mkv: 1015 frames
2026-08-28 10:52:43,074 INFO __main__: analysis interval completed start=2026-08-19 17:17:41 end=2026-08-19 17:21:04 frames=2030 ticks=1015 entered=3 exited=2 people_inside=1
2026-08-28 10:52:43,078 INFO __main__: summary updated end=2026-08-19 17:21:04
2026-08-28 10:52:43,078 INFO peoplein.stream: analysis interval ready start=2026-08-19 17:21:04 end=2026-08-19 17:22:41
2026-08-28 10:52:51,638 INFO peoplein.stream: decoded entrance/20260819-172104.mkv: 485 frames
2026-08-28 10:52:51,638 INFO peoplein.stream: decoded loby/20260819-171741.mkv: 485 frames
2026-08-28 10:52:51,656 INFO __main__: analysis interval completed start=2026-08-19 17:21:04 end=2026-08-19 17:22:41 frames=970 ticks=485 entered=3 exited=2 people_inside=1
2026-08-28 10:52:51,659 INFO __main__: summary updated end=2026-08-19 17:22:41
2026-08-28 10:52:51,659 INFO peoplein.stream: analysis interval ready start=2026-08-19 17:22:41 end=2026-08-19 17:26:04
2026-08-28 10:53:04,272 INFO peoplein.stream: decoded loby/20260819-172241.mkv: 1015 frames
2026-08-28 10:53:04,272 INFO peoplein.stream: decoded entrance/20260819-172104.mkv: 1015 frames
2026-08-28 10:53:04,288 INFO __main__: analysis interval completed start=2026-08-19 17:22:41 end=2026-08-19 17:26:04 frames=2030 ticks=1015 entered=3 exited=2 people_inside=1
2026-08-28 10:53:04,291 INFO __main__: summary updated end=2026-08-19 17:26:04
2026-08-28 10:53:04,291 INFO peoplein.stream: analysis interval ready start=2026-08-19 17:26:04 end=2026-08-19 17:27:41
2026-08-28 10:53:12,693 INFO peoplein.stream: decoded entrance/20260819-172604.mkv: 485 frames
2026-08-28 10:53:12,695 INFO peoplein.stream: decoded loby/20260819-172241.mkv: 485 frames
2026-08-28 10:53:12,712 INFO __main__: analysis interval completed start=2026-08-19 17:26:04 end=2026-08-19 17:27:41 frames=970 ticks=485 entered=3 exited=2 people_inside=1
2026-08-28 10:53:12,715 INFO __main__: summary updated end=2026-08-19 17:27:41
2026-08-28 10:53:12,715 INFO peoplein.stream: analysis interval ready start=2026-08-19 17:27:41 end=2026-08-19 17:31:04
2026-08-28 10:53:26,072 INFO peoplein.stream: decoded loby/20260819-172741.mkv: 1015 frames
2026-08-28 10:53:26,075 INFO peoplein.stream: decoded entrance/20260819-172604.mkv: 1015 frames
2026-08-28 10:53:26,091 INFO __main__: analysis interval completed start=2026-08-19 17:27:41 end=2026-08-19 17:31:04 frames=2030 ticks=1015 entered=3 exited=2 people_inside=1
2026-08-28 10:53:26,094 INFO __main__: summary updated end=2026-08-19 17:31:04
2026-08-28 10:53:26,095 INFO peoplein.stream: analysis interval ready start=2026-08-19 17:31:04 end=2026-08-19 17:32:41
2026-08-28 10:53:34,678 INFO peoplein.stream: decoded loby/20260819-172741.mkv: 485 frames
2026-08-28 10:53:34,678 INFO peoplein.stream: decoded entrance/20260819-173104.mkv: 485 frames
2026-08-28 10:53:34,696 INFO __main__: analysis interval completed start=2026-08-19 17:31:04 end=2026-08-19 17:32:41 frames=970 ticks=485 entered=3 exited=2 people_inside=1
2026-08-28 10:53:34,700 INFO __main__: summary updated end=2026-08-19 17:32:41
2026-08-28 10:53:34,700 INFO peoplein.stream: analysis interval ready start=2026-08-19 17:32:41 end=2026-08-19 17:36:04
2026-08-28 10:53:47,004 INFO peoplein.stream: decoded entrance/20260819-173104.mkv: 1015 frames
2026-08-28 10:53:47,004 INFO peoplein.stream: decoded loby/20260819-173241.mkv: 1015 frames
2026-08-28 10:53:47,021 INFO __main__: analysis interval completed start=2026-08-19 17:32:41 end=2026-08-19 17:36:04 frames=2030 ticks=1015 entered=3 exited=2 people_inside=1
2026-08-28 10:53:47,025 INFO __main__: summary updated end=2026-08-19 17:36:04
2026-08-28 10:53:47,025 INFO peoplein.stream: analysis interval ready start=2026-08-19 17:36:04 end=2026-08-19 17:37:41
2026-08-28 10:53:55,606 INFO peoplein.stream: decoded loby/20260819-173241.mkv: 485 frames
2026-08-28 10:53:55,606 INFO peoplein.stream: decoded entrance/20260819-173604.mkv: 485 frames
2026-08-28 10:53:55,655 INFO __main__: analysis interval completed start=2026-08-19 17:36:04 end=2026-08-19 17:37:41 frames=970 ticks=485 entered=3 exited=2 people_inside=1
2026-08-28 10:53:55,658 INFO __main__: summary updated end=2026-08-19 17:37:41
2026-08-28 10:53:55,658 INFO peoplein.stream: analysis interval ready start=2026-08-19 17:37:41 end=2026-08-19 17:41:04
2026-08-28 10:54:08,286 INFO peoplein.stream: decoded entrance/20260819-173604.mkv: 1015 frames
2026-08-28 10:54:08,286 INFO peoplein.stream: decoded loby/20260819-173741.mkv: 1015 frames
2026-08-28 10:54:08,304 INFO __main__: analysis interval completed start=2026-08-19 17:37:41 end=2026-08-19 17:41:04 frames=2030 ticks=1015 entered=3 exited=2 people_inside=1
2026-08-28 10:54:08,307 INFO __main__: summary updated end=2026-08-19 17:41:04
2026-08-28 10:54:08,307 INFO peoplein.stream: analysis interval ready start=2026-08-19 17:41:04 end=2026-08-19 17:42:41
2026-08-28 10:54:17,948 INFO peoplein.stream: decoded entrance/20260819-174104.mkv: 485 frames
2026-08-28 10:54:17,948 INFO peoplein.stream: decoded loby/20260819-173741.mkv: 485 frames
2026-08-28 10:54:17,966 INFO __main__: analysis interval completed start=2026-08-19 17:41:04 end=2026-08-19 17:42:41 frames=970 ticks=485 entered=3 exited=2 people_inside=1
2026-08-28 10:54:17,970 INFO __main__: summary updated end=2026-08-19 17:42:41
2026-08-28 10:54:17,970 INFO peoplein.stream: analysis interval ready start=2026-08-19 17:42:41 end=2026-08-19 17:46:04
2026-08-28 10:54:30,761 INFO peoplein.stream: decoded entrance/20260819-174104.mkv: 1015 frames
2026-08-28 10:54:30,761 INFO peoplein.stream: decoded loby/20260819-174241.mkv: 1015 frames
2026-08-28 10:54:30,778 INFO __main__: analysis interval completed start=2026-08-19 17:42:41 end=2026-08-19 17:46:04 frames=2030 ticks=1015 entered=3 exited=2 people_inside=1
2026-08-28 10:54:30,781 INFO __main__: summary updated end=2026-08-19 17:46:04
2026-08-28 10:54:30,782 INFO peoplein.stream: analysis interval ready start=2026-08-19 17:46:04 end=2026-08-19 17:47:41
2026-08-28 10:54:39,928 INFO peoplein.stream: decoded loby/20260819-174241.mkv: 480 frames
2026-08-28 10:54:40,023 INFO peoplein.stream: decoded entrance/20260819-174604.mkv: 485 frames
2026-08-28 10:54:40,024 INFO peoplein.stream: decoded loby/20260819-174740.mkv: 5 frames
2026-08-28 10:54:40,040 INFO __main__: analysis interval completed start=2026-08-19 17:46:04 end=2026-08-19 17:47:41 frames=970 ticks=485 entered=3 exited=2 people_inside=1
2026-08-28 10:54:40,043 INFO __main__: summary updated end=2026-08-19 17:47:41
2026-08-28 10:54:40,044 INFO peoplein.stream: analysis interval ready start=2026-08-19 17:47:40 end=2026-08-19 17:51:04
2026-08-28 10:54:53,180 INFO peoplein.stream: decoded entrance/20260819-174604.mkv: 1020 frames
2026-08-28 10:54:53,180 INFO peoplein.stream: decoded loby/20260819-174740.mkv: 1020 frames
2026-08-28 10:54:53,198 INFO __main__: analysis interval completed start=2026-08-19 17:47:40 end=2026-08-19 17:51:04 frames=2040 ticks=1020 entered=3 exited=2 people_inside=1
2026-08-28 10:54:53,201 INFO __main__: summary updated end=2026-08-19 17:51:04
2026-08-28 10:54:53,201 INFO peoplein.stream: analysis interval ready start=2026-08-19 17:51:04 end=2026-08-19 17:52:40
2026-08-28 10:55:01,797 INFO peoplein.stream: decoded entrance/20260819-175104.mkv: 480 frames
2026-08-28 10:55:01,797 INFO peoplein.stream: decoded loby/20260819-174740.mkv: 480 frames
2026-08-28 10:55:01,815 INFO __main__: analysis interval completed start=2026-08-19 17:51:04 end=2026-08-19 17:52:40 frames=960 ticks=480 entered=3 exited=2 people_inside=1
2026-08-28 10:55:01,819 INFO __main__: summary updated end=2026-08-19 17:52:40
2026-08-28 10:55:01,819 INFO peoplein.stream: analysis interval ready start=2026-08-19 17:52:40 end=2026-08-19 17:56:04
2026-08-28 10:55:15,024 INFO peoplein.stream: decoded entrance/20260819-175104.mkv: 1020 frames
2026-08-28 10:55:15,028 INFO peoplein.stream: decoded loby/20260819-175240.mkv: 1020 frames
2026-08-28 10:55:15,042 INFO __main__: analysis interval completed start=2026-08-19 17:52:40 end=2026-08-19 17:56:04 frames=2040 ticks=1020 entered=3 exited=2 people_inside=1
2026-08-28 10:55:15,045 INFO __main__: summary updated end=2026-08-19 17:56:04
2026-08-28 10:55:15,045 INFO peoplein.stream: analysis interval ready start=2026-08-19 17:56:04 end=2026-08-19 17:57:40
2026-08-28 10:55:23,396 INFO peoplein.stream: decoded entrance/20260819-175604.mkv: 480 frames
2026-08-28 10:55:23,396 INFO peoplein.stream: decoded loby/20260819-175240.mkv: 480 frames
2026-08-28 10:55:23,413 INFO __main__: analysis interval completed start=2026-08-19 17:56:04 end=2026-08-19 17:57:40 frames=960 ticks=480 entered=3 exited=2 people_inside=1
2026-08-28 10:55:23,417 INFO __main__: summary updated end=2026-08-19 17:57:40
2026-08-28 10:55:23,417 INFO peoplein.stream: analysis interval ready start=2026-08-19 17:57:40 end=2026-08-19 18:01:04
2026-08-28 10:55:36,156 INFO peoplein.stream: decoded entrance/20260819-175604.mkv: 1020 frames
2026-08-28 10:55:36,156 INFO peoplein.stream: decoded loby/20260819-175740.mkv: 1020 frames
2026-08-28 10:55:36,175 INFO __main__: analysis interval completed start=2026-08-19 17:57:40 end=2026-08-19 18:01:04 frames=2040 ticks=1020 entered=3 exited=2 people_inside=1
2026-08-28 10:55:36,178 INFO __main__: summary updated end=2026-08-19 18:01:04
2026-08-28 10:55:36,178 INFO peoplein.stream: analysis interval ready start=2026-08-19 18:01:04 end=2026-08-19 18:02:40
2026-08-28 10:55:44,657 INFO peoplein.stream: decoded entrance/20260819-180104.mkv: 480 frames
2026-08-28 10:55:44,658 INFO peoplein.stream: decoded loby/20260819-175740.mkv: 480 frames
2026-08-28 10:55:44,675 INFO __main__: analysis interval completed start=2026-08-19 18:01:04 end=2026-08-19 18:02:40 frames=960 ticks=480 entered=3 exited=2 people_inside=1
2026-08-28 10:55:44,679 INFO __main__: summary updated end=2026-08-19 18:02:40
2026-08-28 10:55:44,679 INFO peoplein.stream: analysis interval ready start=2026-08-19 18:02:40 end=2026-08-19 18:06:04
2026-08-28 10:55:57,241 INFO peoplein.stream: decoded entrance/20260819-180104.mkv: 1020 frames
2026-08-28 10:55:57,243 INFO peoplein.stream: decoded loby/20260819-180240.mkv: 1020 frames
2026-08-28 10:55:57,260 INFO __main__: analysis interval completed start=2026-08-19 18:02:40 end=2026-08-19 18:06:04 frames=2040 ticks=1020 entered=3 exited=2 people_inside=1
2026-08-28 10:55:57,263 INFO __main__: summary updated end=2026-08-19 18:06:04
2026-08-28 10:55:57,263 INFO peoplein.stream: analysis interval ready start=2026-08-19 18:06:04 end=2026-08-19 18:07:40
2026-08-28 10:56:05,652 INFO peoplein.stream: decoded entrance/20260819-180604.mkv: 480 frames
2026-08-28 10:56:05,652 INFO peoplein.stream: decoded loby/20260819-180240.mkv: 480 frames
2026-08-28 10:56:05,670 INFO __main__: analysis interval completed start=2026-08-19 18:06:04 end=2026-08-19 18:07:40 frames=960 ticks=480 entered=3 exited=2 people_inside=1
2026-08-28 10:56:05,674 INFO __main__: summary updated end=2026-08-19 18:07:40
2026-08-28 10:56:05,674 INFO peoplein.stream: analysis interval ready start=2026-08-19 18:07:40 end=2026-08-19 18:11:04
2026-08-28 10:56:19,315 INFO peoplein.stream: decoded loby/20260819-180740.mkv: 1020 frames
2026-08-28 10:56:19,317 INFO peoplein.stream: decoded entrance/20260819-180604.mkv: 1020 frames
2026-08-28 10:56:19,333 INFO __main__: analysis interval completed start=2026-08-19 18:07:40 end=2026-08-19 18:11:04 frames=2040 ticks=1020 entered=3 exited=2 people_inside=1
2026-08-28 10:56:19,337 INFO __main__: summary updated end=2026-08-19 18:11:04
2026-08-28 10:56:19,338 INFO peoplein.stream: analysis interval ready start=2026-08-19 18:11:04 end=2026-08-19 18:12:42
2026-08-28 10:56:27,862 INFO peoplein.stream: decoded entrance/20260819-181104.mkv: 490 frames
2026-08-28 10:56:27,869 INFO peoplein.stream: decoded loby/20260819-180740.mkv: 490 frames
2026-08-28 10:56:27,902 INFO __main__: analysis interval completed start=2026-08-19 18:11:04 end=2026-08-19 18:12:42 frames=980 ticks=490 entered=3 exited=2 people_inside=1
2026-08-28 10:56:27,906 INFO __main__: summary updated end=2026-08-19 18:12:42
2026-08-28 10:56:27,906 INFO peoplein.stream: analysis interval ready start=2026-08-19 18:12:42 end=2026-08-19 18:16:04
2026-08-28 10:56:40,194 INFO peoplein.stream: decoded entrance/20260819-181104.mkv: 1010 frames
2026-08-28 10:56:40,194 INFO peoplein.stream: decoded loby/20260819-181242.mkv: 1010 frames
2026-08-28 10:56:40,212 INFO __main__: analysis interval completed start=2026-08-19 18:12:42 end=2026-08-19 18:16:04 frames=2020 ticks=1010 entered=3 exited=2 people_inside=1
2026-08-28 10:56:40,216 INFO __main__: summary updated end=2026-08-19 18:16:04
2026-08-28 10:56:40,216 INFO peoplein.stream: analysis interval ready start=2026-08-19 18:16:04 end=2026-08-19 18:17:42
2026-08-28 10:56:49,149 INFO peoplein.stream: decoded entrance/20260819-181604.mkv: 490 frames
2026-08-28 10:56:49,149 INFO peoplein.stream: decoded loby/20260819-181242.mkv: 490 frames
2026-08-28 10:56:49,167 INFO __main__: analysis interval completed start=2026-08-19 18:16:04 end=2026-08-19 18:17:42 frames=980 ticks=490 entered=3 exited=2 people_inside=1
2026-08-28 10:56:49,171 INFO __main__: summary updated end=2026-08-19 18:17:42
2026-08-28 10:56:49,171 INFO peoplein.stream: analysis interval ready start=2026-08-19 18:17:42 end=2026-08-19 18:21:04
2026-08-28 10:57:01,627 INFO peoplein.stream: decoded entrance/20260819-181604.mkv: 1010 frames
2026-08-28 10:57:01,628 INFO peoplein.stream: decoded loby/20260819-181742.mkv: 1010 frames
2026-08-28 10:57:01,646 INFO __main__: analysis interval completed start=2026-08-19 18:17:42 end=2026-08-19 18:21:04 frames=2020 ticks=1010 entered=3 exited=2 people_inside=1
2026-08-28 10:57:01,650 INFO __main__: summary updated end=2026-08-19 18:21:04
2026-08-28 10:57:01,650 INFO peoplein.stream: analysis interval ready start=2026-08-19 18:21:04 end=2026-08-19 18:22:42
2026-08-28 10:57:10,206 INFO peoplein.stream: decoded entrance/20260819-182104.mkv: 490 frames
2026-08-28 10:57:10,209 INFO peoplein.stream: decoded loby/20260819-181742.mkv: 490 frames
2026-08-28 10:57:10,224 INFO __main__: analysis interval completed start=2026-08-19 18:21:04 end=2026-08-19 18:22:42 frames=980 ticks=490 entered=3 exited=2 people_inside=1
2026-08-28 10:57:10,227 INFO __main__: summary updated end=2026-08-19 18:22:42
2026-08-28 10:57:10,227 INFO peoplein.stream: analysis interval ready start=2026-08-19 18:22:42 end=2026-08-19 18:26:04
2026-08-28 10:57:22,323 INFO peoplein.stream: decoded entrance/20260819-182104.mkv: 1010 frames
2026-08-28 10:57:22,323 INFO peoplein.stream: decoded loby/20260819-182242.mkv: 1010 frames
2026-08-28 10:57:22,340 INFO __main__: analysis interval completed start=2026-08-19 18:22:42 end=2026-08-19 18:26:04 frames=2020 ticks=1010 entered=3 exited=2 people_inside=1
2026-08-28 10:57:22,344 INFO __main__: summary updated end=2026-08-19 18:26:04
2026-08-28 10:57:22,344 INFO peoplein.stream: analysis interval ready start=2026-08-19 18:26:04 end=2026-08-19 18:27:42
2026-08-28 10:57:31,417 INFO peoplein.stream: decoded loby/20260819-182242.mkv: 485 frames
2026-08-28 10:57:31,502 INFO peoplein.stream: decoded entrance/20260819-182604.mkv: 490 frames
2026-08-28 10:57:31,506 INFO peoplein.stream: decoded loby/20260819-182741.mkv: 5 frames
2026-08-28 10:57:31,520 INFO __main__: analysis interval completed start=2026-08-19 18:26:04 end=2026-08-19 18:27:42 frames=980 ticks=490 entered=3 exited=2 people_inside=1
2026-08-28 10:57:31,524 INFO __main__: summary updated end=2026-08-19 18:27:42
2026-08-28 10:57:31,524 INFO peoplein.stream: analysis interval ready start=2026-08-19 18:27:41 end=2026-08-19 18:31:04
2026-08-28 10:57:43,557 INFO peoplein.stream: decoded entrance/20260819-182604.mkv: 1015 frames
2026-08-28 10:57:43,557 INFO peoplein.stream: decoded loby/20260819-182741.mkv: 1015 frames
2026-08-28 10:57:43,576 INFO __main__: analysis interval completed start=2026-08-19 18:27:41 end=2026-08-19 18:31:04 frames=2030 ticks=1015 entered=3 exited=2 people_inside=1
2026-08-28 10:57:43,580 INFO __main__: summary updated end=2026-08-19 18:31:04
2026-08-28 10:57:43,580 INFO peoplein.stream: analysis interval ready start=2026-08-19 18:31:04 end=2026-08-19 18:32:41
2026-08-28 10:57:53,131 INFO peoplein.stream: decoded entrance/20260819-183104.mkv: 485 frames
2026-08-28 10:57:53,138 INFO peoplein.stream: decoded loby/20260819-182741.mkv: 485 frames
2026-08-28 10:57:53,172 INFO __main__: analysis interval completed start=2026-08-19 18:31:04 end=2026-08-19 18:32:41 frames=970 ticks=485 entered=3 exited=2 people_inside=1
2026-08-28 10:57:53,176 INFO __main__: summary updated end=2026-08-19 18:32:41
2026-08-28 10:57:53,176 INFO peoplein.stream: analysis interval ready start=2026-08-19 18:32:41 end=2026-08-19 18:36:04
2026-08-28 10:58:05,530 INFO peoplein.stream: decoded entrance/20260819-183104.mkv: 1015 frames
2026-08-28 10:58:05,530 INFO peoplein.stream: decoded loby/20260819-183241.mkv: 1015 frames
2026-08-28 10:58:05,547 INFO __main__: analysis interval completed start=2026-08-19 18:32:41 end=2026-08-19 18:36:04 frames=2030 ticks=1015 entered=3 exited=2 people_inside=1
2026-08-28 10:58:05,551 INFO __main__: summary updated end=2026-08-19 18:36:04
2026-08-28 10:58:05,551 INFO peoplein.stream: analysis interval ready start=2026-08-19 18:36:04 end=2026-08-19 18:37:41
2026-08-28 10:58:14,253 INFO peoplein.stream: decoded entrance/20260819-183604.mkv: 485 frames
2026-08-28 10:58:14,253 INFO peoplein.stream: decoded loby/20260819-183241.mkv: 485 frames
2026-08-28 10:58:14,269 INFO __main__: analysis interval completed start=2026-08-19 18:36:04 end=2026-08-19 18:37:41 frames=970 ticks=485 entered=3 exited=2 people_inside=1
2026-08-28 10:58:14,272 INFO __main__: summary updated end=2026-08-19 18:37:41
2026-08-28 10:58:14,272 INFO peoplein.stream: analysis interval ready start=2026-08-19 18:37:41 end=2026-08-19 18:41:04
2026-08-28 10:58:28,119 INFO peoplein.stream: decoded entrance/20260819-183604.mkv: 1015 frames
2026-08-28 10:58:28,119 INFO peoplein.stream: decoded loby/20260819-183741.mkv: 1015 frames
2026-08-28 10:58:28,137 INFO __main__: analysis interval completed start=2026-08-19 18:37:41 end=2026-08-19 18:41:04 frames=2030 ticks=1015 entered=4 exited=2 people_inside=2
2026-08-28 10:58:28,140 INFO __main__: summary updated end=2026-08-19 18:41:04
2026-08-28 10:58:28,140 INFO peoplein.stream: analysis interval ready start=2026-08-19 18:41:04 end=2026-08-19 18:42:41
2026-08-28 10:58:36,414 INFO peoplein.stream: decoded loby/20260819-183741.mkv: 485 frames
2026-08-28 10:58:36,414 INFO peoplein.stream: decoded entrance/20260819-184104.mkv: 485 frames
2026-08-28 10:58:36,432 INFO __main__: analysis interval completed start=2026-08-19 18:41:04 end=2026-08-19 18:42:41 frames=970 ticks=485 entered=4 exited=2 people_inside=2
2026-08-28 10:58:36,435 INFO __main__: summary updated end=2026-08-19 18:42:41
2026-08-28 10:58:36,436 INFO peoplein.stream: analysis interval ready start=2026-08-19 18:42:41 end=2026-08-19 18:46:04
2026-08-28 10:58:50,190 INFO peoplein.stream: decoded loby/20260819-184241.mkv: 1015 frames
2026-08-28 10:58:50,191 INFO peoplein.stream: decoded entrance/20260819-184104.mkv: 1015 frames
2026-08-28 10:58:50,208 INFO __main__: analysis interval completed start=2026-08-19 18:42:41 end=2026-08-19 18:46:04 frames=2030 ticks=1015 entered=4 exited=2 people_inside=2
2026-08-28 10:58:50,212 INFO __main__: summary updated end=2026-08-19 18:46:04
2026-08-28 10:58:50,212 INFO peoplein.stream: analysis interval ready start=2026-08-19 18:46:04 end=2026-08-19 18:47:41
2026-08-28 10:58:58,937 INFO peoplein.stream: decoded entrance/20260819-184604.mkv: 485 frames
2026-08-28 10:58:58,944 INFO peoplein.stream: decoded loby/20260819-184241.mkv: 485 frames
2026-08-28 10:58:58,977 INFO __main__: analysis interval completed start=2026-08-19 18:46:04 end=2026-08-19 18:47:41 frames=970 ticks=485 entered=4 exited=2 people_inside=2
2026-08-28 10:58:58,980 INFO __main__: summary updated end=2026-08-19 18:47:41
2026-08-28 10:58:58,981 INFO peoplein.stream: analysis interval ready start=2026-08-19 18:47:41 end=2026-08-19 18:51:04
2026-08-28 10:59:13,090 INFO peoplein.stream: decoded entrance/20260819-184604.mkv: 1015 frames
2026-08-28 10:59:13,090 INFO peoplein.stream: decoded loby/20260819-184741.mkv: 1015 frames
2026-08-28 10:59:13,108 INFO __main__: analysis interval completed start=2026-08-19 18:47:41 end=2026-08-19 18:51:04 frames=2030 ticks=1015 entered=4 exited=2 people_inside=2
2026-08-28 10:59:13,111 INFO __main__: summary updated end=2026-08-19 18:51:04
2026-08-28 10:59:13,112 INFO peoplein.stream: analysis interval ready start=2026-08-19 18:51:04 end=2026-08-19 18:52:41
2026-08-28 10:59:21,973 INFO peoplein.stream: decoded entrance/20260819-185104.mkv: 485 frames
2026-08-28 10:59:21,973 INFO peoplein.stream: decoded loby/20260819-184741.mkv: 485 frames
2026-08-28 10:59:21,990 INFO __main__: analysis interval completed start=2026-08-19 18:51:04 end=2026-08-19 18:52:41 frames=970 ticks=485 entered=4 exited=2 people_inside=2
2026-08-28 10:59:21,994 INFO __main__: summary updated end=2026-08-19 18:52:41
2026-08-28 10:59:21,994 INFO peoplein.stream: analysis interval ready start=2026-08-19 18:52:41 end=2026-08-19 18:56:04
2026-08-28 10:59:34,908 INFO peoplein.stream: decoded entrance/20260819-185104.mkv: 1015 frames
2026-08-28 10:59:34,908 INFO peoplein.stream: decoded loby/20260819-185241.mkv: 1015 frames
2026-08-28 10:59:34,927 INFO __main__: analysis interval completed start=2026-08-19 18:52:41 end=2026-08-19 18:56:04 frames=2030 ticks=1015 entered=4 exited=2 people_inside=2
2026-08-28 10:59:34,931 INFO __main__: summary updated end=2026-08-19 18:56:04
2026-08-28 10:59:34,931 INFO peoplein.stream: analysis interval ready start=2026-08-19 18:56:04 end=2026-08-19 18:57:41
2026-08-28 10:59:44,170 INFO peoplein.stream: decoded entrance/20260819-185604.mkv: 485 frames
2026-08-28 10:59:44,173 INFO peoplein.stream: decoded loby/20260819-185241.mkv: 485 frames
2026-08-28 10:59:44,189 INFO __main__: analysis interval completed start=2026-08-19 18:56:04 end=2026-08-19 18:57:41 frames=970 ticks=485 entered=4 exited=2 people_inside=2
2026-08-28 10:59:44,193 INFO __main__: summary updated end=2026-08-19 18:57:41
2026-08-28 10:59:44,193 INFO peoplein.stream: analysis interval ready start=2026-08-19 18:57:41 end=2026-08-19 19:01:04
2026-08-28 10:59:58,041 INFO peoplein.stream: decoded loby/20260819-185741.mkv: 1015 frames
2026-08-28 10:59:58,041 INFO peoplein.stream: decoded entrance/20260819-185604.mkv: 1015 frames
2026-08-28 10:59:58,059 INFO __main__: analysis interval completed start=2026-08-19 18:57:41 end=2026-08-19 19:01:04 frames=2030 ticks=1015 entered=4 exited=2 people_inside=2
2026-08-28 10:59:58,063 INFO __main__: summary updated end=2026-08-19 19:01:04
2026-08-28 10:59:58,063 INFO peoplein.stream: analysis interval ready start=2026-08-19 19:01:04 end=2026-08-19 19:02:41
2026-08-28 11:00:06,467 INFO peoplein.stream: decoded loby/20260819-185741.mkv: 480 frames
2026-08-28 11:00:06,555 INFO peoplein.stream: decoded entrance/20260819-190104.mkv: 485 frames
2026-08-28 11:00:06,559 INFO peoplein.stream: decoded loby/20260819-190240.mkv: 5 frames
2026-08-28 11:00:06,573 INFO __main__: analysis interval completed start=2026-08-19 19:01:04 end=2026-08-19 19:02:41 frames=970 ticks=485 entered=4 exited=2 people_inside=2
2026-08-28 11:00:06,576 INFO __main__: summary updated end=2026-08-19 19:02:41
2026-08-28 11:00:06,577 INFO peoplein.stream: analysis interval ready start=2026-08-19 19:02:40 end=2026-08-19 19:06:04
2026-08-28 11:00:19,101 INFO peoplein.stream: decoded loby/20260819-190240.mkv: 1020 frames
2026-08-28 11:00:19,102 INFO peoplein.stream: decoded entrance/20260819-190104.mkv: 1020 frames
2026-08-28 11:00:19,118 INFO __main__: analysis interval completed start=2026-08-19 19:02:40 end=2026-08-19 19:06:04 frames=2040 ticks=1020 entered=4 exited=2 people_inside=2
2026-08-28 11:00:19,122 INFO __main__: summary updated end=2026-08-19 19:06:04
2026-08-28 11:00:19,122 INFO peoplein.stream: analysis interval ready start=2026-08-19 19:06:04 end=2026-08-19 19:07:40
2026-08-28 11:00:27,318 INFO peoplein.stream: decoded entrance/20260819-190604.mkv: 480 frames
2026-08-28 11:00:27,318 INFO peoplein.stream: decoded loby/20260819-190240.mkv: 480 frames
2026-08-28 11:00:27,335 INFO __main__: analysis interval completed start=2026-08-19 19:06:04 end=2026-08-19 19:07:40 frames=960 ticks=480 entered=4 exited=2 people_inside=2
2026-08-28 11:00:27,339 INFO __main__: summary updated end=2026-08-19 19:07:40
2026-08-28 11:00:27,340 INFO peoplein.stream: analysis interval ready start=2026-08-19 19:07:40 end=2026-08-19 19:11:04
2026-08-28 11:00:40,311 INFO peoplein.stream: decoded entrance/20260819-190604.mkv: 1020 frames
2026-08-28 11:00:40,311 INFO peoplein.stream: decoded loby/20260819-190740.mkv: 1020 frames
2026-08-28 11:00:40,328 INFO __main__: analysis interval completed start=2026-08-19 19:07:40 end=2026-08-19 19:11:04 frames=2040 ticks=1020 entered=4 exited=2 people_inside=2
2026-08-28 11:00:40,332 INFO __main__: summary updated end=2026-08-19 19:11:04
2026-08-28 11:00:40,332 INFO peoplein.stream: analysis interval ready start=2026-08-19 19:11:04 end=2026-08-19 19:12:40
2026-08-28 11:00:48,909 INFO peoplein.stream: decoded loby/20260819-190740.mkv: 480 frames
2026-08-28 11:00:48,911 INFO peoplein.stream: decoded entrance/20260819-191104.mkv: 480 frames
2026-08-28 11:00:48,926 INFO __main__: analysis interval completed start=2026-08-19 19:11:04 end=2026-08-19 19:12:40 frames=960 ticks=480 entered=4 exited=2 people_inside=2
2026-08-28 11:00:48,929 INFO __main__: summary updated end=2026-08-19 19:12:40
2026-08-28 11:00:48,930 INFO peoplein.stream: analysis interval ready start=2026-08-19 19:12:40 end=2026-08-19 19:16:04
2026-08-28 11:01:01,031 INFO peoplein.stream: decoded loby/20260819-191240.mkv: 1020 frames
2026-08-28 11:01:01,034 INFO peoplein.stream: decoded entrance/20260819-191104.mkv: 1020 frames
2026-08-28 11:01:01,050 INFO __main__: analysis interval completed start=2026-08-19 19:12:40 end=2026-08-19 19:16:04 frames=2040 ticks=1020 entered=4 exited=2 people_inside=2
2026-08-28 11:01:01,054 INFO __main__: summary updated end=2026-08-19 19:16:04
2026-08-28 11:01:01,054 INFO peoplein.stream: analysis interval ready start=2026-08-19 19:16:04 end=2026-08-19 19:17:40
2026-08-28 11:01:10,330 INFO peoplein.stream: decoded loby/20260819-191240.mkv: 480 frames
2026-08-28 11:01:10,330 INFO peoplein.stream: decoded entrance/20260819-191604.mkv: 480 frames
2026-08-28 11:01:10,348 INFO __main__: analysis interval completed start=2026-08-19 19:16:04 end=2026-08-19 19:17:40 frames=960 ticks=480 entered=4 exited=2 people_inside=2
2026-08-28 11:01:10,351 INFO __main__: summary updated end=2026-08-19 19:17:40
2026-08-28 11:01:10,351 INFO peoplein.stream: analysis interval ready start=2026-08-19 19:17:40 end=2026-08-19 19:21:04
2026-08-28 11:01:23,281 INFO peoplein.stream: decoded loby/20260819-191740.mkv: 1020 frames
2026-08-28 11:01:23,281 INFO peoplein.stream: decoded entrance/20260819-191604.mkv: 1020 frames
2026-08-28 11:01:23,299 INFO __main__: analysis interval completed start=2026-08-19 19:17:40 end=2026-08-19 19:21:04 frames=2040 ticks=1020 entered=4 exited=2 people_inside=2
2026-08-28 11:01:23,303 INFO __main__: summary updated end=2026-08-19 19:21:04
2026-08-28 11:01:23,303 INFO peoplein.stream: analysis interval ready start=2026-08-19 19:21:04 end=2026-08-19 19:22:40
2026-08-28 11:01:31,707 INFO peoplein.stream: decoded entrance/20260819-192104.mkv: 480 frames
2026-08-28 11:01:31,708 INFO peoplein.stream: decoded loby/20260819-191740.mkv: 480 frames
2026-08-28 11:01:31,726 INFO __main__: analysis interval completed start=2026-08-19 19:21:04 end=2026-08-19 19:22:40 frames=960 ticks=480 entered=4 exited=2 people_inside=2
2026-08-28 11:01:31,730 INFO __main__: summary updated end=2026-08-19 19:22:40
2026-08-28 11:01:31,730 INFO peoplein.stream: analysis interval ready start=2026-08-19 19:22:40 end=2026-08-19 19:26:04
2026-08-28 11:01:44,555 INFO peoplein.stream: decoded loby/20260819-192240.mkv: 1020 frames
2026-08-28 11:01:44,558 INFO peoplein.stream: decoded entrance/20260819-192104.mkv: 1020 frames
2026-08-28 11:01:44,573 INFO __main__: analysis interval completed start=2026-08-19 19:22:40 end=2026-08-19 19:26:04 frames=2040 ticks=1020 entered=4 exited=2 people_inside=2
2026-08-28 11:01:44,577 INFO __main__: summary updated end=2026-08-19 19:26:04
2026-08-28 11:01:44,577 INFO peoplein.stream: analysis interval ready start=2026-08-19 19:26:04 end=2026-08-19 19:27:40
2026-08-28 11:01:53,938 INFO peoplein.stream: decoded entrance/20260819-192604.mkv: 480 frames
2026-08-28 11:01:53,938 INFO peoplein.stream: decoded loby/20260819-192240.mkv: 480 frames
2026-08-28 11:01:53,956 INFO __main__: analysis interval completed start=2026-08-19 19:26:04 end=2026-08-19 19:27:40 frames=960 ticks=480 entered=4 exited=2 people_inside=2
2026-08-28 11:01:53,959 INFO __main__: summary updated end=2026-08-19 19:27:40
2026-08-28 11:01:53,959 INFO peoplein.stream: analysis interval ready start=2026-08-19 19:27:40 end=2026-08-19 19:31:04
2026-08-28 11:02:05,611 INFO peoplein.stream: decoded entrance/20260819-192604.mkv: 1020 frames
2026-08-28 11:02:05,616 INFO peoplein.stream: decoded loby/20260819-192740.mkv: 1020 frames
2026-08-28 11:02:05,631 INFO __main__: analysis interval completed start=2026-08-19 19:27:40 end=2026-08-19 19:31:04 frames=2040 ticks=1020 entered=4 exited=2 people_inside=2
2026-08-28 11:02:05,635 INFO __main__: summary updated end=2026-08-19 19:31:04
2026-08-28 11:02:05,635 INFO peoplein.stream: analysis interval ready start=2026-08-19 19:31:04 end=2026-08-19 19:32:42
2026-08-28 11:02:14,335 INFO peoplein.stream: decoded loby/20260819-192740.mkv: 490 frames
2026-08-28 11:02:14,339 INFO peoplein.stream: decoded entrance/20260819-193104.mkv: 490 frames
2026-08-28 11:02:14,351 INFO __main__: analysis interval completed start=2026-08-19 19:31:04 end=2026-08-19 19:32:42 frames=980 ticks=490 entered=4 exited=2 people_inside=2
2026-08-28 11:02:14,355 INFO __main__: summary updated end=2026-08-19 19:32:42
2026-08-28 11:02:14,355 INFO peoplein.stream: analysis interval ready start=2026-08-19 19:32:42 end=2026-08-19 19:36:04
2026-08-28 11:02:26,308 INFO peoplein.stream: decoded entrance/20260819-193104.mkv: 1010 frames
2026-08-28 11:02:26,308 INFO peoplein.stream: decoded loby/20260819-193242.mkv: 1010 frames
2026-08-28 11:02:26,326 INFO __main__: analysis interval completed start=2026-08-19 19:32:42 end=2026-08-19 19:36:04 frames=2020 ticks=1010 entered=4 exited=2 people_inside=2
2026-08-28 11:02:26,330 INFO __main__: summary updated end=2026-08-19 19:36:04
2026-08-28 11:02:26,330 INFO peoplein.stream: analysis interval ready start=2026-08-19 19:36:04 end=2026-08-19 19:37:42
2026-08-28 11:02:35,155 INFO peoplein.stream: decoded entrance/20260819-193604.mkv: 490 frames
2026-08-28 11:02:35,159 INFO peoplein.stream: decoded loby/20260819-193242.mkv: 490 frames
2026-08-28 11:02:35,173 INFO __main__: analysis interval completed start=2026-08-19 19:36:04 end=2026-08-19 19:37:42 frames=980 ticks=490 entered=4 exited=2 people_inside=2
2026-08-28 11:02:35,177 INFO __main__: summary updated end=2026-08-19 19:37:42
2026-08-28 11:02:35,177 INFO peoplein.stream: analysis interval ready start=2026-08-19 19:37:42 end=2026-08-19 19:41:04
2026-08-28 11:02:47,936 INFO peoplein.stream: decoded loby/20260819-193742.mkv: 1010 frames
2026-08-28 11:02:47,938 INFO peoplein.stream: decoded entrance/20260819-193604.mkv: 1010 frames
2026-08-28 11:02:47,954 INFO __main__: analysis interval completed start=2026-08-19 19:37:42 end=2026-08-19 19:41:04 frames=2020 ticks=1010 entered=4 exited=2 people_inside=2
2026-08-28 11:02:47,957 INFO __main__: summary updated end=2026-08-19 19:41:04
2026-08-28 11:02:47,958 INFO peoplein.stream: analysis interval ready start=2026-08-19 19:41:04 end=2026-08-19 19:42:42
2026-08-28 11:02:57,902 INFO peoplein.stream: decoded loby/20260819-193742.mkv: 485 frames
2026-08-28 11:02:57,993 INFO peoplein.stream: decoded entrance/20260819-194104.mkv: 490 frames
2026-08-28 11:02:58,004 INFO peoplein.stream: decoded loby/20260819-194241.mkv: 5 frames
2026-08-28 11:02:58,012 INFO __main__: analysis interval completed start=2026-08-19 19:41:04 end=2026-08-19 19:42:42 frames=980 ticks=490 entered=4 exited=2 people_inside=2
2026-08-28 11:02:58,015 INFO __main__: summary updated end=2026-08-19 19:42:42
2026-08-28 11:02:58,016 INFO peoplein.stream: analysis interval ready start=2026-08-19 19:42:41 end=2026-08-19 19:46:04
2026-08-28 11:03:11,256 INFO peoplein.stream: decoded entrance/20260819-194104.mkv: 1015 frames
2026-08-28 11:03:11,259 INFO peoplein.stream: decoded loby/20260819-194241.mkv: 1015 frames
2026-08-28 11:03:11,273 INFO __main__: analysis interval completed start=2026-08-19 19:42:41 end=2026-08-19 19:46:04 frames=2030 ticks=1015 entered=4 exited=2 people_inside=2
2026-08-28 11:03:11,277 INFO __main__: summary updated end=2026-08-19 19:46:04
2026-08-28 11:03:11,277 INFO peoplein.stream: analysis interval ready start=2026-08-19 19:46:04 end=2026-08-19 19:47:41
2026-08-28 11:03:19,618 INFO peoplein.stream: decoded entrance/20260819-194604.mkv: 485 frames
2026-08-28 11:03:19,620 INFO peoplein.stream: decoded loby/20260819-194241.mkv: 485 frames
2026-08-28 11:03:19,636 INFO __main__: analysis interval completed start=2026-08-19 19:46:04 end=2026-08-19 19:47:41 frames=970 ticks=485 entered=4 exited=2 people_inside=2
2026-08-28 11:03:19,641 INFO __main__: summary updated end=2026-08-19 19:47:41
2026-08-28 11:03:19,641 INFO peoplein.stream: analysis interval ready start=2026-08-19 19:47:41 end=2026-08-19 19:51:04
2026-08-28 11:03:32,867 INFO peoplein.stream: decoded loby/20260819-194741.mkv: 1015 frames
2026-08-28 11:03:32,867 INFO peoplein.stream: decoded entrance/20260819-194604.mkv: 1015 frames
2026-08-28 11:03:32,885 INFO __main__: analysis interval completed start=2026-08-19 19:47:41 end=2026-08-19 19:51:04 frames=2030 ticks=1015 entered=4 exited=2 people_inside=2
2026-08-28 11:03:32,888 INFO __main__: summary updated end=2026-08-19 19:51:04
2026-08-28 11:03:32,888 INFO peoplein.stream: analysis interval ready start=2026-08-19 19:51:04 end=2026-08-19 19:52:41
2026-08-28 11:03:42,440 INFO peoplein.stream: decoded entrance/20260819-195104.mkv: 485 frames
2026-08-28 11:03:42,440 INFO peoplein.stream: decoded loby/20260819-194741.mkv: 485 frames
2026-08-28 11:03:42,458 INFO __main__: analysis interval completed start=2026-08-19 19:51:04 end=2026-08-19 19:52:41 frames=970 ticks=485 entered=4 exited=3 people_inside=1
2026-08-28 11:03:42,462 INFO __main__: summary updated end=2026-08-19 19:52:41
2026-08-28 11:03:42,462 INFO peoplein.stream: analysis interval ready start=2026-08-19 19:52:41 end=2026-08-19 19:56:04
2026-08-28 11:03:55,032 INFO peoplein.stream: decoded loby/20260819-195241.mkv: 1015 frames
2026-08-28 11:03:55,034 INFO peoplein.stream: decoded entrance/20260819-195104.mkv: 1015 frames
2026-08-28 11:03:55,050 INFO __main__: analysis interval completed start=2026-08-19 19:52:41 end=2026-08-19 19:56:04 frames=2030 ticks=1015 entered=4 exited=3 people_inside=1
2026-08-28 11:03:55,054 INFO __main__: summary updated end=2026-08-19 19:56:04
2026-08-28 11:03:55,054 INFO peoplein.stream: analysis interval ready start=2026-08-19 19:56:04 end=2026-08-19 19:57:41
2026-08-28 11:04:04,022 INFO peoplein.stream: decoded loby/20260819-195241.mkv: 485 frames
2026-08-28 11:04:04,023 INFO peoplein.stream: decoded entrance/20260819-195604.mkv: 485 frames
2026-08-28 11:04:04,040 INFO __main__: analysis interval completed start=2026-08-19 19:56:04 end=2026-08-19 19:57:41 frames=970 ticks=485 entered=4 exited=3 people_inside=1
2026-08-28 11:04:04,044 INFO __main__: summary updated end=2026-08-19 19:57:41
2026-08-28 11:04:04,044 INFO peoplein.stream: analysis interval ready start=2026-08-19 19:57:41 end=2026-08-19 20:01:04
2026-08-28 11:04:15,929 INFO peoplein.stream: decoded entrance/20260819-195604.mkv: 1015 frames
2026-08-28 11:04:15,930 INFO peoplein.stream: decoded loby/20260819-195741.mkv: 1015 frames
2026-08-28 11:04:15,947 INFO __main__: analysis interval completed start=2026-08-19 19:57:41 end=2026-08-19 20:01:04 frames=2030 ticks=1015 entered=4 exited=3 people_inside=1
2026-08-28 11:04:15,951 INFO __main__: summary updated end=2026-08-19 20:01:04
2026-08-28 11:04:15,951 INFO peoplein.stream: analysis interval ready start=2026-08-19 20:01:04 end=2026-08-19 20:02:41
2026-08-28 11:04:24,328 INFO peoplein.stream: decoded entrance/20260819-200104.mkv: 485 frames
2026-08-28 11:04:24,329 INFO peoplein.stream: decoded loby/20260819-195741.mkv: 485 frames
2026-08-28 11:04:24,345 INFO __main__: analysis interval completed start=2026-08-19 20:01:04 end=2026-08-19 20:02:41 frames=970 ticks=485 entered=4 exited=3 people_inside=1
2026-08-28 11:04:24,349 INFO __main__: summary updated end=2026-08-19 20:02:41
2026-08-28 11:04:24,349 INFO peoplein.stream: analysis interval ready start=2026-08-19 20:02:41 end=2026-08-19 20:06:04
2026-08-28 11:04:38,557 INFO peoplein.stream: decoded loby/20260819-200241.mkv: 1015 frames
2026-08-28 11:04:38,558 INFO peoplein.stream: decoded entrance/20260819-200104.mkv: 1015 frames
2026-08-28 11:04:38,575 INFO __main__: analysis interval completed start=2026-08-19 20:02:41 end=2026-08-19 20:06:04 frames=2030 ticks=1015 entered=4 exited=3 people_inside=1
2026-08-28 11:04:38,579 INFO __main__: summary updated end=2026-08-19 20:06:04
2026-08-28 11:04:38,580 INFO peoplein.stream: analysis interval ready start=2026-08-19 20:06:04 end=2026-08-19 20:07:41
2026-08-28 11:04:47,859 INFO peoplein.stream: decoded loby/20260819-200241.mkv: 485 frames
2026-08-28 11:04:47,861 INFO peoplein.stream: decoded entrance/20260819-200604.mkv: 485 frames
2026-08-28 11:04:47,877 INFO __main__: analysis interval completed start=2026-08-19 20:06:04 end=2026-08-19 20:07:41 frames=970 ticks=485 entered=4 exited=3 people_inside=1
2026-08-28 11:04:47,881 INFO __main__: summary updated end=2026-08-19 20:07:41
2026-08-28 11:04:47,881 INFO peoplein.stream: analysis interval ready start=2026-08-19 20:07:41 end=2026-08-19 20:11:04
2026-08-28 11:05:01,124 INFO peoplein.stream: decoded entrance/20260819-200604.mkv: 1015 frames
2026-08-28 11:05:01,126 INFO peoplein.stream: decoded loby/20260819-200741.mkv: 1015 frames
2026-08-28 11:05:01,143 INFO __main__: analysis interval completed start=2026-08-19 20:07:41 end=2026-08-19 20:11:04 frames=2030 ticks=1015 entered=4 exited=3 people_inside=1
2026-08-28 11:05:01,146 INFO __main__: summary updated end=2026-08-19 20:11:04
2026-08-28 11:05:01,146 INFO peoplein.stream: analysis interval ready start=2026-08-19 20:11:04 end=2026-08-19 20:12:41
2026-08-28 11:05:10,119 INFO peoplein.stream: decoded loby/20260819-200741.mkv: 485 frames
2026-08-28 11:05:10,121 INFO peoplein.stream: decoded entrance/20260819-201104.mkv: 485 frames
2026-08-28 11:05:10,138 INFO __main__: analysis interval completed start=2026-08-19 20:11:04 end=2026-08-19 20:12:41 frames=970 ticks=485 entered=4 exited=3 people_inside=1
2026-08-28 11:05:10,142 INFO __main__: summary updated end=2026-08-19 20:12:41
2026-08-28 11:05:10,142 INFO peoplein.stream: analysis interval ready start=2026-08-19 20:12:41 end=2026-08-19 20:16:04
2026-08-28 11:05:23,612 INFO peoplein.stream: decoded entrance/20260819-201104.mkv: 1015 frames
2026-08-28 11:05:23,615 INFO peoplein.stream: decoded loby/20260819-201241.mkv: 1015 frames
2026-08-28 11:05:23,630 INFO __main__: analysis interval completed start=2026-08-19 20:12:41 end=2026-08-19 20:16:04 frames=2030 ticks=1015 entered=4 exited=3 people_inside=1
2026-08-28 11:05:23,633 INFO __main__: summary updated end=2026-08-19 20:16:04
2026-08-28 11:05:23,633 INFO peoplein.stream: analysis interval ready start=2026-08-19 20:16:04 end=2026-08-19 20:17:41
2026-08-28 11:05:33,799 INFO peoplein.stream: decoded loby/20260819-201241.mkv: 480 frames
2026-08-28 11:05:33,882 INFO peoplein.stream: decoded entrance/20260819-201604.mkv: 485 frames
2026-08-28 11:05:33,894 INFO peoplein.stream: decoded loby/20260819-201740.mkv: 5 frames
2026-08-28 11:05:33,902 INFO __main__: analysis interval completed start=2026-08-19 20:16:04 end=2026-08-19 20:17:41 frames=970 ticks=485 entered=4 exited=3 people_inside=1
2026-08-28 11:05:33,906 INFO __main__: summary updated end=2026-08-19 20:17:41
2026-08-28 11:05:33,906 INFO peoplein.stream: analysis interval ready start=2026-08-19 20:17:40 end=2026-08-19 20:21:04
2026-08-28 11:05:46,493 INFO peoplein.stream: decoded entrance/20260819-201604.mkv: 1020 frames
2026-08-28 11:05:46,493 INFO peoplein.stream: decoded loby/20260819-201740.mkv: 1020 frames
2026-08-28 11:05:46,511 INFO __main__: analysis interval completed start=2026-08-19 20:17:40 end=2026-08-19 20:21:04 frames=2040 ticks=1020 entered=4 exited=3 people_inside=1
2026-08-28 11:05:46,515 INFO __main__: summary updated end=2026-08-19 20:21:04
2026-08-28 11:05:46,515 INFO peoplein.stream: analysis interval ready start=2026-08-19 20:21:04 end=2026-08-19 20:22:40
2026-08-28 11:05:56,226 INFO peoplein.stream: decoded loby/20260819-201740.mkv: 480 frames
2026-08-28 11:05:56,226 INFO peoplein.stream: decoded entrance/20260819-202104.mkv: 480 frames
2026-08-28 11:05:56,245 INFO __main__: analysis interval completed start=2026-08-19 20:21:04 end=2026-08-19 20:22:40 frames=960 ticks=480 entered=4 exited=3 people_inside=1
2026-08-28 11:05:56,248 INFO __main__: summary updated end=2026-08-19 20:22:40
2026-08-28 11:05:56,249 INFO peoplein.stream: analysis interval ready start=2026-08-19 20:22:40 end=2026-08-19 20:26:04
2026-08-28 11:06:09,722 INFO peoplein.stream: decoded entrance/20260819-202104.mkv: 1020 frames
2026-08-28 11:06:09,730 INFO peoplein.stream: decoded loby/20260819-202240.mkv: 1020 frames
2026-08-28 11:06:09,764 INFO __main__: analysis interval completed start=2026-08-19 20:22:40 end=2026-08-19 20:26:04 frames=2040 ticks=1020 entered=4 exited=3 people_inside=1
2026-08-28 11:06:09,768 INFO __main__: summary updated end=2026-08-19 20:26:04
2026-08-28 11:06:09,768 INFO peoplein.stream: analysis interval ready start=2026-08-19 20:26:04 end=2026-08-19 20:27:40
2026-08-28 11:06:18,626 INFO peoplein.stream: decoded entrance/20260819-202604.mkv: 480 frames
2026-08-28 11:06:18,633 INFO peoplein.stream: decoded loby/20260819-202240.mkv: 480 frames
2026-08-28 11:06:18,667 INFO __main__: analysis interval completed start=2026-08-19 20:26:04 end=2026-08-19 20:27:40 frames=960 ticks=480 entered=4 exited=3 people_inside=1
2026-08-28 11:06:18,671 INFO __main__: summary updated end=2026-08-19 20:27:40
2026-08-28 11:06:18,671 INFO peoplein.stream: analysis interval ready start=2026-08-19 20:27:40 end=2026-08-19 20:31:04
2026-08-28 11:06:32,354 INFO peoplein.stream: decoded entrance/20260819-202604.mkv: 1020 frames
2026-08-28 11:06:32,354 INFO peoplein.stream: decoded loby/20260819-202740.mkv: 1020 frames
2026-08-28 11:06:32,372 INFO __main__: analysis interval completed start=2026-08-19 20:27:40 end=2026-08-19 20:31:04 frames=2040 ticks=1020 entered=4 exited=3 people_inside=1
2026-08-28 11:06:32,376 INFO __main__: summary updated end=2026-08-19 20:31:04
2026-08-28 11:06:32,376 INFO peoplein.stream: analysis interval ready start=2026-08-19 20:31:04 end=2026-08-19 20:32:40
2026-08-28 11:06:41,255 INFO peoplein.stream: decoded entrance/20260819-203104.mkv: 480 frames
2026-08-28 11:06:41,255 INFO peoplein.stream: decoded loby/20260819-202740.mkv: 480 frames
2026-08-28 11:06:41,273 INFO __main__: analysis interval completed start=2026-08-19 20:31:04 end=2026-08-19 20:32:40 frames=960 ticks=480 entered=4 exited=3 people_inside=1
2026-08-28 11:06:41,277 INFO __main__: summary updated end=2026-08-19 20:32:40
2026-08-28 11:06:41,277 INFO peoplein.stream: analysis interval ready start=2026-08-19 20:32:40 end=2026-08-19 20:36:04
2026-08-28 11:06:53,839 INFO peoplein.stream: decoded loby/20260819-203240.mkv: 1020 frames
2026-08-28 11:06:53,843 INFO peoplein.stream: decoded entrance/20260819-203104.mkv: 1020 frames
2026-08-28 11:06:53,859 INFO __main__: analysis interval completed start=2026-08-19 20:32:40 end=2026-08-19 20:36:04 frames=2040 ticks=1020 entered=4 exited=3 people_inside=1
2026-08-28 11:06:53,863 INFO __main__: summary updated end=2026-08-19 20:36:04
2026-08-28 11:06:53,863 INFO peoplein.stream: analysis interval ready start=2026-08-19 20:36:04 end=2026-08-19 20:37:40
2026-08-28 11:07:02,502 INFO peoplein.stream: decoded entrance/20260819-203604.mkv: 480 frames
2026-08-28 11:07:02,504 INFO peoplein.stream: decoded loby/20260819-203240.mkv: 480 frames
2026-08-28 11:07:02,520 INFO __main__: analysis interval completed start=2026-08-19 20:36:04 end=2026-08-19 20:37:40 frames=960 ticks=480 entered=4 exited=3 people_inside=1
2026-08-28 11:07:02,524 INFO __main__: summary updated end=2026-08-19 20:37:40
2026-08-28 11:07:02,524 INFO peoplein.stream: analysis interval ready start=2026-08-19 20:37:40 end=2026-08-19 20:41:04
2026-08-28 11:07:15,887 INFO peoplein.stream: decoded entrance/20260819-203604.mkv: 1020 frames
2026-08-28 11:07:15,887 INFO peoplein.stream: decoded loby/20260819-203740.mkv: 1020 frames
2026-08-28 11:07:15,905 INFO __main__: analysis interval completed start=2026-08-19 20:37:40 end=2026-08-19 20:41:04 frames=2040 ticks=1020 entered=4 exited=3 people_inside=1
2026-08-28 11:07:15,910 INFO __main__: summary updated end=2026-08-19 20:41:04
2026-08-28 11:07:15,910 INFO peoplein.stream: analysis interval ready start=2026-08-19 20:41:04 end=2026-08-19 20:42:40
2026-08-28 11:07:24,881 INFO peoplein.stream: decoded entrance/20260819-204104.mkv: 480 frames
2026-08-28 11:07:24,882 INFO peoplein.stream: decoded loby/20260819-203740.mkv: 480 frames
2026-08-28 11:07:24,901 INFO __main__: analysis interval completed start=2026-08-19 20:41:04 end=2026-08-19 20:42:40 frames=960 ticks=480 entered=4 exited=3 people_inside=1
2026-08-28 11:07:24,905 INFO __main__: summary updated end=2026-08-19 20:42:40
2026-08-28 11:07:24,905 INFO peoplein.stream: analysis interval ready start=2026-08-19 20:42:40 end=2026-08-19 20:46:04
2026-08-28 11:07:37,990 INFO peoplein.stream: decoded entrance/20260819-204104.mkv: 1020 frames
2026-08-28 11:07:37,992 INFO peoplein.stream: decoded loby/20260819-204240.mkv: 1020 frames
2026-08-28 11:07:38,009 INFO __main__: analysis interval completed start=2026-08-19 20:42:40 end=2026-08-19 20:46:04 frames=2040 ticks=1020 entered=4 exited=3 people_inside=1
2026-08-28 11:07:38,013 INFO __main__: summary updated end=2026-08-19 20:46:04
2026-08-28 11:07:38,014 INFO peoplein.stream: analysis interval ready start=2026-08-19 20:46:04 end=2026-08-19 20:47:40
2026-08-28 11:07:46,468 INFO peoplein.stream: decoded loby/20260819-204240.mkv: 480 frames
2026-08-28 11:07:46,468 INFO peoplein.stream: decoded entrance/20260819-204604.mkv: 480 frames
2026-08-28 11:07:46,485 INFO __main__: analysis interval completed start=2026-08-19 20:46:04 end=2026-08-19 20:47:40 frames=960 ticks=480 entered=4 exited=3 people_inside=1
2026-08-28 11:07:46,489 INFO __main__: summary updated end=2026-08-19 20:47:40
2026-08-28 11:07:46,490 INFO peoplein.stream: analysis interval ready start=2026-08-19 20:47:40 end=2026-08-19 20:51:04
2026-08-28 11:07:59,128 INFO peoplein.stream: decoded entrance/20260819-204604.mkv: 1020 frames
2026-08-28 11:07:59,128 INFO peoplein.stream: decoded loby/20260819-204740.mkv: 1020 frames
2026-08-28 11:07:59,148 INFO __main__: analysis interval completed start=2026-08-19 20:47:40 end=2026-08-19 20:51:04 frames=2040 ticks=1020 entered=4 exited=3 people_inside=1
2026-08-28 11:07:59,152 INFO __main__: summary updated end=2026-08-19 20:51:04
2026-08-28 11:07:59,152 INFO peoplein.stream: analysis interval ready start=2026-08-19 20:51:04 end=2026-08-19 20:52:40
2026-08-28 11:08:08,052 INFO peoplein.stream: decoded entrance/20260819-205104.mkv: 480 frames
2026-08-28 11:08:08,056 INFO peoplein.stream: decoded loby/20260819-204740.mkv: 480 frames
2026-08-28 11:08:08,071 INFO __main__: analysis interval completed start=2026-08-19 20:51:04 end=2026-08-19 20:52:40 frames=960 ticks=480 entered=4 exited=3 people_inside=1
2026-08-28 11:08:08,075 INFO __main__: summary updated end=2026-08-19 20:52:40
2026-08-28 11:08:08,075 INFO peoplein.stream: analysis interval ready start=2026-08-19 20:52:40 end=2026-08-19 20:56:04
2026-08-28 11:08:21,012 INFO peoplein.stream: decoded entrance/20260819-205104.mkv: 1020 frames
2026-08-28 11:08:21,016 INFO peoplein.stream: decoded loby/20260819-205240.mkv: 1020 frames
2026-08-28 11:08:21,030 INFO __main__: analysis interval completed start=2026-08-19 20:52:40 end=2026-08-19 20:56:04 frames=2040 ticks=1020 entered=5 exited=3 people_inside=2
2026-08-28 11:08:21,034 INFO __main__: summary updated end=2026-08-19 20:56:04
2026-08-28 11:08:21,034 INFO peoplein.stream: analysis interval ready start=2026-08-19 20:56:04 end=2026-08-19 20:57:40
2026-08-28 11:08:30,308 INFO peoplein.stream: decoded loby/20260819-205240.mkv: 480 frames
2026-08-28 11:08:30,310 INFO peoplein.stream: decoded entrance/20260819-205604.mkv: 480 frames
2026-08-28 11:08:30,327 INFO __main__: analysis interval completed start=2026-08-19 20:56:04 end=2026-08-19 20:57:40 frames=960 ticks=480 entered=5 exited=3 people_inside=2
2026-08-28 11:08:30,331 INFO __main__: summary updated end=2026-08-19 20:57:40
2026-08-28 11:08:30,331 INFO peoplein.stream: analysis interval ready start=2026-08-19 20:57:40 end=2026-08-19 21:01:04
2026-08-28 11:08:44,214 INFO peoplein.stream: decoded entrance/20260819-205604.mkv: 1020 frames
2026-08-28 11:08:44,216 INFO peoplein.stream: decoded loby/20260819-205740.mkv: 1020 frames
2026-08-28 11:08:44,232 INFO __main__: analysis interval completed start=2026-08-19 20:57:40 end=2026-08-19 21:01:04 frames=2040 ticks=1020 entered=5 exited=3 people_inside=2
2026-08-28 11:08:44,236 INFO __main__: summary updated end=2026-08-19 21:01:04
2026-08-28 11:08:44,236 INFO peoplein.stream: analysis interval ready start=2026-08-19 21:01:04 end=2026-08-19 21:02:40
2026-08-28 11:08:54,322 INFO peoplein.stream: decoded entrance/20260819-210104.mkv: 480 frames
2026-08-28 11:08:54,330 INFO peoplein.stream: decoded loby/20260819-205740.mkv: 480 frames
2026-08-28 11:08:54,349 INFO __main__: analysis interval completed start=2026-08-19 21:01:04 end=2026-08-19 21:02:40 frames=960 ticks=480 entered=5 exited=3 people_inside=2
2026-08-28 11:08:54,353 INFO __main__: summary updated end=2026-08-19 21:02:40
2026-08-28 11:08:54,353 WARNING peoplein.stream: archive interval skipped start=2026-08-19T21:02:40.000 end=2026-08-19T21:02:41.000 duration_seconds=1.0 reason=camera_archives_do_not_overlap
2026-08-28 11:08:54,353 INFO peoplein.stream: analysis interval ready start=2026-08-19 21:02:41 end=2026-08-19 21:06:04
2026-08-28 11:09:07,135 INFO peoplein.stream: decoded entrance/20260819-210104.mkv: 1015 frames
2026-08-28 11:09:07,135 INFO peoplein.stream: decoded loby/20260819-210241.mkv: 1015 frames
2026-08-28 11:09:07,150 INFO __main__: analysis interval completed start=2026-08-19 21:02:41 end=2026-08-19 21:06:04 frames=2030 ticks=1015 entered=5 exited=3 people_inside=2
2026-08-28 11:09:07,154 INFO __main__: summary updated end=2026-08-19 21:06:04
2026-08-28 11:09:07,154 INFO peoplein.stream: analysis interval ready start=2026-08-19 21:06:04 end=2026-08-19 21:07:41
2026-08-28 11:09:16,116 INFO peoplein.stream: decoded entrance/20260819-210604.mkv: 485 frames
2026-08-28 11:09:16,116 INFO peoplein.stream: decoded loby/20260819-210241.mkv: 485 frames
2026-08-28 11:09:16,133 INFO __main__: analysis interval completed start=2026-08-19 21:06:04 end=2026-08-19 21:07:41 frames=970 ticks=485 entered=5 exited=3 people_inside=2
2026-08-28 11:09:16,137 INFO __main__: summary updated end=2026-08-19 21:07:41
2026-08-28 11:09:16,137 INFO peoplein.stream: analysis interval ready start=2026-08-19 21:07:41 end=2026-08-19 21:11:04
2026-08-28 11:09:29,088 INFO peoplein.stream: decoded entrance/20260819-210604.mkv: 1015 frames
2026-08-28 11:09:29,088 INFO peoplein.stream: decoded loby/20260819-210741.mkv: 1015 frames
2026-08-28 11:09:29,104 INFO __main__: analysis interval completed start=2026-08-19 21:07:41 end=2026-08-19 21:11:04 frames=2030 ticks=1015 entered=5 exited=3 people_inside=2
2026-08-28 11:09:29,108 INFO __main__: summary updated end=2026-08-19 21:11:04
2026-08-28 11:09:29,108 INFO peoplein.stream: analysis interval ready start=2026-08-19 21:11:04 end=2026-08-19 21:12:39
2026-08-28 11:09:37,884 INFO peoplein.stream: decoded entrance/20260819-211104.mkv: 475 frames
2026-08-28 11:09:37,884 INFO peoplein.stream: decoded loby/20260819-210741.mkv: 475 frames
2026-08-28 11:09:37,901 INFO __main__: analysis interval completed start=2026-08-19 21:11:04 end=2026-08-19 21:12:39 frames=950 ticks=475 entered=5 exited=3 people_inside=2
2026-08-28 11:09:37,905 INFO __main__: summary updated end=2026-08-19 21:12:39
2026-08-28 11:09:37,905 WARNING peoplein.stream: archive interval skipped start=2026-08-19T21:12:39.000 end=2026-08-19T21:12:40.000 duration_seconds=1.0 reason=camera_archives_do_not_overlap
2026-08-28 11:09:37,905 INFO peoplein.stream: analysis interval ready start=2026-08-19 21:12:40 end=2026-08-19 21:16:04
2026-08-28 11:09:50,003 INFO peoplein.stream: decoded loby/20260819-211240.mkv: 1020 frames
2026-08-28 11:09:50,007 INFO peoplein.stream: decoded entrance/20260819-211104.mkv: 1020 frames
2026-08-28 11:09:50,019 INFO __main__: analysis interval completed start=2026-08-19 21:12:40 end=2026-08-19 21:16:04 frames=2040 ticks=1020 entered=5 exited=3 people_inside=2
2026-08-28 11:09:50,023 INFO __main__: summary updated end=2026-08-19 21:16:04
2026-08-28 11:09:50,023 INFO peoplein.stream: analysis interval ready start=2026-08-19 21:16:04 end=2026-08-19 21:17:40
2026-08-28 11:09:58,482 INFO peoplein.stream: decoded entrance/20260819-211604.mkv: 480 frames
2026-08-28 11:09:58,482 INFO peoplein.stream: decoded loby/20260819-211240.mkv: 480 frames
2026-08-28 11:09:58,497 INFO __main__: analysis interval completed start=2026-08-19 21:16:04 end=2026-08-19 21:17:40 frames=960 ticks=480 entered=5 exited=3 people_inside=2
2026-08-28 11:09:58,502 INFO __main__: summary updated end=2026-08-19 21:17:40
2026-08-28 11:09:58,502 INFO peoplein.stream: analysis interval ready start=2026-08-19 21:17:40 end=2026-08-19 21:21:04
2026-08-28 11:10:11,441 INFO peoplein.stream: decoded entrance/20260819-211604.mkv: 1020 frames
2026-08-28 11:10:11,441 INFO peoplein.stream: decoded loby/20260819-211740.mkv: 1020 frames
2026-08-28 11:10:11,457 INFO __main__: analysis interval completed start=2026-08-19 21:17:40 end=2026-08-19 21:21:04 frames=2040 ticks=1020 entered=5 exited=3 people_inside=2
2026-08-28 11:10:11,461 INFO __main__: summary updated end=2026-08-19 21:21:04
2026-08-28 11:10:11,461 INFO peoplein.stream: analysis interval ready start=2026-08-19 21:21:04 end=2026-08-19 21:22:40
2026-08-28 11:10:20,310 INFO peoplein.stream: decoded loby/20260819-211740.mkv: 480 frames
2026-08-28 11:10:20,310 INFO peoplein.stream: decoded entrance/20260819-212104.mkv: 480 frames
2026-08-28 11:10:20,326 INFO __main__: analysis interval completed start=2026-08-19 21:21:04 end=2026-08-19 21:22:40 frames=960 ticks=480 entered=5 exited=3 people_inside=2
2026-08-28 11:10:20,330 INFO __main__: summary updated end=2026-08-19 21:22:40
2026-08-28 11:10:20,331 WARNING peoplein.stream: archive interval skipped start=2026-08-19T21:22:40.000 end=2026-08-19T21:22:41.000 duration_seconds=1.0 reason=camera_archives_do_not_overlap
2026-08-28 11:10:20,331 INFO peoplein.stream: analysis interval ready start=2026-08-19 21:22:41 end=2026-08-19 21:26:04
2026-08-28 11:10:32,685 INFO peoplein.stream: decoded entrance/20260819-212104.mkv: 1015 frames
2026-08-28 11:10:32,685 INFO peoplein.stream: decoded loby/20260819-212241.mkv: 1015 frames
2026-08-28 11:10:32,700 INFO __main__: analysis interval completed start=2026-08-19 21:22:41 end=2026-08-19 21:26:04 frames=2030 ticks=1015 entered=5 exited=3 people_inside=2
2026-08-28 11:10:32,705 INFO __main__: summary updated end=2026-08-19 21:26:04
2026-08-28 11:10:32,705 INFO peoplein.stream: analysis interval ready start=2026-08-19 21:26:04 end=2026-08-19 21:27:41
2026-08-28 11:10:41,618 INFO peoplein.stream: decoded entrance/20260819-212604.mkv: 485 frames
2026-08-28 11:10:41,621 INFO peoplein.stream: decoded loby/20260819-212241.mkv: 485 frames
2026-08-28 11:10:41,635 INFO __main__: analysis interval completed start=2026-08-19 21:26:04 end=2026-08-19 21:27:41 frames=970 ticks=485 entered=5 exited=3 people_inside=2
2026-08-28 11:10:41,639 INFO __main__: summary updated end=2026-08-19 21:27:41
2026-08-28 11:10:41,639 WARNING peoplein.stream: archive interval skipped start=2026-08-19T21:27:41.000 end=2026-08-19T21:27:42.000 duration_seconds=1.0 reason=camera_archives_do_not_overlap
2026-08-28 11:10:41,639 INFO peoplein.stream: analysis interval ready start=2026-08-19 21:27:42 end=2026-08-19 21:31:04
2026-08-28 11:10:54,525 INFO peoplein.stream: decoded entrance/20260819-212604.mkv: 1010 frames
2026-08-28 11:10:54,525 INFO peoplein.stream: decoded loby/20260819-212742.mkv: 1010 frames
2026-08-28 11:10:54,542 INFO __main__: analysis interval completed start=2026-08-19 21:27:42 end=2026-08-19 21:31:04 frames=2020 ticks=1010 entered=5 exited=3 people_inside=2
2026-08-28 11:10:54,546 INFO __main__: summary updated end=2026-08-19 21:31:04
2026-08-28 11:10:54,546 INFO peoplein.stream: analysis interval ready start=2026-08-19 21:31:04 end=2026-08-19 21:32:40
2026-08-28 11:11:02,925 INFO peoplein.stream: decoded entrance/20260819-213104.mkv: 480 frames
2026-08-28 11:11:02,925 INFO peoplein.stream: decoded loby/20260819-212742.mkv: 480 frames
2026-08-28 11:11:02,942 INFO __main__: analysis interval completed start=2026-08-19 21:31:04 end=2026-08-19 21:32:40 frames=960 ticks=480 entered=5 exited=3 people_inside=2
2026-08-28 11:11:02,947 INFO __main__: summary updated end=2026-08-19 21:32:40
2026-08-28 11:11:02,947 INFO peoplein.stream: analysis interval ready start=2026-08-19 21:32:40 end=2026-08-19 21:36:04
2026-08-28 11:11:15,687 INFO peoplein.stream: decoded entrance/20260819-213104.mkv: 1020 frames
2026-08-28 11:11:15,689 INFO peoplein.stream: decoded loby/20260819-213240.mkv: 1020 frames
2026-08-28 11:11:15,703 INFO __main__: analysis interval completed start=2026-08-19 21:32:40 end=2026-08-19 21:36:04 frames=2040 ticks=1020 entered=5 exited=3 people_inside=2
2026-08-28 11:11:15,707 INFO __main__: summary updated end=2026-08-19 21:36:04
2026-08-28 11:11:15,707 INFO peoplein.stream: analysis interval ready start=2026-08-19 21:36:04 end=2026-08-19 21:37:40
2026-08-28 11:11:24,078 INFO peoplein.stream: decoded loby/20260819-213240.mkv: 480 frames
2026-08-28 11:11:24,078 INFO peoplein.stream: decoded entrance/20260819-213604.mkv: 480 frames
2026-08-28 11:11:24,094 INFO __main__: analysis interval completed start=2026-08-19 21:36:04 end=2026-08-19 21:37:40 frames=960 ticks=480 entered=5 exited=3 people_inside=2
2026-08-28 11:11:24,099 INFO __main__: summary updated end=2026-08-19 21:37:40
2026-08-28 11:11:24,099 WARNING peoplein.stream: archive interval skipped start=2026-08-19T21:37:40.000 end=2026-08-19T21:37:41.000 duration_seconds=1.0 reason=camera_archives_do_not_overlap
2026-08-28 11:11:24,099 INFO peoplein.stream: analysis interval ready start=2026-08-19 21:37:41 end=2026-08-19 21:41:04
2026-08-28 11:11:36,756 INFO peoplein.stream: decoded loby/20260819-213741.mkv: 1015 frames
2026-08-28 11:11:36,761 INFO peoplein.stream: decoded entrance/20260819-213604.mkv: 1015 frames
2026-08-28 11:11:36,772 INFO __main__: analysis interval completed start=2026-08-19 21:37:41 end=2026-08-19 21:41:04 frames=2030 ticks=1015 entered=5 exited=3 people_inside=2
2026-08-28 11:11:36,776 INFO __main__: summary updated end=2026-08-19 21:41:04
2026-08-28 11:11:36,777 INFO peoplein.stream: analysis interval ready start=2026-08-19 21:41:04 end=2026-08-19 21:42:41
2026-08-28 11:11:45,192 INFO peoplein.stream: decoded loby/20260819-213741.mkv: 485 frames
2026-08-28 11:11:45,196 INFO peoplein.stream: decoded entrance/20260819-214104.mkv: 485 frames
2026-08-28 11:11:45,209 INFO __main__: analysis interval completed start=2026-08-19 21:41:04 end=2026-08-19 21:42:41 frames=970 ticks=485 entered=5 exited=3 people_inside=2
2026-08-28 11:11:45,213 INFO __main__: summary updated end=2026-08-19 21:42:41
2026-08-28 11:11:45,213 INFO peoplein.stream: analysis interval ready start=2026-08-19 21:42:41 end=2026-08-19 21:46:04
2026-08-28 11:11:57,293 INFO peoplein.stream: decoded entrance/20260819-214104.mkv: 1015 frames
2026-08-28 11:11:57,301 INFO peoplein.stream: decoded loby/20260819-214241.mkv: 1015 frames
2026-08-28 11:11:57,330 INFO __main__: analysis interval completed start=2026-08-19 21:42:41 end=2026-08-19 21:46:04 frames=2030 ticks=1015 entered=5 exited=3 people_inside=2
2026-08-28 11:11:57,334 INFO __main__: summary updated end=2026-08-19 21:46:04
2026-08-28 11:11:57,335 INFO peoplein.stream: analysis interval ready start=2026-08-19 21:46:04 end=2026-08-19 21:47:41
2026-08-28 11:12:06,418 INFO peoplein.stream: decoded entrance/20260819-214604.mkv: 485 frames
2026-08-28 11:12:06,426 INFO peoplein.stream: decoded loby/20260819-214241.mkv: 485 frames
2026-08-28 11:12:06,456 INFO __main__: analysis interval completed start=2026-08-19 21:46:04 end=2026-08-19 21:47:41 frames=970 ticks=485 entered=5 exited=3 people_inside=2
2026-08-28 11:12:06,460 INFO __main__: summary updated end=2026-08-19 21:47:41
2026-08-28 11:12:06,460 WARNING peoplein.stream: archive interval skipped start=2026-08-19T21:47:41.000 end=2026-08-19T21:47:42.000 duration_seconds=1.0 reason=camera_archives_do_not_overlap
2026-08-28 11:12:06,460 INFO peoplein.stream: analysis interval ready start=2026-08-19 21:47:42 end=2026-08-19 21:51:04
2026-08-28 11:12:18,378 INFO peoplein.stream: decoded loby/20260819-214742.mkv: 1010 frames
2026-08-28 11:12:18,381 INFO peoplein.stream: decoded entrance/20260819-214604.mkv: 1010 frames
2026-08-28 11:12:18,395 INFO __main__: analysis interval completed start=2026-08-19 21:47:42 end=2026-08-19 21:51:04 frames=2020 ticks=1010 entered=5 exited=3 people_inside=2
2026-08-28 11:12:18,399 INFO __main__: summary updated end=2026-08-19 21:51:04
2026-08-28 11:12:18,399 INFO peoplein.stream: analysis interval ready start=2026-08-19 21:51:04 end=2026-08-19 21:52:40
2026-08-28 11:12:28,910 INFO peoplein.stream: decoded entrance/20260819-215104.mkv: 480 frames
2026-08-28 11:12:28,917 INFO peoplein.stream: decoded loby/20260819-214742.mkv: 480 frames
2026-08-28 11:12:28,947 INFO __main__: analysis interval completed start=2026-08-19 21:51:04 end=2026-08-19 21:52:40 frames=960 ticks=480 entered=6 exited=3 people_inside=3
2026-08-28 11:12:28,951 INFO __main__: summary updated end=2026-08-19 21:52:40
2026-08-28 11:12:28,952 INFO peoplein.stream: analysis interval ready start=2026-08-19 21:52:40 end=2026-08-19 21:56:02
2026-08-28 11:12:42,460 INFO peoplein.stream: decoded loby/20260819-215240.mkv: 1010 frames
2026-08-28 11:12:42,461 INFO peoplein.stream: decoded entrance/20260819-215104.mkv: 1010 frames
2026-08-28 11:12:42,476 INFO __main__: analysis interval completed start=2026-08-19 21:52:40 end=2026-08-19 21:56:02 frames=2020 ticks=1010 entered=6 exited=4 people_inside=2
2026-08-28 11:12:42,481 INFO __main__: summary updated end=2026-08-19 21:56:02
2026-08-28 11:12:42,481 INFO peoplein.stream: analysis interval ready start=2026-08-19 21:56:02 end=2026-08-19 21:57:40
2026-08-28 11:12:50,875 INFO peoplein.stream: decoded loby/20260819-215240.mkv: 490 frames
2026-08-28 11:12:50,875 INFO peoplein.stream: decoded entrance/20260819-215602.mkv: 490 frames
2026-08-28 11:12:50,891 INFO __main__: analysis interval completed start=2026-08-19 21:56:02 end=2026-08-19 21:57:40 frames=980 ticks=490 entered=6 exited=4 people_inside=2
2026-08-28 11:12:50,895 INFO __main__: summary updated end=2026-08-19 21:57:40
2026-08-28 11:12:50,895 WARNING peoplein.stream: archive interval skipped start=2026-08-19T21:57:40.000 end=2026-08-19T21:57:41.000 duration_seconds=1.0 reason=camera_archives_do_not_overlap
2026-08-28 11:12:50,895 INFO peoplein.stream: analysis interval ready start=2026-08-19 21:57:41 end=2026-08-19 22:01:02
2026-08-28 11:13:02,994 INFO peoplein.stream: decoded loby/20260819-215741.mkv: 1005 frames
2026-08-28 11:13:02,996 INFO peoplein.stream: decoded entrance/20260819-215602.mkv: 1005 frames
2026-08-28 11:13:03,009 INFO __main__: analysis interval completed start=2026-08-19 21:57:41 end=2026-08-19 22:01:02 frames=2010 ticks=1005 entered=6 exited=4 people_inside=2
2026-08-28 11:13:03,014 INFO __main__: summary updated end=2026-08-19 22:01:02
2026-08-28 11:13:03,014 INFO peoplein.stream: analysis interval ready start=2026-08-19 22:01:02 end=2026-08-19 22:02:41
2026-08-28 11:13:11,476 INFO peoplein.stream: decoded entrance/20260819-220102.mkv: 495 frames
2026-08-28 11:13:11,476 INFO peoplein.stream: decoded loby/20260819-215741.mkv: 495 frames
2026-08-28 11:13:11,492 INFO __main__: analysis interval completed start=2026-08-19 22:01:02 end=2026-08-19 22:02:41 frames=990 ticks=495 entered=6 exited=4 people_inside=2
2026-08-28 11:13:11,497 INFO __main__: summary updated end=2026-08-19 22:02:41
2026-08-28 11:13:11,497 INFO peoplein.stream: analysis interval ready start=2026-08-19 22:02:41 end=2026-08-19 22:06:02
2026-08-28 11:13:24,129 INFO peoplein.stream: decoded loby/20260819-220241.mkv: 1005 frames
2026-08-28 11:13:24,132 INFO peoplein.stream: decoded entrance/20260819-220102.mkv: 1005 frames
2026-08-28 11:13:24,145 INFO __main__: analysis interval completed start=2026-08-19 22:02:41 end=2026-08-19 22:06:02 frames=2010 ticks=1005 entered=6 exited=4 people_inside=2
2026-08-28 11:13:24,149 INFO __main__: summary updated end=2026-08-19 22:06:02
2026-08-28 11:13:24,149 INFO peoplein.stream: analysis interval ready start=2026-08-19 22:06:02 end=2026-08-19 22:07:41
2026-08-28 11:13:32,650 INFO peoplein.stream: decoded entrance/20260819-220602.mkv: 495 frames
2026-08-28 11:13:32,650 INFO peoplein.stream: decoded loby/20260819-220241.mkv: 495 frames
2026-08-28 11:13:32,666 INFO __main__: analysis interval completed start=2026-08-19 22:06:02 end=2026-08-19 22:07:41 frames=990 ticks=495 entered=6 exited=4 people_inside=2
2026-08-28 11:13:32,671 INFO __main__: summary updated end=2026-08-19 22:07:41
2026-08-28 11:13:32,671 WARNING peoplein.stream: archive interval skipped start=2026-08-19T22:07:41.000 end=2026-08-19T22:07:42.000 duration_seconds=1.0 reason=camera_archives_do_not_overlap
2026-08-28 11:13:32,671 INFO peoplein.stream: analysis interval ready start=2026-08-19 22:07:42 end=2026-08-19 22:11:02
2026-08-28 11:13:44,183 INFO peoplein.stream: decoded loby/20260819-220742.mkv: 1000 frames
2026-08-28 11:13:44,183 INFO peoplein.stream: decoded entrance/20260819-220602.mkv: 1000 frames
2026-08-28 11:13:44,199 INFO __main__: analysis interval completed start=2026-08-19 22:07:42 end=2026-08-19 22:11:02 frames=2000 ticks=1000 entered=6 exited=4 people_inside=2
2026-08-28 11:13:44,204 INFO __main__: summary updated end=2026-08-19 22:11:02
2026-08-28 11:13:44,204 INFO peoplein.stream: analysis interval ready start=2026-08-19 22:11:02 end=2026-08-19 22:12:40
2026-08-28 11:13:52,433 INFO peoplein.stream: decoded entrance/20260819-221102.mkv: 490 frames
2026-08-28 11:13:52,436 INFO peoplein.stream: decoded loby/20260819-220742.mkv: 490 frames
2026-08-28 11:13:52,449 INFO __main__: analysis interval completed start=2026-08-19 22:11:02 end=2026-08-19 22:12:40 frames=980 ticks=490 entered=6 exited=4 people_inside=2
2026-08-28 11:13:52,453 INFO __main__: summary updated end=2026-08-19 22:12:40
2026-08-28 11:13:52,453 INFO peoplein.stream: analysis interval ready start=2026-08-19 22:12:40 end=2026-08-19 22:16:02
2026-08-28 11:14:04,032 INFO peoplein.stream: decoded loby/20260819-221240.mkv: 1010 frames
2026-08-28 11:14:04,036 INFO peoplein.stream: decoded entrance/20260819-221102.mkv: 1010 frames
2026-08-28 11:14:04,049 INFO __main__: analysis interval completed start=2026-08-19 22:12:40 end=2026-08-19 22:16:02 frames=2020 ticks=1010 entered=6 exited=4 people_inside=2
2026-08-28 11:14:04,053 INFO __main__: summary updated end=2026-08-19 22:16:02
2026-08-28 11:14:04,053 INFO peoplein.stream: analysis interval ready start=2026-08-19 22:16:02 end=2026-08-19 22:17:40
2026-08-28 11:14:12,210 INFO peoplein.stream: decoded loby/20260819-221240.mkv: 490 frames
2026-08-28 11:14:12,214 INFO peoplein.stream: decoded entrance/20260819-221602.mkv: 490 frames
2026-08-28 11:14:12,227 INFO __main__: analysis interval completed start=2026-08-19 22:16:02 end=2026-08-19 22:17:40 frames=980 ticks=490 entered=6 exited=4 people_inside=2
2026-08-28 11:14:12,231 INFO __main__: summary updated end=2026-08-19 22:17:40
2026-08-28 11:14:12,231 WARNING peoplein.stream: archive interval skipped start=2026-08-19T22:17:40.000 end=2026-08-19T22:17:41.000 duration_seconds=1.0 reason=camera_archives_do_not_overlap
2026-08-28 11:14:12,231 INFO peoplein.stream: analysis interval ready start=2026-08-19 22:17:41 end=2026-08-19 22:21:02
2026-08-28 11:14:24,256 INFO peoplein.stream: decoded entrance/20260819-221602.mkv: 1005 frames
2026-08-28 11:14:24,256 INFO peoplein.stream: decoded loby/20260819-221741.mkv: 1005 frames
2026-08-28 11:14:24,270 INFO __main__: analysis interval completed start=2026-08-19 22:17:41 end=2026-08-19 22:21:02 frames=2010 ticks=1005 entered=6 exited=4 people_inside=2
2026-08-28 11:14:24,274 INFO __main__: summary updated end=2026-08-19 22:21:02
2026-08-28 11:14:24,275 INFO peoplein.stream: analysis interval ready start=2026-08-19 22:21:02 end=2026-08-19 22:22:41
2026-08-28 11:14:32,651 INFO peoplein.stream: decoded loby/20260819-221741.mkv: 495 frames
2026-08-28 11:14:32,651 INFO peoplein.stream: decoded entrance/20260819-222102.mkv: 495 frames
2026-08-28 11:14:32,667 INFO __main__: analysis interval completed start=2026-08-19 22:21:02 end=2026-08-19 22:22:41 frames=990 ticks=495 entered=6 exited=4 people_inside=2
2026-08-28 11:14:32,673 INFO __main__: summary updated end=2026-08-19 22:22:41
2026-08-28 11:14:32,673 INFO peoplein.stream: analysis interval ready start=2026-08-19 22:22:41 end=2026-08-19 22:26:02
2026-08-28 11:14:44,250 INFO peoplein.stream: decoded entrance/20260819-222102.mkv: 1005 frames
2026-08-28 11:14:44,250 INFO peoplein.stream: decoded loby/20260819-222241.mkv: 1005 frames
2026-08-28 11:14:44,266 INFO __main__: analysis interval completed start=2026-08-19 22:22:41 end=2026-08-19 22:26:02 frames=2010 ticks=1005 entered=6 exited=4 people_inside=2
2026-08-28 11:14:44,271 INFO __main__: summary updated end=2026-08-19 22:26:02
2026-08-28 11:14:44,271 INFO peoplein.stream: analysis interval ready start=2026-08-19 22:26:02 end=2026-08-19 22:27:41
2026-08-28 11:14:52,877 INFO peoplein.stream: decoded entrance/20260819-222602.mkv: 495 frames
2026-08-28 11:14:52,884 INFO peoplein.stream: decoded loby/20260819-222241.mkv: 495 frames
2026-08-28 11:14:52,914 INFO __main__: analysis interval completed start=2026-08-19 22:26:02 end=2026-08-19 22:27:41 frames=990 ticks=495 entered=6 exited=4 people_inside=2
2026-08-28 11:14:52,920 INFO __main__: summary updated end=2026-08-19 22:27:41
2026-08-28 11:14:52,920 WARNING peoplein.stream: archive interval skipped start=2026-08-19T22:27:41.000 end=2026-08-19T22:27:42.000 duration_seconds=1.0 reason=camera_archives_do_not_overlap
2026-08-28 11:14:52,920 INFO peoplein.stream: analysis interval ready start=2026-08-19 22:27:42 end=2026-08-19 22:31:02
2026-08-28 11:15:04,555 INFO peoplein.stream: decoded loby/20260819-222742.mkv: 1000 frames
2026-08-28 11:15:04,555 INFO peoplein.stream: decoded entrance/20260819-222602.mkv: 1000 frames
2026-08-28 11:15:04,572 INFO __main__: analysis interval completed start=2026-08-19 22:27:42 end=2026-08-19 22:31:02 frames=2000 ticks=1000 entered=6 exited=4 people_inside=2
2026-08-28 11:15:04,576 INFO __main__: summary updated end=2026-08-19 22:31:02
2026-08-28 11:15:04,577 INFO peoplein.stream: analysis interval ready start=2026-08-19 22:31:02 end=2026-08-19 22:32:40
2026-08-28 11:15:12,927 INFO peoplein.stream: decoded loby/20260819-222742.mkv: 490 frames
2026-08-28 11:15:12,927 INFO peoplein.stream: decoded entrance/20260819-223102.mkv: 490 frames
2026-08-28 11:15:12,943 INFO __main__: analysis interval completed start=2026-08-19 22:31:02 end=2026-08-19 22:32:40 frames=980 ticks=490 entered=6 exited=4 people_inside=2
2026-08-28 11:15:12,947 INFO __main__: summary updated end=2026-08-19 22:32:40
2026-08-28 11:15:12,947 INFO peoplein.stream: analysis interval ready start=2026-08-19 22:32:40 end=2026-08-19 22:36:02
2026-08-28 11:15:25,171 INFO peoplein.stream: decoded loby/20260819-223240.mkv: 1010 frames
2026-08-28 11:15:25,172 INFO peoplein.stream: decoded entrance/20260819-223102.mkv: 1010 frames
2026-08-28 11:15:25,186 INFO __main__: analysis interval completed start=2026-08-19 22:32:40 end=2026-08-19 22:36:02 frames=2020 ticks=1010 entered=6 exited=4 people_inside=2
2026-08-28 11:15:25,190 INFO __main__: summary updated end=2026-08-19 22:36:02
2026-08-28 11:15:25,190 INFO peoplein.stream: analysis interval ready start=2026-08-19 22:36:02 end=2026-08-19 22:37:40
2026-08-28 11:15:33,488 INFO peoplein.stream: decoded loby/20260819-223240.mkv: 490 frames
2026-08-28 11:15:33,492 INFO peoplein.stream: decoded entrance/20260819-223602.mkv: 490 frames
2026-08-28 11:15:33,504 INFO __main__: analysis interval completed start=2026-08-19 22:36:02 end=2026-08-19 22:37:40 frames=980 ticks=490 entered=6 exited=4 people_inside=2
2026-08-28 11:15:33,509 INFO __main__: summary updated end=2026-08-19 22:37:40
2026-08-28 11:15:33,510 WARNING peoplein.stream: archive interval skipped start=2026-08-19T22:37:40.000 end=2026-08-19T22:37:41.000 duration_seconds=1.0 reason=camera_archives_do_not_overlap
2026-08-28 11:15:33,510 INFO peoplein.stream: analysis interval ready start=2026-08-19 22:37:41 end=2026-08-19 22:41:02
2026-08-28 11:15:45,684 INFO peoplein.stream: decoded loby/20260819-223741.mkv: 1005 frames
2026-08-28 11:15:45,684 INFO peoplein.stream: decoded entrance/20260819-223602.mkv: 1005 frames
2026-08-28 11:15:45,699 INFO __main__: analysis interval completed start=2026-08-19 22:37:41 end=2026-08-19 22:41:02 frames=2010 ticks=1005 entered=6 exited=4 people_inside=2
2026-08-28 11:15:45,703 INFO __main__: summary updated end=2026-08-19 22:41:02
2026-08-28 11:15:45,704 INFO peoplein.stream: analysis interval ready start=2026-08-19 22:41:02 end=2026-08-19 22:42:41
2026-08-28 11:15:54,186 INFO peoplein.stream: decoded entrance/20260819-224102.mkv: 495 frames
2026-08-28 11:15:54,189 INFO peoplein.stream: decoded loby/20260819-223741.mkv: 495 frames
2026-08-28 11:15:54,202 INFO __main__: analysis interval completed start=2026-08-19 22:41:02 end=2026-08-19 22:42:41 frames=990 ticks=495 entered=6 exited=4 people_inside=2
2026-08-28 11:15:54,207 INFO __main__: summary updated end=2026-08-19 22:42:41
2026-08-28 11:15:54,207 INFO peoplein.stream: analysis interval ready start=2026-08-19 22:42:41 end=2026-08-19 22:46:02
2026-08-28 11:16:07,159 INFO peoplein.stream: decoded entrance/20260819-224102.mkv: 1005 frames
2026-08-28 11:16:07,171 INFO peoplein.stream: decoded loby/20260819-224241.mkv: 1005 frames
2026-08-28 11:16:07,209 INFO __main__: analysis interval completed start=2026-08-19 22:42:41 end=2026-08-19 22:46:02 frames=2010 ticks=1005 entered=6 exited=4 people_inside=2
2026-08-28 11:16:07,214 INFO __main__: summary updated end=2026-08-19 22:46:02
2026-08-28 11:16:07,214 INFO peoplein.stream: analysis interval ready start=2026-08-19 22:46:02 end=2026-08-19 22:47:41
2026-08-28 11:16:16,783 INFO peoplein.stream: decoded loby/20260819-224241.mkv: 495 frames
2026-08-28 11:16:16,788 INFO peoplein.stream: decoded entrance/20260819-224602.mkv: 495 frames
2026-08-28 11:16:16,802 INFO __main__: analysis interval completed start=2026-08-19 22:46:02 end=2026-08-19 22:47:41 frames=990 ticks=495 entered=6 exited=4 people_inside=2
2026-08-28 11:16:16,807 INFO __main__: summary updated end=2026-08-19 22:47:41
2026-08-28 11:16:16,807 WARNING peoplein.stream: archive interval skipped start=2026-08-19T22:47:41.000 end=2026-08-19T22:47:42.000 duration_seconds=1.0 reason=camera_archives_do_not_overlap
2026-08-28 11:16:16,807 INFO peoplein.stream: analysis interval ready start=2026-08-19 22:47:42 end=2026-08-19 22:51:02
2026-08-28 11:16:29,855 INFO peoplein.stream: decoded entrance/20260819-224602.mkv: 1000 frames
2026-08-28 11:16:29,855 INFO peoplein.stream: decoded loby/20260819-224742.mkv: 1000 frames
2026-08-28 11:16:29,873 INFO __main__: analysis interval completed start=2026-08-19 22:47:42 end=2026-08-19 22:51:02 frames=2000 ticks=1000 entered=6 exited=4 people_inside=2
2026-08-28 11:16:29,878 INFO __main__: summary updated end=2026-08-19 22:51:02
2026-08-28 11:16:29,878 INFO peoplein.stream: analysis interval ready start=2026-08-19 22:51:02 end=2026-08-19 22:52:40
2026-08-28 11:16:38,687 INFO peoplein.stream: decoded entrance/20260819-225102.mkv: 490 frames
2026-08-28 11:16:38,687 INFO peoplein.stream: decoded loby/20260819-224742.mkv: 490 frames
2026-08-28 11:16:38,705 INFO __main__: analysis interval completed start=2026-08-19 22:51:02 end=2026-08-19 22:52:40 frames=980 ticks=490 entered=6 exited=4 people_inside=2
2026-08-28 11:16:38,709 INFO __main__: summary updated end=2026-08-19 22:52:40
2026-08-28 11:16:38,709 INFO peoplein.stream: analysis interval ready start=2026-08-19 22:52:40 end=2026-08-19 22:56:02
2026-08-28 11:16:52,334 INFO peoplein.stream: decoded loby/20260819-225240.mkv: 1010 frames
2026-08-28 11:16:52,337 INFO peoplein.stream: decoded entrance/20260819-225102.mkv: 1010 frames
2026-08-28 11:16:52,353 INFO __main__: analysis interval completed start=2026-08-19 22:52:40 end=2026-08-19 22:56:02 frames=2020 ticks=1010 entered=6 exited=4 people_inside=2
2026-08-28 11:16:52,359 INFO __main__: summary updated end=2026-08-19 22:56:02
2026-08-28 11:16:52,359 INFO peoplein.stream: analysis interval ready start=2026-08-19 22:56:02 end=2026-08-19 22:57:40
2026-08-28 11:17:01,466 INFO peoplein.stream: decoded entrance/20260819-225602.mkv: 490 frames
2026-08-28 11:17:01,470 INFO peoplein.stream: decoded loby/20260819-225240.mkv: 490 frames
2026-08-28 11:17:01,486 INFO __main__: analysis interval completed start=2026-08-19 22:56:02 end=2026-08-19 22:57:40 frames=980 ticks=490 entered=6 exited=4 people_inside=2
2026-08-28 11:17:01,490 INFO __main__: summary updated end=2026-08-19 22:57:40
2026-08-28 11:17:01,491 WARNING peoplein.stream: archive interval skipped start=2026-08-19T22:57:40.000 end=2026-08-19T22:57:41.000 duration_seconds=1.0 reason=camera_archives_do_not_overlap
2026-08-28 11:17:01,491 INFO peoplein.stream: analysis interval ready start=2026-08-19 22:57:41 end=2026-08-19 23:01:02
2026-08-28 11:17:14,042 INFO peoplein.stream: decoded entrance/20260819-225602.mkv: 1005 frames
2026-08-28 11:17:14,051 INFO peoplein.stream: decoded loby/20260819-225741.mkv: 1005 frames
2026-08-28 11:17:14,082 INFO __main__: analysis interval completed start=2026-08-19 22:57:41 end=2026-08-19 23:01:02 frames=2010 ticks=1005 entered=6 exited=4 people_inside=2
2026-08-28 11:17:14,087 INFO __main__: summary updated end=2026-08-19 23:01:02
2026-08-28 11:17:14,087 INFO peoplein.stream: analysis interval ready start=2026-08-19 23:01:02 end=2026-08-19 23:02:41
2026-08-28 11:17:25,473 INFO peoplein.stream: decoded entrance/20260819-230102.mkv: 495 frames
2026-08-28 11:17:25,475 INFO peoplein.stream: decoded loby/20260819-225741.mkv: 495 frames
2026-08-28 11:17:25,491 INFO __main__: analysis interval completed start=2026-08-19 23:01:02 end=2026-08-19 23:02:41 frames=990 ticks=495 entered=6 exited=4 people_inside=2
2026-08-28 11:17:25,496 INFO __main__: summary updated end=2026-08-19 23:02:41
2026-08-28 11:17:25,496 INFO peoplein.stream: analysis interval ready start=2026-08-19 23:02:41 end=2026-08-19 23:06:02
2026-08-28 11:17:38,246 INFO peoplein.stream: decoded loby/20260819-230241.mkv: 1005 frames
2026-08-28 11:17:38,251 INFO peoplein.stream: decoded entrance/20260819-230102.mkv: 1005 frames
2026-08-28 11:17:38,264 INFO __main__: analysis interval completed start=2026-08-19 23:02:41 end=2026-08-19 23:06:02 frames=2010 ticks=1005 entered=6 exited=4 people_inside=2
2026-08-28 11:17:38,269 INFO __main__: summary updated end=2026-08-19 23:06:02
2026-08-28 11:17:38,269 INFO peoplein.stream: analysis interval ready start=2026-08-19 23:06:02 end=2026-08-19 23:07:39
2026-08-28 11:17:47,087 INFO peoplein.stream: decoded entrance/20260819-230602.mkv: 485 frames
2026-08-28 11:17:47,092 INFO peoplein.stream: decoded loby/20260819-230241.mkv: 485 frames
2026-08-28 11:17:47,105 INFO __main__: analysis interval completed start=2026-08-19 23:06:02 end=2026-08-19 23:07:39 frames=970 ticks=485 entered=6 exited=4 people_inside=2
2026-08-28 11:17:47,110 INFO __main__: summary updated end=2026-08-19 23:07:39
2026-08-28 11:17:47,110 WARNING peoplein.stream: archive interval skipped start=2026-08-19T23:07:39.000 end=2026-08-19T23:07:40.000 duration_seconds=1.0 reason=camera_archives_do_not_overlap
2026-08-28 11:17:47,110 INFO peoplein.stream: analysis interval ready start=2026-08-19 23:07:40 end=2026-08-19 23:11:02
2026-08-28 11:17:59,866 INFO peoplein.stream: decoded loby/20260819-230740.mkv: 1010 frames
2026-08-28 11:17:59,866 INFO peoplein.stream: decoded entrance/20260819-230602.mkv: 1010 frames
2026-08-28 11:17:59,881 INFO __main__: analysis interval completed start=2026-08-19 23:07:40 end=2026-08-19 23:11:02 frames=2020 ticks=1010 entered=6 exited=4 people_inside=2
2026-08-28 11:17:59,887 INFO __main__: summary updated end=2026-08-19 23:11:02
2026-08-28 11:17:59,887 INFO peoplein.stream: analysis interval ready start=2026-08-19 23:11:02 end=2026-08-19 23:12:40
2026-08-28 11:18:09,006 INFO peoplein.stream: decoded entrance/20260819-231102.mkv: 490 frames
2026-08-28 11:18:09,006 INFO peoplein.stream: decoded loby/20260819-230740.mkv: 490 frames
2026-08-28 11:18:09,022 INFO __main__: analysis interval completed start=2026-08-19 23:11:02 end=2026-08-19 23:12:40 frames=980 ticks=490 entered=6 exited=4 people_inside=2
2026-08-28 11:18:09,026 INFO __main__: summary updated end=2026-08-19 23:12:40
2026-08-28 11:18:09,026 INFO peoplein.stream: analysis interval ready start=2026-08-19 23:12:40 end=2026-08-19 23:16:02
2026-08-28 11:18:22,045 INFO peoplein.stream: decoded loby/20260819-231240.mkv: 1010 frames
2026-08-28 11:18:22,049 INFO peoplein.stream: decoded entrance/20260819-231102.mkv: 1010 frames
2026-08-28 11:18:22,063 INFO __main__: analysis interval completed start=2026-08-19 23:12:40 end=2026-08-19 23:16:02 frames=2020 ticks=1010 entered=6 exited=4 people_inside=2
2026-08-28 11:18:22,068 INFO __main__: summary updated end=2026-08-19 23:16:02
2026-08-28 11:18:22,068 INFO peoplein.stream: analysis interval ready start=2026-08-19 23:16:02 end=2026-08-19 23:17:40
2026-08-28 11:18:31,693 INFO peoplein.stream: decoded entrance/20260819-231602.mkv: 490 frames
2026-08-28 11:18:31,693 INFO peoplein.stream: decoded loby/20260819-231240.mkv: 490 frames
2026-08-28 11:18:31,709 INFO __main__: analysis interval completed start=2026-08-19 23:16:02 end=2026-08-19 23:17:40 frames=980 ticks=490 entered=6 exited=4 people_inside=2
2026-08-28 11:18:31,713 INFO __main__: summary updated end=2026-08-19 23:17:40
2026-08-28 11:18:31,714 WARNING peoplein.stream: archive interval skipped start=2026-08-19T23:17:40.000 end=2026-08-19T23:17:41.000 duration_seconds=1.0 reason=camera_archives_do_not_overlap
2026-08-28 11:18:31,714 INFO peoplein.stream: analysis interval ready start=2026-08-19 23:17:41 end=2026-08-19 23:21:02
2026-08-28 11:18:45,942 INFO peoplein.stream: decoded loby/20260819-231741.mkv: 1005 frames
2026-08-28 11:18:45,942 INFO peoplein.stream: decoded entrance/20260819-231602.mkv: 1005 frames
2026-08-28 11:18:45,958 INFO __main__: analysis interval completed start=2026-08-19 23:17:41 end=2026-08-19 23:21:02 frames=2010 ticks=1005 entered=6 exited=4 people_inside=2
2026-08-28 11:18:45,963 INFO __main__: summary updated end=2026-08-19 23:21:02
2026-08-28 11:18:45,963 INFO peoplein.stream: analysis interval ready start=2026-08-19 23:21:02 end=2026-08-19 23:22:41
2026-08-28 11:18:55,649 INFO peoplein.stream: decoded loby/20260819-231741.mkv: 495 frames
2026-08-28 11:18:55,653 INFO peoplein.stream: decoded entrance/20260819-232102.mkv: 495 frames
2026-08-28 11:18:55,669 INFO __main__: analysis interval completed start=2026-08-19 23:21:02 end=2026-08-19 23:22:41 frames=990 ticks=495 entered=6 exited=4 people_inside=2
2026-08-28 11:18:55,673 INFO __main__: summary updated end=2026-08-19 23:22:41
2026-08-28 11:18:55,673 INFO peoplein.stream: analysis interval ready start=2026-08-19 23:22:41 end=2026-08-19 23:26:02
2026-08-28 11:19:08,988 INFO peoplein.stream: decoded loby/20260819-232241.mkv: 1005 frames
2026-08-28 11:19:08,993 INFO peoplein.stream: decoded entrance/20260819-232102.mkv: 1005 frames
2026-08-28 11:19:09,006 INFO __main__: analysis interval completed start=2026-08-19 23:22:41 end=2026-08-19 23:26:02 frames=2010 ticks=1005 entered=6 exited=4 people_inside=2
2026-08-28 11:19:09,011 INFO __main__: summary updated end=2026-08-19 23:26:02
2026-08-28 11:19:09,011 INFO peoplein.stream: analysis interval ready start=2026-08-19 23:26:02 end=2026-08-19 23:27:39
2026-08-28 11:19:17,655 INFO peoplein.stream: decoded entrance/20260819-232602.mkv: 485 frames
2026-08-28 11:19:17,658 INFO peoplein.stream: decoded loby/20260819-232241.mkv: 485 frames
2026-08-28 11:19:17,672 INFO __main__: analysis interval completed start=2026-08-19 23:26:02 end=2026-08-19 23:27:39 frames=970 ticks=485 entered=6 exited=4 people_inside=2
2026-08-28 11:19:17,677 INFO __main__: summary updated end=2026-08-19 23:27:39
2026-08-28 11:19:17,677 WARNING peoplein.stream: archive interval skipped start=2026-08-19T23:27:39.000 end=2026-08-19T23:27:40.000 duration_seconds=1.0 reason=camera_archives_do_not_overlap
2026-08-28 11:19:17,677 INFO peoplein.stream: analysis interval ready start=2026-08-19 23:27:40 end=2026-08-19 23:31:02
2026-08-28 11:19:30,299 INFO peoplein.stream: decoded loby/20260819-232740.mkv: 1010 frames
2026-08-28 11:19:30,299 INFO peoplein.stream: decoded entrance/20260819-232602.mkv: 1010 frames
2026-08-28 11:19:30,313 INFO __main__: analysis interval completed start=2026-08-19 23:27:40 end=2026-08-19 23:31:02 frames=2020 ticks=1010 entered=6 exited=4 people_inside=2
2026-08-28 11:19:30,318 INFO __main__: summary updated end=2026-08-19 23:31:02
2026-08-28 11:19:30,318 INFO peoplein.stream: analysis interval ready start=2026-08-19 23:31:02 end=2026-08-19 23:32:40
2026-08-28 11:19:39,231 INFO peoplein.stream: decoded loby/20260819-232740.mkv: 490 frames
2026-08-28 11:19:39,231 INFO peoplein.stream: decoded entrance/20260819-233102.mkv: 490 frames
2026-08-28 11:19:39,247 INFO __main__: analysis interval completed start=2026-08-19 23:31:02 end=2026-08-19 23:32:40 frames=980 ticks=490 entered=6 exited=4 people_inside=2
2026-08-28 11:19:39,251 INFO __main__: summary updated end=2026-08-19 23:32:40
2026-08-28 11:19:39,252 INFO peoplein.stream: analysis interval ready start=2026-08-19 23:32:40 end=2026-08-19 23:36:02
2026-08-28 11:20:00,275 INFO peoplein.stream: decoded loby/20260819-233240.mkv: 1010 frames
2026-08-28 11:20:00,276 INFO peoplein.stream: decoded entrance/20260819-233102.mkv: 1010 frames
2026-08-28 11:20:00,282 INFO __main__: analysis interval completed start=2026-08-19 23:32:40 end=2026-08-19 23:36:02 frames=2020 ticks=1010 entered=6 exited=4 people_inside=2
2026-08-28 11:20:00,315 INFO __main__: summary updated end=2026-08-19 23:36:02
2026-08-28 11:20:00,317 INFO peoplein.stream: analysis interval ready start=2026-08-19 23:36:02 end=2026-08-19 23:37:40
2026-08-28 11:20:10,867 INFO peoplein.stream: decoded entrance/20260819-233602.mkv: 490 frames
2026-08-28 11:20:10,867 INFO peoplein.stream: decoded loby/20260819-233240.mkv: 490 frames
2026-08-28 11:20:10,884 INFO __main__: analysis interval completed start=2026-08-19 23:36:02 end=2026-08-19 23:37:40 frames=980 ticks=490 entered=6 exited=4 people_inside=2
2026-08-28 11:20:10,890 INFO __main__: summary updated end=2026-08-19 23:37:40
2026-08-28 11:20:10,890 WARNING peoplein.stream: archive interval skipped start=2026-08-19T23:37:40.000 end=2026-08-19T23:37:41.000 duration_seconds=1.0 reason=camera_archives_do_not_overlap
2026-08-28 11:20:10,890 INFO peoplein.stream: analysis interval ready start=2026-08-19 23:37:41 end=2026-08-19 23:41:02
2026-08-28 11:20:23,442 INFO peoplein.stream: decoded loby/20260819-233741.mkv: 1005 frames
2026-08-28 11:20:23,442 INFO peoplein.stream: decoded entrance/20260819-233602.mkv: 1005 frames
2026-08-28 11:20:23,457 INFO __main__: analysis interval completed start=2026-08-19 23:37:41 end=2026-08-19 23:41:02 frames=2010 ticks=1005 entered=6 exited=4 people_inside=2
2026-08-28 11:20:23,462 INFO __main__: summary updated end=2026-08-19 23:41:02
2026-08-28 11:20:23,462 INFO peoplein.stream: analysis interval ready start=2026-08-19 23:41:02 end=2026-08-19 23:42:41
2026-08-28 11:20:32,389 INFO peoplein.stream: decoded entrance/20260819-234102.mkv: 495 frames
2026-08-28 11:20:32,392 INFO peoplein.stream: decoded loby/20260819-233741.mkv: 495 frames
2026-08-28 11:20:32,407 INFO __main__: analysis interval completed start=2026-08-19 23:41:02 end=2026-08-19 23:42:41 frames=990 ticks=495 entered=6 exited=4 people_inside=2
2026-08-28 11:20:32,412 INFO __main__: summary updated end=2026-08-19 23:42:41
2026-08-28 11:20:32,412 INFO peoplein.stream: analysis interval ready start=2026-08-19 23:42:41 end=2026-08-19 23:46:02
2026-08-28 11:20:51,056 INFO peoplein.stream: decoded entrance/20260819-234102.mkv: 1005 frames
2026-08-28 11:20:51,056 INFO peoplein.stream: decoded loby/20260819-234241.mkv: 1005 frames
2026-08-28 11:20:51,061 INFO __main__: analysis interval completed start=2026-08-19 23:42:41 end=2026-08-19 23:46:02 frames=2010 ticks=1005 entered=6 exited=4 people_inside=2
2026-08-28 11:20:51,071 INFO __main__: summary updated end=2026-08-19 23:46:02
2026-08-28 11:20:51,071 INFO peoplein.stream: analysis interval ready start=2026-08-19 23:46:02 end=2026-08-19 23:47:39
2026-08-28 11:21:02,159 INFO peoplein.stream: decoded loby/20260819-234241.mkv: 485 frames
2026-08-28 11:21:02,160 INFO peoplein.stream: decoded entrance/20260819-234602.mkv: 485 frames
2026-08-28 11:21:02,175 INFO __main__: analysis interval completed start=2026-08-19 23:46:02 end=2026-08-19 23:47:39 frames=970 ticks=485 entered=6 exited=4 people_inside=2
2026-08-28 11:21:02,182 INFO __main__: summary updated end=2026-08-19 23:47:39
2026-08-28 11:21:02,183 WARNING peoplein.stream: archive interval skipped start=2026-08-19T23:47:39.000 end=2026-08-19T23:47:40.000 duration_seconds=1.0 reason=camera_archives_do_not_overlap
2026-08-28 11:21:02,183 INFO peoplein.stream: analysis interval ready start=2026-08-19 23:47:40 end=2026-08-19 23:51:02
2026-08-28 11:21:17,913 INFO peoplein.stream: decoded entrance/20260819-234602.mkv: 1010 frames
2026-08-28 11:21:17,914 INFO peoplein.stream: decoded loby/20260819-234740.mkv: 1010 frames
2026-08-28 11:21:17,921 INFO __main__: analysis interval completed start=2026-08-19 23:47:40 end=2026-08-19 23:51:02 frames=2020 ticks=1010 entered=6 exited=4 people_inside=2
2026-08-28 11:21:17,927 INFO __main__: summary updated end=2026-08-19 23:51:02
2026-08-28 11:21:17,928 INFO peoplein.stream: analysis interval ready start=2026-08-19 23:51:02 end=2026-08-19 23:52:40
2026-08-28 11:21:26,698 INFO peoplein.stream: decoded entrance/20260819-235102.mkv: 490 frames
2026-08-28 11:21:26,700 INFO peoplein.stream: decoded loby/20260819-234740.mkv: 490 frames
2026-08-28 11:21:26,714 INFO __main__: analysis interval completed start=2026-08-19 23:51:02 end=2026-08-19 23:52:40 frames=980 ticks=490 entered=6 exited=4 people_inside=2
2026-08-28 11:21:26,719 INFO __main__: summary updated end=2026-08-19 23:52:40
2026-08-28 11:21:26,719 INFO peoplein.stream: analysis interval ready start=2026-08-19 23:52:40 end=2026-08-19 23:56:02
2026-08-28 11:21:38,904 INFO peoplein.stream: decoded entrance/20260819-235102.mkv: 1010 frames
2026-08-28 11:21:38,907 INFO peoplein.stream: decoded loby/20260819-235240.mkv: 1010 frames
2026-08-28 11:21:38,920 INFO __main__: analysis interval completed start=2026-08-19 23:52:40 end=2026-08-19 23:56:02 frames=2020 ticks=1010 entered=6 exited=4 people_inside=2
2026-08-28 11:21:38,925 INFO __main__: summary updated end=2026-08-19 23:56:02
2026-08-28 11:21:38,925 INFO peoplein.stream: analysis interval ready start=2026-08-19 23:56:02 end=2026-08-19 23:57:40
2026-08-28 11:21:47,736 INFO peoplein.stream: decoded entrance/20260819-235602.mkv: 490 frames
2026-08-28 11:21:47,736 INFO peoplein.stream: decoded loby/20260819-235240.mkv: 490 frames
2026-08-28 11:21:47,752 INFO __main__: analysis interval completed start=2026-08-19 23:56:02 end=2026-08-19 23:57:40 frames=980 ticks=490 entered=6 exited=4 people_inside=2
2026-08-28 11:21:47,757 INFO __main__: summary updated end=2026-08-19 23:57:40
2026-08-28 11:21:47,757 WARNING peoplein.stream: archive interval skipped start=2026-08-19T23:57:40.000 end=2026-08-19T23:57:41.000 duration_seconds=1.0 reason=camera_archives_do_not_overlap
2026-08-28 11:21:47,757 INFO peoplein.stream: analysis interval ready start=2026-08-19 23:57:41 end=2026-08-20 00:01:02
2026-08-28 11:22:00,069 INFO peoplein.stream: decoded loby/20260819-235741.mkv: 1005 frames
2026-08-28 11:22:00,069 INFO peoplein.stream: decoded entrance/20260819-235602.mkv: 1005 frames
2026-08-28 11:22:00,084 INFO __main__: analysis interval completed start=2026-08-19 23:57:41 end=2026-08-20 00:01:02 frames=2010 ticks=1005 entered=6 exited=4 people_inside=2
2026-08-28 11:22:00,089 INFO __main__: summary updated end=2026-08-20 00:01:02
2026-08-28 11:22:00,089 INFO peoplein.stream: analysis interval ready start=2026-08-20 00:01:02 end=2026-08-20 00:02:41
2026-08-28 11:22:08,706 INFO peoplein.stream: decoded loby/20260819-235741.mkv: 495 frames
2026-08-28 11:22:08,706 INFO peoplein.stream: decoded entrance/20260820-000102.mkv: 495 frames
2026-08-28 11:22:08,722 INFO __main__: analysis interval completed start=2026-08-20 00:01:02 end=2026-08-20 00:02:41 frames=990 ticks=495 entered=6 exited=4 people_inside=2
2026-08-28 11:22:08,727 INFO __main__: summary updated end=2026-08-20 00:02:41
2026-08-28 11:22:08,727 INFO peoplein.stream: analysis interval ready start=2026-08-20 00:02:41 end=2026-08-20 00:06:02
2026-08-28 11:22:21,572 INFO peoplein.stream: decoded loby/20260820-000241.mkv: 1005 frames
2026-08-28 11:22:21,574 INFO peoplein.stream: decoded entrance/20260820-000102.mkv: 1005 frames
2026-08-28 11:22:21,587 INFO __main__: analysis interval completed start=2026-08-20 00:02:41 end=2026-08-20 00:06:02 frames=2010 ticks=1005 entered=6 exited=5 people_inside=1
2026-08-28 11:22:21,592 INFO __main__: summary updated end=2026-08-20 00:06:02
2026-08-28 11:22:21,592 INFO peoplein.stream: analysis interval ready start=2026-08-20 00:06:02 end=2026-08-20 00:07:39
2026-08-28 11:22:30,264 INFO peoplein.stream: decoded entrance/20260820-000602.mkv: 485 frames
2026-08-28 11:22:30,264 INFO peoplein.stream: decoded loby/20260820-000241.mkv: 485 frames
2026-08-28 11:22:30,279 INFO __main__: analysis interval completed start=2026-08-20 00:06:02 end=2026-08-20 00:07:39 frames=970 ticks=485 entered=6 exited=5 people_inside=1
2026-08-28 11:22:30,284 INFO __main__: summary updated end=2026-08-20 00:07:39
2026-08-28 11:22:30,284 WARNING peoplein.stream: archive interval skipped start=2026-08-20T00:07:39.000 end=2026-08-20T00:07:40.000 duration_seconds=1.0 reason=camera_archives_do_not_overlap
2026-08-28 11:22:30,284 INFO peoplein.stream: analysis interval ready start=2026-08-20 00:07:40 end=2026-08-20 00:11:02
2026-08-28 11:22:42,475 INFO peoplein.stream: decoded entrance/20260820-000602.mkv: 1010 frames
2026-08-28 11:22:42,475 INFO peoplein.stream: decoded loby/20260820-000740.mkv: 1010 frames
2026-08-28 11:22:42,490 INFO __main__: analysis interval completed start=2026-08-20 00:07:40 end=2026-08-20 00:11:02 frames=2020 ticks=1010 entered=6 exited=5 people_inside=1
2026-08-28 11:22:42,494 INFO __main__: summary updated end=2026-08-20 00:11:02
2026-08-28 11:22:42,494 INFO peoplein.stream: analysis interval ready start=2026-08-20 00:11:02 end=2026-08-20 00:12:40
2026-08-28 11:22:51,177 INFO peoplein.stream: decoded entrance/20260820-001102.mkv: 490 frames
2026-08-28 11:22:51,177 INFO peoplein.stream: decoded loby/20260820-000740.mkv: 490 frames
2026-08-28 11:22:51,194 INFO __main__: analysis interval completed start=2026-08-20 00:11:02 end=2026-08-20 00:12:40 frames=980 ticks=490 entered=6 exited=5 people_inside=1
2026-08-28 11:22:51,199 INFO __main__: summary updated end=2026-08-20 00:12:40
2026-08-28 11:22:51,199 INFO peoplein.stream: analysis interval ready start=2026-08-20 00:12:40 end=2026-08-20 00:16:02
2026-08-28 11:23:03,311 INFO peoplein.stream: decoded entrance/20260820-001102.mkv: 1010 frames
2026-08-28 11:23:03,311 INFO peoplein.stream: decoded loby/20260820-001240.mkv: 1010 frames
2026-08-28 11:23:03,328 INFO __main__: analysis interval completed start=2026-08-20 00:12:40 end=2026-08-20 00:16:02 frames=2020 ticks=1010 entered=6 exited=5 people_inside=1
2026-08-28 11:23:03,332 INFO __main__: summary updated end=2026-08-20 00:16:02
2026-08-28 11:23:03,332 INFO peoplein.stream: analysis interval ready start=2026-08-20 00:16:02 end=2026-08-20 00:17:40
2026-08-28 11:23:12,002 INFO peoplein.stream: decoded entrance/20260820-001602.mkv: 490 frames
2026-08-28 11:23:12,002 INFO peoplein.stream: decoded loby/20260820-001240.mkv: 490 frames
2026-08-28 11:23:12,017 INFO __main__: analysis interval completed start=2026-08-20 00:16:02 end=2026-08-20 00:17:40 frames=980 ticks=490 entered=6 exited=5 people_inside=1
2026-08-28 11:23:12,022 INFO __main__: summary updated end=2026-08-20 00:17:40
2026-08-28 11:23:12,022 WARNING peoplein.stream: archive interval skipped start=2026-08-20T00:17:40.000 end=2026-08-20T00:17:41.000 duration_seconds=1.0 reason=camera_archives_do_not_overlap
2026-08-28 11:23:12,022 INFO peoplein.stream: analysis interval ready start=2026-08-20 00:17:41 end=2026-08-20 00:21:02
2026-08-28 11:23:24,247 INFO peoplein.stream: decoded entrance/20260820-001602.mkv: 1005 frames
2026-08-28 11:23:24,247 INFO peoplein.stream: decoded loby/20260820-001741.mkv: 1005 frames
2026-08-28 11:23:24,263 INFO __main__: analysis interval completed start=2026-08-20 00:17:41 end=2026-08-20 00:21:02 frames=2010 ticks=1005 entered=6 exited=5 people_inside=1
2026-08-28 11:23:24,267 INFO __main__: summary updated end=2026-08-20 00:21:02
2026-08-28 11:23:24,268 INFO peoplein.stream: analysis interval ready start=2026-08-20 00:21:02 end=2026-08-20 00:22:41
2026-08-28 11:23:32,978 INFO peoplein.stream: decoded entrance/20260820-002102.mkv: 495 frames
2026-08-28 11:23:32,978 INFO peoplein.stream: decoded loby/20260820-001741.mkv: 495 frames
2026-08-28 11:23:32,997 INFO __main__: analysis interval completed start=2026-08-20 00:21:02 end=2026-08-20 00:22:41 frames=990 ticks=495 entered=6 exited=5 people_inside=1
2026-08-28 11:23:33,001 INFO __main__: summary updated end=2026-08-20 00:22:41
2026-08-28 11:23:33,001 INFO peoplein.stream: analysis interval ready start=2026-08-20 00:22:41 end=2026-08-20 00:26:02
2026-08-28 11:23:44,982 INFO peoplein.stream: decoded entrance/20260820-002102.mkv: 1005 frames
2026-08-28 11:23:44,982 INFO peoplein.stream: decoded loby/20260820-002241.mkv: 1005 frames
2026-08-28 11:23:44,997 INFO __main__: analysis interval completed start=2026-08-20 00:22:41 end=2026-08-20 00:26:02 frames=2010 ticks=1005 entered=6 exited=5 people_inside=1
2026-08-28 11:23:45,002 INFO __main__: summary updated end=2026-08-20 00:26:02
2026-08-28 11:23:45,002 INFO peoplein.stream: analysis interval ready start=2026-08-20 00:26:02 end=2026-08-20 00:27:39
2026-08-28 11:23:53,598 INFO peoplein.stream: decoded loby/20260820-002241.mkv: 485 frames
2026-08-28 11:23:53,603 INFO peoplein.stream: decoded entrance/20260820-002602.mkv: 485 frames
2026-08-28 11:23:53,615 INFO __main__: analysis interval completed start=2026-08-20 00:26:02 end=2026-08-20 00:27:39 frames=970 ticks=485 entered=6 exited=5 people_inside=1
2026-08-28 11:23:53,620 INFO __main__: summary updated end=2026-08-20 00:27:39
2026-08-28 11:23:53,620 WARNING peoplein.stream: archive interval skipped start=2026-08-20T00:27:39.000 end=2026-08-20T00:27:40.000 duration_seconds=1.0 reason=camera_archives_do_not_overlap
2026-08-28 11:23:53,620 INFO peoplein.stream: analysis interval ready start=2026-08-20 00:27:40 end=2026-08-20 00:31:02
2026-08-28 11:24:07,465 INFO peoplein.stream: decoded entrance/20260820-002602.mkv: 1010 frames
2026-08-28 11:24:07,474 INFO peoplein.stream: decoded loby/20260820-002740.mkv: 1010 frames
2026-08-28 11:24:07,504 INFO __main__: analysis interval completed start=2026-08-20 00:27:40 end=2026-08-20 00:31:02 frames=2020 ticks=1010 entered=6 exited=5 people_inside=1
2026-08-28 11:24:07,509 INFO __main__: summary updated end=2026-08-20 00:31:02
2026-08-28 11:24:07,509 INFO peoplein.stream: analysis interval ready start=2026-08-20 00:31:02 end=2026-08-20 00:32:40
2026-08-28 11:24:17,277 INFO peoplein.stream: decoded entrance/20260820-003102.mkv: 490 frames
2026-08-28 11:24:17,285 INFO peoplein.stream: decoded loby/20260820-002740.mkv: 490 frames
2026-08-28 11:24:17,323 INFO __main__: analysis interval completed start=2026-08-20 00:31:02 end=2026-08-20 00:32:40 frames=980 ticks=490 entered=7 exited=5 people_inside=2
2026-08-28 11:24:17,327 INFO __main__: summary updated end=2026-08-20 00:32:40
2026-08-28 11:24:17,327 INFO peoplein.stream: analysis interval ready start=2026-08-20 00:32:40 end=2026-08-20 00:36:02
2026-08-28 11:24:30,674 INFO peoplein.stream: decoded entrance/20260820-003102.mkv: 1010 frames
2026-08-28 11:24:30,675 INFO peoplein.stream: decoded loby/20260820-003240.mkv: 1010 frames
2026-08-28 11:24:30,691 INFO __main__: analysis interval completed start=2026-08-20 00:32:40 end=2026-08-20 00:36:02 frames=2020 ticks=1010 entered=7 exited=6 people_inside=1
2026-08-28 11:24:30,695 INFO __main__: summary updated end=2026-08-20 00:36:02
2026-08-28 11:24:30,696 INFO peoplein.stream: analysis interval ready start=2026-08-20 00:36:02 end=2026-08-20 00:37:40
2026-08-28 11:24:39,110 INFO peoplein.stream: decoded loby/20260820-003240.mkv: 490 frames
2026-08-28 11:24:39,115 INFO peoplein.stream: decoded entrance/20260820-003602.mkv: 490 frames
2026-08-28 11:24:39,127 INFO __main__: analysis interval completed start=2026-08-20 00:36:02 end=2026-08-20 00:37:40 frames=980 ticks=490 entered=7 exited=6 people_inside=1
2026-08-28 11:24:39,131 INFO __main__: summary updated end=2026-08-20 00:37:40
2026-08-28 11:24:39,132 WARNING peoplein.stream: archive interval skipped start=2026-08-20T00:37:40.000 end=2026-08-20T00:37:41.000 duration_seconds=1.0 reason=camera_archives_do_not_overlap
2026-08-28 11:24:39,132 INFO peoplein.stream: analysis interval ready start=2026-08-20 00:37:41 end=2026-08-20 00:41:02
2026-08-28 11:24:50,964 INFO peoplein.stream: decoded loby/20260820-003741.mkv: 1005 frames
2026-08-28 11:24:50,964 INFO peoplein.stream: decoded entrance/20260820-003602.mkv: 1005 frames
2026-08-28 11:24:50,980 INFO __main__: analysis interval completed start=2026-08-20 00:37:41 end=2026-08-20 00:41:02 frames=2010 ticks=1005 entered=7 exited=6 people_inside=1
2026-08-28 11:24:50,984 INFO __main__: summary updated end=2026-08-20 00:41:02
2026-08-28 11:24:50,984 INFO peoplein.stream: analysis interval ready start=2026-08-20 00:41:02 end=2026-08-20 00:42:41
2026-08-28 11:24:59,451 INFO peoplein.stream: decoded loby/20260820-003741.mkv: 495 frames
2026-08-28 11:24:59,455 INFO peoplein.stream: decoded entrance/20260820-004102.mkv: 495 frames
2026-08-28 11:24:59,468 INFO __main__: analysis interval completed start=2026-08-20 00:41:02 end=2026-08-20 00:42:41 frames=990 ticks=495 entered=7 exited=6 people_inside=1
2026-08-28 11:24:59,473 INFO __main__: summary updated end=2026-08-20 00:42:41
2026-08-28 11:24:59,473 INFO peoplein.stream: analysis interval ready start=2026-08-20 00:42:41 end=2026-08-20 00:46:02
2026-08-28 11:25:11,654 INFO peoplein.stream: decoded entrance/20260820-004102.mkv: 1005 frames
2026-08-28 11:25:11,654 INFO peoplein.stream: decoded loby/20260820-004241.mkv: 1005 frames
2026-08-28 11:25:11,670 INFO __main__: analysis interval completed start=2026-08-20 00:42:41 end=2026-08-20 00:46:02 frames=2010 ticks=1005 entered=7 exited=6 people_inside=1
2026-08-28 11:25:11,675 INFO __main__: summary updated end=2026-08-20 00:46:02
2026-08-28 11:25:11,675 INFO peoplein.stream: analysis interval ready start=2026-08-20 00:46:02 end=2026-08-20 00:47:39
2026-08-28 11:25:20,645 INFO peoplein.stream: decoded entrance/20260820-004602.mkv: 485 frames
2026-08-28 11:25:20,645 INFO peoplein.stream: decoded loby/20260820-004241.mkv: 485 frames
2026-08-28 11:25:20,661 INFO __main__: analysis interval completed start=2026-08-20 00:46:02 end=2026-08-20 00:47:39 frames=970 ticks=485 entered=7 exited=6 people_inside=1
2026-08-28 11:25:20,666 INFO __main__: summary updated end=2026-08-20 00:47:39
2026-08-28 11:25:20,666 WARNING peoplein.stream: archive interval skipped start=2026-08-20T00:47:39.000 end=2026-08-20T00:47:40.000 duration_seconds=1.0 reason=camera_archives_do_not_overlap
2026-08-28 11:25:20,666 INFO peoplein.stream: analysis interval ready start=2026-08-20 00:47:40 end=2026-08-20 00:51:02
2026-08-28 11:25:33,355 INFO peoplein.stream: decoded entrance/20260820-004602.mkv: 1010 frames
2026-08-28 11:25:33,355 INFO peoplein.stream: decoded loby/20260820-004740.mkv: 1010 frames
2026-08-28 11:25:33,375 INFO __main__: analysis interval completed start=2026-08-20 00:47:40 end=2026-08-20 00:51:02 frames=2020 ticks=1010 entered=7 exited=6 people_inside=1
2026-08-28 11:25:33,380 INFO __main__: summary updated end=2026-08-20 00:51:02
2026-08-28 11:25:33,380 INFO peoplein.stream: analysis interval ready start=2026-08-20 00:51:02 end=2026-08-20 00:52:40
2026-08-28 11:25:42,485 INFO peoplein.stream: decoded entrance/20260820-005102.mkv: 490 frames
2026-08-28 11:25:42,485 INFO peoplein.stream: decoded loby/20260820-004740.mkv: 490 frames
2026-08-28 11:25:42,504 INFO __main__: analysis interval completed start=2026-08-20 00:51:02 end=2026-08-20 00:52:40 frames=980 ticks=490 entered=7 exited=6 people_inside=1
2026-08-28 11:25:42,510 INFO __main__: summary updated end=2026-08-20 00:52:40
2026-08-28 11:25:42,510 INFO peoplein.stream: analysis interval ready start=2026-08-20 00:52:40 end=2026-08-20 00:56:02
2026-08-28 11:25:55,227 INFO peoplein.stream: decoded loby/20260820-005240.mkv: 1010 frames
2026-08-28 11:25:55,229 INFO peoplein.stream: decoded entrance/20260820-005102.mkv: 1010 frames
2026-08-28 11:25:55,243 INFO __main__: analysis interval completed start=2026-08-20 00:52:40 end=2026-08-20 00:56:02 frames=2020 ticks=1010 entered=7 exited=6 people_inside=1
2026-08-28 11:25:55,248 INFO __main__: summary updated end=2026-08-20 00:56:02
2026-08-28 11:25:55,248 INFO peoplein.stream: analysis interval ready start=2026-08-20 00:56:02 end=2026-08-20 00:57:40
2026-08-28 11:26:04,209 INFO peoplein.stream: decoded entrance/20260820-005602.mkv: 490 frames
2026-08-28 11:26:04,210 INFO peoplein.stream: decoded loby/20260820-005240.mkv: 490 frames
2026-08-28 11:26:04,221 INFO __main__: analysis interval completed start=2026-08-20 00:56:02 end=2026-08-20 00:57:40 frames=980 ticks=490 entered=7 exited=6 people_inside=1
2026-08-28 11:26:04,226 INFO __main__: summary updated end=2026-08-20 00:57:40
2026-08-28 11:26:04,226 WARNING peoplein.stream: archive interval skipped start=2026-08-20T00:57:40.000 end=2026-08-20T00:57:41.000 duration_seconds=1.0 reason=camera_archives_do_not_overlap
2026-08-28 11:26:04,226 INFO peoplein.stream: analysis interval ready start=2026-08-20 00:57:41 end=2026-08-20 01:01:02
2026-08-28 11:26:16,840 INFO peoplein.stream: decoded loby/20260820-005741.mkv: 1005 frames
2026-08-28 11:26:16,844 INFO peoplein.stream: decoded entrance/20260820-005602.mkv: 1005 frames
2026-08-28 11:26:16,856 INFO __main__: analysis interval completed start=2026-08-20 00:57:41 end=2026-08-20 01:01:02 frames=2010 ticks=1005 entered=7 exited=6 people_inside=1
2026-08-28 11:26:16,861 INFO __main__: summary updated end=2026-08-20 01:01:02
2026-08-28 11:26:16,861 INFO peoplein.stream: analysis interval ready start=2026-08-20 01:01:02 end=2026-08-20 01:02:41
2026-08-28 11:26:25,869 INFO peoplein.stream: decoded loby/20260820-005741.mkv: 495 frames
2026-08-28 11:26:25,870 INFO peoplein.stream: decoded entrance/20260820-010102.mkv: 495 frames
2026-08-28 11:26:25,885 INFO __main__: analysis interval completed start=2026-08-20 01:01:02 end=2026-08-20 01:02:41 frames=990 ticks=495 entered=7 exited=6 people_inside=1
2026-08-28 11:26:25,890 INFO __main__: summary updated end=2026-08-20 01:02:41
2026-08-28 11:26:25,890 INFO peoplein.stream: analysis interval ready start=2026-08-20 01:02:41 end=2026-08-20 01:06:02
2026-08-28 11:26:38,534 INFO peoplein.stream: decoded entrance/20260820-010102.mkv: 1005 frames
2026-08-28 11:26:38,534 INFO peoplein.stream: decoded loby/20260820-010241.mkv: 1005 frames
2026-08-28 11:26:38,550 INFO __main__: analysis interval completed start=2026-08-20 01:02:41 end=2026-08-20 01:06:02 frames=2010 ticks=1005 entered=7 exited=6 people_inside=1
2026-08-28 11:26:38,555 INFO __main__: summary updated end=2026-08-20 01:06:02
2026-08-28 11:26:38,555 INFO peoplein.stream: analysis interval ready start=2026-08-20 01:06:02 end=2026-08-20 01:07:39
2026-08-28 11:26:47,569 INFO peoplein.stream: decoded loby/20260820-010241.mkv: 485 frames
2026-08-28 11:26:47,573 INFO peoplein.stream: decoded entrance/20260820-010602.mkv: 485 frames
2026-08-28 11:26:47,585 INFO __main__: analysis interval completed start=2026-08-20 01:06:02 end=2026-08-20 01:07:39 frames=970 ticks=485 entered=7 exited=6 people_inside=1
2026-08-28 11:26:47,590 INFO __main__: summary updated end=2026-08-20 01:07:39
2026-08-28 11:26:47,590 WARNING peoplein.stream: archive interval skipped start=2026-08-20T01:07:39.000 end=2026-08-20T01:07:40.000 duration_seconds=1.0 reason=camera_archives_do_not_overlap
2026-08-28 11:26:47,590 INFO peoplein.stream: analysis interval ready start=2026-08-20 01:07:40 end=2026-08-20 01:11:02
2026-08-28 11:27:00,122 INFO peoplein.stream: decoded loby/20260820-010740.mkv: 1010 frames
2026-08-28 11:27:00,123 INFO peoplein.stream: decoded entrance/20260820-010602.mkv: 1010 frames
2026-08-28 11:27:00,139 INFO __main__: analysis interval completed start=2026-08-20 01:07:40 end=2026-08-20 01:11:02 frames=2020 ticks=1010 entered=7 exited=6 people_inside=1
2026-08-28 11:27:00,144 INFO __main__: summary updated end=2026-08-20 01:11:02
2026-08-28 11:27:00,144 INFO peoplein.stream: analysis interval ready start=2026-08-20 01:11:02 end=2026-08-20 01:12:40
2026-08-28 11:27:08,890 INFO peoplein.stream: decoded loby/20260820-010740.mkv: 490 frames
2026-08-28 11:27:08,890 INFO peoplein.stream: decoded entrance/20260820-011102.mkv: 490 frames
2026-08-28 11:27:08,905 INFO __main__: analysis interval completed start=2026-08-20 01:11:02 end=2026-08-20 01:12:40 frames=980 ticks=490 entered=7 exited=6 people_inside=1
2026-08-28 11:27:08,909 INFO __main__: summary updated end=2026-08-20 01:12:40
2026-08-28 11:27:08,909 INFO peoplein.stream: analysis interval ready start=2026-08-20 01:12:40 end=2026-08-20 01:16:02
2026-08-28 11:27:21,585 INFO peoplein.stream: decoded loby/20260820-011240.mkv: 1010 frames
2026-08-28 11:27:21,585 INFO peoplein.stream: decoded entrance/20260820-011102.mkv: 1010 frames
2026-08-28 11:27:21,603 INFO __main__: analysis interval completed start=2026-08-20 01:12:40 end=2026-08-20 01:16:02 frames=2020 ticks=1010 entered=7 exited=6 people_inside=1
2026-08-28 11:27:21,608 INFO __main__: summary updated end=2026-08-20 01:16:02
2026-08-28 11:27:21,608 INFO peoplein.stream: analysis interval ready start=2026-08-20 01:16:02 end=2026-08-20 01:17:40
2026-08-28 11:27:30,348 INFO peoplein.stream: decoded loby/20260820-011240.mkv: 490 frames
2026-08-28 11:27:30,353 INFO peoplein.stream: decoded entrance/20260820-011602.mkv: 490 frames
2026-08-28 11:27:30,367 INFO __main__: analysis interval completed start=2026-08-20 01:16:02 end=2026-08-20 01:17:40 frames=980 ticks=490 entered=7 exited=6 people_inside=1
2026-08-28 11:27:30,371 INFO __main__: summary updated end=2026-08-20 01:17:40
2026-08-28 11:27:30,371 WARNING peoplein.stream: archive interval skipped start=2026-08-20T01:17:40.000 end=2026-08-20T01:17:41.000 duration_seconds=1.0 reason=camera_archives_do_not_overlap
2026-08-28 11:27:30,371 INFO peoplein.stream: analysis interval ready start=2026-08-20 01:17:41 end=2026-08-20 01:21:02
2026-08-28 11:27:42,415 INFO peoplein.stream: decoded entrance/20260820-011602.mkv: 1005 frames
2026-08-28 11:27:42,415 INFO peoplein.stream: decoded loby/20260820-011741.mkv: 1005 frames
2026-08-28 11:27:42,432 INFO __main__: analysis interval completed start=2026-08-20 01:17:41 end=2026-08-20 01:21:02 frames=2010 ticks=1005 entered=7 exited=6 people_inside=1
2026-08-28 11:27:42,436 INFO __main__: summary updated end=2026-08-20 01:21:02
2026-08-28 11:27:42,437 INFO peoplein.stream: analysis interval ready start=2026-08-20 01:21:02 end=2026-08-20 01:22:41
2026-08-28 11:27:51,004 INFO peoplein.stream: decoded entrance/20260820-012102.mkv: 495 frames
2026-08-28 11:27:51,004 INFO peoplein.stream: decoded loby/20260820-011741.mkv: 495 frames
2026-08-28 11:27:51,022 INFO __main__: analysis interval completed start=2026-08-20 01:21:02 end=2026-08-20 01:22:41 frames=990 ticks=495 entered=7 exited=6 people_inside=1
2026-08-28 11:27:51,026 INFO __main__: summary updated end=2026-08-20 01:22:41
2026-08-28 11:27:51,027 INFO peoplein.stream: analysis interval ready start=2026-08-20 01:22:41 end=2026-08-20 01:26:02
2026-08-28 11:28:02,770 INFO peoplein.stream: decoded loby/20260820-012241.mkv: 1005 frames
2026-08-28 11:28:02,770 INFO peoplein.stream: decoded entrance/20260820-012102.mkv: 1005 frames
2026-08-28 11:28:02,786 INFO __main__: analysis interval completed start=2026-08-20 01:22:41 end=2026-08-20 01:26:02 frames=2010 ticks=1005 entered=7 exited=6 people_inside=1
2026-08-28 11:28:02,791 INFO __main__: summary updated end=2026-08-20 01:26:02
2026-08-28 11:28:02,791 INFO peoplein.stream: analysis interval ready start=2026-08-20 01:26:02 end=2026-08-20 01:27:39
2026-08-28 11:28:11,126 INFO peoplein.stream: decoded loby/20260820-012241.mkv: 485 frames
2026-08-28 11:28:11,130 INFO peoplein.stream: decoded entrance/20260820-012602.mkv: 485 frames
2026-08-28 11:28:11,143 INFO __main__: analysis interval completed start=2026-08-20 01:26:02 end=2026-08-20 01:27:39 frames=970 ticks=485 entered=7 exited=6 people_inside=1
2026-08-28 11:28:11,148 INFO __main__: summary updated end=2026-08-20 01:27:39
2026-08-28 11:28:11,148 WARNING peoplein.stream: archive interval skipped start=2026-08-20T01:27:39.000 end=2026-08-20T01:27:40.000 duration_seconds=1.0 reason=camera_archives_do_not_overlap
2026-08-28 11:28:11,149 INFO peoplein.stream: analysis interval ready start=2026-08-20 01:27:40 end=2026-08-20 01:31:02
2026-08-28 11:28:23,130 INFO peoplein.stream: decoded loby/20260820-012740.mkv: 1010 frames
2026-08-28 11:28:23,130 INFO peoplein.stream: decoded entrance/20260820-012602.mkv: 1010 frames
2026-08-28 11:28:23,149 INFO __main__: analysis interval completed start=2026-08-20 01:27:40 end=2026-08-20 01:31:02 frames=2020 ticks=1010 entered=7 exited=6 people_inside=1
2026-08-28 11:28:23,155 INFO __main__: summary updated end=2026-08-20 01:31:02
2026-08-28 11:28:23,155 INFO peoplein.stream: analysis interval ready start=2026-08-20 01:31:02 end=2026-08-20 01:32:40
2026-08-28 11:28:31,939 INFO peoplein.stream: decoded loby/20260820-012740.mkv: 490 frames
2026-08-28 11:28:31,939 INFO peoplein.stream: decoded entrance/20260820-013102.mkv: 490 frames
2026-08-28 11:28:31,956 INFO __main__: analysis interval completed start=2026-08-20 01:31:02 end=2026-08-20 01:32:40 frames=980 ticks=490 entered=7 exited=6 people_inside=1
2026-08-28 11:28:31,962 INFO __main__: summary updated end=2026-08-20 01:32:40
2026-08-28 11:28:31,962 INFO peoplein.stream: analysis interval ready start=2026-08-20 01:32:40 end=2026-08-20 01:36:02
2026-08-28 11:28:44,136 INFO peoplein.stream: decoded entrance/20260820-013102.mkv: 1010 frames
2026-08-28 11:28:44,136 INFO peoplein.stream: decoded loby/20260820-013240.mkv: 1010 frames
2026-08-28 11:28:44,154 INFO __main__: analysis interval completed start=2026-08-20 01:32:40 end=2026-08-20 01:36:02 frames=2020 ticks=1010 entered=7 exited=6 people_inside=1
2026-08-28 11:28:44,160 INFO __main__: summary updated end=2026-08-20 01:36:02
2026-08-28 11:28:44,160 INFO peoplein.stream: analysis interval ready start=2026-08-20 01:36:02 end=2026-08-20 01:37:40
2026-08-28 11:28:52,900 INFO peoplein.stream: decoded entrance/20260820-013602.mkv: 490 frames
2026-08-28 11:28:52,900 INFO peoplein.stream: decoded loby/20260820-013240.mkv: 490 frames
2026-08-28 11:28:52,919 INFO __main__: analysis interval completed start=2026-08-20 01:36:02 end=2026-08-20 01:37:40 frames=980 ticks=490 entered=7 exited=6 people_inside=1
2026-08-28 11:28:52,925 INFO __main__: summary updated end=2026-08-20 01:37:40
2026-08-28 11:28:52,925 WARNING peoplein.stream: archive interval skipped start=2026-08-20T01:37:40.000 end=2026-08-20T01:37:41.000 duration_seconds=1.0 reason=camera_archives_do_not_overlap
2026-08-28 11:28:52,925 INFO peoplein.stream: analysis interval ready start=2026-08-20 01:37:41 end=2026-08-20 01:41:02
2026-08-28 11:29:05,388 INFO peoplein.stream: decoded entrance/20260820-013602.mkv: 1005 frames
2026-08-28 11:29:05,389 INFO peoplein.stream: decoded loby/20260820-013741.mkv: 1005 frames
2026-08-28 11:29:05,405 INFO __main__: analysis interval completed start=2026-08-20 01:37:41 end=2026-08-20 01:41:02 frames=2010 ticks=1005 entered=7 exited=6 people_inside=1
2026-08-28 11:29:05,410 INFO __main__: summary updated end=2026-08-20 01:41:02
2026-08-28 11:29:05,410 INFO peoplein.stream: analysis interval ready start=2026-08-20 01:41:02 end=2026-08-20 01:42:41
2026-08-28 11:29:14,118 INFO peoplein.stream: decoded loby/20260820-013741.mkv: 495 frames
2026-08-28 11:29:14,118 INFO peoplein.stream: decoded entrance/20260820-014102.mkv: 495 frames
2026-08-28 11:29:14,136 INFO __main__: analysis interval completed start=2026-08-20 01:41:02 end=2026-08-20 01:42:41 frames=990 ticks=495 entered=7 exited=6 people_inside=1
2026-08-28 11:29:14,141 INFO __main__: summary updated end=2026-08-20 01:42:41
2026-08-28 11:29:14,141 INFO peoplein.stream: analysis interval ready start=2026-08-20 01:42:41 end=2026-08-20 01:46:02
2026-08-28 11:29:26,207 INFO peoplein.stream: decoded loby/20260820-014241.mkv: 1005 frames
2026-08-28 11:29:26,207 INFO peoplein.stream: decoded entrance/20260820-014102.mkv: 1005 frames
2026-08-28 11:29:26,223 INFO __main__: analysis interval completed start=2026-08-20 01:42:41 end=2026-08-20 01:46:02 frames=2010 ticks=1005 entered=7 exited=6 people_inside=1
2026-08-28 11:29:26,228 INFO __main__: summary updated end=2026-08-20 01:46:02
2026-08-28 11:29:26,228 INFO peoplein.stream: analysis interval ready start=2026-08-20 01:46:02 end=2026-08-20 01:47:39
2026-08-28 11:29:34,797 INFO peoplein.stream: decoded loby/20260820-014241.mkv: 485 frames
2026-08-28 11:29:34,797 INFO peoplein.stream: decoded entrance/20260820-014602.mkv: 485 frames
2026-08-28 11:29:34,815 INFO __main__: analysis interval completed start=2026-08-20 01:46:02 end=2026-08-20 01:47:39 frames=970 ticks=485 entered=7 exited=6 people_inside=1
2026-08-28 11:29:34,820 INFO __main__: summary updated end=2026-08-20 01:47:39
2026-08-28 11:29:34,820 WARNING peoplein.stream: archive interval skipped start=2026-08-20T01:47:39.000 end=2026-08-20T01:47:40.000 duration_seconds=1.0 reason=camera_archives_do_not_overlap
2026-08-28 11:29:34,820 INFO peoplein.stream: analysis interval ready start=2026-08-20 01:47:40 end=2026-08-20 01:51:02
2026-08-28 11:29:46,944 INFO peoplein.stream: decoded entrance/20260820-014602.mkv: 1010 frames
2026-08-28 11:29:46,944 INFO peoplein.stream: decoded loby/20260820-014740.mkv: 1010 frames
2026-08-28 11:29:46,962 INFO __main__: analysis interval completed start=2026-08-20 01:47:40 end=2026-08-20 01:51:02 frames=2020 ticks=1010 entered=7 exited=6 people_inside=1
2026-08-28 11:29:46,967 INFO __main__: summary updated end=2026-08-20 01:51:02
2026-08-28 11:29:46,967 INFO peoplein.stream: analysis interval ready start=2026-08-20 01:51:02 end=2026-08-20 01:52:40
2026-08-28 11:29:55,889 INFO peoplein.stream: decoded entrance/20260820-015102.mkv: 490 frames
2026-08-28 11:29:55,892 INFO peoplein.stream: decoded loby/20260820-014740.mkv: 490 frames
2026-08-28 11:29:55,907 INFO __main__: analysis interval completed start=2026-08-20 01:51:02 end=2026-08-20 01:52:40 frames=980 ticks=490 entered=7 exited=6 people_inside=1
2026-08-28 11:29:55,912 INFO __main__: summary updated end=2026-08-20 01:52:40
2026-08-28 11:29:55,912 INFO peoplein.stream: analysis interval ready start=2026-08-20 01:52:40 end=2026-08-20 01:56:02
2026-08-28 11:30:07,999 INFO peoplein.stream: decoded loby/20260820-015240.mkv: 1010 frames
2026-08-28 11:30:07,999 INFO peoplein.stream: decoded entrance/20260820-015102.mkv: 1010 frames
2026-08-28 11:30:08,018 INFO __main__: analysis interval completed start=2026-08-20 01:52:40 end=2026-08-20 01:56:02 frames=2020 ticks=1010 entered=7 exited=6 people_inside=1
2026-08-28 11:30:08,022 INFO __main__: summary updated end=2026-08-20 01:56:02
2026-08-28 11:30:08,022 INFO peoplein.stream: analysis interval ready start=2026-08-20 01:56:02 end=2026-08-20 01:57:40
2026-08-28 11:30:16,728 INFO peoplein.stream: decoded entrance/20260820-015602.mkv: 490 frames
2026-08-28 11:30:16,728 INFO peoplein.stream: decoded loby/20260820-015240.mkv: 490 frames
2026-08-28 11:30:16,746 INFO __main__: analysis interval completed start=2026-08-20 01:56:02 end=2026-08-20 01:57:40 frames=980 ticks=490 entered=7 exited=6 people_inside=1
2026-08-28 11:30:16,750 INFO __main__: summary updated end=2026-08-20 01:57:40
2026-08-28 11:30:16,750 WARNING peoplein.stream: archive interval skipped start=2026-08-20T01:57:40.000 end=2026-08-20T01:57:41.000 duration_seconds=1.0 reason=camera_archives_do_not_overlap
2026-08-28 11:30:16,750 INFO peoplein.stream: analysis interval ready start=2026-08-20 01:57:41 end=2026-08-20 02:01:02
2026-08-28 11:30:28,856 INFO peoplein.stream: decoded entrance/20260820-015602.mkv: 1005 frames
2026-08-28 11:30:28,856 INFO peoplein.stream: decoded loby/20260820-015741.mkv: 1005 frames
2026-08-28 11:30:28,872 INFO __main__: analysis interval completed start=2026-08-20 01:57:41 end=2026-08-20 02:01:02 frames=2010 ticks=1005 entered=7 exited=6 people_inside=1
2026-08-28 11:30:28,877 INFO __main__: summary updated end=2026-08-20 02:01:02
2026-08-28 11:30:28,877 INFO peoplein.stream: analysis interval ready start=2026-08-20 02:01:02 end=2026-08-20 02:02:41
2026-08-28 11:30:37,747 INFO peoplein.stream: decoded loby/20260820-015741.mkv: 495 frames
2026-08-28 11:30:37,747 INFO peoplein.stream: decoded entrance/20260820-020102.mkv: 495 frames
2026-08-28 11:30:37,763 INFO __main__: analysis interval completed start=2026-08-20 02:01:02 end=2026-08-20 02:02:41 frames=990 ticks=495 entered=7 exited=6 people_inside=1
2026-08-28 11:30:37,767 INFO __main__: summary updated end=2026-08-20 02:02:41
2026-08-28 11:30:37,768 INFO peoplein.stream: analysis interval ready start=2026-08-20 02:02:41 end=2026-08-20 02:06:02
2026-08-28 11:30:50,393 INFO peoplein.stream: decoded entrance/20260820-020102.mkv: 1005 frames
2026-08-28 11:30:50,393 INFO peoplein.stream: decoded loby/20260820-020241.mkv: 1005 frames
2026-08-28 11:30:50,410 INFO __main__: analysis interval completed start=2026-08-20 02:02:41 end=2026-08-20 02:06:02 frames=2010 ticks=1005 entered=7 exited=6 people_inside=1
2026-08-28 11:30:50,414 INFO __main__: summary updated end=2026-08-20 02:06:02
2026-08-28 11:30:50,414 INFO peoplein.stream: analysis interval ready start=2026-08-20 02:06:02 end=2026-08-20 02:07:39
2026-08-28 11:30:59,311 INFO peoplein.stream: decoded entrance/20260820-020602.mkv: 485 frames
2026-08-28 11:30:59,311 INFO peoplein.stream: decoded loby/20260820-020241.mkv: 485 frames
2026-08-28 11:30:59,327 INFO __main__: analysis interval completed start=2026-08-20 02:06:02 end=2026-08-20 02:07:39 frames=970 ticks=485 entered=7 exited=6 people_inside=1
2026-08-28 11:30:59,332 INFO __main__: summary updated end=2026-08-20 02:07:39
2026-08-28 11:30:59,332 WARNING peoplein.stream: archive interval skipped start=2026-08-20T02:07:39.000 end=2026-08-20T02:07:40.000 duration_seconds=1.0 reason=camera_archives_do_not_overlap
2026-08-28 11:30:59,332 INFO peoplein.stream: analysis interval ready start=2026-08-20 02:07:40 end=2026-08-20 02:11:02
2026-08-28 11:31:12,020 INFO peoplein.stream: decoded entrance/20260820-020602.mkv: 1010 frames
2026-08-28 11:31:12,020 INFO peoplein.stream: decoded loby/20260820-020740.mkv: 1010 frames
2026-08-28 11:31:12,037 INFO __main__: analysis interval completed start=2026-08-20 02:07:40 end=2026-08-20 02:11:02 frames=2020 ticks=1010 entered=7 exited=6 people_inside=1
2026-08-28 11:31:12,041 INFO __main__: summary updated end=2026-08-20 02:11:02
2026-08-28 11:31:12,042 INFO peoplein.stream: analysis interval ready start=2026-08-20 02:11:02 end=2026-08-20 02:12:40
2026-08-28 11:31:21,230 INFO peoplein.stream: decoded entrance/20260820-021102.mkv: 490 frames
2026-08-28 11:31:21,230 INFO peoplein.stream: decoded loby/20260820-020740.mkv: 490 frames
2026-08-28 11:31:21,246 INFO __main__: analysis interval completed start=2026-08-20 02:11:02 end=2026-08-20 02:12:40 frames=980 ticks=490 entered=7 exited=6 people_inside=1
2026-08-28 11:31:21,250 INFO __main__: summary updated end=2026-08-20 02:12:40
2026-08-28 11:31:21,250 INFO peoplein.stream: analysis interval ready start=2026-08-20 02:12:40 end=2026-08-20 02:16:02
2026-08-28 11:31:33,901 INFO peoplein.stream: decoded entrance/20260820-021102.mkv: 1010 frames
2026-08-28 11:31:33,901 INFO peoplein.stream: decoded loby/20260820-021240.mkv: 1010 frames
2026-08-28 11:31:33,919 INFO __main__: analysis interval completed start=2026-08-20 02:12:40 end=2026-08-20 02:16:02 frames=2020 ticks=1010 entered=7 exited=6 people_inside=1
2026-08-28 11:31:33,924 INFO __main__: summary updated end=2026-08-20 02:16:02
2026-08-28 11:31:33,924 INFO peoplein.stream: analysis interval ready start=2026-08-20 02:16:02 end=2026-08-20 02:17:40
2026-08-28 11:31:42,799 INFO peoplein.stream: decoded entrance/20260820-021602.mkv: 490 frames
2026-08-28 11:31:42,799 INFO peoplein.stream: decoded loby/20260820-021240.mkv: 490 frames
2026-08-28 11:31:42,816 INFO __main__: analysis interval completed start=2026-08-20 02:16:02 end=2026-08-20 02:17:40 frames=980 ticks=490 entered=7 exited=6 people_inside=1
2026-08-28 11:31:42,821 INFO __main__: summary updated end=2026-08-20 02:17:40
2026-08-28 11:31:42,821 WARNING peoplein.stream: archive interval skipped start=2026-08-20T02:17:40.000 end=2026-08-20T02:17:41.000 duration_seconds=1.0 reason=camera_archives_do_not_overlap
2026-08-28 11:31:42,821 INFO peoplein.stream: analysis interval ready start=2026-08-20 02:17:41 end=2026-08-20 02:21:02
2026-08-28 11:31:55,255 INFO peoplein.stream: decoded loby/20260820-021741.mkv: 1005 frames
2026-08-28 11:31:55,255 INFO peoplein.stream: decoded entrance/20260820-021602.mkv: 1005 frames
2026-08-28 11:31:55,270 INFO __main__: analysis interval completed start=2026-08-20 02:17:41 end=2026-08-20 02:21:02 frames=2010 ticks=1005 entered=7 exited=6 people_inside=1
2026-08-28 11:31:55,275 INFO __main__: summary updated end=2026-08-20 02:21:02
2026-08-28 11:31:55,275 INFO peoplein.stream: analysis interval ready start=2026-08-20 02:21:02 end=2026-08-20 02:22:41
2026-08-28 11:32:04,074 INFO peoplein.stream: decoded loby/20260820-021741.mkv: 495 frames
2026-08-28 11:32:04,078 INFO peoplein.stream: decoded entrance/20260820-022102.mkv: 495 frames
2026-08-28 11:32:04,092 INFO __main__: analysis interval completed start=2026-08-20 02:21:02 end=2026-08-20 02:22:41 frames=990 ticks=495 entered=7 exited=6 people_inside=1
2026-08-28 11:32:04,097 INFO __main__: summary updated end=2026-08-20 02:22:41
2026-08-28 11:32:04,097 INFO peoplein.stream: analysis interval ready start=2026-08-20 02:22:41 end=2026-08-20 02:26:02
2026-08-28 11:32:17,171 INFO peoplein.stream: decoded entrance/20260820-022102.mkv: 1005 frames
2026-08-28 11:32:17,171 INFO peoplein.stream: decoded loby/20260820-022241.mkv: 1005 frames
2026-08-28 11:32:17,189 INFO __main__: analysis interval completed start=2026-08-20 02:22:41 end=2026-08-20 02:26:02 frames=2010 ticks=1005 entered=7 exited=6 people_inside=1
2026-08-28 11:32:17,195 INFO __main__: summary updated end=2026-08-20 02:26:02
2026-08-28 11:32:17,195 INFO peoplein.stream: analysis interval ready start=2026-08-20 02:26:02 end=2026-08-20 02:27:39
2026-08-28 11:32:26,424 INFO peoplein.stream: decoded entrance/20260820-022602.mkv: 485 frames
2026-08-28 11:32:26,430 INFO peoplein.stream: decoded loby/20260820-022241.mkv: 485 frames
2026-08-28 11:32:26,443 INFO __main__: analysis interval completed start=2026-08-20 02:26:02 end=2026-08-20 02:27:39 frames=970 ticks=485 entered=7 exited=6 people_inside=1
2026-08-28 11:32:26,448 INFO __main__: summary updated end=2026-08-20 02:27:39
2026-08-28 11:32:26,448 WARNING peoplein.stream: archive interval skipped start=2026-08-20T02:27:39.000 end=2026-08-20T02:27:40.000 duration_seconds=1.0 reason=camera_archives_do_not_overlap
2026-08-28 11:32:26,448 INFO peoplein.stream: analysis interval ready start=2026-08-20 02:27:40 end=2026-08-20 02:31:02
2026-08-28 11:32:40,289 INFO peoplein.stream: decoded entrance/20260820-022602.mkv: 1010 frames
2026-08-28 11:32:40,293 INFO peoplein.stream: decoded loby/20260820-022740.mkv: 1010 frames
2026-08-28 11:32:40,307 INFO __main__: analysis interval completed start=2026-08-20 02:27:40 end=2026-08-20 02:31:02 frames=2020 ticks=1010 entered=7 exited=6 people_inside=1
2026-08-28 11:32:40,313 INFO __main__: summary updated end=2026-08-20 02:31:02
2026-08-28 11:32:40,313 INFO peoplein.stream: analysis interval ready start=2026-08-20 02:31:02 end=2026-08-20 02:32:40
2026-08-28 11:32:49,389 INFO peoplein.stream: decoded loby/20260820-022740.mkv: 490 frames
2026-08-28 11:32:49,394 INFO peoplein.stream: decoded entrance/20260820-023102.mkv: 490 frames
2026-08-28 11:32:49,409 INFO __main__: analysis interval completed start=2026-08-20 02:31:02 end=2026-08-20 02:32:40 frames=980 ticks=490 entered=7 exited=6 people_inside=1
2026-08-28 11:32:49,414 INFO __main__: summary updated end=2026-08-20 02:32:40
2026-08-28 11:32:49,414 INFO peoplein.stream: analysis interval ready start=2026-08-20 02:32:40 end=2026-08-20 02:36:02
2026-08-28 11:33:02,541 INFO peoplein.stream: decoded entrance/20260820-023102.mkv: 1010 frames
2026-08-28 11:33:02,541 INFO peoplein.stream: decoded loby/20260820-023240.mkv: 1010 frames
2026-08-28 11:33:02,558 INFO __main__: analysis interval completed start=2026-08-20 02:32:40 end=2026-08-20 02:36:02 frames=2020 ticks=1010 entered=7 exited=6 people_inside=1
2026-08-28 11:33:02,563 INFO __main__: summary updated end=2026-08-20 02:36:02
2026-08-28 11:33:02,563 INFO peoplein.stream: analysis interval ready start=2026-08-20 02:36:02 end=2026-08-20 02:37:40
2026-08-28 11:33:11,589 INFO peoplein.stream: decoded loby/20260820-023240.mkv: 490 frames
2026-08-28 11:33:11,589 INFO peoplein.stream: decoded entrance/20260820-023602.mkv: 490 frames
2026-08-28 11:33:11,606 INFO __main__: analysis interval completed start=2026-08-20 02:36:02 end=2026-08-20 02:37:40 frames=980 ticks=490 entered=7 exited=6 people_inside=1
2026-08-28 11:33:11,611 INFO __main__: summary updated end=2026-08-20 02:37:40
2026-08-28 11:33:11,612 WARNING peoplein.stream: archive interval skipped start=2026-08-20T02:37:40.000 end=2026-08-20T02:37:41.000 duration_seconds=1.0 reason=camera_archives_do_not_overlap
2026-08-28 11:33:11,612 INFO peoplein.stream: analysis interval ready start=2026-08-20 02:37:41 end=2026-08-20 02:41:02
2026-08-28 11:33:24,199 INFO peoplein.stream: decoded entrance/20260820-023602.mkv: 1005 frames
2026-08-28 11:33:24,199 INFO peoplein.stream: decoded loby/20260820-023741.mkv: 1005 frames
2026-08-28 11:33:24,216 INFO __main__: analysis interval completed start=2026-08-20 02:37:41 end=2026-08-20 02:41:02 frames=2010 ticks=1005 entered=7 exited=6 people_inside=1
2026-08-28 11:33:24,221 INFO __main__: summary updated end=2026-08-20 02:41:02
2026-08-28 11:33:24,221 INFO peoplein.stream: analysis interval ready start=2026-08-20 02:41:02 end=2026-08-20 02:42:41
2026-08-28 11:33:33,418 INFO peoplein.stream: decoded entrance/20260820-024102.mkv: 495 frames
2026-08-28 11:33:33,418 INFO peoplein.stream: decoded loby/20260820-023741.mkv: 495 frames
2026-08-28 11:33:33,436 INFO __main__: analysis interval completed start=2026-08-20 02:41:02 end=2026-08-20 02:42:41 frames=990 ticks=495 entered=7 exited=6 people_inside=1
2026-08-28 11:33:33,440 INFO __main__: summary updated end=2026-08-20 02:42:41
2026-08-28 11:33:33,440 INFO peoplein.stream: analysis interval ready start=2026-08-20 02:42:41 end=2026-08-20 02:46:02
2026-08-28 11:33:46,184 INFO peoplein.stream: decoded loby/20260820-024241.mkv: 1005 frames
2026-08-28 11:33:46,189 INFO peoplein.stream: decoded entrance/20260820-024102.mkv: 1005 frames
2026-08-28 11:33:46,201 INFO __main__: analysis interval completed start=2026-08-20 02:42:41 end=2026-08-20 02:46:02 frames=2010 ticks=1005 entered=7 exited=6 people_inside=1
2026-08-28 11:33:46,205 INFO __main__: summary updated end=2026-08-20 02:46:02
2026-08-28 11:33:46,205 INFO peoplein.stream: analysis interval ready start=2026-08-20 02:46:02 end=2026-08-20 02:47:39
2026-08-28 11:33:55,061 INFO peoplein.stream: decoded entrance/20260820-024602.mkv: 485 frames
2026-08-28 11:33:55,061 INFO peoplein.stream: decoded loby/20260820-024241.mkv: 485 frames
2026-08-28 11:33:55,080 INFO __main__: analysis interval completed start=2026-08-20 02:46:02 end=2026-08-20 02:47:39 frames=970 ticks=485 entered=7 exited=6 people_inside=1
2026-08-28 11:33:55,084 INFO __main__: summary updated end=2026-08-20 02:47:39
2026-08-28 11:33:55,085 WARNING peoplein.stream: archive interval skipped start=2026-08-20T02:47:39.000 end=2026-08-20T02:47:40.000 duration_seconds=1.0 reason=camera_archives_do_not_overlap
2026-08-28 11:33:55,085 INFO peoplein.stream: analysis interval ready start=2026-08-20 02:47:40 end=2026-08-20 02:51:02
2026-08-28 11:34:07,757 INFO peoplein.stream: decoded entrance/20260820-024602.mkv: 1010 frames
2026-08-28 11:34:07,757 INFO peoplein.stream: decoded loby/20260820-024740.mkv: 1010 frames
2026-08-28 11:34:07,773 INFO __main__: analysis interval completed start=2026-08-20 02:47:40 end=2026-08-20 02:51:02 frames=2020 ticks=1010 entered=7 exited=6 people_inside=1
2026-08-28 11:34:07,778 INFO __main__: summary updated end=2026-08-20 02:51:02
2026-08-28 11:34:07,778 INFO peoplein.stream: analysis interval ready start=2026-08-20 02:51:02 end=2026-08-20 02:52:40
2026-08-28 11:34:16,897 INFO peoplein.stream: decoded entrance/20260820-025102.mkv: 490 frames
2026-08-28 11:34:16,897 INFO peoplein.stream: decoded loby/20260820-024740.mkv: 490 frames
2026-08-28 11:34:16,913 INFO __main__: analysis interval completed start=2026-08-20 02:51:02 end=2026-08-20 02:52:40 frames=980 ticks=490 entered=7 exited=6 people_inside=1
2026-08-28 11:34:16,917 INFO __main__: summary updated end=2026-08-20 02:52:40
2026-08-28 11:34:16,918 INFO peoplein.stream: analysis interval ready start=2026-08-20 02:52:40 end=2026-08-20 02:56:02
2026-08-28 11:34:29,933 INFO peoplein.stream: decoded loby/20260820-025240.mkv: 1010 frames
2026-08-28 11:34:29,938 INFO peoplein.stream: decoded entrance/20260820-025102.mkv: 1010 frames
2026-08-28 11:34:29,952 INFO __main__: analysis interval completed start=2026-08-20 02:52:40 end=2026-08-20 02:56:02 frames=2020 ticks=1010 entered=7 exited=6 people_inside=1
2026-08-28 11:34:29,956 INFO __main__: summary updated end=2026-08-20 02:56:02
2026-08-28 11:34:29,957 INFO peoplein.stream: analysis interval ready start=2026-08-20 02:56:02 end=2026-08-20 02:57:40
2026-08-28 11:34:38,746 INFO peoplein.stream: decoded loby/20260820-025240.mkv: 490 frames
2026-08-28 11:34:38,747 INFO peoplein.stream: decoded entrance/20260820-025602.mkv: 490 frames
2026-08-28 11:34:38,763 INFO __main__: analysis interval completed start=2026-08-20 02:56:02 end=2026-08-20 02:57:40 frames=980 ticks=490 entered=7 exited=6 people_inside=1
2026-08-28 11:34:38,768 INFO __main__: summary updated end=2026-08-20 02:57:40
2026-08-28 11:34:38,768 WARNING peoplein.stream: archive interval skipped start=2026-08-20T02:57:40.000 end=2026-08-20T02:57:41.000 duration_seconds=1.0 reason=camera_archives_do_not_overlap
2026-08-28 11:34:38,768 INFO peoplein.stream: analysis interval ready start=2026-08-20 02:57:41 end=2026-08-20 03:01:02
2026-08-28 11:34:50,932 INFO peoplein.stream: decoded loby/20260820-025741.mkv: 1005 frames
2026-08-28 11:34:50,932 INFO peoplein.stream: decoded entrance/20260820-025602.mkv: 1005 frames
2026-08-28 11:34:50,949 INFO __main__: analysis interval completed start=2026-08-20 02:57:41 end=2026-08-20 03:01:02 frames=2010 ticks=1005 entered=7 exited=6 people_inside=1
2026-08-28 11:34:50,953 INFO __main__: summary updated end=2026-08-20 03:01:02
2026-08-28 11:34:50,953 INFO peoplein.stream: analysis interval ready start=2026-08-20 03:01:02 end=2026-08-20 03:02:41
2026-08-28 11:34:59,867 INFO peoplein.stream: decoded loby/20260820-025741.mkv: 495 frames
2026-08-28 11:34:59,867 INFO peoplein.stream: decoded entrance/20260820-030102.mkv: 495 frames
2026-08-28 11:34:59,884 INFO __main__: analysis interval completed start=2026-08-20 03:01:02 end=2026-08-20 03:02:41 frames=990 ticks=495 entered=7 exited=6 people_inside=1
2026-08-28 11:34:59,888 INFO __main__: summary updated end=2026-08-20 03:02:41
2026-08-28 11:34:59,888 INFO peoplein.stream: analysis interval ready start=2026-08-20 03:02:41 end=2026-08-20 03:06:02
2026-08-28 11:35:12,278 INFO peoplein.stream: decoded entrance/20260820-030102.mkv: 1005 frames
2026-08-28 11:35:12,278 INFO peoplein.stream: decoded loby/20260820-030241.mkv: 1005 frames
2026-08-28 11:35:12,295 INFO __main__: analysis interval completed start=2026-08-20 03:02:41 end=2026-08-20 03:06:02 frames=2010 ticks=1005 entered=7 exited=6 people_inside=1
2026-08-28 11:35:12,299 INFO __main__: summary updated end=2026-08-20 03:06:02
2026-08-28 11:35:12,299 INFO peoplein.stream: analysis interval ready start=2026-08-20 03:06:02 end=2026-08-20 03:07:39
2026-08-28 11:35:21,211 INFO peoplein.stream: decoded entrance/20260820-030602.mkv: 485 frames
2026-08-28 11:35:21,211 INFO peoplein.stream: decoded loby/20260820-030241.mkv: 485 frames
2026-08-28 11:35:21,228 INFO __main__: analysis interval completed start=2026-08-20 03:06:02 end=2026-08-20 03:07:39 frames=970 ticks=485 entered=7 exited=6 people_inside=1
2026-08-28 11:35:21,233 INFO __main__: summary updated end=2026-08-20 03:07:39
2026-08-28 11:35:21,233 WARNING peoplein.stream: archive interval skipped start=2026-08-20T03:07:39.000 end=2026-08-20T03:07:40.000 duration_seconds=1.0 reason=camera_archives_do_not_overlap
2026-08-28 11:35:21,233 INFO peoplein.stream: analysis interval ready start=2026-08-20 03:07:40 end=2026-08-20 03:11:02
2026-08-28 11:35:35,177 INFO peoplein.stream: decoded entrance/20260820-030602.mkv: 1010 frames
2026-08-28 11:35:35,177 INFO peoplein.stream: decoded loby/20260820-030740.mkv: 1010 frames
2026-08-28 11:35:35,195 INFO __main__: analysis interval completed start=2026-08-20 03:07:40 end=2026-08-20 03:11:02 frames=2020 ticks=1010 entered=7 exited=6 people_inside=1
2026-08-28 11:35:35,200 INFO __main__: summary updated end=2026-08-20 03:11:02
2026-08-28 11:35:35,200 INFO peoplein.stream: analysis interval ready start=2026-08-20 03:11:02 end=2026-08-20 03:12:40
2026-08-28 11:35:44,569 INFO peoplein.stream: decoded entrance/20260820-031102.mkv: 490 frames
2026-08-28 11:35:44,574 INFO peoplein.stream: decoded loby/20260820-030740.mkv: 490 frames
2026-08-28 11:35:44,588 INFO __main__: analysis interval completed start=2026-08-20 03:11:02 end=2026-08-20 03:12:40 frames=980 ticks=490 entered=7 exited=6 people_inside=1
2026-08-28 11:35:44,593 INFO __main__: summary updated end=2026-08-20 03:12:40
2026-08-28 11:35:44,593 INFO peoplein.stream: analysis interval ready start=2026-08-20 03:12:40 end=2026-08-20 03:16:02
2026-08-28 11:35:57,770 INFO peoplein.stream: decoded loby/20260820-031240.mkv: 1010 frames
2026-08-28 11:35:57,770 INFO peoplein.stream: decoded entrance/20260820-031102.mkv: 1010 frames
2026-08-28 11:35:57,787 INFO __main__: analysis interval completed start=2026-08-20 03:12:40 end=2026-08-20 03:16:02 frames=2020 ticks=1010 entered=7 exited=6 people_inside=1
2026-08-28 11:35:57,792 INFO __main__: summary updated end=2026-08-20 03:16:02
2026-08-28 11:35:57,792 INFO peoplein.stream: analysis interval ready start=2026-08-20 03:16:02 end=2026-08-20 03:17:40
2026-08-28 11:36:06,812 INFO peoplein.stream: decoded loby/20260820-031240.mkv: 490 frames
2026-08-28 11:36:06,815 INFO peoplein.stream: decoded entrance/20260820-031602.mkv: 490 frames
2026-08-28 11:36:06,829 INFO __main__: analysis interval completed start=2026-08-20 03:16:02 end=2026-08-20 03:17:40 frames=980 ticks=490 entered=7 exited=6 people_inside=1
2026-08-28 11:36:06,834 INFO __main__: summary updated end=2026-08-20 03:17:40
2026-08-28 11:36:06,834 WARNING peoplein.stream: archive interval skipped start=2026-08-20T03:17:40.000 end=2026-08-20T03:17:41.000 duration_seconds=1.0 reason=camera_archives_do_not_overlap
2026-08-28 11:36:06,834 INFO peoplein.stream: analysis interval ready start=2026-08-20 03:17:41 end=2026-08-20 03:21:02
2026-08-28 11:36:19,144 INFO peoplein.stream: decoded loby/20260820-031741.mkv: 1005 frames
2026-08-28 11:36:19,147 INFO peoplein.stream: decoded entrance/20260820-031602.mkv: 1005 frames
2026-08-28 11:36:19,161 INFO __main__: analysis interval completed start=2026-08-20 03:17:41 end=2026-08-20 03:21:02 frames=2010 ticks=1005 entered=7 exited=6 people_inside=1
2026-08-28 11:36:19,166 INFO __main__: summary updated end=2026-08-20 03:21:02
2026-08-28 11:36:19,166 INFO peoplein.stream: analysis interval ready start=2026-08-20 03:21:02 end=2026-08-20 03:22:39
2026-08-28 11:36:28,338 INFO peoplein.stream: decoded entrance/20260820-032102.mkv: 485 frames
2026-08-28 11:36:28,342 INFO peoplein.stream: decoded loby/20260820-031741.mkv: 485 frames
2026-08-28 11:36:28,356 INFO __main__: analysis interval completed start=2026-08-20 03:21:02 end=2026-08-20 03:22:39 frames=970 ticks=485 entered=7 exited=6 people_inside=1
2026-08-28 11:36:28,361 INFO __main__: summary updated end=2026-08-20 03:22:39
2026-08-28 11:36:28,362 INFO peoplein.stream: analysis interval ready start=2026-08-20 03:22:39 end=2026-08-20 03:26:02
2026-08-28 11:36:41,835 INFO peoplein.stream: decoded loby/20260820-032239.mkv: 1015 frames
2026-08-28 11:36:41,838 INFO peoplein.stream: decoded entrance/20260820-032102.mkv: 1015 frames
2026-08-28 11:36:41,854 INFO __main__: analysis interval completed start=2026-08-20 03:22:39 end=2026-08-20 03:26:02 frames=2030 ticks=1015 entered=7 exited=6 people_inside=1
2026-08-28 11:36:41,859 INFO __main__: summary updated end=2026-08-20 03:26:02
2026-08-28 11:36:41,859 INFO peoplein.stream: analysis interval ready start=2026-08-20 03:26:02 end=2026-08-20 03:27:39
2026-08-28 11:36:50,973 INFO peoplein.stream: decoded entrance/20260820-032602.mkv: 485 frames
2026-08-28 11:36:50,974 INFO peoplein.stream: decoded loby/20260820-032239.mkv: 485 frames
2026-08-28 11:36:50,990 INFO __main__: analysis interval completed start=2026-08-20 03:26:02 end=2026-08-20 03:27:39 frames=970 ticks=485 entered=7 exited=6 people_inside=1
2026-08-28 11:36:50,995 INFO __main__: summary updated end=2026-08-20 03:27:39
2026-08-28 11:36:50,995 WARNING peoplein.stream: archive interval skipped start=2026-08-20T03:27:39.000 end=2026-08-20T03:27:40.000 duration_seconds=1.0 reason=camera_archives_do_not_overlap
2026-08-28 11:36:50,995 INFO peoplein.stream: analysis interval ready start=2026-08-20 03:27:40 end=2026-08-20 03:31:02
2026-08-28 11:37:04,586 INFO peoplein.stream: decoded loby/20260820-032740.mkv: 1010 frames
2026-08-28 11:37:04,587 INFO peoplein.stream: decoded entrance/20260820-032602.mkv: 1010 frames
2026-08-28 11:37:04,604 INFO __main__: analysis interval completed start=2026-08-20 03:27:40 end=2026-08-20 03:31:02 frames=2020 ticks=1010 entered=7 exited=6 people_inside=1
2026-08-28 11:37:04,609 INFO __main__: summary updated end=2026-08-20 03:31:02
2026-08-28 11:37:04,609 INFO peoplein.stream: analysis interval ready start=2026-08-20 03:31:02 end=2026-08-20 03:32:40
2026-08-28 11:37:14,152 INFO peoplein.stream: decoded loby/20260820-032740.mkv: 490 frames
2026-08-28 11:37:14,157 INFO peoplein.stream: decoded entrance/20260820-033102.mkv: 490 frames
2026-08-28 11:37:14,171 INFO __main__: analysis interval completed start=2026-08-20 03:31:02 end=2026-08-20 03:32:40 frames=980 ticks=490 entered=7 exited=6 people_inside=1
2026-08-28 11:37:14,176 INFO __main__: summary updated end=2026-08-20 03:32:40
2026-08-28 11:37:14,176 INFO peoplein.stream: analysis interval ready start=2026-08-20 03:32:40 end=2026-08-20 03:36:02
2026-08-28 11:37:27,233 INFO peoplein.stream: decoded loby/20260820-033240.mkv: 1010 frames
2026-08-28 11:37:27,237 INFO peoplein.stream: decoded entrance/20260820-033102.mkv: 1010 frames
2026-08-28 11:37:27,252 INFO __main__: analysis interval completed start=2026-08-20 03:32:40 end=2026-08-20 03:36:02 frames=2020 ticks=1010 entered=7 exited=6 people_inside=1
2026-08-28 11:37:27,257 INFO __main__: summary updated end=2026-08-20 03:36:02
2026-08-28 11:37:27,257 INFO peoplein.stream: analysis interval ready start=2026-08-20 03:36:02 end=2026-08-20 03:37:40
2026-08-28 11:37:36,400 INFO peoplein.stream: decoded entrance/20260820-033602.mkv: 490 frames
2026-08-28 11:37:36,400 INFO peoplein.stream: decoded loby/20260820-033240.mkv: 490 frames
2026-08-28 11:37:36,418 INFO __main__: analysis interval completed start=2026-08-20 03:36:02 end=2026-08-20 03:37:40 frames=980 ticks=490 entered=7 exited=6 people_inside=1
2026-08-28 11:37:36,423 INFO __main__: summary updated end=2026-08-20 03:37:40
2026-08-28 11:37:36,423 WARNING peoplein.stream: archive interval skipped start=2026-08-20T03:37:40.000 end=2026-08-20T03:37:41.000 duration_seconds=1.0 reason=camera_archives_do_not_overlap
2026-08-28 11:37:36,423 INFO peoplein.stream: analysis interval ready start=2026-08-20 03:37:41 end=2026-08-20 03:41:02
2026-08-28 11:37:49,367 INFO peoplein.stream: decoded entrance/20260820-033602.mkv: 1005 frames
2026-08-28 11:37:49,367 INFO peoplein.stream: decoded loby/20260820-033741.mkv: 1005 frames
2026-08-28 11:37:49,384 INFO __main__: analysis interval completed start=2026-08-20 03:37:41 end=2026-08-20 03:41:02 frames=2010 ticks=1005 entered=7 exited=6 people_inside=1
2026-08-28 11:37:49,389 INFO __main__: summary updated end=2026-08-20 03:41:02
2026-08-28 11:37:49,389 INFO peoplein.stream: analysis interval ready start=2026-08-20 03:41:02 end=2026-08-20 03:42:39
2026-08-28 11:37:58,410 INFO peoplein.stream: decoded loby/20260820-033741.mkv: 485 frames
2026-08-28 11:37:58,412 INFO peoplein.stream: decoded entrance/20260820-034102.mkv: 485 frames
2026-08-28 11:37:58,427 INFO __main__: analysis interval completed start=2026-08-20 03:41:02 end=2026-08-20 03:42:39 frames=970 ticks=485 entered=7 exited=6 people_inside=1
2026-08-28 11:37:58,432 INFO __main__: summary updated end=2026-08-20 03:42:39
2026-08-28 11:37:58,433 INFO peoplein.stream: analysis interval ready start=2026-08-20 03:42:39 end=2026-08-20 03:46:02
2026-08-28 11:38:11,551 INFO peoplein.stream: decoded entrance/20260820-034102.mkv: 1015 frames
2026-08-28 11:38:11,551 INFO peoplein.stream: decoded loby/20260820-034239.mkv: 1015 frames
2026-08-28 11:38:11,568 INFO __main__: analysis interval completed start=2026-08-20 03:42:39 end=2026-08-20 03:46:02 frames=2030 ticks=1015 entered=7 exited=6 people_inside=1
2026-08-28 11:38:11,573 INFO __main__: summary updated end=2026-08-20 03:46:02
2026-08-28 11:38:11,573 INFO peoplein.stream: analysis interval ready start=2026-08-20 03:46:02 end=2026-08-20 03:47:39
2026-08-28 11:38:20,546 INFO peoplein.stream: decoded entrance/20260820-034602.mkv: 485 frames
2026-08-28 11:38:20,546 INFO peoplein.stream: decoded loby/20260820-034239.mkv: 485 frames
2026-08-28 11:38:20,565 INFO __main__: analysis interval completed start=2026-08-20 03:46:02 end=2026-08-20 03:47:39 frames=970 ticks=485 entered=7 exited=6 people_inside=1
2026-08-28 11:38:20,569 INFO __main__: summary updated end=2026-08-20 03:47:39
2026-08-28 11:38:20,570 WARNING peoplein.stream: archive interval skipped start=2026-08-20T03:47:39.000 end=2026-08-20T03:47:40.000 duration_seconds=1.0 reason=camera_archives_do_not_overlap
2026-08-28 11:38:20,570 INFO peoplein.stream: analysis interval ready start=2026-08-20 03:47:40 end=2026-08-20 03:51:02
2026-08-28 11:38:33,096 INFO peoplein.stream: decoded loby/20260820-034740.mkv: 1010 frames
2026-08-28 11:38:33,096 INFO peoplein.stream: decoded entrance/20260820-034602.mkv: 1010 frames
2026-08-28 11:38:33,113 INFO __main__: analysis interval completed start=2026-08-20 03:47:40 end=2026-08-20 03:51:02 frames=2020 ticks=1010 entered=7 exited=6 people_inside=1
2026-08-28 11:38:33,118 INFO __main__: summary updated end=2026-08-20 03:51:02
2026-08-28 11:38:33,118 INFO peoplein.stream: analysis interval ready start=2026-08-20 03:51:02 end=2026-08-20 03:52:40
2026-08-28 11:38:42,410 INFO peoplein.stream: decoded entrance/20260820-035102.mkv: 490 frames
2026-08-28 11:38:42,410 INFO peoplein.stream: decoded loby/20260820-034740.mkv: 490 frames
2026-08-28 11:38:42,427 INFO __main__: analysis interval completed start=2026-08-20 03:51:02 end=2026-08-20 03:52:40 frames=980 ticks=490 entered=7 exited=6 people_inside=1
2026-08-28 11:38:42,432 INFO __main__: summary updated end=2026-08-20 03:52:40
2026-08-28 11:38:42,433 INFO peoplein.stream: analysis interval ready start=2026-08-20 03:52:40 end=2026-08-20 03:56:02
2026-08-28 11:38:54,921 INFO peoplein.stream: decoded loby/20260820-035240.mkv: 1010 frames
2026-08-28 11:38:54,925 INFO peoplein.stream: decoded entrance/20260820-035102.mkv: 1010 frames
2026-08-28 11:38:54,940 INFO __main__: analysis interval completed start=2026-08-20 03:52:40 end=2026-08-20 03:56:02 frames=2020 ticks=1010 entered=7 exited=6 people_inside=1
2026-08-28 11:38:54,944 INFO __main__: summary updated end=2026-08-20 03:56:02
2026-08-28 11:38:54,944 INFO peoplein.stream: analysis interval ready start=2026-08-20 03:56:02 end=2026-08-20 03:57:40
2026-08-28 11:39:03,927 INFO peoplein.stream: decoded loby/20260820-035240.mkv: 490 frames
2026-08-28 11:39:03,927 INFO peoplein.stream: decoded entrance/20260820-035602.mkv: 490 frames
2026-08-28 11:39:03,944 INFO __main__: analysis interval completed start=2026-08-20 03:56:02 end=2026-08-20 03:57:40 frames=980 ticks=490 entered=7 exited=6 people_inside=1
2026-08-28 11:39:03,949 INFO __main__: summary updated end=2026-08-20 03:57:40
2026-08-28 11:39:03,949 WARNING peoplein.stream: archive interval skipped start=2026-08-20T03:57:40.000 end=2026-08-20T03:57:41.000 duration_seconds=1.0 reason=camera_archives_do_not_overlap
2026-08-28 11:39:03,949 INFO peoplein.stream: analysis interval ready start=2026-08-20 03:57:41 end=2026-08-20 04:01:02
2026-08-28 11:39:16,562 INFO peoplein.stream: decoded loby/20260820-035741.mkv: 1005 frames
2026-08-28 11:39:16,566 INFO peoplein.stream: decoded entrance/20260820-035602.mkv: 1005 frames
2026-08-28 11:39:16,579 INFO __main__: analysis interval completed start=2026-08-20 03:57:41 end=2026-08-20 04:01:02 frames=2010 ticks=1005 entered=7 exited=6 people_inside=1
2026-08-28 11:39:16,584 INFO __main__: summary updated end=2026-08-20 04:01:02
2026-08-28 11:39:16,584 INFO peoplein.stream: analysis interval ready start=2026-08-20 04:01:02 end=2026-08-20 04:02:39
2026-08-28 11:39:25,560 INFO peoplein.stream: decoded loby/20260820-035741.mkv: 485 frames
2026-08-28 11:39:25,564 INFO peoplein.stream: decoded entrance/20260820-040102.mkv: 485 frames
2026-08-28 11:39:25,577 INFO __main__: analysis interval completed start=2026-08-20 04:01:02 end=2026-08-20 04:02:39 frames=970 ticks=485 entered=7 exited=6 people_inside=1
2026-08-28 11:39:25,582 INFO __main__: summary updated end=2026-08-20 04:02:39
2026-08-28 11:39:25,583 INFO peoplein.stream: analysis interval ready start=2026-08-20 04:02:39 end=2026-08-20 04:06:02
2026-08-28 11:39:38,361 INFO peoplein.stream: decoded loby/20260820-040239.mkv: 1015 frames
2026-08-28 11:39:38,362 INFO peoplein.stream: decoded entrance/20260820-040102.mkv: 1015 frames
2026-08-28 11:39:38,376 INFO __main__: analysis interval completed start=2026-08-20 04:02:39 end=2026-08-20 04:06:02 frames=2030 ticks=1015 entered=7 exited=6 people_inside=1
2026-08-28 11:39:38,381 INFO __main__: summary updated end=2026-08-20 04:06:02
2026-08-28 11:39:38,381 INFO peoplein.stream: analysis interval ready start=2026-08-20 04:06:02 end=2026-08-20 04:07:39
2026-08-28 11:39:47,794 INFO peoplein.stream: decoded entrance/20260820-040602.mkv: 485 frames
2026-08-28 11:39:47,794 INFO peoplein.stream: decoded loby/20260820-040239.mkv: 485 frames
2026-08-28 11:39:47,811 INFO __main__: analysis interval completed start=2026-08-20 04:06:02 end=2026-08-20 04:07:39 frames=970 ticks=485 entered=7 exited=6 people_inside=1
2026-08-28 11:39:47,817 INFO __main__: summary updated end=2026-08-20 04:07:39
2026-08-28 11:39:47,817 WARNING peoplein.stream: archive interval skipped start=2026-08-20T04:07:39.000 end=2026-08-20T04:07:40.000 duration_seconds=1.0 reason=camera_archives_do_not_overlap
2026-08-28 11:39:47,817 INFO peoplein.stream: analysis interval ready start=2026-08-20 04:07:40 end=2026-08-20 04:11:02
2026-08-28 11:40:01,343 INFO peoplein.stream: decoded loby/20260820-040740.mkv: 1010 frames
2026-08-28 11:40:01,343 INFO peoplein.stream: decoded entrance/20260820-040602.mkv: 1010 frames
2026-08-28 11:40:01,363 INFO __main__: analysis interval completed start=2026-08-20 04:07:40 end=2026-08-20 04:11:02 frames=2020 ticks=1010 entered=7 exited=6 people_inside=1
2026-08-28 11:40:01,369 INFO __main__: summary updated end=2026-08-20 04:11:02
2026-08-28 11:40:01,369 INFO peoplein.stream: analysis interval ready start=2026-08-20 04:11:02 end=2026-08-20 04:12:40
2026-08-28 11:40:10,699 INFO peoplein.stream: decoded entrance/20260820-041102.mkv: 490 frames
2026-08-28 11:40:10,699 INFO peoplein.stream: decoded loby/20260820-040740.mkv: 490 frames
2026-08-28 11:40:10,714 INFO __main__: analysis interval completed start=2026-08-20 04:11:02 end=2026-08-20 04:12:40 frames=980 ticks=490 entered=7 exited=6 people_inside=1
2026-08-28 11:40:10,719 INFO __main__: summary updated end=2026-08-20 04:12:40
2026-08-28 11:40:10,719 INFO peoplein.stream: analysis interval ready start=2026-08-20 04:12:40 end=2026-08-20 04:16:02
2026-08-28 11:40:23,760 INFO peoplein.stream: decoded loby/20260820-041240.mkv: 1010 frames
2026-08-28 11:40:23,762 INFO peoplein.stream: decoded entrance/20260820-041102.mkv: 1010 frames
2026-08-28 11:40:23,776 INFO __main__: analysis interval completed start=2026-08-20 04:12:40 end=2026-08-20 04:16:02 frames=2020 ticks=1010 entered=7 exited=6 people_inside=1
2026-08-28 11:40:23,782 INFO __main__: summary updated end=2026-08-20 04:16:02
2026-08-28 11:40:23,782 INFO peoplein.stream: analysis interval ready start=2026-08-20 04:16:02 end=2026-08-20 04:17:40
2026-08-28 11:40:32,689 INFO peoplein.stream: decoded entrance/20260820-041602.mkv: 490 frames
2026-08-28 11:40:32,689 INFO peoplein.stream: decoded loby/20260820-041240.mkv: 490 frames
2026-08-28 11:40:32,705 INFO __main__: analysis interval completed start=2026-08-20 04:16:02 end=2026-08-20 04:17:40 frames=980 ticks=490 entered=7 exited=6 people_inside=1
2026-08-28 11:40:32,709 INFO __main__: summary updated end=2026-08-20 04:17:40
2026-08-28 11:40:32,709 WARNING peoplein.stream: archive interval skipped start=2026-08-20T04:17:40.000 end=2026-08-20T04:17:41.000 duration_seconds=1.0 reason=camera_archives_do_not_overlap
2026-08-28 11:40:32,710 INFO peoplein.stream: analysis interval ready start=2026-08-20 04:17:41 end=2026-08-20 04:21:02
2026-08-28 11:40:44,946 INFO peoplein.stream: decoded entrance/20260820-041602.mkv: 1005 frames
2026-08-28 11:40:44,946 INFO peoplein.stream: decoded loby/20260820-041741.mkv: 1005 frames
2026-08-28 11:40:44,961 INFO __main__: analysis interval completed start=2026-08-20 04:17:41 end=2026-08-20 04:21:02 frames=2010 ticks=1005 entered=7 exited=6 people_inside=1
2026-08-28 11:40:44,966 INFO __main__: summary updated end=2026-08-20 04:21:02
2026-08-28 11:40:44,966 INFO peoplein.stream: analysis interval ready start=2026-08-20 04:21:02 end=2026-08-20 04:22:39
2026-08-28 11:40:54,452 INFO peoplein.stream: decoded entrance/20260820-042102.mkv: 485 frames
2026-08-28 11:40:54,452 INFO peoplein.stream: decoded loby/20260820-041741.mkv: 485 frames
2026-08-28 11:40:54,471 INFO __main__: analysis interval completed start=2026-08-20 04:21:02 end=2026-08-20 04:22:39 frames=970 ticks=485 entered=7 exited=6 people_inside=1
2026-08-28 11:40:54,476 INFO __main__: summary updated end=2026-08-20 04:22:39
2026-08-28 11:40:54,476 INFO peoplein.stream: analysis interval ready start=2026-08-20 04:22:39 end=2026-08-20 04:26:02
2026-08-28 11:41:07,341 INFO peoplein.stream: decoded loby/20260820-042239.mkv: 1015 frames
2026-08-28 11:41:07,341 INFO peoplein.stream: decoded entrance/20260820-042102.mkv: 1015 frames
2026-08-28 11:41:07,357 INFO __main__: analysis interval completed start=2026-08-20 04:22:39 end=2026-08-20 04:26:02 frames=2030 ticks=1015 entered=7 exited=6 people_inside=1
2026-08-28 11:41:07,362 INFO __main__: summary updated end=2026-08-20 04:26:02
2026-08-28 11:41:07,362 INFO peoplein.stream: analysis interval ready start=2026-08-20 04:26:02 end=2026-08-20 04:27:39
2026-08-28 11:41:16,304 INFO peoplein.stream: decoded loby/20260820-042239.mkv: 485 frames
2026-08-28 11:41:16,304 INFO peoplein.stream: decoded entrance/20260820-042602.mkv: 485 frames
2026-08-28 11:41:16,321 INFO __main__: analysis interval completed start=2026-08-20 04:26:02 end=2026-08-20 04:27:39 frames=970 ticks=485 entered=7 exited=6 people_inside=1
2026-08-28 11:41:16,326 INFO __main__: summary updated end=2026-08-20 04:27:39
2026-08-28 11:41:16,326 WARNING peoplein.stream: archive interval skipped start=2026-08-20T04:27:39.000 end=2026-08-20T04:27:40.000 duration_seconds=1.0 reason=camera_archives_do_not_overlap
2026-08-28 11:41:16,326 INFO peoplein.stream: analysis interval ready start=2026-08-20 04:27:40 end=2026-08-20 04:31:02
2026-08-28 11:41:29,122 INFO peoplein.stream: decoded loby/20260820-042740.mkv: 1010 frames
2026-08-28 11:41:29,122 INFO peoplein.stream: decoded entrance/20260820-042602.mkv: 1010 frames
2026-08-28 11:41:29,139 INFO __main__: analysis interval completed start=2026-08-20 04:27:40 end=2026-08-20 04:31:02 frames=2020 ticks=1010 entered=7 exited=6 people_inside=1
2026-08-28 11:41:29,143 INFO __main__: summary updated end=2026-08-20 04:31:02
2026-08-28 11:41:29,144 INFO peoplein.stream: analysis interval ready start=2026-08-20 04:31:02 end=2026-08-20 04:32:40
2026-08-28 11:41:38,424 INFO peoplein.stream: decoded loby/20260820-042740.mkv: 490 frames
2026-08-28 11:41:38,427 INFO peoplein.stream: decoded entrance/20260820-043102.mkv: 490 frames
2026-08-28 11:41:38,442 INFO __main__: analysis interval completed start=2026-08-20 04:31:02 end=2026-08-20 04:32:40 frames=980 ticks=490 entered=7 exited=6 people_inside=1
2026-08-28 11:41:38,447 INFO __main__: summary updated end=2026-08-20 04:32:40
2026-08-28 11:41:38,447 INFO peoplein.stream: analysis interval ready start=2026-08-20 04:32:40 end=2026-08-20 04:36:02
2026-08-28 11:41:51,523 INFO peoplein.stream: decoded loby/20260820-043240.mkv: 1010 frames
2026-08-28 11:41:51,527 INFO peoplein.stream: decoded entrance/20260820-043102.mkv: 1010 frames
2026-08-28 11:41:51,541 INFO __main__: analysis interval completed start=2026-08-20 04:32:40 end=2026-08-20 04:36:02 frames=2020 ticks=1010 entered=7 exited=6 people_inside=1
2026-08-28 11:41:51,546 INFO __main__: summary updated end=2026-08-20 04:36:02
2026-08-28 11:41:51,547 INFO peoplein.stream: analysis interval ready start=2026-08-20 04:36:02 end=2026-08-20 04:37:40
2026-08-28 11:42:00,720 INFO peoplein.stream: decoded loby/20260820-043240.mkv: 490 frames
2026-08-28 11:42:00,722 INFO peoplein.stream: decoded entrance/20260820-043602.mkv: 490 frames
2026-08-28 11:42:00,738 INFO __main__: analysis interval completed start=2026-08-20 04:36:02 end=2026-08-20 04:37:40 frames=980 ticks=490 entered=7 exited=6 people_inside=1
2026-08-28 11:42:00,742 INFO __main__: summary updated end=2026-08-20 04:37:40
2026-08-28 11:42:00,742 WARNING peoplein.stream: archive interval skipped start=2026-08-20T04:37:40.000 end=2026-08-20T04:37:41.000 duration_seconds=1.0 reason=camera_archives_do_not_overlap
2026-08-28 11:42:00,743 INFO peoplein.stream: analysis interval ready start=2026-08-20 04:37:41 end=2026-08-20 04:41:02
2026-08-28 11:42:14,101 INFO peoplein.stream: decoded entrance/20260820-043602.mkv: 1005 frames
2026-08-28 11:42:14,103 INFO peoplein.stream: decoded loby/20260820-043741.mkv: 1005 frames
2026-08-28 11:42:14,119 INFO __main__: analysis interval completed start=2026-08-20 04:37:41 end=2026-08-20 04:41:02 frames=2010 ticks=1005 entered=7 exited=6 people_inside=1
2026-08-28 11:42:14,123 INFO __main__: summary updated end=2026-08-20 04:41:02
2026-08-28 11:42:14,123 INFO peoplein.stream: analysis interval ready start=2026-08-20 04:41:02 end=2026-08-20 04:42:39
2026-08-28 11:42:23,388 INFO peoplein.stream: decoded loby/20260820-043741.mkv: 485 frames
2026-08-28 11:42:23,388 INFO peoplein.stream: decoded entrance/20260820-044102.mkv: 485 frames
2026-08-28 11:42:23,405 INFO __main__: analysis interval completed start=2026-08-20 04:41:02 end=2026-08-20 04:42:39 frames=970 ticks=485 entered=7 exited=6 people_inside=1
2026-08-28 11:42:23,410 INFO __main__: summary updated end=2026-08-20 04:42:39
2026-08-28 11:42:23,410 INFO peoplein.stream: analysis interval ready start=2026-08-20 04:42:39 end=2026-08-20 04:46:02
2026-08-28 11:42:36,457 INFO peoplein.stream: decoded entrance/20260820-044102.mkv: 1015 frames
2026-08-28 11:42:36,457 INFO peoplein.stream: decoded loby/20260820-044239.mkv: 1015 frames
2026-08-28 11:42:36,473 INFO __main__: analysis interval completed start=2026-08-20 04:42:39 end=2026-08-20 04:46:02 frames=2030 ticks=1015 entered=7 exited=6 people_inside=1
2026-08-28 11:42:36,478 INFO __main__: summary updated end=2026-08-20 04:46:02
2026-08-28 11:42:36,478 INFO peoplein.stream: analysis interval ready start=2026-08-20 04:46:02 end=2026-08-20 04:47:39
2026-08-28 11:42:45,329 INFO peoplein.stream: decoded loby/20260820-044239.mkv: 485 frames
2026-08-28 11:42:45,332 INFO peoplein.stream: decoded entrance/20260820-044602.mkv: 485 frames
2026-08-28 11:42:45,348 INFO __main__: analysis interval completed start=2026-08-20 04:46:02 end=2026-08-20 04:47:39 frames=970 ticks=485 entered=7 exited=6 people_inside=1
2026-08-28 11:42:45,352 INFO __main__: summary updated end=2026-08-20 04:47:39
2026-08-28 11:42:45,352 WARNING peoplein.stream: archive interval skipped start=2026-08-20T04:47:39.000 end=2026-08-20T04:47:40.000 duration_seconds=1.0 reason=camera_archives_do_not_overlap
2026-08-28 11:42:45,353 INFO peoplein.stream: analysis interval ready start=2026-08-20 04:47:40 end=2026-08-20 04:51:02
2026-08-28 11:42:58,100 INFO peoplein.stream: decoded loby/20260820-044740.mkv: 1010 frames
2026-08-28 11:42:58,105 INFO peoplein.stream: decoded entrance/20260820-044602.mkv: 1010 frames
2026-08-28 11:42:58,119 INFO __main__: analysis interval completed start=2026-08-20 04:47:40 end=2026-08-20 04:51:02 frames=2020 ticks=1010 entered=7 exited=6 people_inside=1
2026-08-28 11:42:58,124 INFO __main__: summary updated end=2026-08-20 04:51:02
2026-08-28 11:42:58,124 INFO peoplein.stream: analysis interval ready start=2026-08-20 04:51:02 end=2026-08-20 04:52:40
2026-08-28 11:43:07,146 INFO peoplein.stream: decoded entrance/20260820-045102.mkv: 490 frames
2026-08-28 11:43:07,146 INFO peoplein.stream: decoded loby/20260820-044740.mkv: 490 frames
2026-08-28 11:43:07,164 INFO __main__: analysis interval completed start=2026-08-20 04:51:02 end=2026-08-20 04:52:40 frames=980 ticks=490 entered=7 exited=6 people_inside=1
2026-08-28 11:43:07,168 INFO __main__: summary updated end=2026-08-20 04:52:40
2026-08-28 11:43:07,169 INFO peoplein.stream: analysis interval ready start=2026-08-20 04:52:40 end=2026-08-20 04:56:02
2026-08-28 11:43:20,010 INFO peoplein.stream: decoded loby/20260820-045240.mkv: 1010 frames
2026-08-28 11:43:20,013 INFO peoplein.stream: decoded entrance/20260820-045102.mkv: 1010 frames
2026-08-28 11:43:20,028 INFO __main__: analysis interval completed start=2026-08-20 04:52:40 end=2026-08-20 04:56:02 frames=2020 ticks=1010 entered=7 exited=6 people_inside=1
2026-08-28 11:43:20,033 INFO __main__: summary updated end=2026-08-20 04:56:02
2026-08-28 11:43:20,033 INFO peoplein.stream: analysis interval ready start=2026-08-20 04:56:02 end=2026-08-20 04:57:40
2026-08-28 11:43:29,082 INFO peoplein.stream: decoded loby/20260820-045240.mkv: 490 frames
2026-08-28 11:43:29,084 INFO peoplein.stream: decoded entrance/20260820-045602.mkv: 490 frames
2026-08-28 11:43:29,099 INFO __main__: analysis interval completed start=2026-08-20 04:56:02 end=2026-08-20 04:57:40 frames=980 ticks=490 entered=7 exited=6 people_inside=1
2026-08-28 11:43:29,104 INFO __main__: summary updated end=2026-08-20 04:57:40
2026-08-28 11:43:29,104 WARNING peoplein.stream: archive interval skipped start=2026-08-20T04:57:40.000 end=2026-08-20T04:57:41.000 duration_seconds=1.0 reason=camera_archives_do_not_overlap
2026-08-28 11:43:29,105 INFO peoplein.stream: analysis interval ready start=2026-08-20 04:57:41 end=2026-08-20 05:01:02
2026-08-28 11:43:42,171 INFO peoplein.stream: decoded entrance/20260820-045602.mkv: 1005 frames
2026-08-28 11:43:42,171 INFO peoplein.stream: decoded loby/20260820-045741.mkv: 1005 frames
2026-08-28 11:43:42,188 INFO __main__: analysis interval completed start=2026-08-20 04:57:41 end=2026-08-20 05:01:02 frames=2010 ticks=1005 entered=7 exited=6 people_inside=1
2026-08-28 11:43:42,192 INFO __main__: summary updated end=2026-08-20 05:01:02
2026-08-28 11:43:42,192 INFO peoplein.stream: analysis interval ready start=2026-08-20 05:01:02 end=2026-08-20 05:02:39
2026-08-28 11:43:51,031 INFO peoplein.stream: decoded entrance/20260820-050102.mkv: 485 frames
2026-08-28 11:43:51,034 INFO peoplein.stream: decoded loby/20260820-045741.mkv: 485 frames
2026-08-28 11:43:51,050 INFO __main__: analysis interval completed start=2026-08-20 05:01:02 end=2026-08-20 05:02:39 frames=970 ticks=485 entered=7 exited=6 people_inside=1
2026-08-28 11:43:51,055 INFO __main__: summary updated end=2026-08-20 05:02:39
2026-08-28 11:43:51,055 INFO peoplein.stream: analysis interval ready start=2026-08-20 05:02:39 end=2026-08-20 05:06:02
2026-08-28 11:44:04,043 INFO peoplein.stream: decoded entrance/20260820-050102.mkv: 1015 frames
2026-08-28 11:44:04,043 INFO peoplein.stream: decoded loby/20260820-050239.mkv: 1015 frames
2026-08-28 11:44:04,060 INFO __main__: analysis interval completed start=2026-08-20 05:02:39 end=2026-08-20 05:06:02 frames=2030 ticks=1015 entered=7 exited=6 people_inside=1
2026-08-28 11:44:04,065 INFO __main__: summary updated end=2026-08-20 05:06:02
2026-08-28 11:44:04,065 INFO peoplein.stream: analysis interval ready start=2026-08-20 05:06:02 end=2026-08-20 05:07:39
2026-08-28 11:44:13,330 INFO peoplein.stream: decoded entrance/20260820-050602.mkv: 485 frames
2026-08-28 11:44:13,331 INFO peoplein.stream: decoded loby/20260820-050239.mkv: 485 frames
2026-08-28 11:44:13,347 INFO __main__: analysis interval completed start=2026-08-20 05:06:02 end=2026-08-20 05:07:39 frames=970 ticks=485 entered=7 exited=6 people_inside=1
2026-08-28 11:44:13,352 INFO __main__: summary updated end=2026-08-20 05:07:39
2026-08-28 11:44:13,352 WARNING peoplein.stream: archive interval skipped start=2026-08-20T05:07:39.000 end=2026-08-20T05:07:40.000 duration_seconds=1.0 reason=camera_archives_do_not_overlap
2026-08-28 11:44:13,352 INFO peoplein.stream: analysis interval ready start=2026-08-20 05:07:40 end=2026-08-20 05:11:02
2026-08-28 11:44:26,643 INFO peoplein.stream: decoded entrance/20260820-050602.mkv: 1010 frames
2026-08-28 11:44:26,643 INFO peoplein.stream: decoded loby/20260820-050740.mkv: 1010 frames
2026-08-28 11:44:26,663 INFO __main__: analysis interval completed start=2026-08-20 05:07:40 end=2026-08-20 05:11:02 frames=2020 ticks=1010 entered=7 exited=6 people_inside=1
2026-08-28 11:44:26,668 INFO __main__: summary updated end=2026-08-20 05:11:02
2026-08-28 11:44:26,668 INFO peoplein.stream: analysis interval ready start=2026-08-20 05:11:02 end=2026-08-20 05:12:40
2026-08-28 11:44:35,893 INFO peoplein.stream: decoded entrance/20260820-051102.mkv: 490 frames
2026-08-28 11:44:35,893 INFO peoplein.stream: decoded loby/20260820-050740.mkv: 490 frames
2026-08-28 11:44:35,911 INFO __main__: analysis interval completed start=2026-08-20 05:11:02 end=2026-08-20 05:12:40 frames=980 ticks=490 entered=7 exited=6 people_inside=1
2026-08-28 11:44:35,916 INFO __main__: summary updated end=2026-08-20 05:12:40
2026-08-28 11:44:35,916 WARNING peoplein.stream: archive interval skipped start=2026-08-20T05:12:40.000 end=2026-08-20T05:12:41.000 duration_seconds=1.0 reason=camera_archives_do_not_overlap
2026-08-28 11:44:35,917 INFO peoplein.stream: analysis interval ready start=2026-08-20 05:12:41 end=2026-08-20 05:16:02
2026-08-28 11:44:48,708 INFO peoplein.stream: decoded entrance/20260820-051102.mkv: 1005 frames
2026-08-28 11:44:48,708 INFO peoplein.stream: decoded loby/20260820-051241.mkv: 1005 frames
2026-08-28 11:44:48,725 INFO __main__: analysis interval completed start=2026-08-20 05:12:41 end=2026-08-20 05:16:02 frames=2010 ticks=1005 entered=7 exited=6 people_inside=1
2026-08-28 11:44:48,729 INFO __main__: summary updated end=2026-08-20 05:16:02
2026-08-28 11:44:48,729 INFO peoplein.stream: analysis interval ready start=2026-08-20 05:16:02 end=2026-08-20 05:17:41
2026-08-28 11:44:57,957 INFO peoplein.stream: decoded entrance/20260820-051602.mkv: 495 frames
2026-08-28 11:44:57,957 INFO peoplein.stream: decoded loby/20260820-051241.mkv: 495 frames
2026-08-28 11:44:57,975 INFO __main__: analysis interval completed start=2026-08-20 05:16:02 end=2026-08-20 05:17:41 frames=990 ticks=495 entered=7 exited=6 people_inside=1
2026-08-28 11:44:57,980 INFO __main__: summary updated end=2026-08-20 05:17:41
2026-08-28 11:44:57,980 INFO peoplein.stream: analysis interval ready start=2026-08-20 05:17:41 end=2026-08-20 05:21:02
2026-08-28 11:45:11,240 INFO peoplein.stream: decoded entrance/20260820-051602.mkv: 1005 frames
2026-08-28 11:45:11,240 INFO peoplein.stream: decoded loby/20260820-051741.mkv: 1005 frames
2026-08-28 11:45:11,256 INFO __main__: analysis interval completed start=2026-08-20 05:17:41 end=2026-08-20 05:21:02 frames=2010 ticks=1005 entered=7 exited=6 people_inside=1
2026-08-28 11:45:11,261 INFO __main__: summary updated end=2026-08-20 05:21:02
2026-08-28 11:45:11,262 INFO peoplein.stream: analysis interval ready start=2026-08-20 05:21:02 end=2026-08-20 05:22:41
2026-08-28 11:45:20,547 INFO peoplein.stream: decoded entrance/20260820-052102.mkv: 495 frames
2026-08-28 11:45:20,555 INFO peoplein.stream: decoded loby/20260820-051741.mkv: 495 frames
2026-08-28 11:45:20,594 INFO __main__: analysis interval completed start=2026-08-20 05:21:02 end=2026-08-20 05:22:41 frames=990 ticks=495 entered=7 exited=6 people_inside=1
2026-08-28 11:45:20,598 INFO __main__: summary updated end=2026-08-20 05:22:41
2026-08-28 11:45:20,598 INFO peoplein.stream: analysis interval ready start=2026-08-20 05:22:41 end=2026-08-20 05:26:02
2026-08-28 11:45:35,323 INFO peoplein.stream: decoded loby/20260820-052241.mkv: 1005 frames
2026-08-28 11:45:35,326 INFO peoplein.stream: decoded entrance/20260820-052102.mkv: 1005 frames
2026-08-28 11:45:35,341 INFO __main__: analysis interval completed start=2026-08-20 05:22:41 end=2026-08-20 05:26:02 frames=2010 ticks=1005 entered=8 exited=6 people_inside=2
2026-08-28 11:45:35,345 INFO __main__: summary updated end=2026-08-20 05:26:02
2026-08-28 11:45:35,346 INFO peoplein.stream: analysis interval ready start=2026-08-20 05:26:02 end=2026-08-20 05:27:41
2026-08-28 11:45:44,403 INFO peoplein.stream: decoded loby/20260820-052241.mkv: 495 frames
2026-08-28 11:45:44,404 INFO peoplein.stream: decoded entrance/20260820-052602.mkv: 495 frames
2026-08-28 11:45:44,420 INFO __main__: analysis interval completed start=2026-08-20 05:26:02 end=2026-08-20 05:27:41 frames=990 ticks=495 entered=8 exited=6 people_inside=2
2026-08-28 11:45:44,425 INFO __main__: summary updated end=2026-08-20 05:27:41
2026-08-28 11:45:44,425 INFO peoplein.stream: analysis interval ready start=2026-08-20 05:27:41 end=2026-08-20 05:31:02
2026-08-28 11:45:57,011 INFO peoplein.stream: decoded loby/20260820-052741.mkv: 1005 frames
2026-08-28 11:45:57,014 INFO peoplein.stream: decoded entrance/20260820-052602.mkv: 1005 frames
2026-08-28 11:45:57,029 INFO __main__: analysis interval completed start=2026-08-20 05:27:41 end=2026-08-20 05:31:02 frames=2010 ticks=1005 entered=8 exited=6 people_inside=2
2026-08-28 11:45:57,033 INFO __main__: summary updated end=2026-08-20 05:31:02
2026-08-28 11:45:57,033 INFO peoplein.stream: analysis interval ready start=2026-08-20 05:31:02 end=2026-08-20 05:32:41
2026-08-28 11:46:06,590 INFO peoplein.stream: decoded entrance/20260820-053102.mkv: 495 frames
2026-08-28 11:46:06,595 INFO peoplein.stream: decoded loby/20260820-052741.mkv: 495 frames
2026-08-28 11:46:06,609 INFO __main__: analysis interval completed start=2026-08-20 05:31:02 end=2026-08-20 05:32:41 frames=990 ticks=495 entered=8 exited=6 people_inside=2
2026-08-28 11:46:06,613 INFO __main__: summary updated end=2026-08-20 05:32:41
2026-08-28 11:46:06,613 INFO peoplein.stream: analysis interval ready start=2026-08-20 05:32:41 end=2026-08-20 05:36:02
2026-08-28 11:46:19,837 INFO peoplein.stream: decoded entrance/20260820-053102.mkv: 1005 frames
2026-08-28 11:46:19,837 INFO peoplein.stream: decoded loby/20260820-053241.mkv: 1005 frames
2026-08-28 11:46:19,854 INFO __main__: analysis interval completed start=2026-08-20 05:32:41 end=2026-08-20 05:36:02 frames=2010 ticks=1005 entered=8 exited=6 people_inside=2
2026-08-28 11:46:19,859 INFO __main__: summary updated end=2026-08-20 05:36:02
2026-08-28 11:46:19,860 INFO peoplein.stream: analysis interval ready start=2026-08-20 05:36:02 end=2026-08-20 05:37:41
2026-08-28 11:46:29,163 INFO peoplein.stream: decoded entrance/20260820-053602.mkv: 495 frames
2026-08-28 11:46:29,163 INFO peoplein.stream: decoded loby/20260820-053241.mkv: 495 frames
2026-08-28 11:46:29,181 INFO __main__: analysis interval completed start=2026-08-20 05:36:02 end=2026-08-20 05:37:41 frames=990 ticks=495 entered=8 exited=6 people_inside=2
2026-08-28 11:46:29,186 INFO __main__: summary updated end=2026-08-20 05:37:41
2026-08-28 11:46:29,187 INFO peoplein.stream: analysis interval ready start=2026-08-20 05:37:41 end=2026-08-20 05:41:02
2026-08-28 11:46:41,881 INFO peoplein.stream: decoded entrance/20260820-053602.mkv: 1005 frames
2026-08-28 11:46:41,885 INFO peoplein.stream: decoded loby/20260820-053741.mkv: 1005 frames
2026-08-28 11:46:41,899 INFO __main__: analysis interval completed start=2026-08-20 05:37:41 end=2026-08-20 05:41:02 frames=2010 ticks=1005 entered=8 exited=6 people_inside=2
2026-08-28 11:46:41,904 INFO __main__: summary updated end=2026-08-20 05:41:02
2026-08-28 11:46:41,904 INFO peoplein.stream: analysis interval ready start=2026-08-20 05:41:02 end=2026-08-20 05:42:41
2026-08-28 11:46:50,979 INFO peoplein.stream: decoded entrance/20260820-054102.mkv: 495 frames
2026-08-28 11:46:50,980 INFO peoplein.stream: decoded loby/20260820-053741.mkv: 495 frames
2026-08-28 11:46:50,998 INFO __main__: analysis interval completed start=2026-08-20 05:41:02 end=2026-08-20 05:42:41 frames=990 ticks=495 entered=8 exited=6 people_inside=2
2026-08-28 11:46:51,004 INFO __main__: summary updated end=2026-08-20 05:42:41
2026-08-28 11:46:51,004 INFO peoplein.stream: analysis interval ready start=2026-08-20 05:42:41 end=2026-08-20 05:46:02
2026-08-28 11:47:04,376 INFO peoplein.stream: decoded entrance/20260820-054102.mkv: 1005 frames
2026-08-28 11:47:04,376 INFO peoplein.stream: decoded loby/20260820-054241.mkv: 1005 frames
2026-08-28 11:47:04,395 INFO __main__: analysis interval completed start=2026-08-20 05:42:41 end=2026-08-20 05:46:02 frames=2010 ticks=1005 entered=8 exited=6 people_inside=2
2026-08-28 11:47:04,400 INFO __main__: summary updated end=2026-08-20 05:46:02
2026-08-28 11:47:04,400 INFO peoplein.stream: analysis interval ready start=2026-08-20 05:46:02 end=2026-08-20 05:47:41
2026-08-28 11:47:13,743 INFO peoplein.stream: decoded loby/20260820-054241.mkv: 495 frames
2026-08-28 11:47:13,744 INFO peoplein.stream: decoded entrance/20260820-054602.mkv: 495 frames
2026-08-28 11:47:13,765 INFO __main__: analysis interval completed start=2026-08-20 05:46:02 end=2026-08-20 05:47:41 frames=990 ticks=495 entered=8 exited=6 people_inside=2
2026-08-28 11:47:13,770 INFO __main__: summary updated end=2026-08-20 05:47:41
2026-08-28 11:47:13,770 INFO peoplein.stream: analysis interval ready start=2026-08-20 05:47:41 end=2026-08-20 05:51:02
2026-08-28 11:47:28,217 INFO peoplein.stream: decoded entrance/20260820-054602.mkv: 1005 frames
2026-08-28 11:47:28,226 INFO peoplein.stream: decoded loby/20260820-054741.mkv: 1005 frames
2026-08-28 11:47:28,261 INFO __main__: analysis interval completed start=2026-08-20 05:47:41 end=2026-08-20 05:51:02 frames=2010 ticks=1005 entered=8 exited=6 people_inside=2
2026-08-28 11:47:28,266 INFO __main__: summary updated end=2026-08-20 05:51:02
2026-08-28 11:47:28,266 INFO peoplein.stream: analysis interval ready start=2026-08-20 05:51:02 end=2026-08-20 05:52:41
2026-08-28 11:47:38,792 INFO peoplein.stream: decoded loby/20260820-054741.mkv: 490 frames
2026-08-28 11:47:38,886 INFO peoplein.stream: decoded entrance/20260820-055102.mkv: 495 frames
2026-08-28 11:47:38,887 INFO peoplein.stream: decoded loby/20260820-055240.mkv: 5 frames
2026-08-28 11:47:38,904 INFO __main__: analysis interval completed start=2026-08-20 05:51:02 end=2026-08-20 05:52:41 frames=990 ticks=495 entered=8 exited=7 people_inside=1
2026-08-28 11:47:38,909 INFO __main__: summary updated end=2026-08-20 05:52:41
2026-08-28 11:47:38,909 INFO peoplein.stream: analysis interval ready start=2026-08-20 05:52:40 end=2026-08-20 05:56:02
2026-08-28 11:47:52,808 INFO peoplein.stream: decoded entrance/20260820-055102.mkv: 1010 frames
2026-08-28 11:47:52,808 INFO peoplein.stream: decoded loby/20260820-055240.mkv: 1010 frames
2026-08-28 11:47:52,826 INFO __main__: analysis interval completed start=2026-08-20 05:52:40 end=2026-08-20 05:56:02 frames=2020 ticks=1010 entered=8 exited=7 people_inside=1
2026-08-28 11:47:52,831 INFO __main__: summary updated end=2026-08-20 05:56:02
2026-08-28 11:47:52,831 INFO peoplein.stream: analysis interval ready start=2026-08-20 05:56:02 end=2026-08-20 05:57:40
2026-08-28 11:48:02,304 INFO peoplein.stream: decoded loby/20260820-055240.mkv: 490 frames
2026-08-28 11:48:02,304 INFO peoplein.stream: decoded entrance/20260820-055602.mkv: 490 frames
2026-08-28 11:48:02,324 INFO __main__: analysis interval completed start=2026-08-20 05:56:02 end=2026-08-20 05:57:40 frames=980 ticks=490 entered=8 exited=7 people_inside=1
2026-08-28 11:48:02,329 INFO __main__: summary updated end=2026-08-20 05:57:40
2026-08-28 11:48:02,329 INFO peoplein.stream: analysis interval ready start=2026-08-20 05:57:40 end=2026-08-20 06:01:02
2026-08-28 11:48:15,815 INFO peoplein.stream: decoded entrance/20260820-055602.mkv: 1010 frames
2026-08-28 11:48:15,815 INFO peoplein.stream: decoded loby/20260820-055740.mkv: 1010 frames
2026-08-28 11:48:15,845 INFO __main__: analysis interval completed start=2026-08-20 05:57:40 end=2026-08-20 06:01:02 frames=2020 ticks=1010 entered=8 exited=7 people_inside=1
2026-08-28 11:48:15,851 INFO __main__: summary updated end=2026-08-20 06:01:02
2026-08-28 11:48:15,851 INFO peoplein.stream: analysis interval ready start=2026-08-20 06:01:02 end=2026-08-20 06:02:40
2026-08-28 11:48:25,225 INFO peoplein.stream: decoded loby/20260820-055740.mkv: 490 frames
2026-08-28 11:48:25,230 INFO peoplein.stream: decoded entrance/20260820-060102.mkv: 490 frames
2026-08-28 11:48:25,255 INFO __main__: analysis interval completed start=2026-08-20 06:01:02 end=2026-08-20 06:02:40 frames=980 ticks=490 entered=8 exited=7 people_inside=1
2026-08-28 11:48:25,261 INFO __main__: summary updated end=2026-08-20 06:02:40
2026-08-28 11:48:25,261 INFO peoplein.stream: analysis interval ready start=2026-08-20 06:02:40 end=2026-08-20 06:06:02
2026-08-28 11:48:38,359 INFO peoplein.stream: decoded entrance/20260820-060102.mkv: 1010 frames
2026-08-28 11:48:38,359 INFO peoplein.stream: decoded loby/20260820-060240.mkv: 1010 frames
2026-08-28 11:48:38,378 INFO __main__: analysis interval completed start=2026-08-20 06:02:40 end=2026-08-20 06:06:02 frames=2020 ticks=1010 entered=8 exited=7 people_inside=1
2026-08-28 11:48:38,382 INFO __main__: summary updated end=2026-08-20 06:06:02
2026-08-28 11:48:38,383 INFO peoplein.stream: analysis interval ready start=2026-08-20 06:06:02 end=2026-08-20 06:07:40
2026-08-28 11:48:47,179 INFO peoplein.stream: decoded entrance/20260820-060602.mkv: 490 frames
2026-08-28 11:48:47,179 INFO peoplein.stream: decoded loby/20260820-060240.mkv: 490 frames
2026-08-28 11:48:47,198 INFO __main__: analysis interval completed start=2026-08-20 06:06:02 end=2026-08-20 06:07:40 frames=980 ticks=490 entered=8 exited=7 people_inside=1
2026-08-28 11:48:47,203 INFO __main__: summary updated end=2026-08-20 06:07:40
2026-08-28 11:48:47,203 INFO peoplein.stream: analysis interval ready start=2026-08-20 06:07:40 end=2026-08-20 06:11:02
2026-08-28 11:49:00,113 INFO peoplein.stream: decoded entrance/20260820-060602.mkv: 1010 frames
2026-08-28 11:49:00,113 INFO peoplein.stream: decoded loby/20260820-060740.mkv: 1010 frames
2026-08-28 11:49:00,132 INFO __main__: analysis interval completed start=2026-08-20 06:07:40 end=2026-08-20 06:11:02 frames=2020 ticks=1010 entered=8 exited=7 people_inside=1
2026-08-28 11:49:00,137 INFO __main__: summary updated end=2026-08-20 06:11:02
2026-08-28 11:49:00,137 INFO peoplein.stream: analysis interval ready start=2026-08-20 06:11:02 end=2026-08-20 06:12:40
2026-08-28 11:49:09,161 INFO peoplein.stream: decoded entrance/20260820-061102.mkv: 490 frames
2026-08-28 11:49:09,165 INFO peoplein.stream: decoded loby/20260820-060740.mkv: 490 frames
2026-08-28 11:49:09,179 INFO __main__: analysis interval completed start=2026-08-20 06:11:02 end=2026-08-20 06:12:40 frames=980 ticks=490 entered=8 exited=7 people_inside=1
2026-08-28 11:49:09,184 INFO __main__: summary updated end=2026-08-20 06:12:40
2026-08-28 11:49:09,184 INFO peoplein.stream: analysis interval ready start=2026-08-20 06:12:40 end=2026-08-20 06:16:02
2026-08-28 11:49:21,629 INFO peoplein.stream: decoded loby/20260820-061240.mkv: 1010 frames
2026-08-28 11:49:21,629 INFO peoplein.stream: decoded entrance/20260820-061102.mkv: 1010 frames
2026-08-28 11:49:21,647 INFO __main__: analysis interval completed start=2026-08-20 06:12:40 end=2026-08-20 06:16:02 frames=2020 ticks=1010 entered=8 exited=7 people_inside=1
2026-08-28 11:49:21,653 INFO __main__: summary updated end=2026-08-20 06:16:02
2026-08-28 11:49:21,653 INFO peoplein.stream: analysis interval ready start=2026-08-20 06:16:02 end=2026-08-20 06:17:40
2026-08-28 11:49:30,483 INFO peoplein.stream: decoded entrance/20260820-061602.mkv: 490 frames
2026-08-28 11:49:30,484 INFO peoplein.stream: decoded loby/20260820-061240.mkv: 490 frames
2026-08-28 11:49:30,502 INFO __main__: analysis interval completed start=2026-08-20 06:16:02 end=2026-08-20 06:17:40 frames=980 ticks=490 entered=8 exited=7 people_inside=1
2026-08-28 11:49:30,507 INFO __main__: summary updated end=2026-08-20 06:17:40
2026-08-28 11:49:30,507 INFO peoplein.stream: analysis interval ready start=2026-08-20 06:17:40 end=2026-08-20 06:21:02
2026-08-28 11:49:42,759 INFO peoplein.stream: decoded loby/20260820-061740.mkv: 1010 frames
2026-08-28 11:49:42,762 INFO peoplein.stream: decoded entrance/20260820-061602.mkv: 1010 frames
2026-08-28 11:49:42,778 INFO __main__: analysis interval completed start=2026-08-20 06:17:40 end=2026-08-20 06:21:02 frames=2020 ticks=1010 entered=8 exited=7 people_inside=1
2026-08-28 11:49:42,783 INFO __main__: summary updated end=2026-08-20 06:21:02
2026-08-28 11:49:42,783 INFO peoplein.stream: analysis interval ready start=2026-08-20 06:21:02 end=2026-08-20 06:22:40
2026-08-28 11:49:51,533 INFO peoplein.stream: decoded entrance/20260820-062102.mkv: 490 frames
2026-08-28 11:49:51,534 INFO peoplein.stream: decoded loby/20260820-061740.mkv: 490 frames
2026-08-28 11:49:51,551 INFO __main__: analysis interval completed start=2026-08-20 06:21:02 end=2026-08-20 06:22:40 frames=980 ticks=490 entered=8 exited=7 people_inside=1
2026-08-28 11:49:51,556 INFO __main__: summary updated end=2026-08-20 06:22:40
2026-08-28 11:49:51,556 INFO peoplein.stream: analysis interval ready start=2026-08-20 06:22:40 end=2026-08-20 06:26:02
2026-08-28 11:50:04,075 INFO peoplein.stream: decoded entrance/20260820-062102.mkv: 1010 frames
2026-08-28 11:50:04,075 INFO peoplein.stream: decoded loby/20260820-062240.mkv: 1010 frames
2026-08-28 11:50:04,091 INFO __main__: analysis interval completed start=2026-08-20 06:22:40 end=2026-08-20 06:26:02 frames=2020 ticks=1010 entered=8 exited=7 people_inside=1
2026-08-28 11:50:04,096 INFO __main__: summary updated end=2026-08-20 06:26:02
2026-08-28 11:50:04,096 INFO peoplein.stream: analysis interval ready start=2026-08-20 06:26:02 end=2026-08-20 06:27:40
2026-08-28 11:50:12,748 INFO peoplein.stream: decoded loby/20260820-062240.mkv: 490 frames
2026-08-28 11:50:12,748 INFO peoplein.stream: decoded entrance/20260820-062602.mkv: 490 frames
2026-08-28 11:50:12,764 INFO __main__: analysis interval completed start=2026-08-20 06:26:02 end=2026-08-20 06:27:40 frames=980 ticks=490 entered=8 exited=7 people_inside=1
2026-08-28 11:50:12,768 INFO __main__: summary updated end=2026-08-20 06:27:40
2026-08-28 11:50:12,768 INFO peoplein.stream: analysis interval ready start=2026-08-20 06:27:40 end=2026-08-20 06:31:02
2026-08-28 11:50:25,250 INFO peoplein.stream: decoded loby/20260820-062740.mkv: 1010 frames
2026-08-28 11:50:25,252 INFO peoplein.stream: decoded entrance/20260820-062602.mkv: 1010 frames
2026-08-28 11:50:25,268 INFO __main__: analysis interval completed start=2026-08-20 06:27:40 end=2026-08-20 06:31:02 frames=2020 ticks=1010 entered=8 exited=7 people_inside=1
2026-08-28 11:50:25,273 INFO __main__: summary updated end=2026-08-20 06:31:02
2026-08-28 11:50:25,274 INFO peoplein.stream: analysis interval ready start=2026-08-20 06:31:02 end=2026-08-20 06:32:40
2026-08-28 11:50:35,322 INFO peoplein.stream: decoded loby/20260820-062740.mkv: 485 frames
2026-08-28 11:50:35,416 INFO peoplein.stream: decoded entrance/20260820-063102.mkv: 490 frames
2026-08-28 11:50:35,416 INFO peoplein.stream: decoded loby/20260820-063239.mkv: 5 frames
2026-08-28 11:50:35,434 INFO __main__: analysis interval completed start=2026-08-20 06:31:02 end=2026-08-20 06:32:40 frames=980 ticks=490 entered=8 exited=7 people_inside=1
2026-08-28 11:50:35,439 INFO __main__: summary updated end=2026-08-20 06:32:40
2026-08-28 11:50:35,439 INFO peoplein.stream: analysis interval ready start=2026-08-20 06:32:39 end=2026-08-20 06:36:02
2026-08-28 11:50:48,068 INFO peoplein.stream: decoded entrance/20260820-063102.mkv: 1015 frames
2026-08-28 11:50:48,068 INFO peoplein.stream: decoded loby/20260820-063239.mkv: 1015 frames
2026-08-28 11:50:48,085 INFO __main__: analysis interval completed start=2026-08-20 06:32:39 end=2026-08-20 06:36:02 frames=2030 ticks=1015 entered=8 exited=7 people_inside=1
2026-08-28 11:50:48,090 INFO __main__: summary updated end=2026-08-20 06:36:02
2026-08-28 11:50:48,090 INFO peoplein.stream: analysis interval ready start=2026-08-20 06:36:02 end=2026-08-20 06:37:39
2026-08-28 11:50:57,271 INFO peoplein.stream: decoded entrance/20260820-063602.mkv: 485 frames
2026-08-28 11:50:57,271 INFO peoplein.stream: decoded loby/20260820-063239.mkv: 485 frames
2026-08-28 11:50:57,316 INFO __main__: analysis interval completed start=2026-08-20 06:36:02 end=2026-08-20 06:37:39 frames=970 ticks=485 entered=8 exited=7 people_inside=1
2026-08-28 11:50:57,328 INFO __main__: summary updated end=2026-08-20 06:37:39
2026-08-28 11:50:57,329 INFO peoplein.stream: analysis interval ready start=2026-08-20 06:37:39 end=2026-08-20 06:41:02
2026-08-28 11:51:11,033 INFO peoplein.stream: decoded entrance/20260820-063602.mkv: 1015 frames
2026-08-28 11:51:11,033 INFO peoplein.stream: decoded loby/20260820-063739.mkv: 1015 frames
2026-08-28 11:51:11,050 INFO __main__: analysis interval completed start=2026-08-20 06:37:39 end=2026-08-20 06:41:02 frames=2030 ticks=1015 entered=8 exited=7 people_inside=1
2026-08-28 11:51:11,056 INFO __main__: summary updated end=2026-08-20 06:41:02
2026-08-28 11:51:11,056 INFO peoplein.stream: analysis interval ready start=2026-08-20 06:41:02 end=2026-08-20 06:42:41
2026-08-28 11:51:20,068 INFO peoplein.stream: decoded loby/20260820-063739.mkv: 495 frames
2026-08-28 11:51:20,071 INFO peoplein.stream: decoded entrance/20260820-064102.mkv: 495 frames
2026-08-28 11:51:20,086 INFO __main__: analysis interval completed start=2026-08-20 06:41:02 end=2026-08-20 06:42:41 frames=990 ticks=495 entered=8 exited=7 people_inside=1
2026-08-28 11:51:20,091 INFO __main__: summary updated end=2026-08-20 06:42:41
2026-08-28 11:51:20,091 INFO peoplein.stream: analysis interval ready start=2026-08-20 06:42:41 end=2026-08-20 06:46:02
2026-08-28 11:51:33,029 INFO peoplein.stream: decoded entrance/20260820-064102.mkv: 1005 frames
2026-08-28 11:51:33,029 INFO peoplein.stream: decoded loby/20260820-064241.mkv: 1005 frames
2026-08-28 11:51:33,045 INFO __main__: analysis interval completed start=2026-08-20 06:42:41 end=2026-08-20 06:46:02 frames=2010 ticks=1005 entered=8 exited=7 people_inside=1
2026-08-28 11:51:33,051 INFO __main__: summary updated end=2026-08-20 06:46:02
2026-08-28 11:51:33,051 INFO peoplein.stream: analysis interval ready start=2026-08-20 06:46:02 end=2026-08-20 06:47:41
2026-08-28 11:51:42,923 INFO peoplein.stream: decoded entrance/20260820-064602.mkv: 495 frames
2026-08-28 11:51:42,932 INFO peoplein.stream: decoded loby/20260820-064241.mkv: 495 frames
2026-08-28 11:51:42,971 INFO __main__: analysis interval completed start=2026-08-20 06:46:02 end=2026-08-20 06:47:41 frames=990 ticks=495 entered=8 exited=7 people_inside=1
2026-08-28 11:51:42,976 INFO __main__: summary updated end=2026-08-20 06:47:41
2026-08-28 11:51:42,977 INFO peoplein.stream: analysis interval ready start=2026-08-20 06:47:41 end=2026-08-20 06:51:02
2026-08-28 11:51:56,122 INFO peoplein.stream: decoded loby/20260820-064741.mkv: 1005 frames
2026-08-28 11:51:56,124 INFO peoplein.stream: decoded entrance/20260820-064602.mkv: 1005 frames
2026-08-28 11:51:56,139 INFO __main__: analysis interval completed start=2026-08-20 06:47:41 end=2026-08-20 06:51:02 frames=2010 ticks=1005 entered=8 exited=7 people_inside=1
2026-08-28 11:51:56,145 INFO __main__: summary updated end=2026-08-20 06:51:02
2026-08-28 11:51:56,145 INFO peoplein.stream: analysis interval ready start=2026-08-20 06:51:02 end=2026-08-20 06:52:41
2026-08-28 11:52:05,419 INFO peoplein.stream: decoded entrance/20260820-065102.mkv: 495 frames
2026-08-28 11:52:05,423 INFO peoplein.stream: decoded loby/20260820-064741.mkv: 495 frames
2026-08-28 11:52:05,439 INFO __main__: analysis interval completed start=2026-08-20 06:51:02 end=2026-08-20 06:52:41 frames=990 ticks=495 entered=8 exited=7 people_inside=1
2026-08-28 11:52:05,444 INFO __main__: summary updated end=2026-08-20 06:52:41
2026-08-28 11:52:05,444 INFO peoplein.stream: analysis interval ready start=2026-08-20 06:52:41 end=2026-08-20 06:56:02
2026-08-28 11:52:19,212 INFO peoplein.stream: decoded entrance/20260820-065102.mkv: 1005 frames
2026-08-28 11:52:19,212 INFO peoplein.stream: decoded loby/20260820-065241.mkv: 1005 frames
2026-08-28 11:52:19,230 INFO __main__: analysis interval completed start=2026-08-20 06:52:41 end=2026-08-20 06:56:02 frames=2010 ticks=1005 entered=8 exited=7 people_inside=1
2026-08-28 11:52:19,235 INFO __main__: summary updated end=2026-08-20 06:56:02
2026-08-28 11:52:19,236 INFO peoplein.stream: analysis interval ready start=2026-08-20 06:56:02 end=2026-08-20 06:57:41
2026-08-28 11:52:28,351 INFO peoplein.stream: decoded entrance/20260820-065602.mkv: 495 frames
2026-08-28 11:52:28,351 INFO peoplein.stream: decoded loby/20260820-065241.mkv: 495 frames
2026-08-28 11:52:28,370 INFO __main__: analysis interval completed start=2026-08-20 06:56:02 end=2026-08-20 06:57:41 frames=990 ticks=495 entered=8 exited=7 people_inside=1
2026-08-28 11:52:28,375 INFO __main__: summary updated end=2026-08-20 06:57:41
2026-08-28 11:52:28,375 INFO peoplein.stream: analysis interval ready start=2026-08-20 06:57:41 end=2026-08-20 07:01:02
2026-08-28 11:52:41,566 INFO peoplein.stream: decoded loby/20260820-065741.mkv: 1005 frames
2026-08-28 11:52:41,566 INFO peoplein.stream: decoded entrance/20260820-065602.mkv: 1005 frames
2026-08-28 11:52:41,584 INFO __main__: analysis interval completed start=2026-08-20 06:57:41 end=2026-08-20 07:01:02 frames=2010 ticks=1005 entered=8 exited=7 people_inside=1
2026-08-28 11:52:41,590 INFO __main__: summary updated end=2026-08-20 07:01:02
2026-08-28 11:52:41,591 INFO peoplein.stream: analysis interval ready start=2026-08-20 07:01:02 end=2026-08-20 07:02:41
2026-08-28 11:52:50,458 INFO peoplein.stream: decoded loby/20260820-065741.mkv: 495 frames
2026-08-28 11:52:50,459 INFO peoplein.stream: decoded entrance/20260820-070102.mkv: 495 frames
2026-08-28 11:52:50,478 INFO __main__: analysis interval completed start=2026-08-20 07:01:02 end=2026-08-20 07:02:41 frames=990 ticks=495 entered=8 exited=7 people_inside=1
2026-08-28 11:52:50,483 INFO __main__: summary updated end=2026-08-20 07:02:41
2026-08-28 11:52:50,483 INFO peoplein.stream: analysis interval ready start=2026-08-20 07:02:41 end=2026-08-20 07:06:02
2026-08-28 11:53:03,103 INFO peoplein.stream: decoded entrance/20260820-070102.mkv: 1005 frames
2026-08-28 11:53:03,106 INFO peoplein.stream: decoded loby/20260820-070241.mkv: 1005 frames
2026-08-28 11:53:03,122 INFO __main__: analysis interval completed start=2026-08-20 07:02:41 end=2026-08-20 07:06:02 frames=2010 ticks=1005 entered=8 exited=7 people_inside=1
2026-08-28 11:53:03,127 INFO __main__: summary updated end=2026-08-20 07:06:02
2026-08-28 11:53:03,127 INFO peoplein.stream: analysis interval ready start=2026-08-20 07:06:02 end=2026-08-20 07:07:41
2026-08-28 11:53:11,943 INFO peoplein.stream: decoded entrance/20260820-070602.mkv: 495 frames
2026-08-28 11:53:11,943 INFO peoplein.stream: decoded loby/20260820-070241.mkv: 495 frames
2026-08-28 11:53:11,961 INFO __main__: analysis interval completed start=2026-08-20 07:06:02 end=2026-08-20 07:07:41 frames=990 ticks=495 entered=8 exited=7 people_inside=1
2026-08-28 11:53:11,966 INFO __main__: summary updated end=2026-08-20 07:07:41
2026-08-28 11:53:11,966 INFO peoplein.stream: analysis interval ready start=2026-08-20 07:07:41 end=2026-08-20 07:11:02
2026-08-28 11:53:24,107 INFO peoplein.stream: decoded entrance/20260820-070602.mkv: 1005 frames
2026-08-28 11:53:24,107 INFO peoplein.stream: decoded loby/20260820-070741.mkv: 1005 frames
2026-08-28 11:53:24,126 INFO __main__: analysis interval completed start=2026-08-20 07:07:41 end=2026-08-20 07:11:02 frames=2010 ticks=1005 entered=8 exited=7 people_inside=1
2026-08-28 11:53:24,131 INFO __main__: summary updated end=2026-08-20 07:11:02
2026-08-28 11:53:24,131 INFO peoplein.stream: analysis interval ready start=2026-08-20 07:11:02 end=2026-08-20 07:12:41
2026-08-28 11:53:32,685 INFO peoplein.stream: decoded loby/20260820-070741.mkv: 490 frames
2026-08-28 11:53:32,765 INFO peoplein.stream: decoded entrance/20260820-071102.mkv: 495 frames
2026-08-28 11:53:32,780 INFO peoplein.stream: decoded loby/20260820-071240.mkv: 5 frames
2026-08-28 11:53:32,785 INFO __main__: analysis interval completed start=2026-08-20 07:11:02 end=2026-08-20 07:12:41 frames=990 ticks=495 entered=8 exited=7 people_inside=1
2026-08-28 11:53:32,791 INFO __main__: summary updated end=2026-08-20 07:12:41
2026-08-28 11:53:32,791 INFO peoplein.stream: analysis interval ready start=2026-08-20 07:12:40 end=2026-08-20 07:16:02
2026-08-28 11:53:45,211 INFO peoplein.stream: decoded entrance/20260820-071102.mkv: 1010 frames
2026-08-28 11:53:45,212 INFO peoplein.stream: decoded loby/20260820-071240.mkv: 1010 frames
2026-08-28 11:53:45,230 INFO __main__: analysis interval completed start=2026-08-20 07:12:40 end=2026-08-20 07:16:02 frames=2020 ticks=1010 entered=8 exited=7 people_inside=1
2026-08-28 11:53:45,234 INFO __main__: summary updated end=2026-08-20 07:16:02
2026-08-28 11:53:45,235 INFO peoplein.stream: analysis interval ready start=2026-08-20 07:16:02 end=2026-08-20 07:17:40
2026-08-28 11:53:53,786 INFO peoplein.stream: decoded entrance/20260820-071602.mkv: 490 frames
2026-08-28 11:53:53,786 INFO peoplein.stream: decoded loby/20260820-071240.mkv: 490 frames
2026-08-28 11:53:53,804 INFO __main__: analysis interval completed start=2026-08-20 07:16:02 end=2026-08-20 07:17:40 frames=980 ticks=490 entered=8 exited=7 people_inside=1
2026-08-28 11:53:53,809 INFO __main__: summary updated end=2026-08-20 07:17:40
2026-08-28 11:53:53,810 INFO peoplein.stream: analysis interval ready start=2026-08-20 07:17:40 end=2026-08-20 07:21:02
2026-08-28 11:54:05,931 INFO peoplein.stream: decoded entrance/20260820-071602.mkv: 1010 frames
2026-08-28 11:54:05,935 INFO peoplein.stream: decoded loby/20260820-071740.mkv: 1010 frames
2026-08-28 11:54:05,950 INFO __main__: analysis interval completed start=2026-08-20 07:17:40 end=2026-08-20 07:21:02 frames=2020 ticks=1010 entered=8 exited=7 people_inside=1
2026-08-28 11:54:05,956 INFO __main__: summary updated end=2026-08-20 07:21:02
2026-08-28 11:54:05,956 INFO peoplein.stream: analysis interval ready start=2026-08-20 07:21:02 end=2026-08-20 07:22:40
2026-08-28 11:54:14,848 INFO peoplein.stream: decoded entrance/20260820-072102.mkv: 490 frames
2026-08-28 11:54:14,849 INFO peoplein.stream: decoded loby/20260820-071740.mkv: 490 frames
2026-08-28 11:54:14,867 INFO __main__: analysis interval completed start=2026-08-20 07:21:02 end=2026-08-20 07:22:40 frames=980 ticks=490 entered=8 exited=7 people_inside=1
2026-08-28 11:54:14,872 INFO __main__: summary updated end=2026-08-20 07:22:40
2026-08-28 11:54:14,872 INFO peoplein.stream: analysis interval ready start=2026-08-20 07:22:40 end=2026-08-20 07:26:02
2026-08-28 11:54:27,849 INFO peoplein.stream: decoded loby/20260820-072240.mkv: 1010 frames
2026-08-28 11:54:27,854 INFO peoplein.stream: decoded entrance/20260820-072102.mkv: 1010 frames
2026-08-28 11:54:27,869 INFO __main__: analysis interval completed start=2026-08-20 07:22:40 end=2026-08-20 07:26:02 frames=2020 ticks=1010 entered=8 exited=7 people_inside=1
2026-08-28 11:54:27,875 INFO __main__: summary updated end=2026-08-20 07:26:02
2026-08-28 11:54:27,875 INFO peoplein.stream: analysis interval ready start=2026-08-20 07:26:02 end=2026-08-20 07:27:40
2026-08-28 11:54:37,470 INFO peoplein.stream: decoded loby/20260820-072240.mkv: 490 frames
2026-08-28 11:54:37,470 INFO peoplein.stream: decoded entrance/20260820-072602.mkv: 490 frames
2026-08-28 11:54:37,489 INFO __main__: analysis interval completed start=2026-08-20 07:26:02 end=2026-08-20 07:27:40 frames=980 ticks=490 entered=8 exited=7 people_inside=1
2026-08-28 11:54:37,494 INFO __main__: summary updated end=2026-08-20 07:27:40
2026-08-28 11:54:37,494 INFO peoplein.stream: analysis interval ready start=2026-08-20 07:27:40 end=2026-08-20 07:31:02
2026-08-28 11:54:50,584 INFO peoplein.stream: decoded entrance/20260820-072602.mkv: 1010 frames
2026-08-28 11:54:50,584 INFO peoplein.stream: decoded loby/20260820-072740.mkv: 1010 frames
2026-08-28 11:54:50,602 INFO __main__: analysis interval completed start=2026-08-20 07:27:40 end=2026-08-20 07:31:02 frames=2020 ticks=1010 entered=8 exited=7 people_inside=1
2026-08-28 11:54:50,607 INFO __main__: summary updated end=2026-08-20 07:31:02
2026-08-28 11:54:50,608 INFO peoplein.stream: analysis interval ready start=2026-08-20 07:31:02 end=2026-08-20 07:32:40
2026-08-28 11:54:59,794 INFO peoplein.stream: decoded loby/20260820-072740.mkv: 490 frames
2026-08-28 11:54:59,796 INFO peoplein.stream: decoded entrance/20260820-073102.mkv: 490 frames
2026-08-28 11:54:59,810 INFO __main__: analysis interval completed start=2026-08-20 07:31:02 end=2026-08-20 07:32:40 frames=980 ticks=490 entered=8 exited=7 people_inside=1
2026-08-28 11:54:59,815 INFO __main__: summary updated end=2026-08-20 07:32:40
2026-08-28 11:54:59,815 INFO peoplein.stream: analysis interval ready start=2026-08-20 07:32:40 end=2026-08-20 07:36:02
2026-08-28 11:55:12,689 INFO peoplein.stream: decoded entrance/20260820-073102.mkv: 1010 frames
2026-08-28 11:55:12,691 INFO peoplein.stream: decoded loby/20260820-073240.mkv: 1010 frames
2026-08-28 11:55:12,707 INFO __main__: analysis interval completed start=2026-08-20 07:32:40 end=2026-08-20 07:36:02 frames=2020 ticks=1010 entered=8 exited=7 people_inside=1
2026-08-28 11:55:12,712 INFO __main__: summary updated end=2026-08-20 07:36:02
2026-08-28 11:55:12,712 INFO peoplein.stream: analysis interval ready start=2026-08-20 07:36:02 end=2026-08-20 07:37:40
2026-08-28 11:55:21,832 INFO peoplein.stream: decoded loby/20260820-073240.mkv: 490 frames
2026-08-28 11:55:21,832 INFO peoplein.stream: decoded entrance/20260820-073602.mkv: 490 frames
2026-08-28 11:55:21,852 INFO __main__: analysis interval completed start=2026-08-20 07:36:02 end=2026-08-20 07:37:40 frames=980 ticks=490 entered=8 exited=7 people_inside=1
2026-08-28 11:55:21,857 INFO __main__: summary updated end=2026-08-20 07:37:40
2026-08-28 11:55:21,857 INFO peoplein.stream: analysis interval ready start=2026-08-20 07:37:40 end=2026-08-20 07:41:02
2026-08-28 11:55:34,740 INFO peoplein.stream: decoded loby/20260820-073740.mkv: 1010 frames
2026-08-28 11:55:34,740 INFO peoplein.stream: decoded entrance/20260820-073602.mkv: 1010 frames
2026-08-28 11:55:34,759 INFO __main__: analysis interval completed start=2026-08-20 07:37:40 end=2026-08-20 07:41:02 frames=2020 ticks=1010 entered=8 exited=7 people_inside=1
2026-08-28 11:55:34,764 INFO __main__: summary updated end=2026-08-20 07:41:02
2026-08-28 11:55:34,764 INFO peoplein.stream: analysis interval ready start=2026-08-20 07:41:02 end=2026-08-20 07:42:40
2026-08-28 11:55:43,718 INFO peoplein.stream: decoded entrance/20260820-074102.mkv: 490 frames
2026-08-28 11:55:43,719 INFO peoplein.stream: decoded loby/20260820-073740.mkv: 490 frames
2026-08-28 11:55:43,738 INFO __main__: analysis interval completed start=2026-08-20 07:41:02 end=2026-08-20 07:42:40 frames=980 ticks=490 entered=8 exited=7 people_inside=1
2026-08-28 11:55:43,743 INFO __main__: summary updated end=2026-08-20 07:42:40
2026-08-28 11:55:43,743 INFO peoplein.stream: analysis interval ready start=2026-08-20 07:42:40 end=2026-08-20 07:46:02
2026-08-28 11:55:56,434 INFO peoplein.stream: decoded loby/20260820-074240.mkv: 1010 frames
2026-08-28 11:55:56,434 INFO peoplein.stream: decoded entrance/20260820-074102.mkv: 1010 frames
2026-08-28 11:55:56,453 INFO __main__: analysis interval completed start=2026-08-20 07:42:40 end=2026-08-20 07:46:02 frames=2020 ticks=1010 entered=8 exited=7 people_inside=1
2026-08-28 11:55:56,458 INFO __main__: summary updated end=2026-08-20 07:46:02
2026-08-28 11:55:56,458 INFO peoplein.stream: analysis interval ready start=2026-08-20 07:46:02 end=2026-08-20 07:47:40
2026-08-28 11:56:05,556 INFO peoplein.stream: decoded loby/20260820-074240.mkv: 485 frames
2026-08-28 11:56:05,644 INFO peoplein.stream: decoded entrance/20260820-074602.mkv: 490 frames
2026-08-28 11:56:05,653 INFO peoplein.stream: decoded loby/20260820-074739.mkv: 5 frames
2026-08-28 11:56:05,667 INFO __main__: analysis interval completed start=2026-08-20 07:46:02 end=2026-08-20 07:47:40 frames=980 ticks=490 entered=8 exited=7 people_inside=1
2026-08-28 11:56:05,672 INFO __main__: summary updated end=2026-08-20 07:47:40
2026-08-28 11:56:05,672 INFO peoplein.stream: analysis interval ready start=2026-08-20 07:47:39 end=2026-08-20 07:51:02
2026-08-28 11:56:18,662 INFO peoplein.stream: decoded entrance/20260820-074602.mkv: 1015 frames
2026-08-28 11:56:18,662 INFO peoplein.stream: decoded loby/20260820-074739.mkv: 1015 frames
2026-08-28 11:56:18,679 INFO __main__: analysis interval completed start=2026-08-20 07:47:39 end=2026-08-20 07:51:02 frames=2030 ticks=1015 entered=8 exited=7 people_inside=1
2026-08-28 11:56:18,685 INFO __main__: summary updated end=2026-08-20 07:51:02
2026-08-28 11:56:18,685 INFO peoplein.stream: analysis interval ready start=2026-08-20 07:51:02 end=2026-08-20 07:52:39
2026-08-28 11:56:28,867 INFO peoplein.stream: decoded loby/20260820-074739.mkv: 485 frames
2026-08-28 11:56:28,868 INFO peoplein.stream: decoded entrance/20260820-075102.mkv: 485 frames
2026-08-28 11:56:28,885 INFO __main__: analysis interval completed start=2026-08-20 07:51:02 end=2026-08-20 07:52:39 frames=970 ticks=485 entered=8 exited=7 people_inside=1
2026-08-28 11:56:28,890 INFO __main__: summary updated end=2026-08-20 07:52:39
2026-08-28 11:56:28,890 INFO peoplein.stream: analysis interval ready start=2026-08-20 07:52:39 end=2026-08-20 07:56:02
2026-08-28 11:56:41,687 INFO peoplein.stream: decoded loby/20260820-075239.mkv: 1015 frames
2026-08-28 11:56:41,687 INFO peoplein.stream: decoded entrance/20260820-075102.mkv: 1015 frames
2026-08-28 11:56:41,705 INFO __main__: analysis interval completed start=2026-08-20 07:52:39 end=2026-08-20 07:56:02 frames=2030 ticks=1015 entered=8 exited=7 people_inside=1
2026-08-28 11:56:41,711 INFO __main__: summary updated end=2026-08-20 07:56:02
2026-08-28 11:56:41,712 INFO peoplein.stream: analysis interval ready start=2026-08-20 07:56:02 end=2026-08-20 07:57:39
2026-08-28 11:56:51,690 INFO peoplein.stream: decoded entrance/20260820-075602.mkv: 485 frames
2026-08-28 11:56:51,691 INFO peoplein.stream: decoded loby/20260820-075239.mkv: 485 frames
2026-08-28 11:56:51,709 INFO __main__: analysis interval completed start=2026-08-20 07:56:02 end=2026-08-20 07:57:39 frames=970 ticks=485 entered=8 exited=7 people_inside=1
2026-08-28 11:56:51,714 INFO __main__: summary updated end=2026-08-20 07:57:39
2026-08-28 11:56:51,714 INFO peoplein.stream: analysis interval ready start=2026-08-20 07:57:39 end=2026-08-20 08:01:02
2026-08-28 11:57:04,917 INFO peoplein.stream: decoded entrance/20260820-075602.mkv: 1015 frames
2026-08-28 11:57:04,917 INFO peoplein.stream: decoded loby/20260820-075739.mkv: 1015 frames
2026-08-28 11:57:04,934 INFO __main__: analysis interval completed start=2026-08-20 07:57:39 end=2026-08-20 08:01:02 frames=2030 ticks=1015 entered=8 exited=7 people_inside=1
2026-08-28 11:57:04,939 INFO __main__: summary updated end=2026-08-20 08:01:02
2026-08-28 11:57:04,939 INFO peoplein.stream: analysis interval ready start=2026-08-20 08:01:02 end=2026-08-20 08:02:41
2026-08-28 11:57:15,844 INFO peoplein.stream: decoded entrance/20260820-080102.mkv: 495 frames
2026-08-28 11:57:15,844 INFO peoplein.stream: decoded loby/20260820-075739.mkv: 495 frames
2026-08-28 11:57:15,864 INFO __main__: analysis interval completed start=2026-08-20 08:01:02 end=2026-08-20 08:02:41 frames=990 ticks=495 entered=8 exited=7 people_inside=1
2026-08-28 11:57:15,869 INFO __main__: summary updated end=2026-08-20 08:02:41
2026-08-28 11:57:15,869 INFO peoplein.stream: analysis interval ready start=2026-08-20 08:02:41 end=2026-08-20 08:06:02
2026-08-28 11:57:28,820 INFO peoplein.stream: decoded entrance/20260820-080102.mkv: 1005 frames
2026-08-28 11:57:28,824 INFO peoplein.stream: decoded loby/20260820-080241.mkv: 1005 frames
2026-08-28 11:57:28,836 INFO __main__: analysis interval completed start=2026-08-20 08:02:41 end=2026-08-20 08:06:02 frames=2010 ticks=1005 entered=8 exited=7 people_inside=1
2026-08-28 11:57:28,842 INFO __main__: summary updated end=2026-08-20 08:06:02
2026-08-28 11:57:28,842 INFO peoplein.stream: analysis interval ready start=2026-08-20 08:06:02 end=2026-08-20 08:07:41
2026-08-28 11:57:37,840 INFO peoplein.stream: decoded entrance/20260820-080602.mkv: 495 frames
2026-08-28 11:57:37,841 INFO peoplein.stream: decoded loby/20260820-080241.mkv: 495 frames
2026-08-28 11:57:37,859 INFO __main__: analysis interval completed start=2026-08-20 08:06:02 end=2026-08-20 08:07:41 frames=990 ticks=495 entered=8 exited=7 people_inside=1
2026-08-28 11:57:37,863 INFO __main__: summary updated end=2026-08-20 08:07:41
2026-08-28 11:57:37,864 INFO peoplein.stream: analysis interval ready start=2026-08-20 08:07:41 end=2026-08-20 08:11:02
2026-08-28 11:57:50,962 INFO peoplein.stream: decoded loby/20260820-080741.mkv: 1005 frames
2026-08-28 11:57:50,962 INFO peoplein.stream: decoded entrance/20260820-080602.mkv: 1005 frames
2026-08-28 11:57:50,979 INFO __main__: analysis interval completed start=2026-08-20 08:07:41 end=2026-08-20 08:11:02 frames=2010 ticks=1005 entered=8 exited=7 people_inside=1
2026-08-28 11:57:50,984 INFO __main__: summary updated end=2026-08-20 08:11:02
2026-08-28 11:57:50,984 INFO peoplein.stream: analysis interval ready start=2026-08-20 08:11:02 end=2026-08-20 08:12:41
2026-08-28 11:58:00,536 INFO peoplein.stream: decoded loby/20260820-080741.mkv: 495 frames
2026-08-28 11:58:00,536 INFO peoplein.stream: decoded entrance/20260820-081102.mkv: 495 frames
2026-08-28 11:58:00,553 INFO __main__: analysis interval completed start=2026-08-20 08:11:02 end=2026-08-20 08:12:41 frames=990 ticks=495 entered=8 exited=7 people_inside=1
2026-08-28 11:58:00,559 INFO __main__: summary updated end=2026-08-20 08:12:41
2026-08-28 11:58:00,559 INFO peoplein.stream: analysis interval ready start=2026-08-20 08:12:41 end=2026-08-20 08:16:02
2026-08-28 11:58:14,349 INFO peoplein.stream: decoded loby/20260820-081241.mkv: 1005 frames
2026-08-28 11:58:14,349 INFO peoplein.stream: decoded entrance/20260820-081102.mkv: 1005 frames
2026-08-28 11:58:14,367 INFO __main__: analysis interval completed start=2026-08-20 08:12:41 end=2026-08-20 08:16:02 frames=2010 ticks=1005 entered=8 exited=7 people_inside=1
2026-08-28 11:58:14,372 INFO __main__: summary updated end=2026-08-20 08:16:02
2026-08-28 11:58:14,372 INFO peoplein.stream: analysis interval ready start=2026-08-20 08:16:02 end=2026-08-20 08:17:41
2026-08-28 11:58:24,211 INFO peoplein.stream: decoded entrance/20260820-081602.mkv: 495 frames
2026-08-28 11:58:24,213 INFO peoplein.stream: decoded loby/20260820-081241.mkv: 495 frames
2026-08-28 11:58:24,232 INFO __main__: analysis interval completed start=2026-08-20 08:16:02 end=2026-08-20 08:17:41 frames=990 ticks=495 entered=8 exited=7 people_inside=1
2026-08-28 11:58:24,237 INFO __main__: summary updated end=2026-08-20 08:17:41
2026-08-28 11:58:24,237 INFO peoplein.stream: analysis interval ready start=2026-08-20 08:17:41 end=2026-08-20 08:21:02
2026-08-28 11:58:37,786 INFO peoplein.stream: decoded entrance/20260820-081602.mkv: 1005 frames
2026-08-28 11:58:37,786 INFO peoplein.stream: decoded loby/20260820-081741.mkv: 1005 frames
2026-08-28 11:58:37,803 INFO __main__: analysis interval completed start=2026-08-20 08:17:41 end=2026-08-20 08:21:02 frames=2010 ticks=1005 entered=8 exited=7 people_inside=1
2026-08-28 11:58:37,808 INFO __main__: summary updated end=2026-08-20 08:21:02
2026-08-28 11:58:37,808 INFO peoplein.stream: analysis interval ready start=2026-08-20 08:21:02 end=2026-08-20 08:22:41
2026-08-28 11:58:47,083 INFO peoplein.stream: decoded entrance/20260820-082102.mkv: 495 frames
2026-08-28 11:58:47,083 INFO peoplein.stream: decoded loby/20260820-081741.mkv: 495 frames
2026-08-28 11:58:47,101 INFO __main__: analysis interval completed start=2026-08-20 08:21:02 end=2026-08-20 08:22:41 frames=990 ticks=495 entered=8 exited=7 people_inside=1
2026-08-28 11:58:47,106 INFO __main__: summary updated end=2026-08-20 08:22:41
2026-08-28 11:58:47,106 INFO peoplein.stream: analysis interval ready start=2026-08-20 08:22:41 end=2026-08-20 08:26:02
2026-08-28 11:59:01,105 INFO peoplein.stream: decoded loby/20260820-082241.mkv: 1005 frames
2026-08-28 11:59:01,107 INFO peoplein.stream: decoded entrance/20260820-082102.mkv: 1005 frames
2026-08-28 11:59:01,124 INFO __main__: analysis interval completed start=2026-08-20 08:22:41 end=2026-08-20 08:26:02 frames=2010 ticks=1005 entered=8 exited=7 people_inside=1
2026-08-28 11:59:01,129 INFO __main__: summary updated end=2026-08-20 08:26:02
2026-08-28 11:59:01,129 INFO peoplein.stream: analysis interval ready start=2026-08-20 08:26:02 end=2026-08-20 08:27:41
2026-08-28 11:59:09,999 INFO peoplein.stream: decoded loby/20260820-082241.mkv: 490 frames
2026-08-28 11:59:10,086 INFO peoplein.stream: decoded entrance/20260820-082602.mkv: 495 frames
2026-08-28 11:59:10,096 INFO peoplein.stream: decoded loby/20260820-082740.mkv: 5 frames
2026-08-28 11:59:10,106 INFO __main__: analysis interval completed start=2026-08-20 08:26:02 end=2026-08-20 08:27:41 frames=990 ticks=495 entered=8 exited=7 people_inside=1
2026-08-28 11:59:10,111 INFO __main__: summary updated end=2026-08-20 08:27:41
2026-08-28 11:59:10,111 INFO peoplein.stream: analysis interval ready start=2026-08-20 08:27:40 end=2026-08-20 08:31:02
2026-08-28 11:59:23,716 INFO peoplein.stream: decoded loby/20260820-082740.mkv: 1010 frames
2026-08-28 11:59:23,717 INFO peoplein.stream: decoded entrance/20260820-082602.mkv: 1010 frames
2026-08-28 11:59:23,734 INFO __main__: analysis interval completed start=2026-08-20 08:27:40 end=2026-08-20 08:31:02 frames=2020 ticks=1010 entered=8 exited=7 people_inside=1
2026-08-28 11:59:23,738 INFO __main__: summary updated end=2026-08-20 08:31:02
2026-08-28 11:59:23,739 INFO peoplein.stream: analysis interval ready start=2026-08-20 08:31:02 end=2026-08-20 08:32:40
2026-08-28 11:59:33,385 INFO peoplein.stream: decoded entrance/20260820-083102.mkv: 490 frames
2026-08-28 11:59:33,385 INFO peoplein.stream: decoded loby/20260820-082740.mkv: 490 frames
2026-08-28 11:59:33,405 INFO __main__: analysis interval completed start=2026-08-20 08:31:02 end=2026-08-20 08:32:40 frames=980 ticks=490 entered=8 exited=7 people_inside=1
2026-08-28 11:59:33,410 INFO __main__: summary updated end=2026-08-20 08:32:40
2026-08-28 11:59:33,410 INFO peoplein.stream: analysis interval ready start=2026-08-20 08:32:40 end=2026-08-20 08:36:02
2026-08-28 11:59:46,739 INFO peoplein.stream: decoded entrance/20260820-083102.mkv: 1010 frames
2026-08-28 11:59:46,739 INFO peoplein.stream: decoded loby/20260820-083240.mkv: 1010 frames
2026-08-28 11:59:46,759 INFO __main__: analysis interval completed start=2026-08-20 08:32:40 end=2026-08-20 08:36:02 frames=2020 ticks=1010 entered=8 exited=7 people_inside=1
2026-08-28 11:59:46,764 INFO __main__: summary updated end=2026-08-20 08:36:02
2026-08-28 11:59:46,764 INFO peoplein.stream: analysis interval ready start=2026-08-20 08:36:02 end=2026-08-20 08:37:40
2026-08-28 11:59:56,396 INFO peoplein.stream: decoded entrance/20260820-083602.mkv: 490 frames
2026-08-28 11:59:56,396 INFO peoplein.stream: decoded loby/20260820-083240.mkv: 490 frames
2026-08-28 11:59:56,413 INFO __main__: analysis interval completed start=2026-08-20 08:36:02 end=2026-08-20 08:37:40 frames=980 ticks=490 entered=8 exited=7 people_inside=1
2026-08-28 11:59:56,418 INFO __main__: summary updated end=2026-08-20 08:37:40
2026-08-28 11:59:56,418 INFO peoplein.stream: analysis interval ready start=2026-08-20 08:37:40 end=2026-08-20 08:41:02
2026-08-28 12:00:08,815 INFO peoplein.stream: decoded entrance/20260820-083602.mkv: 1010 frames
2026-08-28 12:00:08,817 INFO peoplein.stream: decoded loby/20260820-083740.mkv: 1010 frames
2026-08-28 12:00:08,833 INFO __main__: analysis interval completed start=2026-08-20 08:37:40 end=2026-08-20 08:41:02 frames=2020 ticks=1010 entered=8 exited=7 people_inside=1
2026-08-28 12:00:08,839 INFO __main__: summary updated end=2026-08-20 08:41:02
2026-08-28 12:00:08,839 INFO peoplein.stream: analysis interval ready start=2026-08-20 08:41:02 end=2026-08-20 08:42:40
2026-08-28 12:00:17,456 INFO peoplein.stream: decoded entrance/20260820-084102.mkv: 490 frames
2026-08-28 12:00:17,456 INFO peoplein.stream: decoded loby/20260820-083740.mkv: 490 frames
2026-08-28 12:00:17,473 INFO __main__: analysis interval completed start=2026-08-20 08:41:02 end=2026-08-20 08:42:40 frames=980 ticks=490 entered=8 exited=7 people_inside=1
2026-08-28 12:00:17,478 INFO __main__: summary updated end=2026-08-20 08:42:40
2026-08-28 12:00:17,478 INFO peoplein.stream: analysis interval ready start=2026-08-20 08:42:40 end=2026-08-20 08:46:02
2026-08-28 12:00:29,706 INFO peoplein.stream: decoded entrance/20260820-084102.mkv: 1010 frames
2026-08-28 12:00:29,709 INFO peoplein.stream: decoded loby/20260820-084240.mkv: 1010 frames
2026-08-28 12:00:29,724 INFO __main__: analysis interval completed start=2026-08-20 08:42:40 end=2026-08-20 08:46:02 frames=2020 ticks=1010 entered=8 exited=7 people_inside=1
2026-08-28 12:00:29,728 INFO __main__: summary updated end=2026-08-20 08:46:02
2026-08-28 12:00:29,729 INFO peoplein.stream: analysis interval ready start=2026-08-20 08:46:02 end=2026-08-20 08:47:40
2026-08-28 12:00:38,600 INFO peoplein.stream: decoded loby/20260820-084240.mkv: 490 frames
2026-08-28 12:00:38,601 INFO peoplein.stream: decoded entrance/20260820-084602.mkv: 490 frames
2026-08-28 12:00:38,619 INFO __main__: analysis interval completed start=2026-08-20 08:46:02 end=2026-08-20 08:47:40 frames=980 ticks=490 entered=8 exited=7 people_inside=1
2026-08-28 12:00:38,624 INFO __main__: summary updated end=2026-08-20 08:47:40
2026-08-28 12:00:38,624 INFO peoplein.stream: analysis interval ready start=2026-08-20 08:47:40 end=2026-08-20 08:51:02
2026-08-28 12:00:52,496 INFO peoplein.stream: decoded entrance/20260820-084602.mkv: 1010 frames
2026-08-28 12:00:52,498 INFO peoplein.stream: decoded loby/20260820-084740.mkv: 1010 frames
2026-08-28 12:00:52,515 INFO __main__: analysis interval completed start=2026-08-20 08:47:40 end=2026-08-20 08:51:02 frames=2020 ticks=1010 entered=8 exited=7 people_inside=1
2026-08-28 12:00:52,520 INFO __main__: summary updated end=2026-08-20 08:51:02
2026-08-28 12:00:52,520 INFO peoplein.stream: analysis interval ready start=2026-08-20 08:51:02 end=2026-08-20 08:52:40
2026-08-28 12:01:02,305 INFO peoplein.stream: decoded entrance/20260820-085102.mkv: 490 frames
2026-08-28 12:01:02,305 INFO peoplein.stream: decoded loby/20260820-084740.mkv: 490 frames
2026-08-28 12:01:02,325 INFO __main__: analysis interval completed start=2026-08-20 08:51:02 end=2026-08-20 08:52:40 frames=980 ticks=490 entered=8 exited=7 people_inside=1
2026-08-28 12:01:02,331 INFO __main__: summary updated end=2026-08-20 08:52:40
2026-08-28 12:01:02,331 INFO peoplein.stream: analysis interval ready start=2026-08-20 08:52:40 end=2026-08-20 08:56:02
2026-08-28 12:01:17,051 INFO peoplein.stream: decoded entrance/20260820-085102.mkv: 1010 frames
2026-08-28 12:01:17,051 INFO peoplein.stream: decoded loby/20260820-085240.mkv: 1010 frames
2026-08-28 12:01:17,069 INFO __main__: analysis interval completed start=2026-08-20 08:52:40 end=2026-08-20 08:56:02 frames=2020 ticks=1010 entered=8 exited=7 people_inside=1
2026-08-28 12:01:17,073 INFO __main__: summary updated end=2026-08-20 08:56:02
2026-08-28 12:01:17,074 INFO peoplein.stream: analysis interval ready start=2026-08-20 08:56:02 end=2026-08-20 08:57:40
2026-08-28 12:01:25,995 INFO peoplein.stream: decoded loby/20260820-085240.mkv: 485 frames
2026-08-28 12:01:26,088 INFO peoplein.stream: decoded loby/20260820-085739.mkv: 5 frames
2026-08-28 12:01:26,088 INFO peoplein.stream: decoded entrance/20260820-085602.mkv: 490 frames
2026-08-28 12:01:26,109 INFO __main__: analysis interval completed start=2026-08-20 08:56:02 end=2026-08-20 08:57:40 frames=980 ticks=490 entered=8 exited=7 people_inside=1
2026-08-28 12:01:26,114 INFO __main__: summary updated end=2026-08-20 08:57:40
2026-08-28 12:01:26,114 INFO peoplein.stream: analysis interval ready start=2026-08-20 08:57:39 end=2026-08-20 09:01:02
2026-08-28 12:01:39,928 INFO peoplein.stream: decoded entrance/20260820-085602.mkv: 1015 frames
2026-08-28 12:01:39,929 INFO peoplein.stream: decoded loby/20260820-085739.mkv: 1015 frames
2026-08-28 12:01:39,947 INFO __main__: analysis interval completed start=2026-08-20 08:57:39 end=2026-08-20 09:01:02 frames=2030 ticks=1015 entered=8 exited=7 people_inside=1
2026-08-28 12:01:39,952 INFO __main__: summary updated end=2026-08-20 09:01:02
2026-08-28 12:01:39,952 INFO peoplein.stream: analysis interval ready start=2026-08-20 09:01:02 end=2026-08-20 09:02:39
2026-08-28 12:01:49,199 INFO peoplein.stream: decoded loby/20260820-085739.mkv: 485 frames
2026-08-28 12:01:49,202 INFO peoplein.stream: decoded entrance/20260820-090102.mkv: 485 frames
2026-08-28 12:01:49,218 INFO __main__: analysis interval completed start=2026-08-20 09:01:02 end=2026-08-20 09:02:39 frames=970 ticks=485 entered=8 exited=7 people_inside=1
2026-08-28 12:01:49,223 INFO __main__: summary updated end=2026-08-20 09:02:39
2026-08-28 12:01:49,223 INFO peoplein.stream: analysis interval ready start=2026-08-20 09:02:39 end=2026-08-20 09:06:02
2026-08-28 12:02:01,974 INFO peoplein.stream: decoded loby/20260820-090239.mkv: 1015 frames
2026-08-28 12:02:01,975 INFO peoplein.stream: decoded entrance/20260820-090102.mkv: 1015 frames
2026-08-28 12:02:01,990 INFO __main__: analysis interval completed start=2026-08-20 09:02:39 end=2026-08-20 09:06:02 frames=2030 ticks=1015 entered=8 exited=7 people_inside=1
2026-08-28 12:02:01,995 INFO __main__: summary updated end=2026-08-20 09:06:02
2026-08-28 12:02:01,995 INFO peoplein.stream: analysis interval ready start=2026-08-20 09:06:02 end=2026-08-20 09:07:39
2026-08-28 12:02:10,398 INFO peoplein.stream: decoded entrance/20260820-090602.mkv: 485 frames
2026-08-28 12:02:10,398 INFO peoplein.stream: decoded loby/20260820-090239.mkv: 485 frames
2026-08-28 12:02:10,415 INFO __main__: analysis interval completed start=2026-08-20 09:06:02 end=2026-08-20 09:07:39 frames=970 ticks=485 entered=8 exited=7 people_inside=1
2026-08-28 12:02:10,419 INFO __main__: summary updated end=2026-08-20 09:07:39
2026-08-28 12:02:10,420 INFO peoplein.stream: analysis interval ready start=2026-08-20 09:07:39 end=2026-08-20 09:11:02
2026-08-28 12:02:25,214 INFO peoplein.stream: decoded loby/20260820-090739.mkv: 1015 frames
2026-08-28 12:02:25,218 INFO peoplein.stream: decoded entrance/20260820-090602.mkv: 1015 frames
2026-08-28 12:02:25,233 INFO __main__: analysis interval completed start=2026-08-20 09:07:39 end=2026-08-20 09:11:02 frames=2030 ticks=1015 entered=8 exited=7 people_inside=1
2026-08-28 12:02:25,238 INFO __main__: summary updated end=2026-08-20 09:11:02
2026-08-28 12:02:25,238 INFO peoplein.stream: analysis interval ready start=2026-08-20 09:11:02 end=2026-08-20 09:12:41
2026-08-28 12:02:33,860 INFO peoplein.stream: decoded entrance/20260820-091102.mkv: 495 frames
2026-08-28 12:02:33,860 INFO peoplein.stream: decoded loby/20260820-090739.mkv: 495 frames
2026-08-28 12:02:33,877 INFO __main__: analysis interval completed start=2026-08-20 09:11:02 end=2026-08-20 09:12:41 frames=990 ticks=495 entered=8 exited=7 people_inside=1
2026-08-28 12:02:33,882 INFO __main__: summary updated end=2026-08-20 09:12:41
2026-08-28 12:02:33,882 INFO peoplein.stream: analysis interval ready start=2026-08-20 09:12:41 end=2026-08-20 09:16:02
2026-08-28 12:02:46,058 INFO peoplein.stream: decoded loby/20260820-091241.mkv: 1005 frames
2026-08-28 12:02:46,061 INFO peoplein.stream: decoded entrance/20260820-091102.mkv: 1005 frames
2026-08-28 12:02:46,076 INFO __main__: analysis interval completed start=2026-08-20 09:12:41 end=2026-08-20 09:16:02 frames=2010 ticks=1005 entered=8 exited=7 people_inside=1
2026-08-28 12:02:46,081 INFO __main__: summary updated end=2026-08-20 09:16:02
2026-08-28 12:02:46,081 INFO peoplein.stream: analysis interval ready start=2026-08-20 09:16:02 end=2026-08-20 09:17:41
2026-08-28 12:02:55,138 INFO peoplein.stream: decoded entrance/20260820-091602.mkv: 495 frames
2026-08-28 12:02:55,138 INFO peoplein.stream: decoded loby/20260820-091241.mkv: 495 frames
2026-08-28 12:02:55,154 INFO __main__: analysis interval completed start=2026-08-20 09:16:02 end=2026-08-20 09:17:41 frames=990 ticks=495 entered=8 exited=7 people_inside=1
2026-08-28 12:02:55,159 INFO __main__: summary updated end=2026-08-20 09:17:41
2026-08-28 12:02:55,159 INFO peoplein.stream: analysis interval ready start=2026-08-20 09:17:41 end=2026-08-20 09:21:02
2026-08-28 12:03:07,594 INFO peoplein.stream: decoded loby/20260820-091741.mkv: 1005 frames
2026-08-28 12:03:07,595 INFO peoplein.stream: decoded entrance/20260820-091602.mkv: 1005 frames
2026-08-28 12:03:07,615 INFO __main__: analysis interval completed start=2026-08-20 09:17:41 end=2026-08-20 09:21:02 frames=2010 ticks=1005 entered=8 exited=7 people_inside=1
2026-08-28 12:03:07,621 INFO __main__: summary updated end=2026-08-20 09:21:02
2026-08-28 12:03:07,621 INFO peoplein.stream: analysis interval ready start=2026-08-20 09:21:02 end=2026-08-20 09:22:41
2026-08-28 12:03:17,703 INFO peoplein.stream: decoded loby/20260820-091741.mkv: 495 frames
2026-08-28 12:03:17,708 INFO peoplein.stream: decoded entrance/20260820-092102.mkv: 495 frames
2026-08-28 12:03:17,721 INFO __main__: analysis interval completed start=2026-08-20 09:21:02 end=2026-08-20 09:22:41 frames=990 ticks=495 entered=8 exited=7 people_inside=1
2026-08-28 12:03:17,726 INFO __main__: summary updated end=2026-08-20 09:22:41
2026-08-28 12:03:17,726 INFO peoplein.stream: analysis interval ready start=2026-08-20 09:22:41 end=2026-08-20 09:26:02
2026-08-28 12:03:31,561 INFO peoplein.stream: decoded entrance/20260820-092102.mkv: 1005 frames
2026-08-28 12:03:31,561 INFO peoplein.stream: decoded loby/20260820-092241.mkv: 1005 frames
2026-08-28 12:03:31,581 INFO __main__: analysis interval completed start=2026-08-20 09:22:41 end=2026-08-20 09:26:02 frames=2010 ticks=1005 entered=8 exited=7 people_inside=1
2026-08-28 12:03:31,585 INFO __main__: summary updated end=2026-08-20 09:26:02
2026-08-28 12:03:31,586 INFO peoplein.stream: analysis interval ready start=2026-08-20 09:26:02 end=2026-08-20 09:27:41
2026-08-28 12:03:42,079 INFO peoplein.stream: decoded entrance/20260820-092602.mkv: 495 frames
2026-08-28 12:03:42,084 INFO peoplein.stream: decoded loby/20260820-092241.mkv: 495 frames
2026-08-28 12:03:42,102 INFO __main__: analysis interval completed start=2026-08-20 09:26:02 end=2026-08-20 09:27:41 frames=990 ticks=495 entered=8 exited=7 people_inside=1
2026-08-28 12:03:42,107 INFO __main__: summary updated end=2026-08-20 09:27:41
2026-08-28 12:03:42,108 INFO peoplein.stream: analysis interval ready start=2026-08-20 09:27:41 end=2026-08-20 09:31:02
2026-08-28 12:03:56,527 INFO peoplein.stream: decoded entrance/20260820-092602.mkv: 1005 frames
2026-08-28 12:03:56,527 INFO peoplein.stream: decoded loby/20260820-092741.mkv: 1005 frames
2026-08-28 12:03:56,546 INFO __main__: analysis interval completed start=2026-08-20 09:27:41 end=2026-08-20 09:31:02 frames=2010 ticks=1005 entered=8 exited=7 people_inside=1
2026-08-28 12:03:56,554 INFO __main__: summary updated end=2026-08-20 09:31:02
2026-08-28 12:03:56,554 INFO peoplein.stream: analysis interval ready start=2026-08-20 09:31:02 end=2026-08-20 09:32:41
2026-08-28 12:04:06,326 INFO peoplein.stream: decoded entrance/20260820-093102.mkv: 495 frames
2026-08-28 12:04:06,326 INFO peoplein.stream: decoded loby/20260820-092741.mkv: 495 frames
2026-08-28 12:04:06,347 INFO __main__: analysis interval completed start=2026-08-20 09:31:02 end=2026-08-20 09:32:41 frames=990 ticks=495 entered=8 exited=7 people_inside=1
2026-08-28 12:04:06,352 INFO __main__: summary updated end=2026-08-20 09:32:41
2026-08-28 12:04:06,352 INFO peoplein.stream: analysis interval ready start=2026-08-20 09:32:41 end=2026-08-20 09:36:02
2026-08-28 12:04:20,524 INFO peoplein.stream: decoded loby/20260820-093241.mkv: 1005 frames
2026-08-28 12:04:20,524 INFO peoplein.stream: decoded entrance/20260820-093102.mkv: 1005 frames
2026-08-28 12:04:20,540 INFO __main__: analysis interval completed start=2026-08-20 09:32:41 end=2026-08-20 09:36:02 frames=2010 ticks=1005 entered=8 exited=7 people_inside=1
2026-08-28 12:04:20,545 INFO __main__: summary updated end=2026-08-20 09:36:02
2026-08-28 12:04:20,546 INFO peoplein.stream: analysis interval ready start=2026-08-20 09:36:02 end=2026-08-20 09:37:41
2026-08-28 12:04:31,013 INFO peoplein.stream: decoded loby/20260820-093241.mkv: 490 frames
2026-08-28 12:04:31,106 INFO peoplein.stream: decoded entrance/20260820-093602.mkv: 495 frames
2026-08-28 12:04:31,113 INFO peoplein.stream: decoded loby/20260820-093740.mkv: 5 frames
2026-08-28 12:04:31,127 INFO __main__: analysis interval completed start=2026-08-20 09:36:02 end=2026-08-20 09:37:41 frames=990 ticks=495 entered=8 exited=7 people_inside=1
2026-08-28 12:04:31,132 INFO __main__: summary updated end=2026-08-20 09:37:41
2026-08-28 12:04:31,132 INFO peoplein.stream: analysis interval ready start=2026-08-20 09:37:40 end=2026-08-20 09:41:02
2026-08-28 12:04:44,624 INFO peoplein.stream: decoded entrance/20260820-093602.mkv: 1010 frames
2026-08-28 12:04:44,624 INFO peoplein.stream: decoded loby/20260820-093740.mkv: 1010 frames
2026-08-28 12:04:44,646 INFO __main__: analysis interval completed start=2026-08-20 09:37:40 end=2026-08-20 09:41:02 frames=2020 ticks=1010 entered=8 exited=7 people_inside=1
2026-08-28 12:04:44,651 INFO __main__: summary updated end=2026-08-20 09:41:02
2026-08-28 12:04:44,652 INFO peoplein.stream: analysis interval ready start=2026-08-20 09:41:02 end=2026-08-20 09:42:40
2026-08-28 12:04:53,224 INFO peoplein.stream: decoded entrance/20260820-094102.mkv: 490 frames
2026-08-28 12:04:53,228 INFO peoplein.stream: decoded loby/20260820-093740.mkv: 490 frames
2026-08-28 12:04:53,241 INFO __main__: analysis interval completed start=2026-08-20 09:41:02 end=2026-08-20 09:42:40 frames=980 ticks=490 entered=8 exited=7 people_inside=1
2026-08-28 12:04:53,246 INFO __main__: summary updated end=2026-08-20 09:42:40
2026-08-28 12:04:53,246 INFO peoplein.stream: analysis interval ready start=2026-08-20 09:42:40 end=2026-08-20 09:46:02
2026-08-28 12:05:06,312 INFO peoplein.stream: decoded loby/20260820-094240.mkv: 1010 frames
2026-08-28 12:05:06,313 INFO peoplein.stream: decoded entrance/20260820-094102.mkv: 1010 frames
2026-08-28 12:05:06,333 INFO __main__: analysis interval completed start=2026-08-20 09:42:40 end=2026-08-20 09:46:02 frames=2020 ticks=1010 entered=8 exited=7 people_inside=1
2026-08-28 12:05:06,339 INFO __main__: summary updated end=2026-08-20 09:46:02
2026-08-28 12:05:06,339 INFO peoplein.stream: analysis interval ready start=2026-08-20 09:46:02 end=2026-08-20 09:47:40
2026-08-28 12:05:16,088 INFO peoplein.stream: decoded entrance/20260820-094602.mkv: 490 frames
2026-08-28 12:05:16,091 INFO peoplein.stream: decoded loby/20260820-094240.mkv: 490 frames
2026-08-28 12:05:16,107 INFO __main__: analysis interval completed start=2026-08-20 09:46:02 end=2026-08-20 09:47:40 frames=980 ticks=490 entered=8 exited=7 people_inside=1
2026-08-28 12:05:16,112 INFO __main__: summary updated end=2026-08-20 09:47:40
2026-08-28 12:05:16,112 INFO peoplein.stream: analysis interval ready start=2026-08-20 09:47:40 end=2026-08-20 09:51:02
2026-08-28 12:05:29,016 INFO peoplein.stream: decoded entrance/20260820-094602.mkv: 1010 frames
2026-08-28 12:05:29,020 INFO peoplein.stream: decoded loby/20260820-094740.mkv: 1010 frames
2026-08-28 12:05:29,035 INFO __main__: analysis interval completed start=2026-08-20 09:47:40 end=2026-08-20 09:51:02 frames=2020 ticks=1010 entered=8 exited=7 people_inside=1
2026-08-28 12:05:29,040 INFO __main__: summary updated end=2026-08-20 09:51:02
2026-08-28 12:05:29,040 INFO peoplein.stream: analysis interval ready start=2026-08-20 09:51:02 end=2026-08-20 09:52:40
2026-08-28 12:05:38,363 INFO peoplein.stream: decoded loby/20260820-094740.mkv: 490 frames
2026-08-28 12:05:38,372 INFO peoplein.stream: decoded entrance/20260820-095102.mkv: 490 frames
2026-08-28 12:05:38,385 INFO __main__: analysis interval completed start=2026-08-20 09:51:02 end=2026-08-20 09:52:40 frames=980 ticks=490 entered=8 exited=7 people_inside=1
2026-08-28 12:05:38,390 INFO __main__: summary updated end=2026-08-20 09:52:40
2026-08-28 12:05:38,390 INFO peoplein.stream: analysis interval ready start=2026-08-20 09:52:40 end=2026-08-20 09:56:02
2026-08-28 12:05:50,664 INFO peoplein.stream: decoded loby/20260820-095240.mkv: 1010 frames
2026-08-28 12:05:50,664 INFO peoplein.stream: decoded entrance/20260820-095102.mkv: 1010 frames
2026-08-28 12:05:50,680 INFO __main__: analysis interval completed start=2026-08-20 09:52:40 end=2026-08-20 09:56:02 frames=2020 ticks=1010 entered=8 exited=7 people_inside=1
2026-08-28 12:05:50,685 INFO __main__: summary updated end=2026-08-20 09:56:02
2026-08-28 12:05:50,685 INFO peoplein.stream: analysis interval ready start=2026-08-20 09:56:02 end=2026-08-20 09:57:40
2026-08-28 12:05:59,472 INFO peoplein.stream: decoded entrance/20260820-095602.mkv: 490 frames
2026-08-28 12:05:59,472 INFO peoplein.stream: decoded loby/20260820-095240.mkv: 490 frames
2026-08-28 12:05:59,489 INFO __main__: analysis interval completed start=2026-08-20 09:56:02 end=2026-08-20 09:57:40 frames=980 ticks=490 entered=8 exited=7 people_inside=1
2026-08-28 12:05:59,493 INFO __main__: summary updated end=2026-08-20 09:57:40
2026-08-28 12:05:59,493 INFO peoplein.stream: analysis interval ready start=2026-08-20 09:57:40 end=2026-08-20 10:01:02
2026-08-28 12:06:12,524 INFO peoplein.stream: decoded entrance/20260820-095602.mkv: 1010 frames
2026-08-28 12:06:12,524 INFO peoplein.stream: decoded loby/20260820-095740.mkv: 1010 frames
2026-08-28 12:06:12,541 INFO __main__: analysis interval completed start=2026-08-20 09:57:40 end=2026-08-20 10:01:02 frames=2020 ticks=1010 entered=8 exited=7 people_inside=1
2026-08-28 12:06:12,546 INFO __main__: summary updated end=2026-08-20 10:01:02
2026-08-28 12:06:12,546 INFO peoplein.stream: analysis interval ready start=2026-08-20 10:01:02 end=2026-08-20 10:02:40
2026-08-28 12:06:22,045 INFO peoplein.stream: decoded entrance/20260820-100102.mkv: 490 frames
2026-08-28 12:06:22,045 INFO peoplein.stream: decoded loby/20260820-095740.mkv: 490 frames
2026-08-28 12:06:22,062 INFO __main__: analysis interval completed start=2026-08-20 10:01:02 end=2026-08-20 10:02:40 frames=980 ticks=490 entered=8 exited=7 people_inside=1
2026-08-28 12:06:22,067 INFO __main__: summary updated end=2026-08-20 10:02:40
2026-08-28 12:06:22,067 INFO peoplein.stream: analysis interval ready start=2026-08-20 10:02:40 end=2026-08-20 10:06:02
2026-08-28 12:06:34,838 INFO peoplein.stream: decoded entrance/20260820-100102.mkv: 1010 frames
2026-08-28 12:06:34,841 INFO peoplein.stream: decoded loby/20260820-100240.mkv: 1010 frames
2026-08-28 12:06:34,857 INFO __main__: analysis interval completed start=2026-08-20 10:02:40 end=2026-08-20 10:06:02 frames=2020 ticks=1010 entered=8 exited=7 people_inside=1
2026-08-28 12:06:34,862 INFO __main__: summary updated end=2026-08-20 10:06:02
2026-08-28 12:06:34,862 INFO peoplein.stream: analysis interval ready start=2026-08-20 10:06:02 end=2026-08-20 10:07:40
2026-08-28 12:06:43,192 INFO peoplein.stream: decoded entrance/20260820-100602.mkv: 490 frames
2026-08-28 12:06:43,194 INFO peoplein.stream: decoded loby/20260820-100240.mkv: 490 frames
2026-08-28 12:06:43,211 INFO __main__: analysis interval completed start=2026-08-20 10:06:02 end=2026-08-20 10:07:40 frames=980 ticks=490 entered=8 exited=7 people_inside=1
2026-08-28 12:06:43,216 INFO __main__: summary updated end=2026-08-20 10:07:40
2026-08-28 12:06:43,216 INFO peoplein.stream: analysis interval ready start=2026-08-20 10:07:40 end=2026-08-20 10:11:02
2026-08-28 12:06:55,574 INFO peoplein.stream: decoded loby/20260820-100740.mkv: 1010 frames
2026-08-28 12:06:55,576 INFO peoplein.stream: decoded entrance/20260820-100602.mkv: 1010 frames
2026-08-28 12:06:55,591 INFO __main__: analysis interval completed start=2026-08-20 10:07:40 end=2026-08-20 10:11:02 frames=2020 ticks=1010 entered=8 exited=7 people_inside=1
2026-08-28 12:06:55,596 INFO __main__: summary updated end=2026-08-20 10:11:02
2026-08-28 12:06:55,596 INFO peoplein.stream: analysis interval ready start=2026-08-20 10:11:02 end=2026-08-20 10:12:40
2026-08-28 12:07:03,995 INFO peoplein.stream: decoded loby/20260820-100740.mkv: 485 frames
2026-08-28 12:07:04,078 INFO peoplein.stream: decoded entrance/20260820-101102.mkv: 490 frames
2026-08-28 12:07:04,091 INFO peoplein.stream: decoded loby/20260820-101239.mkv: 5 frames
2026-08-28 12:07:04,098 INFO __main__: analysis interval completed start=2026-08-20 10:11:02 end=2026-08-20 10:12:40 frames=980 ticks=490 entered=8 exited=7 people_inside=1
2026-08-28 12:07:04,103 INFO __main__: summary updated end=2026-08-20 10:12:40
2026-08-28 12:07:04,103 INFO peoplein.stream: analysis interval ready start=2026-08-20 10:12:39 end=2026-08-20 10:16:02
2026-08-28 12:07:16,859 INFO peoplein.stream: decoded entrance/20260820-101102.mkv: 1015 frames
2026-08-28 12:07:16,859 INFO peoplein.stream: decoded loby/20260820-101239.mkv: 1015 frames
2026-08-28 12:07:16,876 INFO __main__: analysis interval completed start=2026-08-20 10:12:39 end=2026-08-20 10:16:02 frames=2030 ticks=1015 entered=8 exited=7 people_inside=1
2026-08-28 12:07:16,881 INFO __main__: summary updated end=2026-08-20 10:16:02
2026-08-28 12:07:16,881 INFO peoplein.stream: analysis interval ready start=2026-08-20 10:16:02 end=2026-08-20 10:17:39
2026-08-28 12:07:25,509 INFO peoplein.stream: decoded loby/20260820-101239.mkv: 485 frames
2026-08-28 12:07:25,509 INFO peoplein.stream: decoded entrance/20260820-101602.mkv: 485 frames
2026-08-28 12:07:25,526 INFO __main__: analysis interval completed start=2026-08-20 10:16:02 end=2026-08-20 10:17:39 frames=970 ticks=485 entered=8 exited=7 people_inside=1
2026-08-28 12:07:25,531 INFO __main__: summary updated end=2026-08-20 10:17:39
2026-08-28 12:07:25,531 INFO peoplein.stream: analysis interval ready start=2026-08-20 10:17:39 end=2026-08-20 10:21:02
2026-08-28 12:07:37,324 INFO peoplein.stream: decoded loby/20260820-101739.mkv: 1015 frames
2026-08-28 12:07:37,324 INFO peoplein.stream: decoded entrance/20260820-101602.mkv: 1015 frames
2026-08-28 12:07:37,341 INFO __main__: analysis interval completed start=2026-08-20 10:17:39 end=2026-08-20 10:21:02 frames=2030 ticks=1015 entered=8 exited=7 people_inside=1
2026-08-28 12:07:37,346 INFO __main__: summary updated end=2026-08-20 10:21:02
2026-08-28 12:07:37,346 INFO peoplein.stream: analysis interval ready start=2026-08-20 10:21:02 end=2026-08-20 10:22:39
2026-08-28 12:07:45,648 INFO peoplein.stream: decoded entrance/20260820-102102.mkv: 485 frames
2026-08-28 12:07:45,649 INFO peoplein.stream: decoded loby/20260820-101739.mkv: 485 frames
2026-08-28 12:07:45,666 INFO __main__: analysis interval completed start=2026-08-20 10:21:02 end=2026-08-20 10:22:39 frames=970 ticks=485 entered=8 exited=7 people_inside=1
2026-08-28 12:07:45,671 INFO __main__: summary updated end=2026-08-20 10:22:39
2026-08-28 12:07:45,671 INFO peoplein.stream: analysis interval ready start=2026-08-20 10:22:39 end=2026-08-20 10:26:02
2026-08-28 12:07:57,840 INFO peoplein.stream: decoded loby/20260820-102239.mkv: 1015 frames
2026-08-28 12:07:57,841 INFO peoplein.stream: decoded entrance/20260820-102102.mkv: 1015 frames
2026-08-28 12:07:57,858 INFO __main__: analysis interval completed start=2026-08-20 10:22:39 end=2026-08-20 10:26:02 frames=2030 ticks=1015 entered=8 exited=7 people_inside=1
2026-08-28 12:07:57,863 INFO __main__: summary updated end=2026-08-20 10:26:02
2026-08-28 12:07:57,863 INFO peoplein.stream: analysis interval ready start=2026-08-20 10:26:02 end=2026-08-20 10:27:39
2026-08-28 12:08:06,091 INFO peoplein.stream: decoded entrance/20260820-102602.mkv: 485 frames
2026-08-28 12:08:06,091 INFO peoplein.stream: decoded loby/20260820-102239.mkv: 485 frames
2026-08-28 12:08:06,109 INFO __main__: analysis interval completed start=2026-08-20 10:26:02 end=2026-08-20 10:27:39 frames=970 ticks=485 entered=8 exited=7 people_inside=1
2026-08-28 12:08:06,114 INFO __main__: summary updated end=2026-08-20 10:27:39
2026-08-28 12:08:06,114 INFO peoplein.stream: analysis interval ready start=2026-08-20 10:27:39 end=2026-08-20 10:31:02
2026-08-28 12:08:19,230 INFO peoplein.stream: decoded entrance/20260820-102602.mkv: 1015 frames
2026-08-28 12:08:19,230 INFO peoplein.stream: decoded loby/20260820-102739.mkv: 1015 frames
2026-08-28 12:08:19,248 INFO __main__: analysis interval completed start=2026-08-20 10:27:39 end=2026-08-20 10:31:02 frames=2030 ticks=1015 entered=8 exited=7 people_inside=1
2026-08-28 12:08:19,253 INFO __main__: summary updated end=2026-08-20 10:31:02
2026-08-28 12:08:19,254 INFO peoplein.stream: analysis interval ready start=2026-08-20 10:31:02 end=2026-08-20 10:32:41
2026-08-28 12:08:28,342 INFO peoplein.stream: decoded entrance/20260820-103102.mkv: 495 frames
2026-08-28 12:08:28,342 INFO peoplein.stream: decoded loby/20260820-102739.mkv: 495 frames
2026-08-28 12:08:28,359 INFO __main__: analysis interval completed start=2026-08-20 10:31:02 end=2026-08-20 10:32:41 frames=990 ticks=495 entered=8 exited=7 people_inside=1
2026-08-28 12:08:28,364 INFO __main__: summary updated end=2026-08-20 10:32:41
2026-08-28 12:08:28,364 INFO peoplein.stream: analysis interval ready start=2026-08-20 10:32:41 end=2026-08-20 10:36:02
2026-08-28 12:08:40,258 INFO peoplein.stream: decoded loby/20260820-103241.mkv: 1005 frames
2026-08-28 12:08:40,262 INFO peoplein.stream: decoded entrance/20260820-103102.mkv: 1005 frames
2026-08-28 12:08:40,276 INFO __main__: analysis interval completed start=2026-08-20 10:32:41 end=2026-08-20 10:36:02 frames=2010 ticks=1005 entered=8 exited=7 people_inside=1
2026-08-28 12:08:40,281 INFO __main__: summary updated end=2026-08-20 10:36:02
2026-08-28 12:08:40,281 INFO peoplein.stream: analysis interval ready start=2026-08-20 10:36:02 end=2026-08-20 10:37:41
2026-08-28 12:08:51,257 INFO peoplein.stream: decoded entrance/20260820-103602.mkv: 495 frames
2026-08-28 12:08:51,257 INFO peoplein.stream: decoded loby/20260820-103241.mkv: 495 frames
2026-08-28 12:08:51,276 INFO __main__: analysis interval completed start=2026-08-20 10:36:02 end=2026-08-20 10:37:41 frames=990 ticks=495 entered=9 exited=7 people_inside=2
2026-08-28 12:08:51,281 INFO __main__: summary updated end=2026-08-20 10:37:41
2026-08-28 12:08:51,281 INFO peoplein.stream: analysis interval ready start=2026-08-20 10:37:41 end=2026-08-20 10:41:02
2026-08-28 12:09:04,110 INFO peoplein.stream: decoded entrance/20260820-103602.mkv: 1005 frames
2026-08-28 12:09:04,112 INFO peoplein.stream: decoded loby/20260820-103741.mkv: 1005 frames
2026-08-28 12:09:04,129 INFO __main__: analysis interval completed start=2026-08-20 10:37:41 end=2026-08-20 10:41:02 frames=2010 ticks=1005 entered=9 exited=7 people_inside=2
2026-08-28 12:09:04,134 INFO __main__: summary updated end=2026-08-20 10:41:02
2026-08-28 12:09:04,134 INFO peoplein.stream: analysis interval ready start=2026-08-20 10:41:02 end=2026-08-20 10:42:41
2026-08-28 12:09:13,942 INFO peoplein.stream: decoded entrance/20260820-104102.mkv: 495 frames
2026-08-28 12:09:13,942 INFO peoplein.stream: decoded loby/20260820-103741.mkv: 495 frames
2026-08-28 12:09:13,959 INFO __main__: analysis interval completed start=2026-08-20 10:41:02 end=2026-08-20 10:42:41 frames=990 ticks=495 entered=9 exited=7 people_inside=2
2026-08-28 12:09:13,964 INFO __main__: summary updated end=2026-08-20 10:42:41
2026-08-28 12:09:13,964 INFO peoplein.stream: analysis interval ready start=2026-08-20 10:42:41 end=2026-08-20 10:46:02
2026-08-28 12:09:26,215 INFO peoplein.stream: decoded entrance/20260820-104102.mkv: 1005 frames
2026-08-28 12:09:26,217 INFO peoplein.stream: decoded loby/20260820-104241.mkv: 1005 frames
2026-08-28 12:09:26,236 INFO __main__: analysis interval completed start=2026-08-20 10:42:41 end=2026-08-20 10:46:02 frames=2010 ticks=1005 entered=9 exited=7 people_inside=2
2026-08-28 12:09:26,242 INFO __main__: summary updated end=2026-08-20 10:46:02
2026-08-28 12:09:26,242 INFO peoplein.stream: analysis interval ready start=2026-08-20 10:46:02 end=2026-08-20 10:47:41
2026-08-28 12:09:35,322 INFO peoplein.stream: decoded entrance/20260820-104602.mkv: 495 frames
2026-08-28 12:09:35,322 INFO peoplein.stream: decoded loby/20260820-104241.mkv: 495 frames
2026-08-28 12:09:35,344 INFO __main__: analysis interval completed start=2026-08-20 10:46:02 end=2026-08-20 10:47:41 frames=990 ticks=495 entered=9 exited=7 people_inside=2
2026-08-28 12:09:35,350 INFO __main__: summary updated end=2026-08-20 10:47:41
2026-08-28 12:09:35,350 INFO peoplein.stream: analysis interval ready start=2026-08-20 10:47:41 end=2026-08-20 10:51:02
2026-08-28 12:09:48,223 INFO peoplein.stream: decoded entrance/20260820-104602.mkv: 1005 frames
2026-08-28 12:09:48,223 INFO peoplein.stream: decoded loby/20260820-104741.mkv: 1005 frames
2026-08-28 12:09:48,242 INFO __main__: analysis interval completed start=2026-08-20 10:47:41 end=2026-08-20 10:51:02 frames=2010 ticks=1005 entered=9 exited=7 people_inside=2
2026-08-28 12:09:48,248 INFO __main__: summary updated end=2026-08-20 10:51:02
2026-08-28 12:09:48,248 INFO peoplein.stream: analysis interval ready start=2026-08-20 10:51:02 end=2026-08-20 10:52:41
2026-08-28 12:09:57,294 INFO peoplein.stream: decoded loby/20260820-104741.mkv: 490 frames
2026-08-28 12:09:57,385 INFO peoplein.stream: decoded entrance/20260820-105102.mkv: 495 frames
2026-08-28 12:09:57,385 INFO peoplein.stream: decoded loby/20260820-105240.mkv: 5 frames
2026-08-28 12:09:57,403 INFO __main__: analysis interval completed start=2026-08-20 10:51:02 end=2026-08-20 10:52:41 frames=990 ticks=495 entered=9 exited=7 people_inside=2
2026-08-28 12:09:57,408 INFO __main__: summary updated end=2026-08-20 10:52:41
2026-08-28 12:09:57,408 INFO peoplein.stream: analysis interval ready start=2026-08-20 10:52:40 end=2026-08-20 10:56:02
2026-08-28 12:10:10,823 INFO peoplein.stream: decoded loby/20260820-105240.mkv: 1010 frames
2026-08-28 12:10:10,823 INFO peoplein.stream: decoded entrance/20260820-105102.mkv: 1010 frames
2026-08-28 12:10:10,842 INFO __main__: analysis interval completed start=2026-08-20 10:52:40 end=2026-08-20 10:56:02 frames=2020 ticks=1010 entered=9 exited=7 people_inside=2
2026-08-28 12:10:10,848 INFO __main__: summary updated end=2026-08-20 10:56:02
2026-08-28 12:10:10,848 INFO peoplein.stream: analysis interval ready start=2026-08-20 10:56:02 end=2026-08-20 10:57:40
2026-08-28 12:10:20,398 INFO peoplein.stream: decoded loby/20260820-105240.mkv: 490 frames
2026-08-28 12:10:20,398 INFO peoplein.stream: decoded entrance/20260820-105602.mkv: 490 frames
2026-08-28 12:10:20,415 INFO __main__: analysis interval completed start=2026-08-20 10:56:02 end=2026-08-20 10:57:40 frames=980 ticks=490 entered=9 exited=7 people_inside=2
2026-08-28 12:10:20,420 INFO __main__: summary updated end=2026-08-20 10:57:40
2026-08-28 12:10:20,420 INFO peoplein.stream: analysis interval ready start=2026-08-20 10:57:40 end=2026-08-20 11:01:02
2026-08-28 12:10:35,137 INFO peoplein.stream: decoded entrance/20260820-105602.mkv: 1010 frames
2026-08-28 12:10:35,137 INFO peoplein.stream: decoded loby/20260820-105740.mkv: 1010 frames
2026-08-28 12:10:35,156 INFO __main__: analysis interval completed start=2026-08-20 10:57:40 end=2026-08-20 11:01:02 frames=2020 ticks=1010 entered=9 exited=8 people_inside=1
2026-08-28 12:10:35,161 INFO __main__: summary updated end=2026-08-20 11:01:02
2026-08-28 12:10:35,161 INFO peoplein.stream: analysis interval ready start=2026-08-20 11:01:02 end=2026-08-20 11:02:40
2026-08-28 12:10:44,677 INFO peoplein.stream: decoded entrance/20260820-110102.mkv: 490 frames
2026-08-28 12:10:44,677 INFO peoplein.stream: decoded loby/20260820-105740.mkv: 490 frames
2026-08-28 12:10:44,694 INFO __main__: analysis interval completed start=2026-08-20 11:01:02 end=2026-08-20 11:02:40 frames=980 ticks=490 entered=9 exited=8 people_inside=1
2026-08-28 12:10:44,700 INFO __main__: summary updated end=2026-08-20 11:02:40
2026-08-28 12:10:44,700 INFO peoplein.stream: analysis interval ready start=2026-08-20 11:02:40 end=2026-08-20 11:06:02
2026-08-28 12:10:58,943 INFO peoplein.stream: decoded entrance/20260820-110102.mkv: 1010 frames
2026-08-28 12:10:58,945 INFO peoplein.stream: decoded loby/20260820-110240.mkv: 1010 frames
2026-08-28 12:10:58,961 INFO __main__: analysis interval completed start=2026-08-20 11:02:40 end=2026-08-20 11:06:02 frames=2020 ticks=1010 entered=9 exited=8 people_inside=1
2026-08-28 12:10:58,967 INFO __main__: summary updated end=2026-08-20 11:06:02
2026-08-28 12:10:58,967 INFO peoplein.stream: analysis interval ready start=2026-08-20 11:06:02 end=2026-08-20 11:07:40
2026-08-28 12:11:08,587 INFO peoplein.stream: decoded entrance/20260820-110602.mkv: 490 frames
2026-08-28 12:11:08,587 INFO peoplein.stream: decoded loby/20260820-110240.mkv: 490 frames
2026-08-28 12:11:08,607 INFO __main__: analysis interval completed start=2026-08-20 11:06:02 end=2026-08-20 11:07:40 frames=980 ticks=490 entered=9 exited=8 people_inside=1
2026-08-28 12:11:08,613 INFO __main__: summary updated end=2026-08-20 11:07:40
2026-08-28 12:11:08,613 INFO peoplein.stream: analysis interval ready start=2026-08-20 11:07:40 end=2026-08-20 11:11:02
2026-08-28 12:11:22,533 INFO peoplein.stream: decoded loby/20260820-110740.mkv: 1010 frames
2026-08-28 12:11:22,534 INFO peoplein.stream: decoded entrance/20260820-110602.mkv: 1010 frames
2026-08-28 12:11:22,550 INFO __main__: analysis interval completed start=2026-08-20 11:07:40 end=2026-08-20 11:11:02 frames=2020 ticks=1010 entered=9 exited=8 people_inside=1
2026-08-28 12:11:22,555 INFO __main__: summary updated end=2026-08-20 11:11:02
2026-08-28 12:11:22,555 INFO peoplein.stream: analysis interval ready start=2026-08-20 11:11:02 end=2026-08-20 11:12:40
2026-08-28 12:11:31,267 INFO peoplein.stream: decoded entrance/20260820-111102.mkv: 490 frames
2026-08-28 12:11:31,267 INFO peoplein.stream: decoded loby/20260820-110740.mkv: 490 frames
2026-08-28 12:11:31,285 INFO __main__: analysis interval completed start=2026-08-20 11:11:02 end=2026-08-20 11:12:40 frames=980 ticks=490 entered=9 exited=8 people_inside=1
2026-08-28 12:11:31,290 INFO __main__: summary updated end=2026-08-20 11:12:40
2026-08-28 12:11:31,290 INFO peoplein.stream: analysis interval ready start=2026-08-20 11:12:40 end=2026-08-20 11:16:02
2026-08-28 12:11:44,008 INFO peoplein.stream: decoded entrance/20260820-111102.mkv: 1010 frames
2026-08-28 12:11:44,008 INFO peoplein.stream: decoded loby/20260820-111240.mkv: 1010 frames
2026-08-28 12:11:44,025 INFO __main__: analysis interval completed start=2026-08-20 11:12:40 end=2026-08-20 11:16:02 frames=2020 ticks=1010 entered=9 exited=8 people_inside=1
2026-08-28 12:11:44,030 INFO __main__: summary updated end=2026-08-20 11:16:02
2026-08-28 12:11:44,030 INFO peoplein.stream: analysis interval ready start=2026-08-20 11:16:02 end=2026-08-20 11:17:40
2026-08-28 12:11:52,700 INFO peoplein.stream: decoded loby/20260820-111240.mkv: 490 frames
2026-08-28 12:11:52,703 INFO peoplein.stream: decoded entrance/20260820-111602.mkv: 490 frames
2026-08-28 12:11:52,718 INFO __main__: analysis interval completed start=2026-08-20 11:16:02 end=2026-08-20 11:17:40 frames=980 ticks=490 entered=9 exited=8 people_inside=1
2026-08-28 12:11:52,723 INFO __main__: summary updated end=2026-08-20 11:17:40
2026-08-28 12:11:52,723 INFO peoplein.stream: analysis interval ready start=2026-08-20 11:17:40 end=2026-08-20 11:21:02
2026-08-28 12:12:06,089 INFO peoplein.stream: decoded loby/20260820-111740.mkv: 1010 frames
2026-08-28 12:12:06,089 INFO peoplein.stream: decoded entrance/20260820-111602.mkv: 1010 frames
2026-08-28 12:12:06,106 INFO __main__: analysis interval completed start=2026-08-20 11:17:40 end=2026-08-20 11:21:02 frames=2020 ticks=1010 entered=9 exited=8 people_inside=1
2026-08-28 12:12:06,111 INFO __main__: summary updated end=2026-08-20 11:21:02
2026-08-28 12:12:06,112 INFO peoplein.stream: analysis interval ready start=2026-08-20 11:21:02 end=2026-08-20 11:22:40
2026-08-28 12:12:15,122 INFO peoplein.stream: decoded loby/20260820-111740.mkv: 490 frames
2026-08-28 12:12:15,122 INFO peoplein.stream: decoded entrance/20260820-112102.mkv: 490 frames
2026-08-28 12:12:15,139 INFO __main__: analysis interval completed start=2026-08-20 11:21:02 end=2026-08-20 11:22:40 frames=980 ticks=490 entered=9 exited=8 people_inside=1
2026-08-28 12:12:15,144 INFO __main__: summary updated end=2026-08-20 11:22:40
2026-08-28 12:12:15,144 INFO peoplein.stream: analysis interval ready start=2026-08-20 11:22:40 end=2026-08-20 11:26:02
2026-08-28 12:12:27,827 INFO peoplein.stream: decoded loby/20260820-112240.mkv: 1010 frames
2026-08-28 12:12:27,827 INFO peoplein.stream: decoded entrance/20260820-112102.mkv: 1010 frames
2026-08-28 12:12:27,845 INFO __main__: analysis interval completed start=2026-08-20 11:22:40 end=2026-08-20 11:26:02 frames=2020 ticks=1010 entered=9 exited=8 people_inside=1
2026-08-28 12:12:27,851 INFO __main__: summary updated end=2026-08-20 11:26:02
2026-08-28 12:12:27,851 INFO peoplein.stream: analysis interval ready start=2026-08-20 11:26:02 end=2026-08-20 11:27:40
2026-08-28 12:12:37,547 INFO peoplein.stream: decoded loby/20260820-112240.mkv: 490 frames
2026-08-28 12:12:37,547 INFO peoplein.stream: decoded entrance/20260820-112602.mkv: 490 frames
2026-08-28 12:12:37,566 INFO __main__: analysis interval completed start=2026-08-20 11:26:02 end=2026-08-20 11:27:40 frames=980 ticks=490 entered=9 exited=8 people_inside=1
2026-08-28 12:12:37,571 INFO __main__: summary updated end=2026-08-20 11:27:40
2026-08-28 12:12:37,571 INFO peoplein.stream: analysis interval ready start=2026-08-20 11:27:40 end=2026-08-20 11:31:02
2026-08-28 12:12:52,147 INFO peoplein.stream: decoded loby/20260820-112740.mkv: 1010 frames
2026-08-28 12:12:52,147 INFO peoplein.stream: decoded entrance/20260820-112602.mkv: 1010 frames
2026-08-28 12:12:52,164 INFO __main__: analysis interval completed start=2026-08-20 11:27:40 end=2026-08-20 11:31:02 frames=2020 ticks=1010 entered=9 exited=8 people_inside=1
2026-08-28 12:12:52,169 INFO __main__: summary updated end=2026-08-20 11:31:02
2026-08-28 12:12:52,169 INFO peoplein.stream: analysis interval ready start=2026-08-20 11:31:02 end=2026-08-20 11:32:40
2026-08-28 12:13:01,011 INFO peoplein.stream: decoded loby/20260820-112740.mkv: 485 frames
2026-08-28 12:13:01,105 INFO peoplein.stream: decoded loby/20260820-113239.mkv: 5 frames
2026-08-28 12:13:01,105 INFO peoplein.stream: decoded entrance/20260820-113102.mkv: 490 frames
2026-08-28 12:13:01,122 INFO __main__: analysis interval completed start=2026-08-20 11:31:02 end=2026-08-20 11:32:40 frames=980 ticks=490 entered=9 exited=8 people_inside=1
2026-08-28 12:13:01,127 INFO __main__: summary updated end=2026-08-20 11:32:40
2026-08-28 12:13:01,127 INFO peoplein.stream: analysis interval ready start=2026-08-20 11:32:39 end=2026-08-20 11:36:02
2026-08-28 12:13:14,407 INFO peoplein.stream: decoded loby/20260820-113239.mkv: 1015 frames
2026-08-28 12:13:14,407 INFO peoplein.stream: decoded entrance/20260820-113102.mkv: 1015 frames
2026-08-28 12:13:14,426 INFO __main__: analysis interval completed start=2026-08-20 11:32:39 end=2026-08-20 11:36:02 frames=2030 ticks=1015 entered=9 exited=8 people_inside=1
2026-08-28 12:13:14,432 INFO __main__: summary updated end=2026-08-20 11:36:02
2026-08-28 12:13:14,432 INFO peoplein.stream: analysis interval ready start=2026-08-20 11:36:02 end=2026-08-20 11:37:39
2026-08-28 12:13:23,245 INFO peoplein.stream: decoded entrance/20260820-113602.mkv: 485 frames
2026-08-28 12:13:23,245 INFO peoplein.stream: decoded loby/20260820-113239.mkv: 485 frames
2026-08-28 12:13:23,262 INFO __main__: analysis interval completed start=2026-08-20 11:36:02 end=2026-08-20 11:37:39 frames=970 ticks=485 entered=9 exited=8 people_inside=1
2026-08-28 12:13:23,267 INFO __main__: summary updated end=2026-08-20 11:37:39
2026-08-28 12:13:23,267 INFO peoplein.stream: analysis interval ready start=2026-08-20 11:37:39 end=2026-08-20 11:41:02
2026-08-28 12:13:35,650 INFO peoplein.stream: decoded loby/20260820-113739.mkv: 1015 frames
2026-08-28 12:13:35,650 INFO peoplein.stream: decoded entrance/20260820-113602.mkv: 1015 frames
2026-08-28 12:13:35,669 INFO __main__: analysis interval completed start=2026-08-20 11:37:39 end=2026-08-20 11:41:02 frames=2030 ticks=1015 entered=9 exited=8 people_inside=1
2026-08-28 12:13:35,674 INFO __main__: summary updated end=2026-08-20 11:41:02
2026-08-28 12:13:35,674 INFO peoplein.stream: analysis interval ready start=2026-08-20 11:41:02 end=2026-08-20 11:42:39
2026-08-28 12:13:44,209 INFO peoplein.stream: decoded loby/20260820-113739.mkv: 485 frames
2026-08-28 12:13:44,214 INFO peoplein.stream: decoded entrance/20260820-114102.mkv: 485 frames
2026-08-28 12:13:44,228 INFO __main__: analysis interval completed start=2026-08-20 11:41:02 end=2026-08-20 11:42:39 frames=970 ticks=485 entered=9 exited=8 people_inside=1
2026-08-28 12:13:44,234 INFO __main__: summary updated end=2026-08-20 11:42:39
2026-08-28 12:13:44,234 INFO peoplein.stream: analysis interval ready start=2026-08-20 11:42:39 end=2026-08-20 11:46:02
2026-08-28 12:13:58,006 INFO peoplein.stream: decoded entrance/20260820-114102.mkv: 1015 frames
2026-08-28 12:13:58,014 INFO peoplein.stream: decoded loby/20260820-114239.mkv: 1015 frames
2026-08-28 12:13:58,047 INFO __main__: analysis interval completed start=2026-08-20 11:42:39 end=2026-08-20 11:46:02 frames=2030 ticks=1015 entered=9 exited=8 people_inside=1
2026-08-28 12:13:58,052 INFO __main__: summary updated end=2026-08-20 11:46:02
2026-08-28 12:13:58,052 INFO peoplein.stream: analysis interval ready start=2026-08-20 11:46:02 end=2026-08-20 11:47:39
2026-08-28 12:14:07,158 INFO peoplein.stream: decoded entrance/20260820-114602.mkv: 485 frames
2026-08-28 12:14:07,158 INFO peoplein.stream: decoded loby/20260820-114239.mkv: 485 frames
2026-08-28 12:14:07,177 INFO __main__: analysis interval completed start=2026-08-20 11:46:02 end=2026-08-20 11:47:39 frames=970 ticks=485 entered=9 exited=8 people_inside=1
2026-08-28 12:14:07,183 INFO __main__: summary updated end=2026-08-20 11:47:39
2026-08-28 12:14:07,183 INFO peoplein.stream: analysis interval ready start=2026-08-20 11:47:39 end=2026-08-20 11:51:02
2026-08-28 12:14:20,949 INFO peoplein.stream: decoded loby/20260820-114739.mkv: 1015 frames
2026-08-28 12:14:20,949 INFO peoplein.stream: decoded entrance/20260820-114602.mkv: 1015 frames
2026-08-28 12:14:20,970 INFO __main__: analysis interval completed start=2026-08-20 11:47:39 end=2026-08-20 11:51:02 frames=2030 ticks=1015 entered=9 exited=8 people_inside=1
2026-08-28 12:14:20,975 INFO __main__: summary updated end=2026-08-20 11:51:02
2026-08-28 12:14:20,975 INFO peoplein.stream: analysis interval ready start=2026-08-20 11:51:02 end=2026-08-20 11:52:41
2026-08-28 12:14:29,972 INFO peoplein.stream: decoded entrance/20260820-115102.mkv: 495 frames
2026-08-28 12:14:29,976 INFO peoplein.stream: decoded loby/20260820-114739.mkv: 495 frames
2026-08-28 12:14:29,991 INFO __main__: analysis interval completed start=2026-08-20 11:51:02 end=2026-08-20 11:52:41 frames=990 ticks=495 entered=9 exited=8 people_inside=1
2026-08-28 12:14:29,996 INFO __main__: summary updated end=2026-08-20 11:52:41
2026-08-28 12:14:29,996 INFO peoplein.stream: analysis interval ready start=2026-08-20 11:52:41 end=2026-08-20 11:56:02
2026-08-28 12:14:44,005 INFO peoplein.stream: decoded entrance/20260820-115102.mkv: 1005 frames
2026-08-28 12:14:44,006 INFO peoplein.stream: decoded loby/20260820-115241.mkv: 1005 frames
2026-08-28 12:14:44,023 INFO __main__: analysis interval completed start=2026-08-20 11:52:41 end=2026-08-20 11:56:02 frames=2010 ticks=1005 entered=9 exited=8 people_inside=1
2026-08-28 12:14:44,029 INFO __main__: summary updated end=2026-08-20 11:56:02
2026-08-28 12:14:44,029 INFO peoplein.stream: analysis interval ready start=2026-08-20 11:56:02 end=2026-08-20 11:57:41
2026-08-28 12:14:52,991 INFO peoplein.stream: decoded entrance/20260820-115602.mkv: 495 frames
2026-08-28 12:14:52,991 INFO peoplein.stream: decoded loby/20260820-115241.mkv: 495 frames
2026-08-28 12:14:53,009 INFO __main__: analysis interval completed start=2026-08-20 11:56:02 end=2026-08-20 11:57:41 frames=990 ticks=495 entered=9 exited=8 people_inside=1
2026-08-28 12:14:53,015 INFO __main__: summary updated end=2026-08-20 11:57:41
2026-08-28 12:14:53,015 INFO peoplein.stream: analysis interval ready start=2026-08-20 11:57:41 end=2026-08-20 12:01:02
2026-08-28 12:15:08,267 INFO peoplein.stream: decoded entrance/20260820-115602.mkv: 1005 frames
2026-08-28 12:15:08,275 INFO peoplein.stream: decoded loby/20260820-115741.mkv: 1005 frames
2026-08-28 12:15:08,311 INFO __main__: analysis interval completed start=2026-08-20 11:57:41 end=2026-08-20 12:01:02 frames=2010 ticks=1005 entered=10 exited=8 people_inside=2
2026-08-28 12:15:08,316 INFO __main__: summary updated end=2026-08-20 12:01:02
2026-08-28 12:15:08,317 INFO peoplein.stream: analysis interval ready start=2026-08-20 12:01:02 end=2026-08-20 12:02:41
2026-08-28 12:15:17,159 INFO peoplein.stream: decoded entrance/20260820-120102.mkv: 495 frames
2026-08-28 12:15:17,159 INFO peoplein.stream: decoded loby/20260820-115741.mkv: 495 frames
2026-08-28 12:15:17,177 INFO __main__: analysis interval completed start=2026-08-20 12:01:02 end=2026-08-20 12:02:41 frames=990 ticks=495 entered=10 exited=8 people_inside=2
2026-08-28 12:15:17,182 INFO __main__: summary updated end=2026-08-20 12:02:41
2026-08-28 12:15:17,183 INFO peoplein.stream: analysis interval ready start=2026-08-20 12:02:41 end=2026-08-20 12:06:02
2026-08-28 12:15:30,552 INFO peoplein.stream: decoded entrance/20260820-120102.mkv: 1005 frames
2026-08-28 12:15:30,553 INFO peoplein.stream: decoded loby/20260820-120241.mkv: 1005 frames
2026-08-28 12:15:30,572 INFO __main__: analysis interval completed start=2026-08-20 12:02:41 end=2026-08-20 12:06:02 frames=2010 ticks=1005 entered=10 exited=8 people_inside=2
2026-08-28 12:15:30,578 INFO __main__: summary updated end=2026-08-20 12:06:02
2026-08-28 12:15:30,578 INFO peoplein.stream: analysis interval ready start=2026-08-20 12:06:02 end=2026-08-20 12:07:41
2026-08-28 12:15:40,500 INFO peoplein.stream: decoded loby/20260820-120241.mkv: 490 frames
2026-08-28 12:15:40,592 INFO peoplein.stream: decoded entrance/20260820-120602.mkv: 495 frames
2026-08-28 12:15:40,597 INFO peoplein.stream: decoded loby/20260820-120740.mkv: 5 frames
2026-08-28 12:15:40,610 INFO __main__: analysis interval completed start=2026-08-20 12:06:02 end=2026-08-20 12:07:41 frames=990 ticks=495 entered=10 exited=8 people_inside=2
2026-08-28 12:15:40,616 INFO __main__: summary updated end=2026-08-20 12:07:41
2026-08-28 12:15:40,616 INFO peoplein.stream: analysis interval ready start=2026-08-20 12:07:40 end=2026-08-20 12:11:02
2026-08-28 12:15:53,901 INFO peoplein.stream: decoded entrance/20260820-120602.mkv: 1010 frames
2026-08-28 12:15:53,901 INFO peoplein.stream: decoded loby/20260820-120740.mkv: 1010 frames
2026-08-28 12:15:53,918 INFO __main__: analysis interval completed start=2026-08-20 12:07:40 end=2026-08-20 12:11:02 frames=2020 ticks=1010 entered=10 exited=8 people_inside=2
2026-08-28 12:15:53,923 INFO __main__: summary updated end=2026-08-20 12:11:02
2026-08-28 12:15:53,923 INFO peoplein.stream: analysis interval ready start=2026-08-20 12:11:02 end=2026-08-20 12:12:40
2026-08-28 12:16:02,813 INFO peoplein.stream: decoded entrance/20260820-121102.mkv: 490 frames
2026-08-28 12:16:02,815 INFO peoplein.stream: decoded loby/20260820-120740.mkv: 490 frames
2026-08-28 12:16:02,830 INFO __main__: analysis interval completed start=2026-08-20 12:11:02 end=2026-08-20 12:12:40 frames=980 ticks=490 entered=10 exited=8 people_inside=2
2026-08-28 12:16:02,835 INFO __main__: summary updated end=2026-08-20 12:12:40
2026-08-28 12:16:02,835 INFO peoplein.stream: analysis interval ready start=2026-08-20 12:12:40 end=2026-08-20 12:16:02
2026-08-28 12:16:15,613 INFO peoplein.stream: decoded entrance/20260820-121102.mkv: 1010 frames
2026-08-28 12:16:15,616 INFO peoplein.stream: decoded loby/20260820-121240.mkv: 1010 frames
2026-08-28 12:16:15,632 INFO __main__: analysis interval completed start=2026-08-20 12:12:40 end=2026-08-20 12:16:02 frames=2020 ticks=1010 entered=10 exited=8 people_inside=2
2026-08-28 12:16:15,637 INFO __main__: summary updated end=2026-08-20 12:16:02
2026-08-28 12:16:15,638 INFO peoplein.stream: analysis interval ready start=2026-08-20 12:16:02 end=2026-08-20 12:17:40
2026-08-28 12:16:24,989 INFO peoplein.stream: decoded loby/20260820-121240.mkv: 490 frames
2026-08-28 12:16:24,989 INFO peoplein.stream: decoded entrance/20260820-121602.mkv: 490 frames
2026-08-28 12:16:25,008 INFO __main__: analysis interval completed start=2026-08-20 12:16:02 end=2026-08-20 12:17:40 frames=980 ticks=490 entered=10 exited=8 people_inside=2
2026-08-28 12:16:25,013 INFO __main__: summary updated end=2026-08-20 12:17:40
2026-08-28 12:16:25,014 INFO peoplein.stream: analysis interval ready start=2026-08-20 12:17:40 end=2026-08-20 12:21:02
2026-08-28 12:16:38,753 INFO peoplein.stream: decoded loby/20260820-121740.mkv: 1010 frames
2026-08-28 12:16:38,753 INFO peoplein.stream: decoded entrance/20260820-121602.mkv: 1010 frames
2026-08-28 12:16:38,772 INFO __main__: analysis interval completed start=2026-08-20 12:17:40 end=2026-08-20 12:21:02 frames=2020 ticks=1010 entered=10 exited=8 people_inside=2
2026-08-28 12:16:38,777 INFO __main__: summary updated end=2026-08-20 12:21:02
2026-08-28 12:16:38,777 INFO peoplein.stream: analysis interval ready start=2026-08-20 12:21:02 end=2026-08-20 12:22:40
2026-08-28 12:16:48,495 INFO peoplein.stream: decoded loby/20260820-121740.mkv: 490 frames
2026-08-28 12:16:48,496 INFO peoplein.stream: decoded entrance/20260820-122102.mkv: 490 frames
2026-08-28 12:16:48,513 INFO __main__: analysis interval completed start=2026-08-20 12:21:02 end=2026-08-20 12:22:40 frames=980 ticks=490 entered=10 exited=8 people_inside=2
2026-08-28 12:16:48,518 INFO __main__: summary updated end=2026-08-20 12:22:40
2026-08-28 12:16:48,518 INFO peoplein.stream: analysis interval ready start=2026-08-20 12:22:40 end=2026-08-20 12:26:02
2026-08-28 12:17:01,933 INFO peoplein.stream: decoded loby/20260820-122240.mkv: 1010 frames
2026-08-28 12:17:01,936 INFO peoplein.stream: decoded entrance/20260820-122102.mkv: 1010 frames
2026-08-28 12:17:01,953 INFO __main__: analysis interval completed start=2026-08-20 12:22:40 end=2026-08-20 12:26:02 frames=2020 ticks=1010 entered=10 exited=8 people_inside=2
2026-08-28 12:17:01,959 INFO __main__: summary updated end=2026-08-20 12:26:02
2026-08-28 12:17:01,959 INFO peoplein.stream: analysis interval ready start=2026-08-20 12:26:02 end=2026-08-20 12:27:40
2026-08-28 12:17:10,502 INFO peoplein.stream: decoded loby/20260820-122240.mkv: 490 frames
2026-08-28 12:17:10,502 INFO peoplein.stream: decoded entrance/20260820-122602.mkv: 490 frames
2026-08-28 12:17:10,519 INFO __main__: analysis interval completed start=2026-08-20 12:26:02 end=2026-08-20 12:27:40 frames=980 ticks=490 entered=10 exited=8 people_inside=2
2026-08-28 12:17:10,524 INFO __main__: summary updated end=2026-08-20 12:27:40
2026-08-28 12:17:10,524 INFO peoplein.stream: analysis interval ready start=2026-08-20 12:27:40 end=2026-08-20 12:31:02
2026-08-28 12:17:24,671 INFO peoplein.stream: decoded loby/20260820-122740.mkv: 1010 frames
2026-08-28 12:17:24,673 INFO peoplein.stream: decoded entrance/20260820-122602.mkv: 1010 frames
2026-08-28 12:17:24,696 INFO __main__: analysis interval completed start=2026-08-20 12:27:40 end=2026-08-20 12:31:02 frames=2020 ticks=1010 entered=10 exited=8 people_inside=2
2026-08-28 12:17:24,702 INFO __main__: summary updated end=2026-08-20 12:31:02
2026-08-28 12:17:24,702 INFO peoplein.stream: analysis interval ready start=2026-08-20 12:31:02 end=2026-08-20 12:32:40
2026-08-28 12:17:34,579 INFO peoplein.stream: decoded entrance/20260820-123102.mkv: 490 frames
2026-08-28 12:17:34,587 INFO peoplein.stream: decoded loby/20260820-122740.mkv: 490 frames
2026-08-28 12:17:34,620 INFO __main__: analysis interval completed start=2026-08-20 12:31:02 end=2026-08-20 12:32:40 frames=980 ticks=490 entered=10 exited=8 people_inside=2
2026-08-28 12:17:34,625 INFO __main__: summary updated end=2026-08-20 12:32:40
2026-08-28 12:17:34,626 INFO peoplein.stream: analysis interval ready start=2026-08-20 12:32:40 end=2026-08-20 12:36:02
2026-08-28 12:17:48,726 INFO peoplein.stream: decoded entrance/20260820-123102.mkv: 1010 frames
2026-08-28 12:17:48,734 INFO peoplein.stream: decoded loby/20260820-123240.mkv: 1010 frames
2026-08-28 12:17:48,769 INFO __main__: analysis interval completed start=2026-08-20 12:32:40 end=2026-08-20 12:36:02 frames=2020 ticks=1010 entered=10 exited=8 people_inside=2
2026-08-28 12:17:48,774 INFO __main__: summary updated end=2026-08-20 12:36:02
2026-08-28 12:17:48,775 INFO peoplein.stream: analysis interval ready start=2026-08-20 12:36:02 end=2026-08-20 12:37:40
2026-08-28 12:17:58,907 INFO peoplein.stream: decoded entrance/20260820-123602.mkv: 490 frames
2026-08-28 12:17:58,914 INFO peoplein.stream: decoded loby/20260820-123240.mkv: 490 frames
2026-08-28 12:17:58,946 INFO __main__: analysis interval completed start=2026-08-20 12:36:02 end=2026-08-20 12:37:40 frames=980 ticks=490 entered=11 exited=8 people_inside=3
2026-08-28 12:17:58,951 INFO __main__: summary updated end=2026-08-20 12:37:40
2026-08-28 12:17:58,951 INFO peoplein.stream: analysis interval ready start=2026-08-20 12:37:40 end=2026-08-20 12:41:02
2026-08-28 12:18:13,719 INFO peoplein.stream: decoded entrance/20260820-123602.mkv: 1010 frames
2026-08-28 12:18:13,719 INFO peoplein.stream: decoded loby/20260820-123740.mkv: 1010 frames
2026-08-28 12:18:13,737 INFO __main__: analysis interval completed start=2026-08-20 12:37:40 end=2026-08-20 12:41:02 frames=2020 ticks=1010 entered=11 exited=9 people_inside=2
2026-08-28 12:18:13,742 INFO __main__: summary updated end=2026-08-20 12:41:02
2026-08-28 12:18:13,743 INFO peoplein.stream: analysis interval ready start=2026-08-20 12:41:02 end=2026-08-20 12:42:40
2026-08-28 12:18:22,336 INFO peoplein.stream: decoded entrance/20260820-124102.mkv: 490 frames
2026-08-28 12:18:22,339 INFO peoplein.stream: decoded loby/20260820-123740.mkv: 490 frames
2026-08-28 12:18:22,354 INFO __main__: analysis interval completed start=2026-08-20 12:41:02 end=2026-08-20 12:42:40 frames=980 ticks=490 entered=11 exited=9 people_inside=2
2026-08-28 12:18:22,359 INFO __main__: summary updated end=2026-08-20 12:42:40
2026-08-28 12:18:22,360 INFO peoplein.stream: analysis interval ready start=2026-08-20 12:42:40 end=2026-08-20 12:46:02
2026-08-28 12:18:35,477 INFO peoplein.stream: decoded entrance/20260820-124102.mkv: 1010 frames
2026-08-28 12:18:35,477 INFO peoplein.stream: decoded loby/20260820-124240.mkv: 1010 frames
2026-08-28 12:18:35,496 INFO __main__: analysis interval completed start=2026-08-20 12:42:40 end=2026-08-20 12:46:02 frames=2020 ticks=1010 entered=11 exited=9 people_inside=2
2026-08-28 12:18:35,502 INFO __main__: summary updated end=2026-08-20 12:46:02
2026-08-28 12:18:35,502 INFO peoplein.stream: analysis interval ready start=2026-08-20 12:46:02 end=2026-08-20 12:47:40
2026-08-28 12:18:44,555 INFO peoplein.stream: decoded loby/20260820-124240.mkv: 485 frames
2026-08-28 12:18:44,648 INFO peoplein.stream: decoded entrance/20260820-124602.mkv: 490 frames
2026-08-28 12:18:44,648 INFO peoplein.stream: decoded loby/20260820-124739.mkv: 5 frames
2026-08-28 12:18:44,666 INFO __main__: analysis interval completed start=2026-08-20 12:46:02 end=2026-08-20 12:47:40 frames=980 ticks=490 entered=11 exited=9 people_inside=2
2026-08-28 12:18:44,672 INFO __main__: summary updated end=2026-08-20 12:47:40
2026-08-28 12:18:44,672 INFO peoplein.stream: analysis interval ready start=2026-08-20 12:47:39 end=2026-08-20 12:51:02
2026-08-28 12:18:57,523 INFO peoplein.stream: decoded loby/20260820-124739.mkv: 1015 frames
2026-08-28 12:18:57,527 INFO peoplein.stream: decoded entrance/20260820-124602.mkv: 1015 frames
2026-08-28 12:18:57,542 INFO __main__: analysis interval completed start=2026-08-20 12:47:39 end=2026-08-20 12:51:02 frames=2030 ticks=1015 entered=11 exited=9 people_inside=2
2026-08-28 12:18:57,548 INFO __main__: summary updated end=2026-08-20 12:51:02
2026-08-28 12:18:57,548 INFO peoplein.stream: analysis interval ready start=2026-08-20 12:51:02 end=2026-08-20 12:52:39
2026-08-28 12:19:07,696 INFO peoplein.stream: decoded entrance/20260820-125102.mkv: 485 frames
2026-08-28 12:19:07,707 INFO peoplein.stream: decoded loby/20260820-124739.mkv: 485 frames
2026-08-28 12:19:07,746 INFO __main__: analysis interval completed start=2026-08-20 12:51:02 end=2026-08-20 12:52:39 frames=970 ticks=485 entered=11 exited=9 people_inside=2
2026-08-28 12:19:07,752 INFO __main__: summary updated end=2026-08-20 12:52:39
2026-08-28 12:19:07,752 INFO peoplein.stream: analysis interval ready start=2026-08-20 12:52:39 end=2026-08-20 12:56:02
2026-08-28 12:19:21,391 INFO peoplein.stream: decoded entrance/20260820-125102.mkv: 1015 frames
2026-08-28 12:19:21,391 INFO peoplein.stream: decoded loby/20260820-125239.mkv: 1015 frames
2026-08-28 12:19:21,409 INFO __main__: analysis interval completed start=2026-08-20 12:52:39 end=2026-08-20 12:56:02 frames=2030 ticks=1015 entered=11 exited=9 people_inside=2
2026-08-28 12:19:21,415 INFO __main__: summary updated end=2026-08-20 12:56:02
2026-08-28 12:19:21,415 INFO peoplein.stream: analysis interval ready start=2026-08-20 12:56:02 end=2026-08-20 12:57:39
2026-08-28 12:19:31,203 INFO peoplein.stream: decoded entrance/20260820-125602.mkv: 485 frames
2026-08-28 12:19:31,203 INFO peoplein.stream: decoded loby/20260820-125239.mkv: 485 frames
2026-08-28 12:19:31,222 INFO __main__: analysis interval completed start=2026-08-20 12:56:02 end=2026-08-20 12:57:39 frames=970 ticks=485 entered=11 exited=9 people_inside=2
2026-08-28 12:19:31,227 INFO __main__: summary updated end=2026-08-20 12:57:39
2026-08-28 12:19:31,227 INFO peoplein.stream: analysis interval ready start=2026-08-20 12:57:39 end=2026-08-20 13:01:02
2026-08-28 12:19:44,082 INFO peoplein.stream: decoded entrance/20260820-125602.mkv: 1015 frames
2026-08-28 12:19:44,082 INFO peoplein.stream: decoded loby/20260820-125739.mkv: 1015 frames
2026-08-28 12:19:44,099 INFO __main__: analysis interval completed start=2026-08-20 12:57:39 end=2026-08-20 13:01:02 frames=2030 ticks=1015 entered=11 exited=9 people_inside=2
2026-08-28 12:19:44,105 INFO __main__: summary updated end=2026-08-20 13:01:02
2026-08-28 12:19:44,105 INFO peoplein.stream: analysis interval ready start=2026-08-20 13:01:02 end=2026-08-20 13:02:39
2026-08-28 12:19:53,007 INFO peoplein.stream: decoded entrance/20260820-130102.mkv: 485 frames
2026-08-28 12:19:53,007 INFO peoplein.stream: decoded loby/20260820-125739.mkv: 485 frames
2026-08-28 12:19:53,025 INFO __main__: analysis interval completed start=2026-08-20 13:01:02 end=2026-08-20 13:02:39 frames=970 ticks=485 entered=11 exited=9 people_inside=2
2026-08-28 12:19:53,030 INFO __main__: summary updated end=2026-08-20 13:02:39
2026-08-28 12:19:53,031 INFO peoplein.stream: analysis interval ready start=2026-08-20 13:02:39 end=2026-08-20 13:06:02
2026-08-28 12:20:06,570 INFO peoplein.stream: decoded entrance/20260820-130102.mkv: 1015 frames
2026-08-28 12:20:06,570 INFO peoplein.stream: decoded loby/20260820-130239.mkv: 1015 frames
2026-08-28 12:20:06,588 INFO __main__: analysis interval completed start=2026-08-20 13:02:39 end=2026-08-20 13:06:02 frames=2030 ticks=1015 entered=11 exited=9 people_inside=2
2026-08-28 12:20:06,594 INFO __main__: summary updated end=2026-08-20 13:06:02
2026-08-28 12:20:06,594 INFO peoplein.stream: analysis interval ready start=2026-08-20 13:06:02 end=2026-08-20 13:07:41
2026-08-28 12:20:15,386 INFO peoplein.stream: decoded loby/20260820-130239.mkv: 495 frames
2026-08-28 12:20:15,386 INFO peoplein.stream: decoded entrance/20260820-130602.mkv: 495 frames
2026-08-28 12:20:15,404 INFO __main__: analysis interval completed start=2026-08-20 13:06:02 end=2026-08-20 13:07:41 frames=990 ticks=495 entered=11 exited=9 people_inside=2
2026-08-28 12:20:15,410 INFO __main__: summary updated end=2026-08-20 13:07:41
2026-08-28 12:20:15,410 INFO peoplein.stream: analysis interval ready start=2026-08-20 13:07:41 end=2026-08-20 13:11:02
2026-08-28 12:20:29,537 INFO peoplein.stream: decoded loby/20260820-130741.mkv: 1005 frames
2026-08-28 12:20:29,537 INFO peoplein.stream: decoded entrance/20260820-130602.mkv: 1005 frames
2026-08-28 12:20:29,556 INFO __main__: analysis interval completed start=2026-08-20 13:07:41 end=2026-08-20 13:11:02 frames=2010 ticks=1005 entered=11 exited=9 people_inside=2
2026-08-28 12:20:29,561 INFO __main__: summary updated end=2026-08-20 13:11:02
2026-08-28 12:20:29,561 INFO peoplein.stream: analysis interval ready start=2026-08-20 13:11:02 end=2026-08-20 13:12:41
2026-08-28 12:20:39,933 INFO peoplein.stream: decoded entrance/20260820-131102.mkv: 495 frames
2026-08-28 12:20:39,933 INFO peoplein.stream: decoded loby/20260820-130741.mkv: 495 frames
2026-08-28 12:20:39,951 INFO __main__: analysis interval completed start=2026-08-20 13:11:02 end=2026-08-20 13:12:41 frames=990 ticks=495 entered=11 exited=9 people_inside=2
2026-08-28 12:20:39,957 INFO __main__: summary updated end=2026-08-20 13:12:41
2026-08-28 12:20:39,957 INFO peoplein.stream: analysis interval ready start=2026-08-20 13:12:41 end=2026-08-20 13:16:02
2026-08-28 12:20:53,541 INFO peoplein.stream: decoded entrance/20260820-131102.mkv: 1005 frames
2026-08-28 12:20:53,549 INFO peoplein.stream: decoded loby/20260820-131241.mkv: 1005 frames
2026-08-28 12:20:53,583 INFO __main__: analysis interval completed start=2026-08-20 13:12:41 end=2026-08-20 13:16:02 frames=2010 ticks=1005 entered=11 exited=9 people_inside=2
2026-08-28 12:20:53,589 INFO __main__: summary updated end=2026-08-20 13:16:02
2026-08-28 12:20:53,590 INFO peoplein.stream: analysis interval ready start=2026-08-20 13:16:02 end=2026-08-20 13:17:41
2026-08-28 12:21:03,555 INFO peoplein.stream: decoded entrance/20260820-131602.mkv: 495 frames
2026-08-28 12:21:03,555 INFO peoplein.stream: decoded loby/20260820-131241.mkv: 495 frames
2026-08-28 12:21:03,572 INFO __main__: analysis interval completed start=2026-08-20 13:16:02 end=2026-08-20 13:17:41 frames=990 ticks=495 entered=11 exited=9 people_inside=2
2026-08-28 12:21:03,578 INFO __main__: summary updated end=2026-08-20 13:17:41
2026-08-28 12:21:03,578 INFO peoplein.stream: analysis interval ready start=2026-08-20 13:17:41 end=2026-08-20 13:21:02
2026-08-28 12:21:17,798 INFO peoplein.stream: decoded entrance/20260820-131602.mkv: 1005 frames
2026-08-28 12:21:17,798 INFO peoplein.stream: decoded loby/20260820-131741.mkv: 1005 frames
2026-08-28 12:21:17,817 INFO __main__: analysis interval completed start=2026-08-20 13:17:41 end=2026-08-20 13:21:02 frames=2010 ticks=1005 entered=12 exited=9 people_inside=3
2026-08-28 12:21:17,823 INFO __main__: summary updated end=2026-08-20 13:21:02
2026-08-28 12:21:17,823 INFO peoplein.stream: analysis interval ready start=2026-08-20 13:21:02 end=2026-08-20 13:22:41
2026-08-28 12:21:27,465 INFO peoplein.stream: decoded loby/20260820-131741.mkv: 495 frames
2026-08-28 12:21:27,468 INFO peoplein.stream: decoded entrance/20260820-132102.mkv: 495 frames
2026-08-28 12:21:27,488 INFO __main__: analysis interval completed start=2026-08-20 13:21:02 end=2026-08-20 13:22:41 frames=990 ticks=495 entered=12 exited=9 people_inside=3
2026-08-28 12:21:27,494 INFO __main__: summary updated end=2026-08-20 13:22:41
2026-08-28 12:21:27,494 INFO peoplein.stream: analysis interval ready start=2026-08-20 13:22:41 end=2026-08-20 13:26:02
2026-08-28 12:21:40,506 INFO peoplein.stream: decoded loby/20260820-132241.mkv: 1005 frames
2026-08-28 12:21:40,506 INFO peoplein.stream: decoded entrance/20260820-132102.mkv: 1005 frames
2026-08-28 12:21:40,524 INFO __main__: analysis interval completed start=2026-08-20 13:22:41 end=2026-08-20 13:26:02 frames=2010 ticks=1005 entered=12 exited=9 people_inside=3
2026-08-28 12:21:40,530 INFO __main__: summary updated end=2026-08-20 13:26:02
2026-08-28 12:21:40,530 INFO peoplein.stream: analysis interval ready start=2026-08-20 13:26:02 end=2026-08-20 13:27:41
2026-08-28 12:21:50,231 INFO peoplein.stream: decoded loby/20260820-132241.mkv: 490 frames
2026-08-28 12:21:50,321 INFO peoplein.stream: decoded entrance/20260820-132602.mkv: 495 frames
2026-08-28 12:21:50,327 INFO peoplein.stream: decoded loby/20260820-132740.mkv: 5 frames
2026-08-28 12:21:50,340 INFO __main__: analysis interval completed start=2026-08-20 13:26:02 end=2026-08-20 13:27:41 frames=990 ticks=495 entered=12 exited=9 people_inside=3
2026-08-28 12:21:50,345 INFO __main__: summary updated end=2026-08-20 13:27:41
2026-08-28 12:21:50,345 INFO peoplein.stream: analysis interval ready start=2026-08-20 13:27:40 end=2026-08-20 13:31:02
2026-08-28 12:22:03,993 INFO peoplein.stream: decoded entrance/20260820-132602.mkv: 1010 frames
2026-08-28 12:22:04,001 INFO peoplein.stream: decoded loby/20260820-132740.mkv: 1010 frames
2026-08-28 12:22:04,033 INFO __main__: analysis interval completed start=2026-08-20 13:27:40 end=2026-08-20 13:31:02 frames=2020 ticks=1010 entered=12 exited=9 people_inside=3
2026-08-28 12:22:04,038 INFO __main__: summary updated end=2026-08-20 13:31:02
2026-08-28 12:22:04,038 INFO peoplein.stream: analysis interval ready start=2026-08-20 13:31:02 end=2026-08-20 13:32:40
2026-08-28 12:22:14,330 INFO peoplein.stream: decoded entrance/20260820-133102.mkv: 490 frames
2026-08-28 12:22:14,330 INFO peoplein.stream: decoded loby/20260820-132740.mkv: 490 frames
2026-08-28 12:22:14,347 INFO __main__: analysis interval completed start=2026-08-20 13:31:02 end=2026-08-20 13:32:40 frames=980 ticks=490 entered=12 exited=9 people_inside=3
2026-08-28 12:22:14,353 INFO __main__: summary updated end=2026-08-20 13:32:40
2026-08-28 12:22:14,353 INFO peoplein.stream: analysis interval ready start=2026-08-20 13:32:40 end=2026-08-20 13:36:02
2026-08-28 12:22:27,400 INFO peoplein.stream: decoded entrance/20260820-133102.mkv: 1010 frames
2026-08-28 12:22:27,401 INFO peoplein.stream: decoded loby/20260820-133240.mkv: 1010 frames
2026-08-28 12:22:27,420 INFO __main__: analysis interval completed start=2026-08-20 13:32:40 end=2026-08-20 13:36:02 frames=2020 ticks=1010 entered=12 exited=9 people_inside=3
2026-08-28 12:22:27,426 INFO __main__: summary updated end=2026-08-20 13:36:02
2026-08-28 12:22:27,426 INFO peoplein.stream: analysis interval ready start=2026-08-20 13:36:02 end=2026-08-20 13:37:40
2026-08-28 12:22:38,684 INFO peoplein.stream: decoded loby/20260820-133240.mkv: 490 frames
2026-08-28 12:22:38,684 INFO peoplein.stream: decoded entrance/20260820-133602.mkv: 490 frames
2026-08-28 12:22:38,702 INFO __main__: analysis interval completed start=2026-08-20 13:36:02 end=2026-08-20 13:37:40 frames=980 ticks=490 entered=13 exited=9 people_inside=4
2026-08-28 12:22:38,709 INFO __main__: summary updated end=2026-08-20 13:37:40
2026-08-28 12:22:38,709 INFO peoplein.stream: analysis interval ready start=2026-08-20 13:37:40 end=2026-08-20 13:41:02
2026-08-28 12:22:52,095 INFO peoplein.stream: decoded entrance/20260820-133602.mkv: 1010 frames
2026-08-28 12:22:52,095 INFO peoplein.stream: decoded loby/20260820-133740.mkv: 1010 frames
2026-08-28 12:22:52,113 INFO __main__: analysis interval completed start=2026-08-20 13:37:40 end=2026-08-20 13:41:02 frames=2020 ticks=1010 entered=13 exited=9 people_inside=4
2026-08-28 12:22:52,119 INFO __main__: summary updated end=2026-08-20 13:41:02
2026-08-28 12:22:52,119 INFO peoplein.stream: analysis interval ready start=2026-08-20 13:41:02 end=2026-08-20 13:42:40
2026-08-28 12:23:01,227 INFO peoplein.stream: decoded loby/20260820-133740.mkv: 490 frames
2026-08-28 12:23:01,229 INFO peoplein.stream: decoded entrance/20260820-134102.mkv: 490 frames
2026-08-28 12:23:01,245 INFO __main__: analysis interval completed start=2026-08-20 13:41:02 end=2026-08-20 13:42:40 frames=980 ticks=490 entered=13 exited=9 people_inside=4
2026-08-28 12:23:01,251 INFO __main__: summary updated end=2026-08-20 13:42:40
2026-08-28 12:23:01,251 INFO peoplein.stream: analysis interval ready start=2026-08-20 13:42:40 end=2026-08-20 13:46:02
2026-08-28 12:23:14,263 INFO peoplein.stream: decoded entrance/20260820-134102.mkv: 1010 frames
2026-08-28 12:23:14,264 INFO peoplein.stream: decoded loby/20260820-134240.mkv: 1010 frames
2026-08-28 12:23:14,280 INFO __main__: analysis interval completed start=2026-08-20 13:42:40 end=2026-08-20 13:46:02 frames=2020 ticks=1010 entered=13 exited=9 people_inside=4
2026-08-28 12:23:14,286 INFO __main__: summary updated end=2026-08-20 13:46:02
2026-08-28 12:23:14,286 INFO peoplein.stream: analysis interval ready start=2026-08-20 13:46:02 end=2026-08-20 13:47:40
2026-08-28 12:23:24,247 INFO peoplein.stream: decoded entrance/20260820-134602.mkv: 490 frames
2026-08-28 12:23:24,255 INFO peoplein.stream: decoded loby/20260820-134240.mkv: 490 frames
2026-08-28 12:23:24,287 INFO __main__: analysis interval completed start=2026-08-20 13:46:02 end=2026-08-20 13:47:40 frames=980 ticks=490 entered=13 exited=9 people_inside=4
2026-08-28 12:23:24,292 INFO __main__: summary updated end=2026-08-20 13:47:40
2026-08-28 12:23:24,292 INFO peoplein.stream: analysis interval ready start=2026-08-20 13:47:40 end=2026-08-20 13:51:02
2026-08-28 12:23:37,021 INFO peoplein.stream: decoded entrance/20260820-134602.mkv: 1010 frames
2026-08-28 12:23:37,024 INFO peoplein.stream: decoded loby/20260820-134740.mkv: 1010 frames
2026-08-28 12:23:37,039 INFO __main__: analysis interval completed start=2026-08-20 13:47:40 end=2026-08-20 13:51:02 frames=2020 ticks=1010 entered=13 exited=9 people_inside=4
2026-08-28 12:23:37,045 INFO __main__: summary updated end=2026-08-20 13:51:02
2026-08-28 12:23:37,045 INFO peoplein.stream: analysis interval ready start=2026-08-20 13:51:02 end=2026-08-20 13:52:40
2026-08-28 12:23:45,699 INFO peoplein.stream: decoded loby/20260820-134740.mkv: 490 frames
2026-08-28 12:23:45,699 INFO peoplein.stream: decoded entrance/20260820-135102.mkv: 490 frames
2026-08-28 12:23:45,716 INFO __main__: analysis interval completed start=2026-08-20 13:51:02 end=2026-08-20 13:52:40 frames=980 ticks=490 entered=13 exited=9 people_inside=4
2026-08-28 12:23:45,722 INFO __main__: summary updated end=2026-08-20 13:52:40
2026-08-28 12:23:45,722 INFO peoplein.stream: analysis interval ready start=2026-08-20 13:52:40 end=2026-08-20 13:56:02
2026-08-28 12:23:58,822 INFO peoplein.stream: decoded loby/20260820-135240.mkv: 1010 frames
2026-08-28 12:23:58,826 INFO peoplein.stream: decoded entrance/20260820-135102.mkv: 1010 frames
2026-08-28 12:23:58,840 INFO __main__: analysis interval completed start=2026-08-20 13:52:40 end=2026-08-20 13:56:02 frames=2020 ticks=1010 entered=13 exited=9 people_inside=4
2026-08-28 12:23:58,845 INFO __main__: summary updated end=2026-08-20 13:56:02
2026-08-28 12:23:58,846 INFO peoplein.stream: analysis interval ready start=2026-08-20 13:56:02 end=2026-08-20 13:57:40
2026-08-28 12:24:07,841 INFO peoplein.stream: decoded entrance/20260820-135602.mkv: 490 frames
2026-08-28 12:24:07,842 INFO peoplein.stream: decoded loby/20260820-135240.mkv: 490 frames
2026-08-28 12:24:07,861 INFO __main__: analysis interval completed start=2026-08-20 13:56:02 end=2026-08-20 13:57:40 frames=980 ticks=490 entered=13 exited=9 people_inside=4
2026-08-28 12:24:07,867 INFO __main__: summary updated end=2026-08-20 13:57:40
2026-08-28 12:24:07,867 INFO peoplein.stream: analysis interval ready start=2026-08-20 13:57:40 end=2026-08-20 14:01:02
2026-08-28 12:24:21,235 INFO peoplein.stream: decoded entrance/20260820-135602.mkv: 1010 frames
2026-08-28 12:24:21,235 INFO peoplein.stream: decoded loby/20260820-135740.mkv: 1010 frames
2026-08-28 12:24:21,253 INFO __main__: analysis interval completed start=2026-08-20 13:57:40 end=2026-08-20 14:01:02 frames=2020 ticks=1010 entered=13 exited=9 people_inside=4
2026-08-28 12:24:21,259 INFO __main__: summary updated end=2026-08-20 14:01:02
2026-08-28 12:24:21,259 INFO peoplein.stream: analysis interval ready start=2026-08-20 14:01:02 end=2026-08-20 14:02:40
2026-08-28 12:24:31,008 INFO peoplein.stream: decoded loby/20260820-135740.mkv: 485 frames
2026-08-28 12:24:31,104 INFO peoplein.stream: decoded loby/20260820-140239.mkv: 5 frames
2026-08-28 12:24:31,104 INFO peoplein.stream: decoded entrance/20260820-140102.mkv: 490 frames
2026-08-28 12:24:31,123 INFO __main__: analysis interval completed start=2026-08-20 14:01:02 end=2026-08-20 14:02:40 frames=980 ticks=490 entered=13 exited=9 people_inside=4
2026-08-28 12:24:31,129 INFO __main__: summary updated end=2026-08-20 14:02:40
2026-08-28 12:24:31,129 INFO peoplein.stream: analysis interval ready start=2026-08-20 14:02:39 end=2026-08-20 14:06:02
2026-08-28 12:24:45,082 INFO peoplein.stream: decoded loby/20260820-140239.mkv: 1015 frames
2026-08-28 12:24:45,082 INFO peoplein.stream: decoded entrance/20260820-140102.mkv: 1015 frames
2026-08-28 12:24:45,099 INFO __main__: analysis interval completed start=2026-08-20 14:02:39 end=2026-08-20 14:06:02 frames=2030 ticks=1015 entered=13 exited=9 people_inside=4
2026-08-28 12:24:45,105 INFO __main__: summary updated end=2026-08-20 14:06:02
2026-08-28 12:24:45,105 INFO peoplein.stream: analysis interval ready start=2026-08-20 14:06:02 end=2026-08-20 14:07:39
2026-08-28 12:24:54,457 INFO peoplein.stream: decoded loby/20260820-140239.mkv: 485 frames
2026-08-28 12:24:54,458 INFO peoplein.stream: decoded entrance/20260820-140602.mkv: 485 frames
2026-08-28 12:24:54,476 INFO __main__: analysis interval completed start=2026-08-20 14:06:02 end=2026-08-20 14:07:39 frames=970 ticks=485 entered=13 exited=9 people_inside=4
2026-08-28 12:24:54,482 INFO __main__: summary updated end=2026-08-20 14:07:39
2026-08-28 12:24:54,482 INFO peoplein.stream: analysis interval ready start=2026-08-20 14:07:39 end=2026-08-20 14:11:02
2026-08-28 12:25:07,691 INFO peoplein.stream: decoded entrance/20260820-140602.mkv: 1015 frames
2026-08-28 12:25:07,691 INFO peoplein.stream: decoded loby/20260820-140739.mkv: 1015 frames
2026-08-28 12:25:07,710 INFO __main__: analysis interval completed start=2026-08-20 14:07:39 end=2026-08-20 14:11:02 frames=2030 ticks=1015 entered=13 exited=9 people_inside=4
2026-08-28 12:25:07,715 INFO __main__: summary updated end=2026-08-20 14:11:02
2026-08-28 12:25:07,715 INFO peoplein.stream: analysis interval ready start=2026-08-20 14:11:02 end=2026-08-20 14:12:39
2026-08-28 12:25:16,745 INFO peoplein.stream: decoded entrance/20260820-141102.mkv: 485 frames
2026-08-28 12:25:16,745 INFO peoplein.stream: decoded loby/20260820-140739.mkv: 485 frames
2026-08-28 12:25:16,762 INFO __main__: analysis interval completed start=2026-08-20 14:11:02 end=2026-08-20 14:12:39 frames=970 ticks=485 entered=13 exited=9 people_inside=4
2026-08-28 12:25:16,768 INFO __main__: summary updated end=2026-08-20 14:12:39
2026-08-28 12:25:16,768 INFO peoplein.stream: analysis interval ready start=2026-08-20 14:12:39 end=2026-08-20 14:16:02
2026-08-28 12:25:33,151 INFO peoplein.stream: decoded loby/20260820-141239.mkv: 1015 frames
2026-08-28 12:25:33,151 INFO peoplein.stream: decoded entrance/20260820-141102.mkv: 1015 frames
2026-08-28 12:25:33,169 INFO __main__: analysis interval completed start=2026-08-20 14:12:39 end=2026-08-20 14:16:02 frames=2030 ticks=1015 entered=13 exited=9 people_inside=4
2026-08-28 12:25:33,175 INFO __main__: summary updated end=2026-08-20 14:16:02
2026-08-28 12:25:33,175 INFO peoplein.stream: analysis interval ready start=2026-08-20 14:16:02 end=2026-08-20 14:17:39
2026-08-28 12:25:42,079 INFO peoplein.stream: decoded entrance/20260820-141602.mkv: 485 frames
2026-08-28 12:25:42,080 INFO peoplein.stream: decoded loby/20260820-141239.mkv: 485 frames
2026-08-28 12:25:42,097 INFO __main__: analysis interval completed start=2026-08-20 14:16:02 end=2026-08-20 14:17:39 frames=970 ticks=485 entered=13 exited=9 people_inside=4
2026-08-28 12:25:42,103 INFO __main__: summary updated end=2026-08-20 14:17:39
2026-08-28 12:25:42,103 INFO peoplein.stream: analysis interval ready start=2026-08-20 14:17:39 end=2026-08-20 14:21:02
2026-08-28 12:25:55,255 INFO peoplein.stream: decoded entrance/20260820-141602.mkv: 1015 frames
2026-08-28 12:25:55,263 INFO peoplein.stream: decoded loby/20260820-141739.mkv: 1015 frames
2026-08-28 12:25:55,295 INFO __main__: analysis interval completed start=2026-08-20 14:17:39 end=2026-08-20 14:21:02 frames=2030 ticks=1015 entered=13 exited=9 people_inside=4
2026-08-28 12:25:55,301 INFO __main__: summary updated end=2026-08-20 14:21:02
2026-08-28 12:25:55,301 INFO peoplein.stream: analysis interval ready start=2026-08-20 14:21:02 end=2026-08-20 14:22:39
2026-08-28 12:26:04,474 INFO peoplein.stream: decoded entrance/20260820-142102.mkv: 485 frames
2026-08-28 12:26:04,474 INFO peoplein.stream: decoded loby/20260820-141739.mkv: 485 frames
2026-08-28 12:26:04,494 INFO __main__: analysis interval completed start=2026-08-20 14:21:02 end=2026-08-20 14:22:39 frames=970 ticks=485 entered=13 exited=9 people_inside=4
2026-08-28 12:26:04,501 INFO __main__: summary updated end=2026-08-20 14:22:39
2026-08-28 12:26:04,501 INFO peoplein.stream: analysis interval ready start=2026-08-20 14:22:39 end=2026-08-20 14:26:02
2026-08-28 12:26:17,945 INFO peoplein.stream: decoded loby/20260820-142239.mkv: 1015 frames
2026-08-28 12:26:17,946 INFO peoplein.stream: decoded entrance/20260820-142102.mkv: 1015 frames
2026-08-28 12:26:17,964 INFO __main__: analysis interval completed start=2026-08-20 14:22:39 end=2026-08-20 14:26:02 frames=2030 ticks=1015 entered=13 exited=9 people_inside=4
2026-08-28 12:26:17,970 INFO __main__: summary updated end=2026-08-20 14:26:02
2026-08-28 12:26:17,970 INFO peoplein.stream: analysis interval ready start=2026-08-20 14:26:02 end=2026-08-20 14:27:41
2026-08-28 12:26:27,902 INFO peoplein.stream: decoded entrance/20260820-142602.mkv: 495 frames
2026-08-28 12:26:27,902 INFO peoplein.stream: decoded loby/20260820-142239.mkv: 495 frames
2026-08-28 12:26:27,920 INFO __main__: analysis interval completed start=2026-08-20 14:26:02 end=2026-08-20 14:27:41 frames=990 ticks=495 entered=13 exited=9 people_inside=4
2026-08-28 12:26:27,925 INFO __main__: summary updated end=2026-08-20 14:27:41
2026-08-28 12:26:27,926 INFO peoplein.stream: analysis interval ready start=2026-08-20 14:27:41 end=2026-08-20 14:31:02
2026-08-28 12:26:41,167 INFO peoplein.stream: decoded entrance/20260820-142602.mkv: 1005 frames
2026-08-28 12:26:41,167 INFO peoplein.stream: decoded loby/20260820-142741.mkv: 1005 frames
2026-08-28 12:26:41,186 INFO __main__: analysis interval completed start=2026-08-20 14:27:41 end=2026-08-20 14:31:02 frames=2010 ticks=1005 entered=13 exited=9 people_inside=4
2026-08-28 12:26:41,192 INFO __main__: summary updated end=2026-08-20 14:31:02
2026-08-28 12:26:41,192 INFO peoplein.stream: analysis interval ready start=2026-08-20 14:31:02 end=2026-08-20 14:32:41
2026-08-28 12:26:50,401 INFO peoplein.stream: decoded loby/20260820-142741.mkv: 495 frames
2026-08-28 12:26:50,401 INFO peoplein.stream: decoded entrance/20260820-143102.mkv: 495 frames
2026-08-28 12:26:50,419 INFO __main__: analysis interval completed start=2026-08-20 14:31:02 end=2026-08-20 14:32:41 frames=990 ticks=495 entered=13 exited=9 people_inside=4
2026-08-28 12:26:50,424 INFO __main__: summary updated end=2026-08-20 14:32:41
2026-08-28 12:26:50,424 INFO peoplein.stream: analysis interval ready start=2026-08-20 14:32:41 end=2026-08-20 14:36:02
2026-08-28 12:27:04,715 INFO peoplein.stream: decoded loby/20260820-143241.mkv: 1005 frames
2026-08-28 12:27:04,716 INFO peoplein.stream: decoded entrance/20260820-143102.mkv: 1005 frames
2026-08-28 12:27:04,734 INFO __main__: analysis interval completed start=2026-08-20 14:32:41 end=2026-08-20 14:36:02 frames=2010 ticks=1005 entered=13 exited=10 people_inside=3
2026-08-28 12:27:04,740 INFO __main__: summary updated end=2026-08-20 14:36:02
2026-08-28 12:27:04,740 INFO peoplein.stream: analysis interval ready start=2026-08-20 14:36:02 end=2026-08-20 14:37:41
2026-08-28 12:27:14,823 INFO peoplein.stream: decoded loby/20260820-143241.mkv: 490 frames
2026-08-28 12:27:14,907 INFO peoplein.stream: decoded entrance/20260820-143602.mkv: 495 frames
2026-08-28 12:27:14,919 INFO peoplein.stream: decoded loby/20260820-143740.mkv: 5 frames
2026-08-28 12:27:14,928 INFO __main__: analysis interval completed start=2026-08-20 14:36:02 end=2026-08-20 14:37:41 frames=990 ticks=495 entered=13 exited=10 people_inside=3
2026-08-28 12:27:14,934 INFO __main__: summary updated end=2026-08-20 14:37:41
2026-08-28 12:27:14,934 INFO peoplein.stream: analysis interval ready start=2026-08-20 14:37:40 end=2026-08-20 14:41:02
2026-08-28 12:27:29,443 INFO peoplein.stream: decoded loby/20260820-143740.mkv: 1010 frames
2026-08-28 12:27:29,443 INFO peoplein.stream: decoded entrance/20260820-143602.mkv: 1010 frames
2026-08-28 12:27:29,463 INFO __main__: analysis interval completed start=2026-08-20 14:37:40 end=2026-08-20 14:41:02 frames=2020 ticks=1010 entered=13 exited=10 people_inside=3
2026-08-28 12:27:29,469 INFO __main__: summary updated end=2026-08-20 14:41:02
2026-08-28 12:27:29,469 INFO peoplein.stream: analysis interval ready start=2026-08-20 14:41:02 end=2026-08-20 14:42:40
2026-08-28 12:27:39,098 INFO peoplein.stream: decoded entrance/20260820-144102.mkv: 490 frames
2026-08-28 12:27:39,106 INFO peoplein.stream: decoded loby/20260820-143740.mkv: 490 frames
2026-08-28 12:27:39,138 INFO __main__: analysis interval completed start=2026-08-20 14:41:02 end=2026-08-20 14:42:40 frames=980 ticks=490 entered=13 exited=10 people_inside=3
2026-08-28 12:27:39,144 INFO __main__: summary updated end=2026-08-20 14:42:40
2026-08-28 12:27:39,144 INFO peoplein.stream: analysis interval ready start=2026-08-20 14:42:40 end=2026-08-20 14:46:02
2026-08-28 12:27:54,440 INFO peoplein.stream: decoded entrance/20260820-144102.mkv: 1010 frames
2026-08-28 12:27:54,440 INFO peoplein.stream: decoded loby/20260820-144240.mkv: 1010 frames
2026-08-28 12:27:54,459 INFO __main__: analysis interval completed start=2026-08-20 14:42:40 end=2026-08-20 14:46:02 frames=2020 ticks=1010 entered=13 exited=11 people_inside=2
2026-08-28 12:27:54,465 INFO __main__: summary updated end=2026-08-20 14:46:02
2026-08-28 12:27:54,465 INFO peoplein.stream: analysis interval ready start=2026-08-20 14:46:02 end=2026-08-20 14:47:40
2026-08-28 12:28:03,233 INFO peoplein.stream: decoded entrance/20260820-144602.mkv: 490 frames
2026-08-28 12:28:03,235 INFO peoplein.stream: decoded loby/20260820-144240.mkv: 490 frames
2026-08-28 12:28:03,252 INFO __main__: analysis interval completed start=2026-08-20 14:46:02 end=2026-08-20 14:47:40 frames=980 ticks=490 entered=13 exited=11 people_inside=2
2026-08-28 12:28:03,257 INFO __main__: summary updated end=2026-08-20 14:47:40
2026-08-28 12:28:03,258 INFO peoplein.stream: analysis interval ready start=2026-08-20 14:47:40 end=2026-08-20 14:51:02
2026-08-28 12:28:16,811 INFO peoplein.stream: decoded loby/20260820-144740.mkv: 1010 frames
2026-08-28 12:28:16,814 INFO peoplein.stream: decoded entrance/20260820-144602.mkv: 1010 frames
2026-08-28 12:28:16,831 INFO __main__: analysis interval completed start=2026-08-20 14:47:40 end=2026-08-20 14:51:02 frames=2020 ticks=1010 entered=13 exited=11 people_inside=2
2026-08-28 12:28:16,837 INFO __main__: summary updated end=2026-08-20 14:51:02
2026-08-28 12:28:16,837 INFO peoplein.stream: analysis interval ready start=2026-08-20 14:51:02 end=2026-08-20 14:52:40
2026-08-28 12:28:25,906 INFO peoplein.stream: decoded loby/20260820-144740.mkv: 490 frames
2026-08-28 12:28:25,908 INFO peoplein.stream: decoded entrance/20260820-145102.mkv: 490 frames
2026-08-28 12:28:25,924 INFO __main__: analysis interval completed start=2026-08-20 14:51:02 end=2026-08-20 14:52:40 frames=980 ticks=490 entered=13 exited=11 people_inside=2
2026-08-28 12:28:25,930 INFO __main__: summary updated end=2026-08-20 14:52:40
2026-08-28 12:28:25,930 INFO peoplein.stream: analysis interval ready start=2026-08-20 14:52:40 end=2026-08-20 14:56:02
2026-08-28 12:28:39,534 INFO peoplein.stream: decoded entrance/20260820-145102.mkv: 1010 frames
2026-08-28 12:28:39,535 INFO peoplein.stream: decoded loby/20260820-145240.mkv: 1010 frames
2026-08-28 12:28:39,551 INFO __main__: analysis interval completed start=2026-08-20 14:52:40 end=2026-08-20 14:56:02 frames=2020 ticks=1010 entered=13 exited=11 people_inside=2
2026-08-28 12:28:39,557 INFO __main__: summary updated end=2026-08-20 14:56:02
2026-08-28 12:28:39,557 INFO peoplein.stream: analysis interval ready start=2026-08-20 14:56:02 end=2026-08-20 14:57:40
2026-08-28 12:28:49,716 INFO peoplein.stream: decoded loby/20260820-145240.mkv: 490 frames
2026-08-28 12:28:49,716 INFO peoplein.stream: decoded entrance/20260820-145602.mkv: 490 frames
2026-08-28 12:28:49,733 INFO __main__: analysis interval completed start=2026-08-20 14:56:02 end=2026-08-20 14:57:40 frames=980 ticks=490 entered=13 exited=11 people_inside=2
2026-08-28 12:28:49,739 INFO __main__: summary updated end=2026-08-20 14:57:40
2026-08-28 12:28:49,739 INFO peoplein.stream: analysis interval ready start=2026-08-20 14:57:40 end=2026-08-20 15:01:02
2026-08-28 12:29:02,012 INFO peoplein.stream: decoded entrance/20260820-145602.mkv: 1010 frames
2026-08-28 12:29:02,019 INFO peoplein.stream: decoded loby/20260820-145740.mkv: 1010 frames
2026-08-28 12:29:02,053 INFO __main__: analysis interval completed start=2026-08-20 14:57:40 end=2026-08-20 15:01:02 frames=2020 ticks=1010 entered=13 exited=11 people_inside=2
2026-08-28 12:29:02,059 INFO __main__: summary updated end=2026-08-20 15:01:02
2026-08-28 12:29:02,059 INFO peoplein.stream: analysis interval ready start=2026-08-20 15:01:02 end=2026-08-20 15:02:40
2026-08-28 12:29:11,744 INFO peoplein.stream: decoded entrance/20260820-150102.mkv: 490 frames
2026-08-28 12:29:11,752 INFO peoplein.stream: decoded loby/20260820-145740.mkv: 490 frames
2026-08-28 12:29:11,783 INFO __main__: analysis interval completed start=2026-08-20 15:01:02 end=2026-08-20 15:02:40 frames=980 ticks=490 entered=14 exited=11 people_inside=3
2026-08-28 12:29:11,788 INFO __main__: summary updated end=2026-08-20 15:02:40
2026-08-28 12:29:11,789 INFO peoplein.stream: analysis interval ready start=2026-08-20 15:02:40 end=2026-08-20 15:06:02
2026-08-28 12:29:24,417 INFO peoplein.stream: decoded entrance/20260820-150102.mkv: 1010 frames
2026-08-28 12:29:24,417 INFO peoplein.stream: decoded loby/20260820-150240.mkv: 1010 frames
2026-08-28 12:29:24,434 INFO __main__: analysis interval completed start=2026-08-20 15:02:40 end=2026-08-20 15:06:02 frames=2020 ticks=1010 entered=14 exited=11 people_inside=3
2026-08-28 12:29:24,440 INFO __main__: summary updated end=2026-08-20 15:06:02
2026-08-28 12:29:24,440 INFO peoplein.stream: analysis interval ready start=2026-08-20 15:06:02 end=2026-08-20 15:07:40
2026-08-28 12:29:33,469 INFO peoplein.stream: decoded entrance/20260820-150602.mkv: 490 frames
2026-08-28 12:29:33,477 INFO peoplein.stream: decoded loby/20260820-150240.mkv: 490 frames
2026-08-28 12:29:33,508 INFO __main__: analysis interval completed start=2026-08-20 15:06:02 end=2026-08-20 15:07:40 frames=980 ticks=490 entered=14 exited=11 people_inside=3
2026-08-28 12:29:33,514 INFO __main__: summary updated end=2026-08-20 15:07:40
2026-08-28 12:29:33,514 INFO peoplein.stream: analysis interval ready start=2026-08-20 15:07:40 end=2026-08-20 15:11:02
2026-08-28 12:29:46,470 INFO peoplein.stream: decoded entrance/20260820-150602.mkv: 1010 frames
2026-08-28 12:29:46,470 INFO peoplein.stream: decoded loby/20260820-150740.mkv: 1010 frames
2026-08-28 12:29:46,488 INFO __main__: analysis interval completed start=2026-08-20 15:07:40 end=2026-08-20 15:11:02 frames=2020 ticks=1010 entered=14 exited=11 people_inside=3
2026-08-28 12:29:46,493 INFO __main__: summary updated end=2026-08-20 15:11:02
2026-08-28 12:29:46,493 INFO peoplein.stream: analysis interval ready start=2026-08-20 15:11:02 end=2026-08-20 15:12:40
2026-08-28 12:29:55,155 INFO peoplein.stream: decoded entrance/20260820-151102.mkv: 490 frames
2026-08-28 12:29:55,163 INFO peoplein.stream: decoded loby/20260820-150740.mkv: 490 frames
2026-08-28 12:29:55,195 INFO __main__: analysis interval completed start=2026-08-20 15:11:02 end=2026-08-20 15:12:40 frames=980 ticks=490 entered=14 exited=11 people_inside=3
2026-08-28 12:29:55,200 INFO __main__: summary updated end=2026-08-20 15:12:40
2026-08-28 12:29:55,200 INFO peoplein.stream: analysis interval ready start=2026-08-20 15:12:40 end=2026-08-20 15:16:02
2026-08-28 12:30:07,988 INFO peoplein.stream: decoded entrance/20260820-151102.mkv: 1010 frames
2026-08-28 12:30:07,988 INFO peoplein.stream: decoded loby/20260820-151240.mkv: 1010 frames
2026-08-28 12:30:08,005 INFO __main__: analysis interval completed start=2026-08-20 15:12:40 end=2026-08-20 15:16:02 frames=2020 ticks=1010 entered=14 exited=11 people_inside=3
2026-08-28 12:30:08,011 INFO __main__: summary updated end=2026-08-20 15:16:02
2026-08-28 12:30:08,011 INFO peoplein.stream: analysis interval ready start=2026-08-20 15:16:02 end=2026-08-20 15:17:40
2026-08-28 12:30:17,006 INFO peoplein.stream: decoded loby/20260820-151240.mkv: 485 frames
2026-08-28 12:30:17,090 INFO peoplein.stream: decoded entrance/20260820-151602.mkv: 490 frames
2026-08-28 12:30:17,096 INFO peoplein.stream: decoded loby/20260820-151739.mkv: 5 frames
2026-08-28 12:30:17,108 INFO __main__: analysis interval completed start=2026-08-20 15:16:02 end=2026-08-20 15:17:40 frames=980 ticks=490 entered=14 exited=11 people_inside=3
2026-08-28 12:30:17,114 INFO __main__: summary updated end=2026-08-20 15:17:40
2026-08-28 12:30:17,114 INFO peoplein.stream: analysis interval ready start=2026-08-20 15:17:39 end=2026-08-20 15:21:02
2026-08-28 12:30:30,500 INFO peoplein.stream: decoded entrance/20260820-151602.mkv: 1015 frames
2026-08-28 12:30:30,502 INFO peoplein.stream: decoded loby/20260820-151739.mkv: 1015 frames
2026-08-28 12:30:30,518 INFO __main__: analysis interval completed start=2026-08-20 15:17:39 end=2026-08-20 15:21:02 frames=2030 ticks=1015 entered=14 exited=11 people_inside=3
2026-08-28 12:30:30,524 INFO __main__: summary updated end=2026-08-20 15:21:02
2026-08-28 12:30:30,524 INFO peoplein.stream: analysis interval ready start=2026-08-20 15:21:02 end=2026-08-20 15:22:39
2026-08-28 12:30:39,739 INFO peoplein.stream: decoded entrance/20260820-152102.mkv: 485 frames
2026-08-28 12:30:39,743 INFO peoplein.stream: decoded loby/20260820-151739.mkv: 485 frames
2026-08-28 12:30:39,757 INFO __main__: analysis interval completed start=2026-08-20 15:21:02 end=2026-08-20 15:22:39 frames=970 ticks=485 entered=14 exited=11 people_inside=3
2026-08-28 12:30:39,763 INFO __main__: summary updated end=2026-08-20 15:22:39
2026-08-28 12:30:39,763 INFO peoplein.stream: analysis interval ready start=2026-08-20 15:22:39 end=2026-08-20 15:26:02
2026-08-28 12:30:52,457 INFO peoplein.stream: decoded entrance/20260820-152102.mkv: 1015 frames
2026-08-28 12:30:52,460 INFO peoplein.stream: decoded loby/20260820-152239.mkv: 1015 frames
2026-08-28 12:30:52,478 INFO __main__: analysis interval completed start=2026-08-20 15:22:39 end=2026-08-20 15:26:02 frames=2030 ticks=1015 entered=14 exited=11 people_inside=3
2026-08-28 12:30:52,484 INFO __main__: summary updated end=2026-08-20 15:26:02
2026-08-28 12:30:52,484 INFO peoplein.stream: analysis interval ready start=2026-08-20 15:26:02 end=2026-08-20 15:27:39
2026-08-28 12:31:01,342 INFO peoplein.stream: decoded entrance/20260820-152602.mkv: 485 frames
2026-08-28 12:31:01,342 INFO peoplein.stream: decoded loby/20260820-152239.mkv: 485 frames
2026-08-28 12:31:01,359 INFO __main__: analysis interval completed start=2026-08-20 15:26:02 end=2026-08-20 15:27:39 frames=970 ticks=485 entered=14 exited=11 people_inside=3
2026-08-28 12:31:01,365 INFO __main__: summary updated end=2026-08-20 15:27:39
2026-08-28 12:31:01,365 INFO peoplein.stream: analysis interval ready start=2026-08-20 15:27:39 end=2026-08-20 15:31:02
2026-08-28 12:31:15,424 INFO peoplein.stream: decoded loby/20260820-152739.mkv: 1015 frames
2026-08-28 12:31:15,430 INFO peoplein.stream: decoded entrance/20260820-152602.mkv: 1015 frames
2026-08-28 12:31:15,446 INFO __main__: analysis interval completed start=2026-08-20 15:27:39 end=2026-08-20 15:31:02 frames=2030 ticks=1015 entered=14 exited=11 people_inside=3
2026-08-28 12:31:15,452 INFO __main__: summary updated end=2026-08-20 15:31:02
2026-08-28 12:31:15,452 INFO peoplein.stream: analysis interval ready start=2026-08-20 15:31:02 end=2026-08-20 15:32:39
2026-08-28 12:31:24,927 INFO peoplein.stream: decoded entrance/20260820-153102.mkv: 485 frames
2026-08-28 12:31:24,929 INFO peoplein.stream: decoded loby/20260820-152739.mkv: 485 frames
2026-08-28 12:31:24,945 INFO __main__: analysis interval completed start=2026-08-20 15:31:02 end=2026-08-20 15:32:39 frames=970 ticks=485 entered=14 exited=11 people_inside=3
2026-08-28 12:31:24,951 INFO __main__: summary updated end=2026-08-20 15:32:39
2026-08-28 12:31:24,951 INFO peoplein.stream: analysis interval ready start=2026-08-20 15:32:39 end=2026-08-20 15:36:02
2026-08-28 12:31:37,706 INFO peoplein.stream: decoded entrance/20260820-153102.mkv: 1015 frames
2026-08-28 12:31:37,707 INFO peoplein.stream: decoded loby/20260820-153239.mkv: 1015 frames
2026-08-28 12:31:37,724 INFO __main__: analysis interval completed start=2026-08-20 15:32:39 end=2026-08-20 15:36:02 frames=2030 ticks=1015 entered=14 exited=11 people_inside=3
2026-08-28 12:31:37,730 INFO __main__: summary updated end=2026-08-20 15:36:02
2026-08-28 12:31:37,730 INFO peoplein.stream: analysis interval ready start=2026-08-20 15:36:02 end=2026-08-20 15:37:39
2026-08-28 12:31:47,873 INFO peoplein.stream: decoded entrance/20260820-153602.mkv: 485 frames
2026-08-28 12:31:47,873 INFO peoplein.stream: decoded loby/20260820-153239.mkv: 485 frames
2026-08-28 12:31:47,891 INFO __main__: analysis interval completed start=2026-08-20 15:36:02 end=2026-08-20 15:37:39 frames=970 ticks=485 entered=14 exited=11 people_inside=3
2026-08-28 12:31:47,898 INFO __main__: summary updated end=2026-08-20 15:37:39
2026-08-28 12:31:47,898 INFO peoplein.stream: analysis interval ready start=2026-08-20 15:37:39 end=2026-08-20 15:41:02
2026-08-28 12:32:03,303 INFO peoplein.stream: decoded entrance/20260820-153602.mkv: 1015 frames
2026-08-28 12:32:03,303 INFO peoplein.stream: decoded loby/20260820-153739.mkv: 1015 frames
2026-08-28 12:32:03,323 INFO __main__: analysis interval completed start=2026-08-20 15:37:39 end=2026-08-20 15:41:02 frames=2030 ticks=1015 entered=14 exited=11 people_inside=3
2026-08-28 12:32:03,331 INFO __main__: summary updated end=2026-08-20 15:41:02
2026-08-28 12:32:03,331 INFO peoplein.stream: analysis interval ready start=2026-08-20 15:41:02 end=2026-08-20 15:42:41
2026-08-28 12:32:13,355 INFO peoplein.stream: decoded entrance/20260820-154102.mkv: 495 frames
2026-08-28 12:32:13,367 INFO peoplein.stream: decoded loby/20260820-153739.mkv: 495 frames
2026-08-28 12:32:13,406 INFO __main__: analysis interval completed start=2026-08-20 15:41:02 end=2026-08-20 15:42:41 frames=990 ticks=495 entered=14 exited=11 people_inside=3
2026-08-28 12:32:13,413 INFO __main__: summary updated end=2026-08-20 15:42:41
2026-08-28 12:32:13,413 INFO peoplein.stream: analysis interval ready start=2026-08-20 15:42:41 end=2026-08-20 15:46:02
2026-08-28 12:32:28,083 INFO peoplein.stream: decoded entrance/20260820-154102.mkv: 1005 frames
2026-08-28 12:32:28,087 INFO peoplein.stream: decoded loby/20260820-154241.mkv: 1005 frames
2026-08-28 12:32:28,103 INFO __main__: analysis interval completed start=2026-08-20 15:42:41 end=2026-08-20 15:46:02 frames=2010 ticks=1005 entered=14 exited=11 people_inside=3
2026-08-28 12:32:28,109 INFO __main__: summary updated end=2026-08-20 15:46:02
2026-08-28 12:32:28,109 INFO peoplein.stream: analysis interval ready start=2026-08-20 15:46:02 end=2026-08-20 15:47:41
2026-08-28 12:32:37,827 INFO peoplein.stream: decoded entrance/20260820-154602.mkv: 495 frames
2026-08-28 12:32:37,836 INFO peoplein.stream: decoded loby/20260820-154241.mkv: 495 frames
2026-08-28 12:32:37,917 INFO __main__: analysis interval completed start=2026-08-20 15:46:02 end=2026-08-20 15:47:41 frames=990 ticks=495 entered=14 exited=11 people_inside=3
2026-08-28 12:32:37,925 INFO __main__: summary updated end=2026-08-20 15:47:41
2026-08-28 12:32:37,925 INFO peoplein.stream: analysis interval ready start=2026-08-20 15:47:41 end=2026-08-20 15:51:02
2026-08-28 12:32:52,972 INFO peoplein.stream: decoded loby/20260820-154741.mkv: 1005 frames
2026-08-28 12:32:52,973 INFO peoplein.stream: decoded entrance/20260820-154602.mkv: 1005 frames
2026-08-28 12:32:52,989 INFO __main__: analysis interval completed start=2026-08-20 15:47:41 end=2026-08-20 15:51:02 frames=2010 ticks=1005 entered=14 exited=11 people_inside=3
2026-08-28 12:32:52,995 INFO __main__: summary updated end=2026-08-20 15:51:02
2026-08-28 12:32:52,995 INFO peoplein.stream: analysis interval ready start=2026-08-20 15:51:02 end=2026-08-20 15:52:41
2026-08-28 12:33:03,746 INFO peoplein.stream: decoded loby/20260820-154741.mkv: 490 frames
2026-08-28 12:33:03,858 INFO peoplein.stream: decoded entrance/20260820-155102.mkv: 495 frames
2026-08-28 12:33:03,865 INFO peoplein.stream: decoded loby/20260820-155240.mkv: 5 frames
2026-08-28 12:33:03,903 INFO __main__: analysis interval completed start=2026-08-20 15:51:02 end=2026-08-20 15:52:41 frames=990 ticks=495 entered=14 exited=11 people_inside=3
2026-08-28 12:33:03,909 INFO __main__: summary updated end=2026-08-20 15:52:41
2026-08-28 12:33:03,909 INFO peoplein.stream: analysis interval ready start=2026-08-20 15:52:40 end=2026-08-20 15:56:02
2026-08-28 12:33:17,248 INFO peoplein.stream: decoded entrance/20260820-155102.mkv: 1010 frames
2026-08-28 12:33:17,252 INFO peoplein.stream: decoded loby/20260820-155240.mkv: 1010 frames
2026-08-28 12:33:17,267 INFO __main__: analysis interval completed start=2026-08-20 15:52:40 end=2026-08-20 15:56:02 frames=2020 ticks=1010 entered=14 exited=11 people_inside=3
2026-08-28 12:33:17,273 INFO __main__: summary updated end=2026-08-20 15:56:02
2026-08-28 12:33:17,273 INFO peoplein.stream: analysis interval ready start=2026-08-20 15:56:02 end=2026-08-20 15:57:40
2026-08-28 12:33:26,469 INFO peoplein.stream: decoded entrance/20260820-155602.mkv: 490 frames
2026-08-28 12:33:26,478 INFO peoplein.stream: decoded loby/20260820-155240.mkv: 490 frames
2026-08-28 12:33:26,514 INFO __main__: analysis interval completed start=2026-08-20 15:56:02 end=2026-08-20 15:57:40 frames=980 ticks=490 entered=14 exited=11 people_inside=3
2026-08-28 12:33:26,520 INFO __main__: summary updated end=2026-08-20 15:57:40
2026-08-28 12:33:26,520 INFO peoplein.stream: analysis interval ready start=2026-08-20 15:57:40 end=2026-08-20 16:01:02
2026-08-28 12:33:40,417 INFO peoplein.stream: decoded entrance/20260820-155602.mkv: 1010 frames
2026-08-28 12:33:40,418 INFO peoplein.stream: decoded loby/20260820-155740.mkv: 1010 frames
2026-08-28 12:33:40,438 INFO __main__: analysis interval completed start=2026-08-20 15:57:40 end=2026-08-20 16:01:02 frames=2020 ticks=1010 entered=14 exited=11 people_inside=3
2026-08-28 12:33:40,444 INFO __main__: summary updated end=2026-08-20 16:01:02
2026-08-28 12:33:40,444 INFO peoplein.stream: analysis interval ready start=2026-08-20 16:01:02 end=2026-08-20 16:02:40
2026-08-28 12:33:49,853 INFO peoplein.stream: decoded loby/20260820-155740.mkv: 490 frames
2026-08-28 12:33:49,855 INFO peoplein.stream: decoded entrance/20260820-160102.mkv: 490 frames
2026-08-28 12:33:49,872 INFO __main__: analysis interval completed start=2026-08-20 16:01:02 end=2026-08-20 16:02:40 frames=980 ticks=490 entered=14 exited=11 people_inside=3
2026-08-28 12:33:49,879 INFO __main__: summary updated end=2026-08-20 16:02:40
2026-08-28 12:33:49,879 INFO peoplein.stream: analysis interval ready start=2026-08-20 16:02:40 end=2026-08-20 16:06:02
2026-08-28 12:34:03,057 INFO peoplein.stream: decoded entrance/20260820-160102.mkv: 1010 frames
2026-08-28 12:34:03,057 INFO peoplein.stream: decoded loby/20260820-160240.mkv: 1010 frames
2026-08-28 12:34:03,077 INFO __main__: analysis interval completed start=2026-08-20 16:02:40 end=2026-08-20 16:06:02 frames=2020 ticks=1010 entered=14 exited=11 people_inside=3
2026-08-28 12:34:03,083 INFO __main__: summary updated end=2026-08-20 16:06:02
2026-08-28 12:34:03,083 INFO peoplein.stream: analysis interval ready start=2026-08-20 16:06:02 end=2026-08-20 16:07:40
2026-08-28 12:34:12,100 INFO peoplein.stream: decoded loby/20260820-160240.mkv: 490 frames
2026-08-28 12:34:12,102 INFO peoplein.stream: decoded entrance/20260820-160602.mkv: 490 frames
2026-08-28 12:34:12,120 INFO __main__: analysis interval completed start=2026-08-20 16:06:02 end=2026-08-20 16:07:40 frames=980 ticks=490 entered=14 exited=11 people_inside=3
2026-08-28 12:34:12,126 INFO __main__: summary updated end=2026-08-20 16:07:40
2026-08-28 12:34:12,126 INFO peoplein.stream: analysis interval ready start=2026-08-20 16:07:40 end=2026-08-20 16:11:02
2026-08-28 12:34:26,914 INFO peoplein.stream: decoded loby/20260820-160740.mkv: 1010 frames
2026-08-28 12:34:26,918 INFO peoplein.stream: decoded entrance/20260820-160602.mkv: 1010 frames
2026-08-28 12:34:26,934 INFO __main__: analysis interval completed start=2026-08-20 16:07:40 end=2026-08-20 16:11:02 frames=2020 ticks=1010 entered=14 exited=12 people_inside=2
2026-08-28 12:34:26,941 INFO __main__: summary updated end=2026-08-20 16:11:02
2026-08-28 12:34:26,941 INFO peoplein.stream: analysis interval ready start=2026-08-20 16:11:02 end=2026-08-20 16:12:40
2026-08-28 12:34:36,118 INFO peoplein.stream: decoded loby/20260820-160740.mkv: 490 frames
2026-08-28 12:34:36,118 INFO peoplein.stream: decoded entrance/20260820-161102.mkv: 490 frames
2026-08-28 12:34:36,138 INFO __main__: analysis interval completed start=2026-08-20 16:11:02 end=2026-08-20 16:12:40 frames=980 ticks=490 entered=14 exited=12 people_inside=2
2026-08-28 12:34:36,145 INFO __main__: summary updated end=2026-08-20 16:12:40
2026-08-28 12:34:36,145 INFO peoplein.stream: analysis interval ready start=2026-08-20 16:12:40 end=2026-08-20 16:16:02
2026-08-28 12:34:48,973 INFO peoplein.stream: decoded entrance/20260820-161102.mkv: 1010 frames
2026-08-28 12:34:48,974 INFO peoplein.stream: decoded loby/20260820-161240.mkv: 1010 frames
2026-08-28 12:34:48,991 INFO __main__: analysis interval completed start=2026-08-20 16:12:40 end=2026-08-20 16:16:02 frames=2020 ticks=1010 entered=14 exited=12 people_inside=2
2026-08-28 12:34:48,998 INFO __main__: summary updated end=2026-08-20 16:16:02
2026-08-28 12:34:48,998 INFO peoplein.stream: analysis interval ready start=2026-08-20 16:16:02 end=2026-08-20 16:17:40
2026-08-28 12:34:58,277 INFO peoplein.stream: decoded loby/20260820-161240.mkv: 490 frames
2026-08-28 12:34:58,284 INFO peoplein.stream: decoded entrance/20260820-161602.mkv: 490 frames
2026-08-28 12:34:58,300 INFO __main__: analysis interval completed start=2026-08-20 16:16:02 end=2026-08-20 16:17:40 frames=980 ticks=490 entered=14 exited=12 people_inside=2
2026-08-28 12:34:58,306 INFO __main__: summary updated end=2026-08-20 16:17:40
2026-08-28 12:34:58,306 INFO peoplein.stream: analysis interval ready start=2026-08-20 16:17:40 end=2026-08-20 16:21:02
2026-08-28 12:35:12,594 INFO peoplein.stream: decoded loby/20260820-161740.mkv: 1010 frames
2026-08-28 12:35:12,596 INFO peoplein.stream: decoded entrance/20260820-161602.mkv: 1010 frames
2026-08-28 12:35:12,612 INFO __main__: analysis interval completed start=2026-08-20 16:17:40 end=2026-08-20 16:21:02 frames=2020 ticks=1010 entered=14 exited=12 people_inside=2
2026-08-28 12:35:12,618 INFO __main__: summary updated end=2026-08-20 16:21:02
2026-08-28 12:35:12,618 INFO peoplein.stream: analysis interval ready start=2026-08-20 16:21:02 end=2026-08-20 16:22:40
2026-08-28 12:35:21,849 INFO peoplein.stream: decoded entrance/20260820-162102.mkv: 490 frames
2026-08-28 12:35:21,854 INFO peoplein.stream: decoded loby/20260820-161740.mkv: 490 frames
2026-08-28 12:35:21,868 INFO __main__: analysis interval completed start=2026-08-20 16:21:02 end=2026-08-20 16:22:40 frames=980 ticks=490 entered=14 exited=12 people_inside=2
2026-08-28 12:35:21,875 INFO __main__: summary updated end=2026-08-20 16:22:40
2026-08-28 12:35:21,875 INFO peoplein.stream: analysis interval ready start=2026-08-20 16:22:40 end=2026-08-20 16:26:02
2026-08-28 12:35:35,495 INFO peoplein.stream: decoded entrance/20260820-162102.mkv: 1010 frames
2026-08-28 12:35:35,503 INFO peoplein.stream: decoded loby/20260820-162240.mkv: 1010 frames
2026-08-28 12:35:35,539 INFO __main__: analysis interval completed start=2026-08-20 16:22:40 end=2026-08-20 16:26:02 frames=2020 ticks=1010 entered=14 exited=12 people_inside=2
2026-08-28 12:35:35,545 INFO __main__: summary updated end=2026-08-20 16:26:02
2026-08-28 12:35:35,546 INFO peoplein.stream: analysis interval ready start=2026-08-20 16:26:02 end=2026-08-20 16:27:40
2026-08-28 12:35:46,216 INFO peoplein.stream: decoded loby/20260820-162240.mkv: 490 frames
2026-08-28 12:35:46,218 INFO peoplein.stream: decoded entrance/20260820-162602.mkv: 490 frames
2026-08-28 12:35:46,235 INFO __main__: analysis interval completed start=2026-08-20 16:26:02 end=2026-08-20 16:27:40 frames=980 ticks=490 entered=15 exited=12 people_inside=3
2026-08-28 12:35:46,241 INFO __main__: summary updated end=2026-08-20 16:27:40
2026-08-28 12:35:46,241 INFO peoplein.stream: analysis interval ready start=2026-08-20 16:27:40 end=2026-08-20 16:31:02
2026-08-28 12:35:59,679 INFO peoplein.stream: decoded entrance/20260820-162602.mkv: 1010 frames
2026-08-28 12:35:59,683 INFO peoplein.stream: decoded loby/20260820-162740.mkv: 1010 frames
2026-08-28 12:35:59,698 INFO __main__: analysis interval completed start=2026-08-20 16:27:40 end=2026-08-20 16:31:02 frames=2020 ticks=1010 entered=15 exited=12 people_inside=3
2026-08-28 12:35:59,704 INFO __main__: summary updated end=2026-08-20 16:31:02
2026-08-28 12:35:59,705 WARNING peoplein.stream: archive interval skipped start=2026-08-20T16:31:02.000 end=2026-08-20T16:32:40.000 duration_seconds=98.0 reason=camera_archives_do_not_overlap
2026-08-28 12:36:15,113 INFO __main__: summary updated end=2026-08-20 16:31:02
2026-08-28 12:36:15,113 INFO __main__: run completed seconds=169552 frames=1695512 ticks=847756 max_skew_ms=0 occupancy_exact_match_pct=None video_duration_seconds=169551.12 processing_time_seconds=12361.729 people_inside=3 passage_confirmation_ratio=1.0
