2026-08-26 19:28:33,134 INFO root: benchmark host is clear
2026-08-26 19:28:33,410 INFO __main__: run started cameras=entrance,loby archive=/app/resources/archive_debug_cache_remote reference=disabled
2026-08-26 19:28:34,657 INFO peoplein.stream: remote camera discovered camera=entrance files=2305
2026-08-26 19:28:35,859 INFO peoplein.stream: remote camera discovered camera=loby files=2306
2026-08-26 19:28:35,860 INFO peoplein.stream: download started camera=entrance file=20260818-222605.mkv
2026-08-26 19:28:35,861 INFO peoplein.stream: download started camera=loby file=20260818-222242.mkv
2026-08-26 19:29:14,784 INFO peoplein.stream: download completed camera=loby file=20260818-222242.mkv bytes=38643186 interval=2026-08-18 22:22:42..2026-08-18 22:27:40
2026-08-26 19:29:15,665 INFO peoplein.stream: download completed camera=entrance file=20260818-222605.mkv bytes=31958607 interval=2026-08-18 22:26:05..2026-08-18 22:31:05
2026-08-26 19:29:15,666 WARNING peoplein.stream: archive interval skipped start=2026-08-18T22:22:42.000 end=2026-08-18T22:26:05.000 duration_seconds=203.0 reason=camera_archives_do_not_overlap
2026-08-26 19:29:15,666 INFO peoplein.stream: analysis interval ready start=2026-08-18 22:26:05 end=2026-08-18 22:27:40
2026-08-26 19:29:23,183 INFO peoplein.stream: decoded entrance/20260818-222605.mkv: 475 frames
2026-08-26 19:29:23,185 INFO peoplein.stream: decoded loby/20260818-222242.mkv: 475 frames
2026-08-26 19:29:23,192 INFO __main__: analysis interval completed start=2026-08-18 22:26:05 end=2026-08-18 22:27:40 frames=950 ticks=475 entered=0 exited=0 people_inside=0
2026-08-26 19:29:23,193 INFO __main__: summary updated end=2026-08-18 22:27:40
2026-08-26 19:29:23,193 INFO peoplein.stream: download started camera=loby file=20260818-222741.mkv
2026-08-26 19:29:44,450 INFO peoplein.stream: download completed camera=loby file=20260818-222741.mkv bytes=38915178 interval=2026-08-18 22:27:41..2026-08-18 22:32:41
2026-08-26 19:29:44,451 WARNING peoplein.stream: archive interval skipped start=2026-08-18T22:27:40.000 end=2026-08-18T22:27:41.000 duration_seconds=1.0 reason=camera_archives_do_not_overlap
2026-08-26 19:29:44,451 INFO peoplein.stream: analysis interval ready start=2026-08-18 22:27:41 end=2026-08-18 22:31:05
2026-08-26 19:29:53,825 INFO peoplein.stream: decoded entrance/20260818-222605.mkv: 1020 frames
2026-08-26 19:29:53,828 INFO peoplein.stream: decoded loby/20260818-222741.mkv: 1020 frames
2026-08-26 19:29:53,835 INFO __main__: analysis interval completed start=2026-08-18 22:27:41 end=2026-08-18 22:31:05 frames=2040 ticks=1020 entered=0 exited=0 people_inside=0
2026-08-26 19:29:53,837 INFO __main__: summary updated end=2026-08-18 22:31:05
2026-08-26 19:29:53,838 INFO peoplein.stream: download started camera=entrance file=20260818-223105.mkv
2026-08-26 19:30:11,241 INFO peoplein.stream: download completed camera=entrance file=20260818-223105.mkv bytes=31974984 interval=2026-08-18 22:31:05..2026-08-18 22:36:05
2026-08-26 19:30:11,241 INFO peoplein.stream: analysis interval ready start=2026-08-18 22:31:05 end=2026-08-18 22:32:41
2026-08-26 19:30:18,476 INFO peoplein.stream: decoded entrance/20260818-223105.mkv: 480 frames
2026-08-26 19:30:18,478 INFO peoplein.stream: decoded loby/20260818-222741.mkv: 480 frames
2026-08-26 19:30:18,483 INFO __main__: analysis interval completed start=2026-08-18 22:31:05 end=2026-08-18 22:32:41 frames=960 ticks=480 entered=0 exited=0 people_inside=0
2026-08-26 19:30:18,485 INFO __main__: summary updated end=2026-08-18 22:32:41
2026-08-26 19:30:18,485 INFO peoplein.stream: download started camera=loby file=20260818-223241.mkv
2026-08-26 19:30:39,614 INFO peoplein.stream: download completed camera=loby file=20260818-223241.mkv bytes=38737379 interval=2026-08-18 22:32:41..2026-08-18 22:37:41
2026-08-26 19:30:39,614 INFO peoplein.stream: analysis interval ready start=2026-08-18 22:32:41 end=2026-08-18 22:36:05
2026-08-26 19:30:49,414 INFO peoplein.stream: decoded entrance/20260818-223105.mkv: 1020 frames
2026-08-26 19:30:49,417 INFO peoplein.stream: decoded loby/20260818-223241.mkv: 1020 frames
2026-08-26 19:30:49,424 INFO __main__: analysis interval completed start=2026-08-18 22:32:41 end=2026-08-18 22:36:05 frames=2040 ticks=1020 entered=0 exited=0 people_inside=0
2026-08-26 19:30:49,426 INFO __main__: summary updated end=2026-08-18 22:36:05
2026-08-26 19:30:49,426 INFO peoplein.stream: download started camera=entrance file=20260818-223605.mkv
2026-08-26 19:31:05,130 INFO peoplein.stream: download completed camera=entrance file=20260818-223605.mkv bytes=31988997 interval=2026-08-18 22:36:05..2026-08-18 22:41:05
2026-08-26 19:31:05,130 INFO peoplein.stream: analysis interval ready start=2026-08-18 22:36:05 end=2026-08-18 22:37:41
2026-08-26 19:31:12,348 INFO peoplein.stream: decoded loby/20260818-223241.mkv: 480 frames
2026-08-26 19:31:12,359 INFO peoplein.stream: decoded entrance/20260818-223605.mkv: 480 frames
2026-08-26 19:31:12,360 INFO __main__: analysis interval completed start=2026-08-18 22:36:05 end=2026-08-18 22:37:41 frames=960 ticks=480 entered=0 exited=0 people_inside=0
2026-08-26 19:31:12,361 INFO __main__: summary updated end=2026-08-18 22:37:41
2026-08-26 19:31:12,362 INFO peoplein.stream: download started camera=loby file=20260818-223742.mkv
2026-08-26 19:31:47,706 INFO peoplein.stream: download completed camera=loby file=20260818-223742.mkv bytes=38977700 interval=2026-08-18 22:37:42..2026-08-18 22:42:42
2026-08-26 19:31:47,707 WARNING peoplein.stream: archive interval skipped start=2026-08-18T22:37:41.000 end=2026-08-18T22:37:42.000 duration_seconds=1.0 reason=camera_archives_do_not_overlap
2026-08-26 19:31:47,707 INFO peoplein.stream: analysis interval ready start=2026-08-18 22:37:42 end=2026-08-18 22:41:05
2026-08-26 19:31:57,151 INFO peoplein.stream: decoded entrance/20260818-223605.mkv: 1015 frames
2026-08-26 19:31:57,152 INFO peoplein.stream: decoded loby/20260818-223742.mkv: 1015 frames
2026-08-26 19:31:57,157 INFO __main__: analysis interval completed start=2026-08-18 22:37:42 end=2026-08-18 22:41:05 frames=2030 ticks=1015 entered=0 exited=0 people_inside=0
2026-08-26 19:31:57,159 INFO __main__: summary updated end=2026-08-18 22:41:05
2026-08-26 19:31:57,160 INFO peoplein.stream: download started camera=entrance file=20260818-224105.mkv
2026-08-26 19:32:16,929 INFO peoplein.stream: download completed camera=entrance file=20260818-224105.mkv bytes=31964677 interval=2026-08-18 22:41:05..2026-08-18 22:46:05
2026-08-26 19:32:16,930 INFO peoplein.stream: analysis interval ready start=2026-08-18 22:41:05 end=2026-08-18 22:42:42
2026-08-26 19:32:24,165 INFO peoplein.stream: decoded loby/20260818-223742.mkv: 485 frames
2026-08-26 19:32:24,168 INFO peoplein.stream: decoded entrance/20260818-224105.mkv: 485 frames
2026-08-26 19:32:24,174 INFO __main__: analysis interval completed start=2026-08-18 22:41:05 end=2026-08-18 22:42:42 frames=970 ticks=485 entered=0 exited=0 people_inside=0
2026-08-26 19:32:24,176 INFO __main__: summary updated end=2026-08-18 22:42:42
2026-08-26 19:32:24,177 INFO peoplein.stream: download started camera=loby file=20260818-224242.mkv
2026-08-26 19:32:48,092 INFO peoplein.stream: download completed camera=loby file=20260818-224242.mkv bytes=38839507 interval=2026-08-18 22:42:42..2026-08-18 22:47:40
2026-08-26 19:32:48,092 INFO peoplein.stream: analysis interval ready start=2026-08-18 22:42:42 end=2026-08-18 22:46:05
2026-08-26 19:32:57,454 INFO peoplein.stream: decoded entrance/20260818-224105.mkv: 1015 frames
2026-08-26 19:32:57,454 INFO peoplein.stream: decoded loby/20260818-224242.mkv: 1015 frames
2026-08-26 19:32:57,463 INFO __main__: analysis interval completed start=2026-08-18 22:42:42 end=2026-08-18 22:46:05 frames=2030 ticks=1015 entered=0 exited=0 people_inside=0
2026-08-26 19:32:57,465 INFO __main__: summary updated end=2026-08-18 22:46:05
2026-08-26 19:32:57,466 INFO peoplein.stream: download started camera=entrance file=20260818-224605.mkv
2026-08-26 19:33:16,571 INFO peoplein.stream: download completed camera=entrance file=20260818-224605.mkv bytes=31961896 interval=2026-08-18 22:46:05..2026-08-18 22:51:05
2026-08-26 19:33:16,572 INFO peoplein.stream: analysis interval ready start=2026-08-18 22:46:05 end=2026-08-18 22:47:40
2026-08-26 19:33:23,689 INFO peoplein.stream: decoded loby/20260818-224242.mkv: 475 frames
2026-08-26 19:33:23,691 INFO peoplein.stream: decoded entrance/20260818-224605.mkv: 475 frames
2026-08-26 19:33:23,697 INFO __main__: analysis interval completed start=2026-08-18 22:46:05 end=2026-08-18 22:47:40 frames=950 ticks=475 entered=0 exited=0 people_inside=0
2026-08-26 19:33:23,699 INFO __main__: summary updated end=2026-08-18 22:47:40
2026-08-26 19:33:23,699 INFO peoplein.stream: download started camera=loby file=20260818-224741.mkv
2026-08-26 19:33:48,695 INFO peoplein.stream: download completed camera=loby file=20260818-224741.mkv bytes=39010206 interval=2026-08-18 22:47:41..2026-08-18 22:52:41
2026-08-26 19:33:48,696 WARNING peoplein.stream: archive interval skipped start=2026-08-18T22:47:40.000 end=2026-08-18T22:47:41.000 duration_seconds=1.0 reason=camera_archives_do_not_overlap
2026-08-26 19:33:48,696 INFO peoplein.stream: analysis interval ready start=2026-08-18 22:47:41 end=2026-08-18 22:51:05
2026-08-26 19:33:58,209 INFO peoplein.stream: decoded entrance/20260818-224605.mkv: 1020 frames
2026-08-26 19:33:58,210 INFO peoplein.stream: decoded loby/20260818-224741.mkv: 1020 frames
2026-08-26 19:33:58,215 INFO __main__: analysis interval completed start=2026-08-18 22:47:41 end=2026-08-18 22:51:05 frames=2040 ticks=1020 entered=0 exited=0 people_inside=0
2026-08-26 19:33:58,217 INFO __main__: summary updated end=2026-08-18 22:51:05
2026-08-26 19:33:58,218 INFO peoplein.stream: download started camera=entrance file=20260818-225105.mkv
2026-08-26 19:34:17,372 INFO peoplein.stream: download completed camera=entrance file=20260818-225105.mkv bytes=31974327 interval=2026-08-18 22:51:05..2026-08-18 22:56:05
2026-08-26 19:34:17,372 INFO peoplein.stream: analysis interval ready start=2026-08-18 22:51:05 end=2026-08-18 22:52:41
2026-08-26 19:34:24,508 INFO peoplein.stream: decoded loby/20260818-224741.mkv: 480 frames
2026-08-26 19:34:24,513 INFO peoplein.stream: decoded entrance/20260818-225105.mkv: 480 frames
2026-08-26 19:34:24,515 INFO __main__: analysis interval completed start=2026-08-18 22:51:05 end=2026-08-18 22:52:41 frames=960 ticks=480 entered=0 exited=0 people_inside=0
2026-08-26 19:34:24,517 INFO __main__: summary updated end=2026-08-18 22:52:41
2026-08-26 19:34:24,518 INFO peoplein.stream: download started camera=loby file=20260818-225241.mkv
2026-08-26 19:34:51,296 INFO peoplein.stream: download completed camera=loby file=20260818-225241.mkv bytes=39155969 interval=2026-08-18 22:52:41..2026-08-18 22:57:41
2026-08-26 19:34:51,296 INFO peoplein.stream: analysis interval ready start=2026-08-18 22:52:41 end=2026-08-18 22:56:05
2026-08-26 19:35:00,512 INFO peoplein.stream: decoded entrance/20260818-225105.mkv: 1020 frames
2026-08-26 19:35:00,524 INFO peoplein.stream: decoded loby/20260818-225241.mkv: 1020 frames
2026-08-26 19:35:00,524 INFO __main__: analysis interval completed start=2026-08-18 22:52:41 end=2026-08-18 22:56:05 frames=2040 ticks=1020 entered=0 exited=0 people_inside=0
2026-08-26 19:35:00,526 INFO __main__: summary updated end=2026-08-18 22:56:05
2026-08-26 19:35:00,526 INFO peoplein.stream: download started camera=entrance file=20260818-225605.mkv
2026-08-26 19:35:19,687 INFO peoplein.stream: download completed camera=entrance file=20260818-225605.mkv bytes=31987587 interval=2026-08-18 22:56:05..2026-08-18 23:01:05
2026-08-26 19:35:19,687 INFO peoplein.stream: analysis interval ready start=2026-08-18 22:56:05 end=2026-08-18 22:57:41
2026-08-26 19:35:26,808 INFO peoplein.stream: decoded entrance/20260818-225605.mkv: 480 frames
2026-08-26 19:35:26,808 INFO peoplein.stream: decoded loby/20260818-225241.mkv: 480 frames
2026-08-26 19:35:26,815 INFO __main__: analysis interval completed start=2026-08-18 22:56:05 end=2026-08-18 22:57:41 frames=960 ticks=480 entered=0 exited=0 people_inside=0
2026-08-26 19:35:26,818 INFO __main__: summary updated end=2026-08-18 22:57:41
2026-08-26 19:35:26,818 INFO peoplein.stream: download started camera=loby file=20260818-225742.mkv
2026-08-26 19:35:47,816 INFO peoplein.stream: download completed camera=loby file=20260818-225742.mkv bytes=39027470 interval=2026-08-18 22:57:42..2026-08-18 23:02:42
2026-08-26 19:35:47,816 WARNING peoplein.stream: archive interval skipped start=2026-08-18T22:57:41.000 end=2026-08-18T22:57:42.000 duration_seconds=1.0 reason=camera_archives_do_not_overlap
2026-08-26 19:35:47,817 INFO peoplein.stream: analysis interval ready start=2026-08-18 22:57:42 end=2026-08-18 23:01:05
2026-08-26 19:35:57,123 INFO peoplein.stream: decoded entrance/20260818-225605.mkv: 1015 frames
2026-08-26 19:35:57,123 INFO peoplein.stream: decoded loby/20260818-225742.mkv: 1015 frames
2026-08-26 19:35:57,129 INFO __main__: analysis interval completed start=2026-08-18 22:57:42 end=2026-08-18 23:01:05 frames=2030 ticks=1015 entered=0 exited=0 people_inside=0
2026-08-26 19:35:57,131 INFO __main__: summary updated end=2026-08-18 23:01:05
2026-08-26 19:35:57,131 INFO peoplein.stream: download started camera=entrance file=20260818-230105.mkv
2026-08-26 19:36:18,042 INFO peoplein.stream: download completed camera=entrance file=20260818-230105.mkv bytes=32007783 interval=2026-08-18 23:01:05..2026-08-18 23:06:05
2026-08-26 19:36:18,042 INFO peoplein.stream: analysis interval ready start=2026-08-18 23:01:05 end=2026-08-18 23:02:42
2026-08-26 19:36:25,305 INFO peoplein.stream: decoded loby/20260818-225742.mkv: 485 frames
2026-08-26 19:36:25,308 INFO peoplein.stream: decoded entrance/20260818-230105.mkv: 485 frames
2026-08-26 19:36:25,309 INFO __main__: analysis interval completed start=2026-08-18 23:01:05 end=2026-08-18 23:02:42 frames=970 ticks=485 entered=0 exited=0 people_inside=0
2026-08-26 19:36:25,311 INFO __main__: summary updated end=2026-08-18 23:02:42
2026-08-26 19:36:25,311 INFO peoplein.stream: download started camera=loby file=20260818-230242.mkv
2026-08-26 19:36:45,789 INFO peoplein.stream: download completed camera=loby file=20260818-230242.mkv bytes=38847275 interval=2026-08-18 23:02:42..2026-08-18 23:07:40
2026-08-26 19:36:45,789 INFO peoplein.stream: analysis interval ready start=2026-08-18 23:02:42 end=2026-08-18 23:06:05
2026-08-26 19:36:54,903 INFO peoplein.stream: decoded entrance/20260818-230105.mkv: 1015 frames
2026-08-26 19:36:54,906 INFO peoplein.stream: decoded loby/20260818-230242.mkv: 1015 frames
2026-08-26 19:36:54,912 INFO __main__: analysis interval completed start=2026-08-18 23:02:42 end=2026-08-18 23:06:05 frames=2030 ticks=1015 entered=0 exited=0 people_inside=0
2026-08-26 19:36:54,914 INFO __main__: summary updated end=2026-08-18 23:06:05
2026-08-26 19:36:54,914 INFO peoplein.stream: download started camera=entrance file=20260818-230605.mkv
2026-08-26 19:37:14,256 INFO peoplein.stream: download completed camera=entrance file=20260818-230605.mkv bytes=31974995 interval=2026-08-18 23:06:05..2026-08-18 23:11:05
2026-08-26 19:37:14,256 INFO peoplein.stream: analysis interval ready start=2026-08-18 23:06:05 end=2026-08-18 23:07:40
2026-08-26 19:37:21,236 INFO peoplein.stream: decoded entrance/20260818-230605.mkv: 475 frames
2026-08-26 19:37:21,239 INFO peoplein.stream: decoded loby/20260818-230242.mkv: 475 frames
2026-08-26 19:37:21,243 INFO __main__: analysis interval completed start=2026-08-18 23:06:05 end=2026-08-18 23:07:40 frames=950 ticks=475 entered=0 exited=0 people_inside=0
2026-08-26 19:37:21,245 INFO __main__: summary updated end=2026-08-18 23:07:40
2026-08-26 19:37:21,246 INFO peoplein.stream: download started camera=loby file=20260818-230741.mkv
2026-08-26 19:37:46,821 INFO peoplein.stream: download completed camera=loby file=20260818-230741.mkv bytes=39036943 interval=2026-08-18 23:07:41..2026-08-18 23:12:41
2026-08-26 19:37:46,822 WARNING peoplein.stream: archive interval skipped start=2026-08-18T23:07:40.000 end=2026-08-18T23:07:41.000 duration_seconds=1.0 reason=camera_archives_do_not_overlap
2026-08-26 19:37:46,822 INFO peoplein.stream: analysis interval ready start=2026-08-18 23:07:41 end=2026-08-18 23:11:05
2026-08-26 19:37:56,261 INFO peoplein.stream: decoded entrance/20260818-230605.mkv: 1020 frames
2026-08-26 19:37:56,263 INFO peoplein.stream: decoded loby/20260818-230741.mkv: 1020 frames
2026-08-26 19:37:56,267 INFO __main__: analysis interval completed start=2026-08-18 23:07:41 end=2026-08-18 23:11:05 frames=2040 ticks=1020 entered=0 exited=0 people_inside=0
2026-08-26 19:37:56,269 INFO __main__: summary updated end=2026-08-18 23:11:05
2026-08-26 19:37:56,269 INFO peoplein.stream: download started camera=entrance file=20260818-231105.mkv
2026-08-26 19:38:21,386 INFO peoplein.stream: download completed camera=entrance file=20260818-231105.mkv bytes=31991699 interval=2026-08-18 23:11:05..2026-08-18 23:16:05
2026-08-26 19:38:21,387 INFO peoplein.stream: analysis interval ready start=2026-08-18 23:11:05 end=2026-08-18 23:12:41
2026-08-26 19:38:28,431 INFO peoplein.stream: decoded loby/20260818-230741.mkv: 480 frames
2026-08-26 19:38:28,433 INFO peoplein.stream: decoded entrance/20260818-231105.mkv: 480 frames
2026-08-26 19:38:28,437 INFO __main__: analysis interval completed start=2026-08-18 23:11:05 end=2026-08-18 23:12:41 frames=960 ticks=480 entered=0 exited=0 people_inside=0
2026-08-26 19:38:28,440 INFO __main__: summary updated end=2026-08-18 23:12:41
2026-08-26 19:38:28,440 INFO peoplein.stream: download started camera=loby file=20260818-231241.mkv
2026-08-26 19:38:53,157 INFO peoplein.stream: download completed camera=loby file=20260818-231241.mkv bytes=39460565 interval=2026-08-18 23:12:41..2026-08-18 23:17:41
2026-08-26 19:38:53,157 INFO peoplein.stream: analysis interval ready start=2026-08-18 23:12:41 end=2026-08-18 23:16:05
2026-08-26 19:39:02,439 INFO peoplein.stream: decoded loby/20260818-231241.mkv: 1020 frames
2026-08-26 19:39:02,447 INFO peoplein.stream: decoded entrance/20260818-231105.mkv: 1020 frames
2026-08-26 19:39:02,449 INFO __main__: analysis interval completed start=2026-08-18 23:12:41 end=2026-08-18 23:16:05 frames=2040 ticks=1020 entered=0 exited=0 people_inside=0
2026-08-26 19:39:02,451 INFO __main__: summary updated end=2026-08-18 23:16:05
2026-08-26 19:39:02,451 INFO peoplein.stream: download started camera=entrance file=20260818-231605.mkv
2026-08-26 19:39:19,073 INFO peoplein.stream: download completed camera=entrance file=20260818-231605.mkv bytes=31973077 interval=2026-08-18 23:16:05..2026-08-18 23:21:05
2026-08-26 19:39:19,073 INFO peoplein.stream: analysis interval ready start=2026-08-18 23:16:05 end=2026-08-18 23:17:41
2026-08-26 19:39:26,191 INFO peoplein.stream: decoded loby/20260818-231241.mkv: 480 frames
2026-08-26 19:39:26,191 INFO peoplein.stream: decoded entrance/20260818-231605.mkv: 480 frames
2026-08-26 19:39:26,196 INFO __main__: analysis interval completed start=2026-08-18 23:16:05 end=2026-08-18 23:17:41 frames=960 ticks=480 entered=0 exited=0 people_inside=0
2026-08-26 19:39:26,198 INFO __main__: summary updated end=2026-08-18 23:17:41
2026-08-26 19:39:26,199 INFO peoplein.stream: download started camera=loby file=20260818-231742.mkv
2026-08-26 19:39:52,772 INFO peoplein.stream: download completed camera=loby file=20260818-231742.mkv bytes=39757364 interval=2026-08-18 23:17:42..2026-08-18 23:22:42
2026-08-26 19:39:52,773 WARNING peoplein.stream: archive interval skipped start=2026-08-18T23:17:41.000 end=2026-08-18T23:17:42.000 duration_seconds=1.0 reason=camera_archives_do_not_overlap
2026-08-26 19:39:52,773 INFO peoplein.stream: analysis interval ready start=2026-08-18 23:17:42 end=2026-08-18 23:21:05
2026-08-26 19:40:02,254 INFO peoplein.stream: decoded entrance/20260818-231605.mkv: 1015 frames
2026-08-26 19:40:02,256 INFO peoplein.stream: decoded loby/20260818-231742.mkv: 1015 frames
2026-08-26 19:40:02,260 INFO __main__: analysis interval completed start=2026-08-18 23:17:42 end=2026-08-18 23:21:05 frames=2030 ticks=1015 entered=0 exited=0 people_inside=0
2026-08-26 19:40:02,262 INFO __main__: summary updated end=2026-08-18 23:21:05
2026-08-26 19:40:02,263 INFO peoplein.stream: download started camera=entrance file=20260818-232105.mkv
2026-08-26 19:40:20,741 INFO peoplein.stream: download completed camera=entrance file=20260818-232105.mkv bytes=31975303 interval=2026-08-18 23:21:05..2026-08-18 23:26:05
2026-08-26 19:40:20,741 INFO peoplein.stream: analysis interval ready start=2026-08-18 23:21:05 end=2026-08-18 23:22:42
2026-08-26 19:40:27,980 INFO peoplein.stream: decoded loby/20260818-231742.mkv: 485 frames
2026-08-26 19:40:27,983 INFO peoplein.stream: decoded entrance/20260818-232105.mkv: 485 frames
2026-08-26 19:40:27,988 INFO __main__: analysis interval completed start=2026-08-18 23:21:05 end=2026-08-18 23:22:42 frames=970 ticks=485 entered=0 exited=0 people_inside=0
2026-08-26 19:40:27,990 INFO __main__: summary updated end=2026-08-18 23:22:42
2026-08-26 19:40:27,990 INFO peoplein.stream: download started camera=loby file=20260818-232242.mkv
2026-08-26 19:40:50,232 INFO peoplein.stream: download completed camera=loby file=20260818-232242.mkv bytes=39223403 interval=2026-08-18 23:22:42..2026-08-18 23:27:40
2026-08-26 19:40:50,232 INFO peoplein.stream: analysis interval ready start=2026-08-18 23:22:42 end=2026-08-18 23:26:05
2026-08-26 19:41:00,218 INFO peoplein.stream: decoded loby/20260818-232242.mkv: 1015 frames
2026-08-26 19:41:00,224 INFO peoplein.stream: decoded entrance/20260818-232105.mkv: 1015 frames
2026-08-26 19:41:00,228 INFO __main__: analysis interval completed start=2026-08-18 23:22:42 end=2026-08-18 23:26:05 frames=2030 ticks=1015 entered=0 exited=0 people_inside=0
2026-08-26 19:41:00,230 INFO __main__: summary updated end=2026-08-18 23:26:05
2026-08-26 19:41:00,230 INFO peoplein.stream: download started camera=entrance file=20260818-232605.mkv
2026-08-26 19:41:32,144 INFO peoplein.stream: download completed camera=entrance file=20260818-232605.mkv bytes=31972520 interval=2026-08-18 23:26:05..2026-08-18 23:31:05
2026-08-26 19:41:32,144 INFO peoplein.stream: analysis interval ready start=2026-08-18 23:26:05 end=2026-08-18 23:27:40
2026-08-26 19:41:39,639 INFO peoplein.stream: decoded loby/20260818-232242.mkv: 475 frames
2026-08-26 19:41:39,640 INFO peoplein.stream: decoded entrance/20260818-232605.mkv: 475 frames
2026-08-26 19:41:39,645 INFO __main__: analysis interval completed start=2026-08-18 23:26:05 end=2026-08-18 23:27:40 frames=950 ticks=475 entered=0 exited=0 people_inside=0
2026-08-26 19:41:39,647 INFO __main__: summary updated end=2026-08-18 23:27:40
2026-08-26 19:41:39,648 INFO peoplein.stream: download started camera=loby file=20260818-232741.mkv
2026-08-26 19:42:07,649 INFO peoplein.stream: download completed camera=loby file=20260818-232741.mkv bytes=39484239 interval=2026-08-18 23:27:41..2026-08-18 23:32:41
2026-08-26 19:42:07,649 WARNING peoplein.stream: archive interval skipped start=2026-08-18T23:27:40.000 end=2026-08-18T23:27:41.000 duration_seconds=1.0 reason=camera_archives_do_not_overlap
2026-08-26 19:42:07,649 INFO peoplein.stream: analysis interval ready start=2026-08-18 23:27:41 end=2026-08-18 23:31:05
2026-08-26 19:42:17,186 INFO peoplein.stream: decoded entrance/20260818-232605.mkv: 1020 frames
2026-08-26 19:42:17,187 INFO peoplein.stream: decoded loby/20260818-232741.mkv: 1020 frames
2026-08-26 19:42:17,193 INFO __main__: analysis interval completed start=2026-08-18 23:27:41 end=2026-08-18 23:31:05 frames=2040 ticks=1020 entered=0 exited=0 people_inside=0
2026-08-26 19:42:17,195 INFO __main__: summary updated end=2026-08-18 23:31:05
2026-08-26 19:42:17,195 INFO peoplein.stream: download started camera=entrance file=20260818-233105.mkv
2026-08-26 19:42:39,900 INFO peoplein.stream: download completed camera=entrance file=20260818-233105.mkv bytes=31985353 interval=2026-08-18 23:31:05..2026-08-18 23:36:05
2026-08-26 19:42:39,900 INFO peoplein.stream: analysis interval ready start=2026-08-18 23:31:05 end=2026-08-18 23:32:41
2026-08-26 19:42:47,270 INFO peoplein.stream: decoded loby/20260818-232741.mkv: 480 frames
2026-08-26 19:42:47,274 INFO peoplein.stream: decoded entrance/20260818-233105.mkv: 480 frames
2026-08-26 19:42:47,278 INFO __main__: analysis interval completed start=2026-08-18 23:31:05 end=2026-08-18 23:32:41 frames=960 ticks=480 entered=0 exited=0 people_inside=0
2026-08-26 19:42:47,280 INFO __main__: summary updated end=2026-08-18 23:32:41
2026-08-26 19:42:47,281 INFO peoplein.stream: download started camera=loby file=20260818-233241.mkv
2026-08-26 19:43:10,693 INFO peoplein.stream: download completed camera=loby file=20260818-233241.mkv bytes=40458771 interval=2026-08-18 23:32:41..2026-08-18 23:37:41
2026-08-26 19:43:10,693 INFO peoplein.stream: analysis interval ready start=2026-08-18 23:32:41 end=2026-08-18 23:36:05
2026-08-26 19:43:20,495 INFO peoplein.stream: decoded entrance/20260818-233105.mkv: 1020 frames
2026-08-26 19:43:20,498 INFO peoplein.stream: decoded loby/20260818-233241.mkv: 1020 frames
2026-08-26 19:43:20,503 INFO __main__: analysis interval completed start=2026-08-18 23:32:41 end=2026-08-18 23:36:05 frames=2040 ticks=1020 entered=0 exited=0 people_inside=0
2026-08-26 19:43:20,505 INFO __main__: summary updated end=2026-08-18 23:36:05
2026-08-26 19:43:20,506 INFO peoplein.stream: download started camera=entrance file=20260818-233605.mkv
2026-08-26 19:43:43,636 INFO peoplein.stream: download completed camera=entrance file=20260818-233605.mkv bytes=32004597 interval=2026-08-18 23:36:05..2026-08-18 23:41:05
2026-08-26 19:43:43,636 INFO peoplein.stream: analysis interval ready start=2026-08-18 23:36:05 end=2026-08-18 23:37:41
2026-08-26 19:43:50,881 INFO peoplein.stream: decoded loby/20260818-233241.mkv: 480 frames
2026-08-26 19:43:50,894 INFO peoplein.stream: decoded entrance/20260818-233605.mkv: 480 frames
2026-08-26 19:43:50,895 INFO __main__: analysis interval completed start=2026-08-18 23:36:05 end=2026-08-18 23:37:41 frames=960 ticks=480 entered=0 exited=0 people_inside=0
2026-08-26 19:43:50,898 INFO __main__: summary updated end=2026-08-18 23:37:41
2026-08-26 19:43:50,900 INFO peoplein.stream: download started camera=loby file=20260818-233742.mkv
2026-08-26 19:44:20,696 INFO peoplein.stream: download completed camera=loby file=20260818-233742.mkv bytes=40346609 interval=2026-08-18 23:37:42..2026-08-18 23:42:42
2026-08-26 19:44:20,697 WARNING peoplein.stream: archive interval skipped start=2026-08-18T23:37:41.000 end=2026-08-18T23:37:42.000 duration_seconds=1.0 reason=camera_archives_do_not_overlap
2026-08-26 19:44:20,697 INFO peoplein.stream: analysis interval ready start=2026-08-18 23:37:42 end=2026-08-18 23:41:05
2026-08-26 19:44:30,325 INFO peoplein.stream: decoded entrance/20260818-233605.mkv: 1015 frames
2026-08-26 19:44:30,333 INFO peoplein.stream: decoded loby/20260818-233742.mkv: 1015 frames
2026-08-26 19:44:30,334 INFO __main__: analysis interval completed start=2026-08-18 23:37:42 end=2026-08-18 23:41:05 frames=2030 ticks=1015 entered=0 exited=0 people_inside=0
2026-08-26 19:44:30,335 INFO __main__: summary updated end=2026-08-18 23:41:05
2026-08-26 19:44:30,336 INFO peoplein.stream: download started camera=entrance file=20260818-234105.mkv
2026-08-26 19:44:46,676 INFO peoplein.stream: download completed camera=entrance file=20260818-234105.mkv bytes=31982435 interval=2026-08-18 23:41:05..2026-08-18 23:46:05
2026-08-26 19:44:46,676 INFO peoplein.stream: analysis interval ready start=2026-08-18 23:41:05 end=2026-08-18 23:42:42
2026-08-26 19:44:53,834 INFO peoplein.stream: decoded loby/20260818-233742.mkv: 485 frames
2026-08-26 19:44:53,834 INFO peoplein.stream: decoded entrance/20260818-234105.mkv: 485 frames
2026-08-26 19:44:53,840 INFO __main__: analysis interval completed start=2026-08-18 23:41:05 end=2026-08-18 23:42:42 frames=970 ticks=485 entered=0 exited=0 people_inside=0
2026-08-26 19:44:53,842 INFO __main__: summary updated end=2026-08-18 23:42:42
2026-08-26 19:44:53,843 INFO peoplein.stream: download started camera=loby file=20260818-234242.mkv
2026-08-26 19:45:17,267 INFO peoplein.stream: download completed camera=loby file=20260818-234242.mkv bytes=40274460 interval=2026-08-18 23:42:42..2026-08-18 23:47:40
2026-08-26 19:45:17,268 INFO peoplein.stream: analysis interval ready start=2026-08-18 23:42:42 end=2026-08-18 23:46:05
2026-08-26 19:45:26,759 INFO peoplein.stream: decoded loby/20260818-234242.mkv: 1015 frames
2026-08-26 19:45:26,761 INFO peoplein.stream: decoded entrance/20260818-234105.mkv: 1015 frames
2026-08-26 19:45:26,765 INFO __main__: analysis interval completed start=2026-08-18 23:42:42 end=2026-08-18 23:46:05 frames=2030 ticks=1015 entered=0 exited=0 people_inside=0
2026-08-26 19:45:26,767 INFO __main__: summary updated end=2026-08-18 23:46:05
2026-08-26 19:45:26,768 INFO peoplein.stream: download started camera=entrance file=20260818-234605.mkv
2026-08-26 19:45:43,964 INFO peoplein.stream: download completed camera=entrance file=20260818-234605.mkv bytes=31979905 interval=2026-08-18 23:46:05..2026-08-18 23:51:05
2026-08-26 19:45:43,964 INFO peoplein.stream: analysis interval ready start=2026-08-18 23:46:05 end=2026-08-18 23:47:40
2026-08-26 19:45:51,128 INFO peoplein.stream: decoded entrance/20260818-234605.mkv: 475 frames
2026-08-26 19:45:51,128 INFO peoplein.stream: decoded loby/20260818-234242.mkv: 475 frames
2026-08-26 19:45:51,137 INFO __main__: analysis interval completed start=2026-08-18 23:46:05 end=2026-08-18 23:47:40 frames=950 ticks=475 entered=0 exited=0 people_inside=0
2026-08-26 19:45:51,139 INFO __main__: summary updated end=2026-08-18 23:47:40
2026-08-26 19:45:51,140 INFO peoplein.stream: download started camera=loby file=20260818-234741.mkv
2026-08-26 19:46:10,428 INFO peoplein.stream: download completed camera=loby file=20260818-234741.mkv bytes=40497334 interval=2026-08-18 23:47:41..2026-08-18 23:52:41
2026-08-26 19:46:10,428 WARNING peoplein.stream: archive interval skipped start=2026-08-18T23:47:40.000 end=2026-08-18T23:47:41.000 duration_seconds=1.0 reason=camera_archives_do_not_overlap
2026-08-26 19:46:10,429 INFO peoplein.stream: analysis interval ready start=2026-08-18 23:47:41 end=2026-08-18 23:51:05
2026-08-26 19:46:19,836 INFO peoplein.stream: decoded loby/20260818-234741.mkv: 1020 frames
2026-08-26 19:46:19,839 INFO peoplein.stream: decoded entrance/20260818-234605.mkv: 1020 frames
2026-08-26 19:46:19,843 INFO __main__: analysis interval completed start=2026-08-18 23:47:41 end=2026-08-18 23:51:05 frames=2040 ticks=1020 entered=0 exited=0 people_inside=0
2026-08-26 19:46:19,845 INFO __main__: summary updated end=2026-08-18 23:51:05
2026-08-26 19:46:19,845 INFO peoplein.stream: download started camera=entrance file=20260818-235105.mkv
2026-08-26 19:46:36,065 INFO peoplein.stream: download completed camera=entrance file=20260818-235105.mkv bytes=31982944 interval=2026-08-18 23:51:05..2026-08-18 23:56:05
2026-08-26 19:46:36,066 INFO peoplein.stream: analysis interval ready start=2026-08-18 23:51:05 end=2026-08-18 23:52:41
2026-08-26 19:46:43,459 INFO peoplein.stream: decoded entrance/20260818-235105.mkv: 480 frames
2026-08-26 19:46:43,459 INFO peoplein.stream: decoded loby/20260818-234741.mkv: 480 frames
2026-08-26 19:46:43,465 INFO __main__: analysis interval completed start=2026-08-18 23:51:05 end=2026-08-18 23:52:41 frames=960 ticks=480 entered=0 exited=0 people_inside=0
2026-08-26 19:46:43,467 INFO __main__: summary updated end=2026-08-18 23:52:41
2026-08-26 19:46:43,467 INFO peoplein.stream: download started camera=loby file=20260818-235241.mkv
2026-08-26 19:47:06,555 INFO peoplein.stream: download completed camera=loby file=20260818-235241.mkv bytes=40465714 interval=2026-08-18 23:52:41..2026-08-18 23:57:41
2026-08-26 19:47:06,555 INFO peoplein.stream: analysis interval ready start=2026-08-18 23:52:41 end=2026-08-18 23:56:05
2026-08-26 19:47:16,035 INFO peoplein.stream: decoded loby/20260818-235241.mkv: 1020 frames
2026-08-26 19:47:16,038 INFO peoplein.stream: decoded entrance/20260818-235105.mkv: 1020 frames
2026-08-26 19:47:16,042 INFO __main__: analysis interval completed start=2026-08-18 23:52:41 end=2026-08-18 23:56:05 frames=2040 ticks=1020 entered=0 exited=0 people_inside=0
2026-08-26 19:47:16,044 INFO __main__: summary updated end=2026-08-18 23:56:05
2026-08-26 19:47:16,045 INFO peoplein.stream: download started camera=entrance file=20260818-235605.mkv
2026-08-26 19:47:32,631 INFO peoplein.stream: download completed camera=entrance file=20260818-235605.mkv bytes=31983051 interval=2026-08-18 23:56:05..2026-08-19 00:01:05
2026-08-26 19:47:32,631 INFO peoplein.stream: analysis interval ready start=2026-08-18 23:56:05 end=2026-08-18 23:57:41
2026-08-26 19:47:39,905 INFO peoplein.stream: decoded loby/20260818-235241.mkv: 480 frames
2026-08-26 19:47:39,907 INFO peoplein.stream: decoded entrance/20260818-235605.mkv: 480 frames
2026-08-26 19:47:39,913 INFO __main__: analysis interval completed start=2026-08-18 23:56:05 end=2026-08-18 23:57:41 frames=960 ticks=480 entered=0 exited=0 people_inside=0
2026-08-26 19:47:39,915 INFO __main__: summary updated end=2026-08-18 23:57:41
2026-08-26 19:47:39,915 INFO peoplein.stream: download started camera=loby file=20260818-235742.mkv
2026-08-26 19:47:58,893 INFO peoplein.stream: download completed camera=loby file=20260818-235742.mkv bytes=40643342 interval=2026-08-18 23:57:42..2026-08-19 00:02:42
2026-08-26 19:47:58,893 WARNING peoplein.stream: archive interval skipped start=2026-08-18T23:57:41.000 end=2026-08-18T23:57:42.000 duration_seconds=1.0 reason=camera_archives_do_not_overlap
2026-08-26 19:47:58,894 INFO peoplein.stream: analysis interval ready start=2026-08-18 23:57:42 end=2026-08-19 00:01:05
2026-08-26 19:48:08,213 INFO peoplein.stream: decoded entrance/20260818-235605.mkv: 1015 frames
2026-08-26 19:48:08,213 INFO peoplein.stream: decoded loby/20260818-235742.mkv: 1015 frames
2026-08-26 19:48:08,220 INFO __main__: analysis interval completed start=2026-08-18 23:57:42 end=2026-08-19 00:01:05 frames=2030 ticks=1015 entered=0 exited=0 people_inside=0
2026-08-26 19:48:08,222 INFO __main__: summary updated end=2026-08-19 00:01:05
2026-08-26 19:48:08,222 INFO peoplein.stream: download started camera=entrance file=20260819-000105.mkv
2026-08-26 19:48:23,997 INFO peoplein.stream: download completed camera=entrance file=20260819-000105.mkv bytes=31989541 interval=2026-08-19 00:01:05..2026-08-19 00:06:05
2026-08-26 19:48:23,997 INFO peoplein.stream: analysis interval ready start=2026-08-19 00:01:05 end=2026-08-19 00:02:42
2026-08-26 19:48:31,298 INFO peoplein.stream: decoded entrance/20260819-000105.mkv: 485 frames
2026-08-26 19:48:31,298 INFO peoplein.stream: decoded loby/20260818-235742.mkv: 485 frames
2026-08-26 19:48:31,306 INFO __main__: analysis interval completed start=2026-08-19 00:01:05 end=2026-08-19 00:02:42 frames=970 ticks=485 entered=0 exited=0 people_inside=0
2026-08-26 19:48:31,307 INFO __main__: summary updated end=2026-08-19 00:02:42
2026-08-26 19:48:31,308 INFO peoplein.stream: download started camera=loby file=20260819-000242.mkv
2026-08-26 19:48:58,046 INFO peoplein.stream: download completed camera=loby file=20260819-000242.mkv bytes=39302556 interval=2026-08-19 00:02:42..2026-08-19 00:07:40
2026-08-26 19:48:58,046 INFO peoplein.stream: analysis interval ready start=2026-08-19 00:02:42 end=2026-08-19 00:06:05
2026-08-26 19:49:07,146 INFO peoplein.stream: decoded entrance/20260819-000105.mkv: 1015 frames
2026-08-26 19:49:07,149 INFO peoplein.stream: decoded loby/20260819-000242.mkv: 1015 frames
2026-08-26 19:49:07,151 INFO __main__: analysis interval completed start=2026-08-19 00:02:42 end=2026-08-19 00:06:05 frames=2030 ticks=1015 entered=0 exited=0 people_inside=0
2026-08-26 19:49:07,153 INFO __main__: summary updated end=2026-08-19 00:06:05
2026-08-26 19:49:07,154 INFO peoplein.stream: download started camera=entrance file=20260819-000605.mkv
2026-08-26 19:49:24,950 INFO peoplein.stream: download completed camera=entrance file=20260819-000605.mkv bytes=31974009 interval=2026-08-19 00:06:05..2026-08-19 00:11:05
2026-08-26 19:49:24,951 INFO peoplein.stream: analysis interval ready start=2026-08-19 00:06:05 end=2026-08-19 00:07:40
2026-08-26 19:49:31,968 INFO peoplein.stream: decoded entrance/20260819-000605.mkv: 475 frames
2026-08-26 19:49:31,968 INFO peoplein.stream: decoded loby/20260819-000242.mkv: 475 frames
2026-08-26 19:49:31,975 INFO __main__: analysis interval completed start=2026-08-19 00:06:05 end=2026-08-19 00:07:40 frames=950 ticks=475 entered=0 exited=0 people_inside=0
2026-08-26 19:49:31,977 INFO __main__: summary updated end=2026-08-19 00:07:40
2026-08-26 19:49:31,978 INFO peoplein.stream: download started camera=loby file=20260819-000741.mkv
2026-08-26 19:49:54,959 INFO peoplein.stream: download completed camera=loby file=20260819-000741.mkv bytes=39516098 interval=2026-08-19 00:07:41..2026-08-19 00:12:41
2026-08-26 19:49:54,960 WARNING peoplein.stream: archive interval skipped start=2026-08-19T00:07:40.000 end=2026-08-19T00:07:41.000 duration_seconds=1.0 reason=camera_archives_do_not_overlap
2026-08-26 19:49:54,961 INFO peoplein.stream: analysis interval ready start=2026-08-19 00:07:41 end=2026-08-19 00:11:05
2026-08-26 19:50:04,463 INFO peoplein.stream: decoded entrance/20260819-000605.mkv: 1020 frames
2026-08-26 19:50:04,469 INFO peoplein.stream: decoded loby/20260819-000741.mkv: 1020 frames
2026-08-26 19:50:04,473 INFO __main__: analysis interval completed start=2026-08-19 00:07:41 end=2026-08-19 00:11:05 frames=2040 ticks=1020 entered=0 exited=0 people_inside=0
2026-08-26 19:50:04,474 INFO __main__: summary updated end=2026-08-19 00:11:05
2026-08-26 19:50:04,475 INFO peoplein.stream: download started camera=entrance file=20260819-001105.mkv
2026-08-26 19:50:20,570 INFO peoplein.stream: download completed camera=entrance file=20260819-001105.mkv bytes=31988663 interval=2026-08-19 00:11:05..2026-08-19 00:16:05
2026-08-26 19:50:20,570 INFO peoplein.stream: analysis interval ready start=2026-08-19 00:11:05 end=2026-08-19 00:12:41
2026-08-26 19:50:27,825 INFO peoplein.stream: decoded loby/20260819-000741.mkv: 480 frames
2026-08-26 19:50:27,827 INFO peoplein.stream: decoded entrance/20260819-001105.mkv: 480 frames
2026-08-26 19:50:27,831 INFO __main__: analysis interval completed start=2026-08-19 00:11:05 end=2026-08-19 00:12:41 frames=960 ticks=480 entered=0 exited=0 people_inside=0
2026-08-26 19:50:27,832 INFO __main__: summary updated end=2026-08-19 00:12:41
2026-08-26 19:50:27,833 INFO peoplein.stream: download started camera=loby file=20260819-001241.mkv
2026-08-26 19:50:48,973 INFO peoplein.stream: download completed camera=loby file=20260819-001241.mkv bytes=38785347 interval=2026-08-19 00:12:41..2026-08-19 00:17:41
2026-08-26 19:50:48,973 INFO peoplein.stream: analysis interval ready start=2026-08-19 00:12:41 end=2026-08-19 00:16:05
2026-08-26 19:50:58,546 INFO peoplein.stream: decoded loby/20260819-001241.mkv: 1020 frames
2026-08-26 19:50:58,548 INFO peoplein.stream: decoded entrance/20260819-001105.mkv: 1020 frames
2026-08-26 19:50:58,554 INFO __main__: analysis interval completed start=2026-08-19 00:12:41 end=2026-08-19 00:16:05 frames=2040 ticks=1020 entered=0 exited=0 people_inside=0
2026-08-26 19:50:58,556 INFO __main__: summary updated end=2026-08-19 00:16:05
2026-08-26 19:50:58,556 INFO peoplein.stream: download started camera=entrance file=20260819-001605.mkv
2026-08-26 19:51:19,614 INFO peoplein.stream: download completed camera=entrance file=20260819-001605.mkv bytes=31977126 interval=2026-08-19 00:16:05..2026-08-19 00:21:05
2026-08-26 19:51:19,615 INFO peoplein.stream: analysis interval ready start=2026-08-19 00:16:05 end=2026-08-19 00:17:41
2026-08-26 19:51:26,788 INFO peoplein.stream: decoded entrance/20260819-001605.mkv: 480 frames
2026-08-26 19:51:26,788 INFO peoplein.stream: decoded loby/20260819-001241.mkv: 480 frames
2026-08-26 19:51:26,790 INFO __main__: analysis interval completed start=2026-08-19 00:16:05 end=2026-08-19 00:17:41 frames=960 ticks=480 entered=0 exited=0 people_inside=0
2026-08-26 19:51:26,792 INFO __main__: summary updated end=2026-08-19 00:17:41
2026-08-26 19:51:26,792 INFO peoplein.stream: download started camera=loby file=20260819-001742.mkv
2026-08-26 19:51:44,606 INFO peoplein.stream: download completed camera=loby file=20260819-001742.mkv bytes=39010510 interval=2026-08-19 00:17:42..2026-08-19 00:22:42
2026-08-26 19:51:44,606 WARNING peoplein.stream: archive interval skipped start=2026-08-19T00:17:41.000 end=2026-08-19T00:17:42.000 duration_seconds=1.0 reason=camera_archives_do_not_overlap
2026-08-26 19:51:44,606 INFO peoplein.stream: analysis interval ready start=2026-08-19 00:17:42 end=2026-08-19 00:21:05
2026-08-26 19:51:54,144 INFO peoplein.stream: decoded entrance/20260819-001605.mkv: 1015 frames
2026-08-26 19:51:54,146 INFO peoplein.stream: decoded loby/20260819-001742.mkv: 1015 frames
2026-08-26 19:51:54,152 INFO __main__: analysis interval completed start=2026-08-19 00:17:42 end=2026-08-19 00:21:05 frames=2030 ticks=1015 entered=0 exited=0 people_inside=0
2026-08-26 19:51:54,154 INFO __main__: summary updated end=2026-08-19 00:21:05
2026-08-26 19:51:54,155 INFO peoplein.stream: download started camera=entrance file=20260819-002105.mkv
2026-08-26 19:52:12,946 INFO peoplein.stream: download completed camera=entrance file=20260819-002105.mkv bytes=31971181 interval=2026-08-19 00:21:05..2026-08-19 00:26:05
2026-08-26 19:52:12,946 INFO peoplein.stream: analysis interval ready start=2026-08-19 00:21:05 end=2026-08-19 00:22:42
2026-08-26 19:52:20,085 INFO peoplein.stream: decoded loby/20260819-001742.mkv: 485 frames
2026-08-26 19:52:20,090 INFO peoplein.stream: decoded entrance/20260819-002105.mkv: 485 frames
2026-08-26 19:52:20,093 INFO __main__: analysis interval completed start=2026-08-19 00:21:05 end=2026-08-19 00:22:42 frames=970 ticks=485 entered=0 exited=0 people_inside=0
2026-08-26 19:52:20,095 INFO __main__: summary updated end=2026-08-19 00:22:42
2026-08-26 19:52:20,095 INFO peoplein.stream: download started camera=loby file=20260819-002242.mkv
2026-08-26 19:52:40,725 INFO peoplein.stream: download completed camera=loby file=20260819-002242.mkv bytes=39117319 interval=2026-08-19 00:22:42..2026-08-19 00:27:40
2026-08-26 19:52:40,725 INFO peoplein.stream: analysis interval ready start=2026-08-19 00:22:42 end=2026-08-19 00:26:05
2026-08-26 19:52:50,250 INFO peoplein.stream: decoded loby/20260819-002242.mkv: 1015 frames
2026-08-26 19:52:50,255 INFO peoplein.stream: decoded entrance/20260819-002105.mkv: 1015 frames
2026-08-26 19:52:50,258 INFO __main__: analysis interval completed start=2026-08-19 00:22:42 end=2026-08-19 00:26:05 frames=2030 ticks=1015 entered=0 exited=0 people_inside=0
2026-08-26 19:52:50,260 INFO __main__: summary updated end=2026-08-19 00:26:05
2026-08-26 19:52:50,261 INFO peoplein.stream: download started camera=entrance file=20260819-002605.mkv
2026-08-26 19:53:07,358 INFO peoplein.stream: download completed camera=entrance file=20260819-002605.mkv bytes=31984696 interval=2026-08-19 00:26:05..2026-08-19 00:31:05
2026-08-26 19:53:07,358 INFO peoplein.stream: analysis interval ready start=2026-08-19 00:26:05 end=2026-08-19 00:27:40
2026-08-26 19:53:14,446 INFO peoplein.stream: decoded entrance/20260819-002605.mkv: 475 frames
2026-08-26 19:53:14,448 INFO peoplein.stream: decoded loby/20260819-002242.mkv: 475 frames
2026-08-26 19:53:14,455 INFO __main__: analysis interval completed start=2026-08-19 00:26:05 end=2026-08-19 00:27:40 frames=950 ticks=475 entered=0 exited=0 people_inside=0
2026-08-26 19:53:14,457 INFO __main__: summary updated end=2026-08-19 00:27:40
2026-08-26 19:53:14,457 INFO peoplein.stream: download started camera=loby file=20260819-002741.mkv
2026-08-26 19:53:32,882 INFO peoplein.stream: download completed camera=loby file=20260819-002741.mkv bytes=40647931 interval=2026-08-19 00:27:41..2026-08-19 00:32:41
2026-08-26 19:53:32,882 WARNING peoplein.stream: archive interval skipped start=2026-08-19T00:27:40.000 end=2026-08-19T00:27:41.000 duration_seconds=1.0 reason=camera_archives_do_not_overlap
2026-08-26 19:53:32,882 INFO peoplein.stream: analysis interval ready start=2026-08-19 00:27:41 end=2026-08-19 00:31:05
2026-08-26 19:53:42,324 INFO peoplein.stream: decoded entrance/20260819-002605.mkv: 1020 frames
2026-08-26 19:53:42,326 INFO peoplein.stream: decoded loby/20260819-002741.mkv: 1020 frames
2026-08-26 19:53:42,333 INFO __main__: analysis interval completed start=2026-08-19 00:27:41 end=2026-08-19 00:31:05 frames=2040 ticks=1020 entered=0 exited=0 people_inside=0
2026-08-26 19:53:42,335 INFO __main__: summary updated end=2026-08-19 00:31:05
2026-08-26 19:53:42,335 INFO peoplein.stream: download started camera=entrance file=20260819-003105.mkv
2026-08-26 19:54:00,588 INFO peoplein.stream: download completed camera=entrance file=20260819-003105.mkv bytes=31984575 interval=2026-08-19 00:31:05..2026-08-19 00:36:05
2026-08-26 19:54:00,588 INFO peoplein.stream: analysis interval ready start=2026-08-19 00:31:05 end=2026-08-19 00:32:41
2026-08-26 19:54:07,896 INFO peoplein.stream: decoded entrance/20260819-003105.mkv: 480 frames
2026-08-26 19:54:07,898 INFO peoplein.stream: decoded loby/20260819-002741.mkv: 480 frames
2026-08-26 19:54:07,902 INFO __main__: analysis interval completed start=2026-08-19 00:31:05 end=2026-08-19 00:32:41 frames=960 ticks=480 entered=0 exited=0 people_inside=0
2026-08-26 19:54:07,904 INFO __main__: summary updated end=2026-08-19 00:32:41
2026-08-26 19:54:07,905 INFO peoplein.stream: download started camera=loby file=20260819-003241.mkv
2026-08-26 19:54:40,661 INFO peoplein.stream: download completed camera=loby file=20260819-003241.mkv bytes=40458095 interval=2026-08-19 00:32:41..2026-08-19 00:37:41
2026-08-26 19:54:40,661 INFO peoplein.stream: analysis interval ready start=2026-08-19 00:32:41 end=2026-08-19 00:36:05
2026-08-26 19:54:50,030 INFO peoplein.stream: decoded entrance/20260819-003105.mkv: 1020 frames
2026-08-26 19:54:50,031 INFO peoplein.stream: decoded loby/20260819-003241.mkv: 1020 frames
2026-08-26 19:54:50,038 INFO __main__: analysis interval completed start=2026-08-19 00:32:41 end=2026-08-19 00:36:05 frames=2040 ticks=1020 entered=0 exited=0 people_inside=0
2026-08-26 19:54:50,041 INFO __main__: summary updated end=2026-08-19 00:36:05
2026-08-26 19:54:50,041 INFO peoplein.stream: download started camera=entrance file=20260819-003605.mkv
2026-08-26 19:55:13,375 INFO peoplein.stream: download completed camera=entrance file=20260819-003605.mkv bytes=32006011 interval=2026-08-19 00:36:05..2026-08-19 00:41:05
2026-08-26 19:55:13,375 INFO peoplein.stream: analysis interval ready start=2026-08-19 00:36:05 end=2026-08-19 00:37:41
2026-08-26 19:55:20,519 INFO peoplein.stream: decoded entrance/20260819-003605.mkv: 480 frames
2026-08-26 19:55:20,524 INFO peoplein.stream: decoded loby/20260819-003241.mkv: 480 frames
2026-08-26 19:55:20,525 INFO __main__: analysis interval completed start=2026-08-19 00:36:05 end=2026-08-19 00:37:41 frames=960 ticks=480 entered=0 exited=0 people_inside=0
2026-08-26 19:55:20,528 INFO __main__: summary updated end=2026-08-19 00:37:41
2026-08-26 19:55:20,528 INFO peoplein.stream: download started camera=loby file=20260819-003742.mkv
2026-08-26 19:55:43,627 INFO peoplein.stream: download completed camera=loby file=20260819-003742.mkv bytes=40063371 interval=2026-08-19 00:37:42..2026-08-19 00:42:42
2026-08-26 19:55:43,627 WARNING peoplein.stream: archive interval skipped start=2026-08-19T00:37:41.000 end=2026-08-19T00:37:42.000 duration_seconds=1.0 reason=camera_archives_do_not_overlap
2026-08-26 19:55:43,627 INFO peoplein.stream: analysis interval ready start=2026-08-19 00:37:42 end=2026-08-19 00:41:05
2026-08-26 19:55:53,020 INFO peoplein.stream: decoded entrance/20260819-003605.mkv: 1015 frames
2026-08-26 19:55:53,024 INFO peoplein.stream: decoded loby/20260819-003742.mkv: 1015 frames
2026-08-26 19:55:53,025 INFO __main__: analysis interval completed start=2026-08-19 00:37:42 end=2026-08-19 00:41:05 frames=2030 ticks=1015 entered=0 exited=0 people_inside=0
2026-08-26 19:55:53,026 INFO __main__: summary updated end=2026-08-19 00:41:05
2026-08-26 19:55:53,027 INFO peoplein.stream: download started camera=entrance file=20260819-004105.mkv
2026-08-26 19:56:09,090 INFO peoplein.stream: download completed camera=entrance file=20260819-004105.mkv bytes=31992360 interval=2026-08-19 00:41:05..2026-08-19 00:46:05
2026-08-26 19:56:09,091 INFO peoplein.stream: analysis interval ready start=2026-08-19 00:41:05 end=2026-08-19 00:42:42
2026-08-26 19:56:16,245 INFO peoplein.stream: decoded entrance/20260819-004105.mkv: 485 frames
2026-08-26 19:56:16,247 INFO peoplein.stream: decoded loby/20260819-003742.mkv: 485 frames
2026-08-26 19:56:16,253 INFO __main__: analysis interval completed start=2026-08-19 00:41:05 end=2026-08-19 00:42:42 frames=970 ticks=485 entered=0 exited=0 people_inside=0
2026-08-26 19:56:16,255 INFO __main__: summary updated end=2026-08-19 00:42:42
2026-08-26 19:56:16,255 INFO peoplein.stream: download started camera=loby file=20260819-004242.mkv
2026-08-26 19:56:44,507 INFO peoplein.stream: download completed camera=loby file=20260819-004242.mkv bytes=39729342 interval=2026-08-19 00:42:42..2026-08-19 00:47:40
2026-08-26 19:56:44,507 INFO peoplein.stream: analysis interval ready start=2026-08-19 00:42:42 end=2026-08-19 00:46:05
2026-08-26 19:56:53,723 INFO peoplein.stream: decoded entrance/20260819-004105.mkv: 1015 frames
2026-08-26 19:56:53,723 INFO peoplein.stream: decoded loby/20260819-004242.mkv: 1015 frames
2026-08-26 19:56:53,726 INFO __main__: analysis interval completed start=2026-08-19 00:42:42 end=2026-08-19 00:46:05 frames=2030 ticks=1015 entered=0 exited=0 people_inside=0
2026-08-26 19:56:53,728 INFO __main__: summary updated end=2026-08-19 00:46:05
2026-08-26 19:56:53,728 INFO peoplein.stream: download started camera=entrance file=20260819-004605.mkv
2026-08-26 19:57:06,117 INFO peoplein.stream: download completed camera=entrance file=20260819-004605.mkv bytes=32013939 interval=2026-08-19 00:46:05..2026-08-19 00:51:05
2026-08-26 19:57:06,118 INFO peoplein.stream: analysis interval ready start=2026-08-19 00:46:05 end=2026-08-19 00:47:40
2026-08-26 19:57:13,146 INFO peoplein.stream: decoded entrance/20260819-004605.mkv: 475 frames
2026-08-26 19:57:13,149 INFO peoplein.stream: decoded loby/20260819-004242.mkv: 475 frames
2026-08-26 19:57:13,152 INFO __main__: analysis interval completed start=2026-08-19 00:46:05 end=2026-08-19 00:47:40 frames=950 ticks=475 entered=0 exited=0 people_inside=0
2026-08-26 19:57:13,154 INFO __main__: summary updated end=2026-08-19 00:47:40
2026-08-26 19:57:13,155 INFO peoplein.stream: download started camera=loby file=20260819-004741.mkv
2026-08-26 19:57:27,419 INFO peoplein.stream: download completed camera=loby file=20260819-004741.mkv bytes=40089432 interval=2026-08-19 00:47:41..2026-08-19 00:52:41
2026-08-26 19:57:27,420 WARNING peoplein.stream: archive interval skipped start=2026-08-19T00:47:40.000 end=2026-08-19T00:47:41.000 duration_seconds=1.0 reason=camera_archives_do_not_overlap
2026-08-26 19:57:27,421 INFO peoplein.stream: analysis interval ready start=2026-08-19 00:47:41 end=2026-08-19 00:51:05
2026-08-26 19:57:36,575 INFO peoplein.stream: decoded entrance/20260819-004605.mkv: 1020 frames
2026-08-26 19:57:36,575 INFO peoplein.stream: decoded loby/20260819-004741.mkv: 1020 frames
2026-08-26 19:57:36,581 INFO __main__: analysis interval completed start=2026-08-19 00:47:41 end=2026-08-19 00:51:05 frames=2040 ticks=1020 entered=0 exited=0 people_inside=0
2026-08-26 19:57:36,584 INFO __main__: summary updated end=2026-08-19 00:51:05
2026-08-26 19:57:36,584 INFO peoplein.stream: download started camera=entrance file=20260819-005105.mkv
2026-08-26 19:57:51,393 INFO peoplein.stream: download completed camera=entrance file=20260819-005105.mkv bytes=32032051 interval=2026-08-19 00:51:05..2026-08-19 00:56:05
2026-08-26 19:57:51,394 INFO peoplein.stream: analysis interval ready start=2026-08-19 00:51:05 end=2026-08-19 00:52:41
2026-08-26 19:57:58,628 INFO peoplein.stream: decoded entrance/20260819-005105.mkv: 480 frames
2026-08-26 19:57:58,631 INFO peoplein.stream: decoded loby/20260819-004741.mkv: 480 frames
2026-08-26 19:57:58,634 INFO __main__: analysis interval completed start=2026-08-19 00:51:05 end=2026-08-19 00:52:41 frames=960 ticks=480 entered=0 exited=0 people_inside=0
2026-08-26 19:57:58,636 INFO __main__: summary updated end=2026-08-19 00:52:41
2026-08-26 19:57:58,636 INFO peoplein.stream: download started camera=loby file=20260819-005241.mkv
2026-08-26 19:58:13,838 INFO peoplein.stream: download completed camera=loby file=20260819-005241.mkv bytes=40342520 interval=2026-08-19 00:52:41..2026-08-19 00:57:41
2026-08-26 19:58:13,838 INFO peoplein.stream: analysis interval ready start=2026-08-19 00:52:41 end=2026-08-19 00:56:05
2026-08-26 19:58:23,072 INFO peoplein.stream: decoded entrance/20260819-005105.mkv: 1020 frames
2026-08-26 19:58:23,075 INFO peoplein.stream: decoded loby/20260819-005241.mkv: 1020 frames
2026-08-26 19:58:23,081 INFO __main__: analysis interval completed start=2026-08-19 00:52:41 end=2026-08-19 00:56:05 frames=2040 ticks=1020 entered=0 exited=0 people_inside=0
2026-08-26 19:58:23,083 INFO __main__: summary updated end=2026-08-19 00:56:05
2026-08-26 19:58:23,084 INFO peoplein.stream: download started camera=entrance file=20260819-005605.mkv
2026-08-26 19:58:35,481 INFO peoplein.stream: download completed camera=entrance file=20260819-005605.mkv bytes=32028104 interval=2026-08-19 00:56:05..2026-08-19 01:01:05
2026-08-26 19:58:35,481 INFO peoplein.stream: analysis interval ready start=2026-08-19 00:56:05 end=2026-08-19 00:57:41
2026-08-26 19:58:42,588 INFO peoplein.stream: decoded loby/20260819-005241.mkv: 480 frames
2026-08-26 19:58:42,588 INFO peoplein.stream: decoded entrance/20260819-005605.mkv: 480 frames
2026-08-26 19:58:42,594 INFO __main__: analysis interval completed start=2026-08-19 00:56:05 end=2026-08-19 00:57:41 frames=960 ticks=480 entered=0 exited=0 people_inside=0
2026-08-26 19:58:42,596 INFO __main__: summary updated end=2026-08-19 00:57:41
2026-08-26 19:58:42,597 INFO peoplein.stream: download started camera=loby file=20260819-005742.mkv
2026-08-26 19:58:56,870 INFO peoplein.stream: download completed camera=loby file=20260819-005742.mkv bytes=40911535 interval=2026-08-19 00:57:42..2026-08-19 01:02:42
2026-08-26 19:58:56,870 WARNING peoplein.stream: archive interval skipped start=2026-08-19T00:57:41.000 end=2026-08-19T00:57:42.000 duration_seconds=1.0 reason=camera_archives_do_not_overlap
2026-08-26 19:58:56,870 INFO peoplein.stream: analysis interval ready start=2026-08-19 00:57:42 end=2026-08-19 01:01:05
2026-08-26 19:59:06,154 INFO peoplein.stream: decoded entrance/20260819-005605.mkv: 1015 frames
2026-08-26 19:59:06,158 INFO peoplein.stream: decoded loby/20260819-005742.mkv: 1015 frames
2026-08-26 19:59:06,160 INFO __main__: analysis interval completed start=2026-08-19 00:57:42 end=2026-08-19 01:01:05 frames=2030 ticks=1015 entered=0 exited=0 people_inside=0
2026-08-26 19:59:06,162 INFO __main__: summary updated end=2026-08-19 01:01:05
2026-08-26 19:59:06,162 INFO peoplein.stream: download started camera=entrance file=20260819-010105.mkv
2026-08-26 19:59:18,586 INFO peoplein.stream: download completed camera=entrance file=20260819-010105.mkv bytes=32034111 interval=2026-08-19 01:01:05..2026-08-19 01:06:05
2026-08-26 19:59:18,587 INFO peoplein.stream: analysis interval ready start=2026-08-19 01:01:05 end=2026-08-19 01:02:42
2026-08-26 19:59:25,808 INFO peoplein.stream: decoded entrance/20260819-010105.mkv: 485 frames
2026-08-26 19:59:25,812 INFO peoplein.stream: decoded loby/20260819-005742.mkv: 485 frames
2026-08-26 19:59:25,816 INFO __main__: analysis interval completed start=2026-08-19 01:01:05 end=2026-08-19 01:02:42 frames=970 ticks=485 entered=0 exited=0 people_inside=0
2026-08-26 19:59:25,818 INFO __main__: summary updated end=2026-08-19 01:02:42
2026-08-26 19:59:25,818 INFO peoplein.stream: download started camera=loby file=20260819-010242.mkv
2026-08-26 19:59:44,937 INFO peoplein.stream: download completed camera=loby file=20260819-010242.mkv bytes=40248322 interval=2026-08-19 01:02:42..2026-08-19 01:07:40
2026-08-26 19:59:44,937 INFO peoplein.stream: analysis interval ready start=2026-08-19 01:02:42 end=2026-08-19 01:06:05
2026-08-26 19:59:54,147 INFO peoplein.stream: decoded loby/20260819-010242.mkv: 1015 frames
2026-08-26 19:59:54,156 INFO peoplein.stream: decoded entrance/20260819-010105.mkv: 1015 frames
2026-08-26 19:59:54,157 INFO __main__: analysis interval completed start=2026-08-19 01:02:42 end=2026-08-19 01:06:05 frames=2030 ticks=1015 entered=0 exited=0 people_inside=0
2026-08-26 19:59:54,159 INFO __main__: summary updated end=2026-08-19 01:06:05
2026-08-26 19:59:54,159 INFO peoplein.stream: download started camera=entrance file=20260819-010605.mkv
2026-08-26 20:00:10,560 INFO peoplein.stream: download completed camera=entrance file=20260819-010605.mkv bytes=32040370 interval=2026-08-19 01:06:05..2026-08-19 01:11:05
2026-08-26 20:00:10,560 INFO peoplein.stream: analysis interval ready start=2026-08-19 01:06:05 end=2026-08-19 01:07:40
2026-08-26 20:00:17,633 INFO peoplein.stream: decoded entrance/20260819-010605.mkv: 475 frames
2026-08-26 20:00:17,641 INFO peoplein.stream: decoded loby/20260819-010242.mkv: 475 frames
2026-08-26 20:00:17,644 INFO __main__: analysis interval completed start=2026-08-19 01:06:05 end=2026-08-19 01:07:40 frames=950 ticks=475 entered=0 exited=0 people_inside=0
2026-08-26 20:00:17,646 INFO __main__: summary updated end=2026-08-19 01:07:40
2026-08-26 20:00:17,647 INFO peoplein.stream: download started camera=loby file=20260819-010741.mkv
2026-08-26 20:00:36,115 INFO peoplein.stream: download completed camera=loby file=20260819-010741.mkv bytes=40838423 interval=2026-08-19 01:07:41..2026-08-19 01:12:41
2026-08-26 20:00:36,115 WARNING peoplein.stream: archive interval skipped start=2026-08-19T01:07:40.000 end=2026-08-19T01:07:41.000 duration_seconds=1.0 reason=camera_archives_do_not_overlap
2026-08-26 20:00:36,115 INFO peoplein.stream: analysis interval ready start=2026-08-19 01:07:41 end=2026-08-19 01:11:05
2026-08-26 20:00:45,588 INFO peoplein.stream: decoded loby/20260819-010741.mkv: 1020 frames
2026-08-26 20:00:45,591 INFO peoplein.stream: decoded entrance/20260819-010605.mkv: 1020 frames
2026-08-26 20:00:45,597 INFO __main__: analysis interval completed start=2026-08-19 01:07:41 end=2026-08-19 01:11:05 frames=2040 ticks=1020 entered=0 exited=0 people_inside=0
2026-08-26 20:00:45,599 INFO __main__: summary updated end=2026-08-19 01:11:05
2026-08-26 20:00:45,600 INFO peoplein.stream: download started camera=entrance file=20260819-011105.mkv
2026-08-26 20:01:01,184 INFO peoplein.stream: download completed camera=entrance file=20260819-011105.mkv bytes=32052022 interval=2026-08-19 01:11:05..2026-08-19 01:16:05
2026-08-26 20:01:01,186 INFO peoplein.stream: analysis interval ready start=2026-08-19 01:11:05 end=2026-08-19 01:12:41
2026-08-26 20:01:08,387 INFO peoplein.stream: decoded loby/20260819-010741.mkv: 480 frames
2026-08-26 20:01:08,387 INFO peoplein.stream: decoded entrance/20260819-011105.mkv: 480 frames
2026-08-26 20:01:08,394 INFO __main__: analysis interval completed start=2026-08-19 01:11:05 end=2026-08-19 01:12:41 frames=960 ticks=480 entered=0 exited=0 people_inside=0
2026-08-26 20:01:08,396 INFO __main__: summary updated end=2026-08-19 01:12:41
2026-08-26 20:01:08,397 INFO peoplein.stream: download started camera=loby file=20260819-011241.mkv
2026-08-26 20:01:25,466 INFO peoplein.stream: download completed camera=loby file=20260819-011241.mkv bytes=40368276 interval=2026-08-19 01:12:41..2026-08-19 01:17:41
2026-08-26 20:01:25,467 INFO peoplein.stream: analysis interval ready start=2026-08-19 01:12:41 end=2026-08-19 01:16:05
2026-08-26 20:01:34,813 INFO peoplein.stream: decoded entrance/20260819-011105.mkv: 1020 frames
2026-08-26 20:01:34,818 INFO peoplein.stream: decoded loby/20260819-011241.mkv: 1020 frames
2026-08-26 20:01:34,821 INFO __main__: analysis interval completed start=2026-08-19 01:12:41 end=2026-08-19 01:16:05 frames=2040 ticks=1020 entered=0 exited=0 people_inside=0
2026-08-26 20:01:34,823 INFO __main__: summary updated end=2026-08-19 01:16:05
2026-08-26 20:01:34,823 INFO peoplein.stream: download started camera=entrance file=20260819-011605.mkv
2026-08-26 20:01:45,599 INFO peoplein.stream: download completed camera=entrance file=20260819-011605.mkv bytes=32068996 interval=2026-08-19 01:16:05..2026-08-19 01:21:05
2026-08-26 20:01:45,600 INFO peoplein.stream: analysis interval ready start=2026-08-19 01:16:05 end=2026-08-19 01:17:41
2026-08-26 20:01:52,724 INFO peoplein.stream: decoded loby/20260819-011241.mkv: 480 frames
2026-08-26 20:01:52,732 INFO peoplein.stream: decoded entrance/20260819-011605.mkv: 480 frames
2026-08-26 20:01:52,736 INFO __main__: analysis interval completed start=2026-08-19 01:16:05 end=2026-08-19 01:17:41 frames=960 ticks=480 entered=0 exited=0 people_inside=0
2026-08-26 20:01:52,738 INFO __main__: summary updated end=2026-08-19 01:17:41
2026-08-26 20:01:52,738 INFO peoplein.stream: download started camera=loby file=20260819-011742.mkv
2026-08-26 20:02:09,000 INFO peoplein.stream: download completed camera=loby file=20260819-011742.mkv bytes=40582419 interval=2026-08-19 01:17:42..2026-08-19 01:22:42
2026-08-26 20:02:09,000 WARNING peoplein.stream: archive interval skipped start=2026-08-19T01:17:41.000 end=2026-08-19T01:17:42.000 duration_seconds=1.0 reason=camera_archives_do_not_overlap
2026-08-26 20:02:09,001 INFO peoplein.stream: analysis interval ready start=2026-08-19 01:17:42 end=2026-08-19 01:21:05
2026-08-26 20:02:18,364 INFO peoplein.stream: decoded loby/20260819-011742.mkv: 1015 frames
2026-08-26 20:02:18,369 INFO peoplein.stream: decoded entrance/20260819-011605.mkv: 1015 frames
2026-08-26 20:02:18,370 INFO __main__: analysis interval completed start=2026-08-19 01:17:42 end=2026-08-19 01:21:05 frames=2030 ticks=1015 entered=0 exited=0 people_inside=0
2026-08-26 20:02:18,373 INFO __main__: summary updated end=2026-08-19 01:21:05
2026-08-26 20:02:18,374 INFO peoplein.stream: download started camera=entrance file=20260819-012105.mkv
2026-08-26 20:02:32,047 INFO peoplein.stream: download completed camera=entrance file=20260819-012105.mkv bytes=32034534 interval=2026-08-19 01:21:05..2026-08-19 01:26:05
2026-08-26 20:02:32,048 INFO peoplein.stream: analysis interval ready start=2026-08-19 01:21:05 end=2026-08-19 01:22:42
2026-08-26 20:02:39,244 INFO peoplein.stream: decoded loby/20260819-011742.mkv: 485 frames
2026-08-26 20:02:39,246 INFO peoplein.stream: decoded entrance/20260819-012105.mkv: 485 frames
2026-08-26 20:02:39,250 INFO __main__: analysis interval completed start=2026-08-19 01:21:05 end=2026-08-19 01:22:42 frames=970 ticks=485 entered=0 exited=0 people_inside=0
2026-08-26 20:02:39,252 INFO __main__: summary updated end=2026-08-19 01:22:42
2026-08-26 20:02:39,253 INFO peoplein.stream: download started camera=loby file=20260819-012242.mkv
2026-08-26 20:02:53,776 INFO peoplein.stream: download completed camera=loby file=20260819-012242.mkv bytes=40408910 interval=2026-08-19 01:22:42..2026-08-19 01:27:40
2026-08-26 20:02:53,776 INFO peoplein.stream: analysis interval ready start=2026-08-19 01:22:42 end=2026-08-19 01:26:05
2026-08-26 20:03:02,951 INFO peoplein.stream: decoded entrance/20260819-012105.mkv: 1015 frames
2026-08-26 20:03:02,955 INFO peoplein.stream: decoded loby/20260819-012242.mkv: 1015 frames
2026-08-26 20:03:02,959 INFO __main__: analysis interval completed start=2026-08-19 01:22:42 end=2026-08-19 01:26:05 frames=2030 ticks=1015 entered=0 exited=0 people_inside=0
2026-08-26 20:03:02,961 INFO __main__: summary updated end=2026-08-19 01:26:05
2026-08-26 20:03:02,962 INFO peoplein.stream: download started camera=entrance file=20260819-012605.mkv
2026-08-26 20:03:16,843 INFO peoplein.stream: download completed camera=entrance file=20260819-012605.mkv bytes=32055495 interval=2026-08-19 01:26:05..2026-08-19 01:31:05
2026-08-26 20:03:16,844 INFO peoplein.stream: analysis interval ready start=2026-08-19 01:26:05 end=2026-08-19 01:27:40
2026-08-26 20:03:23,904 INFO peoplein.stream: decoded loby/20260819-012242.mkv: 475 frames
2026-08-26 20:03:23,909 INFO peoplein.stream: decoded entrance/20260819-012605.mkv: 475 frames
2026-08-26 20:03:23,912 INFO __main__: analysis interval completed start=2026-08-19 01:26:05 end=2026-08-19 01:27:40 frames=950 ticks=475 entered=0 exited=0 people_inside=0
2026-08-26 20:03:23,914 INFO __main__: summary updated end=2026-08-19 01:27:40
2026-08-26 20:03:23,915 INFO peoplein.stream: download started camera=loby file=20260819-012741.mkv
2026-08-26 20:03:43,398 INFO peoplein.stream: download completed camera=loby file=20260819-012741.mkv bytes=38629171 interval=2026-08-19 01:27:41..2026-08-19 01:32:41
2026-08-26 20:03:43,398 WARNING peoplein.stream: archive interval skipped start=2026-08-19T01:27:40.000 end=2026-08-19T01:27:41.000 duration_seconds=1.0 reason=camera_archives_do_not_overlap
2026-08-26 20:03:43,398 INFO peoplein.stream: analysis interval ready start=2026-08-19 01:27:41 end=2026-08-19 01:31:05
2026-08-26 20:03:52,736 INFO peoplein.stream: decoded entrance/20260819-012605.mkv: 1020 frames
2026-08-26 20:03:52,739 INFO peoplein.stream: decoded loby/20260819-012741.mkv: 1020 frames
2026-08-26 20:03:52,744 INFO __main__: analysis interval completed start=2026-08-19 01:27:41 end=2026-08-19 01:31:05 frames=2040 ticks=1020 entered=0 exited=0 people_inside=0
2026-08-26 20:03:52,746 INFO __main__: summary updated end=2026-08-19 01:31:05
2026-08-26 20:03:52,747 INFO peoplein.stream: download started camera=entrance file=20260819-013105.mkv
2026-08-26 20:04:10,005 INFO peoplein.stream: download completed camera=entrance file=20260819-013105.mkv bytes=32064592 interval=2026-08-19 01:31:05..2026-08-19 01:36:05
2026-08-26 20:04:10,005 INFO peoplein.stream: analysis interval ready start=2026-08-19 01:31:05 end=2026-08-19 01:32:41
2026-08-26 20:04:17,115 INFO peoplein.stream: decoded loby/20260819-012741.mkv: 480 frames
2026-08-26 20:04:17,117 INFO peoplein.stream: decoded entrance/20260819-013105.mkv: 480 frames
2026-08-26 20:04:17,120 INFO __main__: analysis interval completed start=2026-08-19 01:31:05 end=2026-08-19 01:32:41 frames=960 ticks=480 entered=0 exited=0 people_inside=0
2026-08-26 20:04:17,123 INFO __main__: summary updated end=2026-08-19 01:32:41
2026-08-26 20:04:17,123 INFO peoplein.stream: download started camera=loby file=20260819-013241.mkv
2026-08-26 20:04:31,872 INFO peoplein.stream: download completed camera=loby file=20260819-013241.mkv bytes=37358182 interval=2026-08-19 01:32:41..2026-08-19 01:37:41
2026-08-26 20:04:31,873 INFO peoplein.stream: analysis interval ready start=2026-08-19 01:32:41 end=2026-08-19 01:36:05
2026-08-26 20:04:41,194 INFO peoplein.stream: decoded entrance/20260819-013105.mkv: 1020 frames
2026-08-26 20:04:41,194 INFO peoplein.stream: decoded loby/20260819-013241.mkv: 1020 frames
2026-08-26 20:04:41,200 INFO __main__: analysis interval completed start=2026-08-19 01:32:41 end=2026-08-19 01:36:05 frames=2040 ticks=1020 entered=0 exited=0 people_inside=0
2026-08-26 20:04:41,202 INFO __main__: summary updated end=2026-08-19 01:36:05
2026-08-26 20:04:41,203 INFO peoplein.stream: download started camera=entrance file=20260819-013605.mkv
2026-08-26 20:04:54,109 INFO peoplein.stream: download completed camera=entrance file=20260819-013605.mkv bytes=32058149 interval=2026-08-19 01:36:05..2026-08-19 01:41:05
2026-08-26 20:04:54,109 INFO peoplein.stream: analysis interval ready start=2026-08-19 01:36:05 end=2026-08-19 01:37:41
2026-08-26 20:05:01,084 INFO peoplein.stream: decoded entrance/20260819-013605.mkv: 480 frames
2026-08-26 20:05:01,086 INFO peoplein.stream: decoded loby/20260819-013241.mkv: 480 frames
2026-08-26 20:05:01,091 INFO __main__: analysis interval completed start=2026-08-19 01:36:05 end=2026-08-19 01:37:41 frames=960 ticks=480 entered=0 exited=0 people_inside=0
2026-08-26 20:05:01,094 INFO __main__: summary updated end=2026-08-19 01:37:41
2026-08-26 20:05:01,094 INFO peoplein.stream: download started camera=loby file=20260819-013742.mkv
2026-08-26 20:05:23,457 INFO peoplein.stream: download completed camera=loby file=20260819-013742.mkv bytes=38300223 interval=2026-08-19 01:37:42..2026-08-19 01:42:42
2026-08-26 20:05:23,457 WARNING peoplein.stream: archive interval skipped start=2026-08-19T01:37:41.000 end=2026-08-19T01:37:42.000 duration_seconds=1.0 reason=camera_archives_do_not_overlap
2026-08-26 20:05:23,457 INFO peoplein.stream: analysis interval ready start=2026-08-19 01:37:42 end=2026-08-19 01:41:05
2026-08-26 20:05:32,721 INFO peoplein.stream: decoded entrance/20260819-013605.mkv: 1015 frames
2026-08-26 20:05:32,722 INFO peoplein.stream: decoded loby/20260819-013742.mkv: 1015 frames
2026-08-26 20:05:32,727 INFO __main__: analysis interval completed start=2026-08-19 01:37:42 end=2026-08-19 01:41:05 frames=2030 ticks=1015 entered=0 exited=0 people_inside=0
2026-08-26 20:05:32,729 INFO __main__: summary updated end=2026-08-19 01:41:05
2026-08-26 20:05:32,730 INFO peoplein.stream: download started camera=entrance file=20260819-014105.mkv
2026-08-26 20:05:46,951 INFO peoplein.stream: download completed camera=entrance file=20260819-014105.mkv bytes=32047079 interval=2026-08-19 01:41:05..2026-08-19 01:46:05
2026-08-26 20:05:46,951 INFO peoplein.stream: analysis interval ready start=2026-08-19 01:41:05 end=2026-08-19 01:42:42
2026-08-26 20:05:54,030 INFO peoplein.stream: decoded loby/20260819-013742.mkv: 485 frames
2026-08-26 20:05:54,032 INFO peoplein.stream: decoded entrance/20260819-014105.mkv: 485 frames
2026-08-26 20:05:54,039 INFO __main__: analysis interval completed start=2026-08-19 01:41:05 end=2026-08-19 01:42:42 frames=970 ticks=485 entered=0 exited=0 people_inside=0
2026-08-26 20:05:54,041 INFO __main__: summary updated end=2026-08-19 01:42:42
2026-08-26 20:05:54,041 INFO peoplein.stream: download started camera=loby file=20260819-014243.mkv
2026-08-26 20:06:17,035 INFO peoplein.stream: download completed camera=loby file=20260819-014243.mkv bytes=40344807 interval=2026-08-19 01:42:43..2026-08-19 01:47:41
2026-08-26 20:06:17,035 WARNING peoplein.stream: archive interval skipped start=2026-08-19T01:42:42.000 end=2026-08-19T01:42:43.000 duration_seconds=1.0 reason=camera_archives_do_not_overlap
2026-08-26 20:06:17,035 INFO peoplein.stream: analysis interval ready start=2026-08-19 01:42:43 end=2026-08-19 01:46:05
2026-08-26 20:06:27,117 INFO peoplein.stream: decoded loby/20260819-014243.mkv: 1010 frames
2026-08-26 20:06:27,117 INFO peoplein.stream: decoded entrance/20260819-014105.mkv: 1010 frames
2026-08-26 20:06:27,121 INFO __main__: analysis interval completed start=2026-08-19 01:42:43 end=2026-08-19 01:46:05 frames=2020 ticks=1010 entered=1 exited=0 people_inside=1
2026-08-26 20:06:27,122 INFO __main__: summary updated end=2026-08-19 01:46:05
2026-08-26 20:06:27,123 INFO peoplein.stream: download started camera=entrance file=20260819-014605.mkv
2026-08-26 20:06:52,156 INFO peoplein.stream: download completed camera=entrance file=20260819-014605.mkv bytes=32048579 interval=2026-08-19 01:46:05..2026-08-19 01:51:05
2026-08-26 20:06:52,156 INFO peoplein.stream: analysis interval ready start=2026-08-19 01:46:05 end=2026-08-19 01:47:41
2026-08-26 20:06:59,258 INFO peoplein.stream: decoded loby/20260819-014243.mkv: 480 frames
2026-08-26 20:06:59,260 INFO peoplein.stream: decoded entrance/20260819-014605.mkv: 480 frames
2026-08-26 20:06:59,264 INFO __main__: analysis interval completed start=2026-08-19 01:46:05 end=2026-08-19 01:47:41 frames=960 ticks=480 entered=1 exited=0 people_inside=1
2026-08-26 20:06:59,265 INFO __main__: summary updated end=2026-08-19 01:47:41
2026-08-26 20:06:59,266 INFO peoplein.stream: download started camera=loby file=20260819-014741.mkv
2026-08-26 20:07:26,024 INFO peoplein.stream: download completed camera=loby file=20260819-014741.mkv bytes=41451636 interval=2026-08-19 01:47:41..2026-08-19 01:52:41
2026-08-26 20:07:26,025 INFO peoplein.stream: analysis interval ready start=2026-08-19 01:47:41 end=2026-08-19 01:51:05
2026-08-26 20:07:35,550 INFO peoplein.stream: decoded loby/20260819-014741.mkv: 1020 frames
2026-08-26 20:07:35,555 INFO peoplein.stream: decoded entrance/20260819-014605.mkv: 1020 frames
2026-08-26 20:07:35,557 INFO __main__: analysis interval completed start=2026-08-19 01:47:41 end=2026-08-19 01:51:05 frames=2040 ticks=1020 entered=1 exited=0 people_inside=1
2026-08-26 20:07:35,559 INFO __main__: summary updated end=2026-08-19 01:51:05
2026-08-26 20:07:35,560 INFO peoplein.stream: download started camera=entrance file=20260819-015105.mkv
2026-08-26 20:07:52,028 INFO peoplein.stream: download completed camera=entrance file=20260819-015105.mkv bytes=32036915 interval=2026-08-19 01:51:05..2026-08-19 01:56:05
2026-08-26 20:07:52,028 INFO peoplein.stream: analysis interval ready start=2026-08-19 01:51:05 end=2026-08-19 01:52:41
2026-08-26 20:07:59,207 INFO peoplein.stream: decoded entrance/20260819-015105.mkv: 480 frames
2026-08-26 20:07:59,210 INFO peoplein.stream: decoded loby/20260819-014741.mkv: 480 frames
2026-08-26 20:07:59,215 INFO __main__: analysis interval completed start=2026-08-19 01:51:05 end=2026-08-19 01:52:41 frames=960 ticks=480 entered=1 exited=0 people_inside=1
2026-08-26 20:07:59,217 INFO __main__: summary updated end=2026-08-19 01:52:41
2026-08-26 20:07:59,217 INFO peoplein.stream: download started camera=loby file=20260819-015241.mkv
2026-08-26 20:08:16,800 INFO peoplein.stream: download completed camera=loby file=20260819-015241.mkv bytes=41274762 interval=2026-08-19 01:52:41..2026-08-19 01:57:41
2026-08-26 20:08:16,800 INFO peoplein.stream: analysis interval ready start=2026-08-19 01:52:41 end=2026-08-19 01:56:05
2026-08-26 20:08:26,223 INFO peoplein.stream: decoded loby/20260819-015241.mkv: 1020 frames
2026-08-26 20:08:26,231 INFO peoplein.stream: decoded entrance/20260819-015105.mkv: 1020 frames
2026-08-26 20:08:26,233 INFO __main__: analysis interval completed start=2026-08-19 01:52:41 end=2026-08-19 01:56:05 frames=2040 ticks=1020 entered=1 exited=0 people_inside=1
2026-08-26 20:08:26,235 INFO __main__: summary updated end=2026-08-19 01:56:05
2026-08-26 20:08:26,236 INFO peoplein.stream: download started camera=entrance file=20260819-015605.mkv
2026-08-26 20:08:41,858 INFO peoplein.stream: download completed camera=entrance file=20260819-015605.mkv bytes=32036757 interval=2026-08-19 01:56:05..2026-08-19 02:01:05
2026-08-26 20:08:41,858 INFO peoplein.stream: analysis interval ready start=2026-08-19 01:56:05 end=2026-08-19 01:57:41
2026-08-26 20:08:49,018 INFO peoplein.stream: decoded loby/20260819-015241.mkv: 480 frames
2026-08-26 20:08:49,021 INFO peoplein.stream: decoded entrance/20260819-015605.mkv: 480 frames
2026-08-26 20:08:49,028 INFO __main__: analysis interval completed start=2026-08-19 01:56:05 end=2026-08-19 01:57:41 frames=960 ticks=480 entered=1 exited=0 people_inside=1
2026-08-26 20:08:49,030 INFO __main__: summary updated end=2026-08-19 01:57:41
2026-08-26 20:08:49,030 INFO peoplein.stream: download started camera=loby file=20260819-015742.mkv
2026-08-26 20:09:19,055 INFO peoplein.stream: download completed camera=loby file=20260819-015742.mkv bytes=41055161 interval=2026-08-19 01:57:42..2026-08-19 02:02:42
2026-08-26 20:09:19,056 WARNING peoplein.stream: archive interval skipped start=2026-08-19T01:57:41.000 end=2026-08-19T01:57:42.000 duration_seconds=1.0 reason=camera_archives_do_not_overlap
2026-08-26 20:09:19,056 INFO peoplein.stream: analysis interval ready start=2026-08-19 01:57:42 end=2026-08-19 02:01:05
2026-08-26 20:09:28,352 INFO peoplein.stream: decoded loby/20260819-015742.mkv: 1015 frames
2026-08-26 20:09:28,359 INFO peoplein.stream: decoded entrance/20260819-015605.mkv: 1015 frames
2026-08-26 20:09:28,361 INFO __main__: analysis interval completed start=2026-08-19 01:57:42 end=2026-08-19 02:01:05 frames=2030 ticks=1015 entered=1 exited=0 people_inside=1
2026-08-26 20:09:28,363 INFO __main__: summary updated end=2026-08-19 02:01:05
2026-08-26 20:09:28,364 INFO peoplein.stream: download started camera=entrance file=20260819-020105.mkv
2026-08-26 20:09:41,479 INFO peoplein.stream: download completed camera=entrance file=20260819-020105.mkv bytes=32055860 interval=2026-08-19 02:01:05..2026-08-19 02:06:05
2026-08-26 20:09:41,480 INFO peoplein.stream: analysis interval ready start=2026-08-19 02:01:05 end=2026-08-19 02:02:42
2026-08-26 20:09:48,728 INFO peoplein.stream: decoded entrance/20260819-020105.mkv: 485 frames
2026-08-26 20:09:48,728 INFO peoplein.stream: decoded loby/20260819-015742.mkv: 485 frames
2026-08-26 20:09:48,735 INFO __main__: analysis interval completed start=2026-08-19 02:01:05 end=2026-08-19 02:02:42 frames=970 ticks=485 entered=1 exited=0 people_inside=1
2026-08-26 20:09:48,737 INFO __main__: summary updated end=2026-08-19 02:02:42
2026-08-26 20:09:48,738 INFO peoplein.stream: download started camera=loby file=20260819-020243.mkv
2026-08-26 20:10:07,540 INFO peoplein.stream: download completed camera=loby file=20260819-020243.mkv bytes=40850268 interval=2026-08-19 02:02:43..2026-08-19 02:07:41
2026-08-26 20:10:07,541 WARNING peoplein.stream: archive interval skipped start=2026-08-19T02:02:42.000 end=2026-08-19T02:02:43.000 duration_seconds=1.0 reason=camera_archives_do_not_overlap
2026-08-26 20:10:07,542 INFO peoplein.stream: analysis interval ready start=2026-08-19 02:02:43 end=2026-08-19 02:06:05
2026-08-26 20:10:16,850 INFO peoplein.stream: decoded entrance/20260819-020105.mkv: 1010 frames
2026-08-26 20:10:16,853 INFO peoplein.stream: decoded loby/20260819-020243.mkv: 1010 frames
2026-08-26 20:10:16,858 INFO __main__: analysis interval completed start=2026-08-19 02:02:43 end=2026-08-19 02:06:05 frames=2020 ticks=1010 entered=1 exited=0 people_inside=1
2026-08-26 20:10:16,860 INFO __main__: summary updated end=2026-08-19 02:06:05
2026-08-26 20:10:16,861 INFO peoplein.stream: download started camera=entrance file=20260819-020605.mkv
2026-08-26 20:10:32,627 INFO peoplein.stream: download completed camera=entrance file=20260819-020605.mkv bytes=32056859 interval=2026-08-19 02:06:05..2026-08-19 02:11:05
2026-08-26 20:10:32,628 INFO peoplein.stream: analysis interval ready start=2026-08-19 02:06:05 end=2026-08-19 02:07:41
2026-08-26 20:10:39,835 INFO peoplein.stream: decoded entrance/20260819-020605.mkv: 480 frames
2026-08-26 20:10:39,835 INFO peoplein.stream: decoded loby/20260819-020243.mkv: 480 frames
2026-08-26 20:10:39,844 INFO __main__: analysis interval completed start=2026-08-19 02:06:05 end=2026-08-19 02:07:41 frames=960 ticks=480 entered=1 exited=0 people_inside=1
2026-08-26 20:10:39,846 INFO __main__: summary updated end=2026-08-19 02:07:41
2026-08-26 20:10:39,846 INFO peoplein.stream: download started camera=loby file=20260819-020741.mkv
2026-08-26 20:10:57,349 INFO peoplein.stream: download completed camera=loby file=20260819-020741.mkv bytes=39120022 interval=2026-08-19 02:07:41..2026-08-19 02:12:41
2026-08-26 20:10:57,349 INFO peoplein.stream: analysis interval ready start=2026-08-19 02:07:41 end=2026-08-19 02:11:05
2026-08-26 20:11:06,714 INFO peoplein.stream: decoded loby/20260819-020741.mkv: 1020 frames
2026-08-26 20:11:06,715 INFO peoplein.stream: decoded entrance/20260819-020605.mkv: 1020 frames
2026-08-26 20:11:06,722 INFO __main__: analysis interval completed start=2026-08-19 02:07:41 end=2026-08-19 02:11:05 frames=2040 ticks=1020 entered=1 exited=0 people_inside=1
2026-08-26 20:11:06,724 INFO __main__: summary updated end=2026-08-19 02:11:05
2026-08-26 20:11:06,725 INFO peoplein.stream: download started camera=entrance file=20260819-021105.mkv
2026-08-26 20:11:17,354 INFO peoplein.stream: download completed camera=entrance file=20260819-021105.mkv bytes=32043992 interval=2026-08-19 02:11:05..2026-08-19 02:16:05
2026-08-26 20:11:17,355 INFO peoplein.stream: analysis interval ready start=2026-08-19 02:11:05 end=2026-08-19 02:12:41
2026-08-26 20:11:24,451 INFO peoplein.stream: decoded loby/20260819-020741.mkv: 480 frames
2026-08-26 20:11:24,453 INFO peoplein.stream: decoded entrance/20260819-021105.mkv: 480 frames
2026-08-26 20:11:24,458 INFO __main__: analysis interval completed start=2026-08-19 02:11:05 end=2026-08-19 02:12:41 frames=960 ticks=480 entered=1 exited=0 people_inside=1
2026-08-26 20:11:24,460 INFO __main__: summary updated end=2026-08-19 02:12:41
2026-08-26 20:11:24,461 INFO peoplein.stream: download started camera=loby file=20260819-021242.mkv
2026-08-26 20:11:36,895 INFO peoplein.stream: download completed camera=loby file=20260819-021242.mkv bytes=39553289 interval=2026-08-19 02:12:42..2026-08-19 02:17:42
2026-08-26 20:11:36,895 WARNING peoplein.stream: archive interval skipped start=2026-08-19T02:12:41.000 end=2026-08-19T02:12:42.000 duration_seconds=1.0 reason=camera_archives_do_not_overlap
2026-08-26 20:11:36,895 INFO peoplein.stream: analysis interval ready start=2026-08-19 02:12:42 end=2026-08-19 02:16:05
2026-08-26 20:11:46,233 INFO peoplein.stream: decoded entrance/20260819-021105.mkv: 1015 frames
2026-08-26 20:11:46,238 INFO peoplein.stream: decoded loby/20260819-021242.mkv: 1015 frames
2026-08-26 20:11:46,240 INFO __main__: analysis interval completed start=2026-08-19 02:12:42 end=2026-08-19 02:16:05 frames=2030 ticks=1015 entered=1 exited=0 people_inside=1
2026-08-26 20:11:46,242 INFO __main__: summary updated end=2026-08-19 02:16:05
2026-08-26 20:11:46,242 INFO peoplein.stream: download started camera=entrance file=20260819-021605.mkv
2026-08-26 20:11:57,481 INFO peoplein.stream: download completed camera=entrance file=20260819-021605.mkv bytes=31999624 interval=2026-08-19 02:16:05..2026-08-19 02:21:05
2026-08-26 20:11:57,481 INFO peoplein.stream: analysis interval ready start=2026-08-19 02:16:05 end=2026-08-19 02:17:42
2026-08-26 20:12:04,621 INFO peoplein.stream: decoded entrance/20260819-021605.mkv: 485 frames
2026-08-26 20:12:04,626 INFO peoplein.stream: decoded loby/20260819-021242.mkv: 485 frames
2026-08-26 20:12:04,629 INFO __main__: analysis interval completed start=2026-08-19 02:16:05 end=2026-08-19 02:17:42 frames=970 ticks=485 entered=1 exited=0 people_inside=1
2026-08-26 20:12:04,631 INFO __main__: summary updated end=2026-08-19 02:17:42
2026-08-26 20:12:04,631 INFO peoplein.stream: download started camera=loby file=20260819-021742.mkv
2026-08-26 20:12:18,395 INFO peoplein.stream: download completed camera=loby file=20260819-021742.mkv bytes=39997064 interval=2026-08-19 02:17:42..2026-08-19 02:22:40
2026-08-26 20:12:18,395 INFO peoplein.stream: analysis interval ready start=2026-08-19 02:17:42 end=2026-08-19 02:21:05
2026-08-26 20:12:28,503 INFO peoplein.stream: decoded loby/20260819-021742.mkv: 1015 frames
2026-08-26 20:12:28,507 INFO peoplein.stream: decoded entrance/20260819-021605.mkv: 1015 frames
2026-08-26 20:12:28,513 INFO __main__: analysis interval completed start=2026-08-19 02:17:42 end=2026-08-19 02:21:05 frames=2030 ticks=1015 entered=1 exited=1 people_inside=0
2026-08-26 20:12:28,515 INFO __main__: summary updated end=2026-08-19 02:21:05
2026-08-26 20:12:28,515 INFO peoplein.stream: download started camera=entrance file=20260819-022105.mkv
2026-08-26 20:12:45,970 INFO peoplein.stream: download completed camera=entrance file=20260819-022105.mkv bytes=31919141 interval=2026-08-19 02:21:05..2026-08-19 02:26:05
2026-08-26 20:12:45,970 INFO peoplein.stream: analysis interval ready start=2026-08-19 02:21:05 end=2026-08-19 02:22:40
2026-08-26 20:12:53,177 INFO peoplein.stream: decoded loby/20260819-021742.mkv: 475 frames
2026-08-26 20:12:53,179 INFO peoplein.stream: decoded entrance/20260819-022105.mkv: 475 frames
2026-08-26 20:12:53,186 INFO __main__: analysis interval completed start=2026-08-19 02:21:05 end=2026-08-19 02:22:40 frames=950 ticks=475 entered=1 exited=1 people_inside=0
2026-08-26 20:12:53,188 INFO __main__: summary updated end=2026-08-19 02:22:40
2026-08-26 20:12:53,188 INFO peoplein.stream: download started camera=loby file=20260819-022241.mkv
2026-08-26 20:13:07,514 INFO peoplein.stream: download completed camera=loby file=20260819-022241.mkv bytes=40748291 interval=2026-08-19 02:22:41..2026-08-19 02:27:41
2026-08-26 20:13:07,515 WARNING peoplein.stream: archive interval skipped start=2026-08-19T02:22:40.000 end=2026-08-19T02:22:41.000 duration_seconds=1.0 reason=camera_archives_do_not_overlap
2026-08-26 20:13:07,515 INFO peoplein.stream: analysis interval ready start=2026-08-19 02:22:41 end=2026-08-19 02:26:05
2026-08-26 20:13:16,815 INFO peoplein.stream: decoded entrance/20260819-022105.mkv: 1020 frames
2026-08-26 20:13:16,817 INFO peoplein.stream: decoded loby/20260819-022241.mkv: 1020 frames
2026-08-26 20:13:16,824 INFO __main__: analysis interval completed start=2026-08-19 02:22:41 end=2026-08-19 02:26:05 frames=2040 ticks=1020 entered=1 exited=1 people_inside=0
2026-08-26 20:13:16,826 INFO __main__: summary updated end=2026-08-19 02:26:05
2026-08-26 20:13:16,827 INFO peoplein.stream: download started camera=entrance file=20260819-022605.mkv
2026-08-26 20:13:32,946 INFO peoplein.stream: download completed camera=entrance file=20260819-022605.mkv bytes=31929977 interval=2026-08-19 02:26:05..2026-08-19 02:31:05
2026-08-26 20:13:32,946 INFO peoplein.stream: analysis interval ready start=2026-08-19 02:26:05 end=2026-08-19 02:27:41
2026-08-26 20:13:40,236 INFO peoplein.stream: decoded loby/20260819-022241.mkv: 480 frames
2026-08-26 20:13:40,237 INFO peoplein.stream: decoded entrance/20260819-022605.mkv: 480 frames
2026-08-26 20:13:40,243 INFO __main__: analysis interval completed start=2026-08-19 02:26:05 end=2026-08-19 02:27:41 frames=960 ticks=480 entered=1 exited=1 people_inside=0
2026-08-26 20:13:40,245 INFO __main__: summary updated end=2026-08-19 02:27:41
2026-08-26 20:13:40,246 INFO peoplein.stream: download started camera=loby file=20260819-022741.mkv
2026-08-26 20:14:01,362 INFO peoplein.stream: download completed camera=loby file=20260819-022741.mkv bytes=41347710 interval=2026-08-19 02:27:41..2026-08-19 02:32:41
2026-08-26 20:14:01,362 INFO peoplein.stream: analysis interval ready start=2026-08-19 02:27:41 end=2026-08-19 02:31:05
2026-08-26 20:14:10,905 INFO peoplein.stream: decoded entrance/20260819-022605.mkv: 1020 frames
2026-08-26 20:14:10,910 INFO peoplein.stream: decoded loby/20260819-022741.mkv: 1020 frames
2026-08-26 20:14:10,913 INFO __main__: analysis interval completed start=2026-08-19 02:27:41 end=2026-08-19 02:31:05 frames=2040 ticks=1020 entered=1 exited=1 people_inside=0
2026-08-26 20:14:10,915 INFO __main__: summary updated end=2026-08-19 02:31:05
2026-08-26 20:14:10,916 INFO peoplein.stream: download started camera=entrance file=20260819-023105.mkv
2026-08-26 20:14:26,786 INFO peoplein.stream: download completed camera=entrance file=20260819-023105.mkv bytes=31942205 interval=2026-08-19 02:31:05..2026-08-19 02:36:05
2026-08-26 20:14:26,786 INFO peoplein.stream: analysis interval ready start=2026-08-19 02:31:05 end=2026-08-19 02:32:41
2026-08-26 20:14:34,040 INFO peoplein.stream: decoded loby/20260819-022741.mkv: 480 frames
2026-08-26 20:14:34,045 INFO peoplein.stream: decoded entrance/20260819-023105.mkv: 480 frames
2026-08-26 20:14:34,046 INFO __main__: analysis interval completed start=2026-08-19 02:31:05 end=2026-08-19 02:32:41 frames=960 ticks=480 entered=1 exited=1 people_inside=0
2026-08-26 20:14:34,048 INFO __main__: summary updated end=2026-08-19 02:32:41
2026-08-26 20:14:34,049 INFO peoplein.stream: download started camera=loby file=20260819-023242.mkv
2026-08-26 20:14:53,242 INFO peoplein.stream: download completed camera=loby file=20260819-023242.mkv bytes=41870646 interval=2026-08-19 02:32:42..2026-08-19 02:37:42
2026-08-26 20:14:53,243 WARNING peoplein.stream: archive interval skipped start=2026-08-19T02:32:41.000 end=2026-08-19T02:32:42.000 duration_seconds=1.0 reason=camera_archives_do_not_overlap
2026-08-26 20:14:53,243 INFO peoplein.stream: analysis interval ready start=2026-08-19 02:32:42 end=2026-08-19 02:36:05
2026-08-26 20:15:02,591 INFO peoplein.stream: decoded entrance/20260819-023105.mkv: 1015 frames
2026-08-26 20:15:02,593 INFO peoplein.stream: decoded loby/20260819-023242.mkv: 1015 frames
2026-08-26 20:15:02,600 INFO __main__: analysis interval completed start=2026-08-19 02:32:42 end=2026-08-19 02:36:05 frames=2030 ticks=1015 entered=1 exited=1 people_inside=0
2026-08-26 20:15:02,602 INFO __main__: summary updated end=2026-08-19 02:36:05
2026-08-26 20:15:02,602 INFO peoplein.stream: download started camera=entrance file=20260819-023605.mkv
2026-08-26 20:15:17,816 INFO peoplein.stream: download completed camera=entrance file=20260819-023605.mkv bytes=31926367 interval=2026-08-19 02:36:05..2026-08-19 02:41:05
2026-08-26 20:15:17,816 INFO peoplein.stream: analysis interval ready start=2026-08-19 02:36:05 end=2026-08-19 02:37:42
2026-08-26 20:15:25,052 INFO peoplein.stream: decoded entrance/20260819-023605.mkv: 485 frames
2026-08-26 20:15:25,057 INFO peoplein.stream: decoded loby/20260819-023242.mkv: 485 frames
2026-08-26 20:15:25,063 INFO __main__: analysis interval completed start=2026-08-19 02:36:05 end=2026-08-19 02:37:42 frames=970 ticks=485 entered=1 exited=1 people_inside=0
2026-08-26 20:15:25,065 INFO __main__: summary updated end=2026-08-19 02:37:42
2026-08-26 20:15:25,065 INFO peoplein.stream: download started camera=loby file=20260819-023742.mkv
2026-08-26 20:15:50,876 INFO peoplein.stream: download completed camera=loby file=20260819-023742.mkv bytes=41403726 interval=2026-08-19 02:37:42..2026-08-19 02:42:40
2026-08-26 20:15:50,876 INFO peoplein.stream: analysis interval ready start=2026-08-19 02:37:42 end=2026-08-19 02:41:05
2026-08-26 20:16:00,123 INFO peoplein.stream: decoded loby/20260819-023742.mkv: 1015 frames
2026-08-26 20:16:00,125 INFO peoplein.stream: decoded entrance/20260819-023605.mkv: 1015 frames
2026-08-26 20:16:00,129 INFO __main__: analysis interval completed start=2026-08-19 02:37:42 end=2026-08-19 02:41:05 frames=2030 ticks=1015 entered=1 exited=1 people_inside=0
2026-08-26 20:16:00,131 INFO __main__: summary updated end=2026-08-19 02:41:05
2026-08-26 20:16:00,132 INFO peoplein.stream: download started camera=entrance file=20260819-024105.mkv
2026-08-26 20:16:18,159 INFO peoplein.stream: download completed camera=entrance file=20260819-024105.mkv bytes=31932101 interval=2026-08-19 02:41:05..2026-08-19 02:46:05
2026-08-26 20:16:18,159 INFO peoplein.stream: analysis interval ready start=2026-08-19 02:41:05 end=2026-08-19 02:42:40
2026-08-26 20:16:25,309 INFO peoplein.stream: decoded entrance/20260819-024105.mkv: 475 frames
2026-08-26 20:16:25,313 INFO peoplein.stream: decoded loby/20260819-023742.mkv: 475 frames
2026-08-26 20:16:25,317 INFO __main__: analysis interval completed start=2026-08-19 02:41:05 end=2026-08-19 02:42:40 frames=950 ticks=475 entered=1 exited=1 people_inside=0
2026-08-26 20:16:25,319 INFO __main__: summary updated end=2026-08-19 02:42:40
2026-08-26 20:16:25,319 INFO peoplein.stream: download started camera=loby file=20260819-024241.mkv
2026-08-26 20:16:53,007 INFO peoplein.stream: download completed camera=loby file=20260819-024241.mkv bytes=42046180 interval=2026-08-19 02:42:41..2026-08-19 02:47:41
2026-08-26 20:16:53,007 WARNING peoplein.stream: archive interval skipped start=2026-08-19T02:42:40.000 end=2026-08-19T02:42:41.000 duration_seconds=1.0 reason=camera_archives_do_not_overlap
2026-08-26 20:16:53,008 INFO peoplein.stream: analysis interval ready start=2026-08-19 02:42:41 end=2026-08-19 02:46:05
2026-08-26 20:17:02,390 INFO peoplein.stream: decoded loby/20260819-024241.mkv: 1020 frames
2026-08-26 20:17:02,392 INFO peoplein.stream: decoded entrance/20260819-024105.mkv: 1020 frames
2026-08-26 20:17:02,395 INFO __main__: analysis interval completed start=2026-08-19 02:42:41 end=2026-08-19 02:46:05 frames=2040 ticks=1020 entered=1 exited=1 people_inside=0
2026-08-26 20:17:02,396 INFO __main__: summary updated end=2026-08-19 02:46:05
2026-08-26 20:17:02,397 INFO peoplein.stream: download started camera=entrance file=20260819-024605.mkv
2026-08-26 20:17:24,749 INFO peoplein.stream: download completed camera=entrance file=20260819-024605.mkv bytes=31932663 interval=2026-08-19 02:46:05..2026-08-19 02:51:05
2026-08-26 20:17:24,749 INFO peoplein.stream: analysis interval ready start=2026-08-19 02:46:05 end=2026-08-19 02:47:41
2026-08-26 20:17:31,991 INFO peoplein.stream: decoded entrance/20260819-024605.mkv: 480 frames
2026-08-26 20:17:31,991 INFO peoplein.stream: decoded loby/20260819-024241.mkv: 480 frames
2026-08-26 20:17:31,998 INFO __main__: analysis interval completed start=2026-08-19 02:46:05 end=2026-08-19 02:47:41 frames=960 ticks=480 entered=1 exited=1 people_inside=0
2026-08-26 20:17:32,000 INFO __main__: summary updated end=2026-08-19 02:47:41
2026-08-26 20:17:32,001 INFO peoplein.stream: download started camera=loby file=20260819-024741.mkv
2026-08-26 20:17:58,625 INFO peoplein.stream: download completed camera=loby file=20260819-024741.mkv bytes=42168874 interval=2026-08-19 02:47:41..2026-08-19 02:52:41
2026-08-26 20:17:58,627 INFO peoplein.stream: analysis interval ready start=2026-08-19 02:47:41 end=2026-08-19 02:51:05
2026-08-26 20:18:07,946 INFO peoplein.stream: decoded loby/20260819-024741.mkv: 1020 frames
2026-08-26 20:18:07,946 INFO peoplein.stream: decoded entrance/20260819-024605.mkv: 1020 frames
2026-08-26 20:18:07,954 INFO __main__: analysis interval completed start=2026-08-19 02:47:41 end=2026-08-19 02:51:05 frames=2040 ticks=1020 entered=1 exited=1 people_inside=0
2026-08-26 20:18:07,956 INFO __main__: summary updated end=2026-08-19 02:51:05
2026-08-26 20:18:07,956 INFO peoplein.stream: download started camera=entrance file=20260819-025105.mkv
2026-08-26 20:18:32,556 INFO peoplein.stream: download completed camera=entrance file=20260819-025105.mkv bytes=31934317 interval=2026-08-19 02:51:05..2026-08-19 02:56:05
2026-08-26 20:18:32,556 INFO peoplein.stream: analysis interval ready start=2026-08-19 02:51:05 end=2026-08-19 02:52:41
2026-08-26 20:18:39,952 INFO peoplein.stream: decoded loby/20260819-024741.mkv: 480 frames
2026-08-26 20:18:39,954 INFO peoplein.stream: decoded entrance/20260819-025105.mkv: 480 frames
2026-08-26 20:18:39,956 INFO __main__: analysis interval completed start=2026-08-19 02:51:05 end=2026-08-19 02:52:41 frames=960 ticks=480 entered=1 exited=1 people_inside=0
2026-08-26 20:18:39,957 INFO __main__: summary updated end=2026-08-19 02:52:41
2026-08-26 20:18:39,958 INFO peoplein.stream: download started camera=loby file=20260819-025242.mkv
2026-08-26 20:19:17,495 INFO peoplein.stream: download completed camera=loby file=20260819-025242.mkv bytes=41114822 interval=2026-08-19 02:52:42..2026-08-19 02:57:42
2026-08-26 20:19:17,496 WARNING peoplein.stream: archive interval skipped start=2026-08-19T02:52:41.000 end=2026-08-19T02:52:42.000 duration_seconds=1.0 reason=camera_archives_do_not_overlap
2026-08-26 20:19:17,496 INFO peoplein.stream: analysis interval ready start=2026-08-19 02:52:42 end=2026-08-19 02:56:05
2026-08-26 20:19:27,068 INFO peoplein.stream: decoded entrance/20260819-025105.mkv: 1015 frames
2026-08-26 20:19:27,075 INFO peoplein.stream: decoded loby/20260819-025242.mkv: 1015 frames
2026-08-26 20:19:27,076 INFO __main__: analysis interval completed start=2026-08-19 02:52:42 end=2026-08-19 02:56:05 frames=2030 ticks=1015 entered=1 exited=1 people_inside=0
2026-08-26 20:19:27,078 INFO __main__: summary updated end=2026-08-19 02:56:05
2026-08-26 20:19:27,079 INFO peoplein.stream: download started camera=entrance file=20260819-025605.mkv
2026-08-26 20:19:54,356 INFO peoplein.stream: download completed camera=entrance file=20260819-025605.mkv bytes=31931459 interval=2026-08-19 02:56:05..2026-08-19 03:01:05
2026-08-26 20:19:54,356 INFO peoplein.stream: analysis interval ready start=2026-08-19 02:56:05 end=2026-08-19 02:57:42
2026-08-26 20:20:01,628 INFO peoplein.stream: decoded entrance/20260819-025605.mkv: 485 frames
2026-08-26 20:20:01,635 INFO peoplein.stream: decoded loby/20260819-025242.mkv: 485 frames
2026-08-26 20:20:01,638 INFO __main__: analysis interval completed start=2026-08-19 02:56:05 end=2026-08-19 02:57:42 frames=970 ticks=485 entered=1 exited=1 people_inside=0
2026-08-26 20:20:01,640 INFO __main__: summary updated end=2026-08-19 02:57:42
2026-08-26 20:20:01,641 INFO peoplein.stream: download started camera=loby file=20260819-025742.mkv
2026-08-26 20:20:28,825 INFO peoplein.stream: download completed camera=loby file=20260819-025742.mkv bytes=40453560 interval=2026-08-19 02:57:42..2026-08-19 03:02:40
2026-08-26 20:20:28,825 INFO peoplein.stream: analysis interval ready start=2026-08-19 02:57:42 end=2026-08-19 03:01:05
2026-08-26 20:20:38,022 INFO peoplein.stream: decoded loby/20260819-025742.mkv: 1015 frames
2026-08-26 20:20:38,026 INFO peoplein.stream: decoded entrance/20260819-025605.mkv: 1015 frames
2026-08-26 20:20:38,029 INFO __main__: analysis interval completed start=2026-08-19 02:57:42 end=2026-08-19 03:01:05 frames=2030 ticks=1015 entered=1 exited=1 people_inside=0
2026-08-26 20:20:38,031 INFO __main__: summary updated end=2026-08-19 03:01:05
2026-08-26 20:20:38,031 INFO peoplein.stream: download started camera=entrance file=20260819-030105.mkv
2026-08-26 20:21:02,053 INFO peoplein.stream: download completed camera=entrance file=20260819-030105.mkv bytes=31917606 interval=2026-08-19 03:01:05..2026-08-19 03:06:05
2026-08-26 20:21:02,054 INFO peoplein.stream: analysis interval ready start=2026-08-19 03:01:05 end=2026-08-19 03:02:40
2026-08-26 20:21:09,169 INFO peoplein.stream: decoded loby/20260819-025742.mkv: 475 frames
2026-08-26 20:21:09,170 INFO peoplein.stream: decoded entrance/20260819-030105.mkv: 475 frames
2026-08-26 20:21:09,176 INFO __main__: analysis interval completed start=2026-08-19 03:01:05 end=2026-08-19 03:02:40 frames=950 ticks=475 entered=1 exited=1 people_inside=0
2026-08-26 20:21:09,178 INFO __main__: summary updated end=2026-08-19 03:02:40
2026-08-26 20:21:09,178 INFO peoplein.stream: download started camera=loby file=20260819-030241.mkv
2026-08-26 20:21:37,957 INFO peoplein.stream: download completed camera=loby file=20260819-030241.mkv bytes=40463033 interval=2026-08-19 03:02:41..2026-08-19 03:07:41
2026-08-26 20:21:37,957 WARNING peoplein.stream: archive interval skipped start=2026-08-19T03:02:40.000 end=2026-08-19T03:02:41.000 duration_seconds=1.0 reason=camera_archives_do_not_overlap
2026-08-26 20:21:37,958 INFO peoplein.stream: analysis interval ready start=2026-08-19 03:02:41 end=2026-08-19 03:06:05
2026-08-26 20:21:47,167 INFO peoplein.stream: decoded entrance/20260819-030105.mkv: 1020 frames
2026-08-26 20:21:47,172 INFO peoplein.stream: decoded loby/20260819-030241.mkv: 1020 frames
2026-08-26 20:21:47,175 INFO __main__: analysis interval completed start=2026-08-19 03:02:41 end=2026-08-19 03:06:05 frames=2040 ticks=1020 entered=1 exited=1 people_inside=0
2026-08-26 20:21:47,177 INFO __main__: summary updated end=2026-08-19 03:06:05
2026-08-26 20:21:47,178 INFO peoplein.stream: download started camera=entrance file=20260819-030605.mkv
2026-08-26 20:22:15,343 INFO peoplein.stream: download completed camera=entrance file=20260819-030605.mkv bytes=31934802 interval=2026-08-19 03:06:05..2026-08-19 03:11:05
2026-08-26 20:22:15,343 INFO peoplein.stream: analysis interval ready start=2026-08-19 03:06:05 end=2026-08-19 03:07:41
2026-08-26 20:22:22,398 INFO peoplein.stream: decoded loby/20260819-030241.mkv: 480 frames
2026-08-26 20:22:22,399 INFO peoplein.stream: decoded entrance/20260819-030605.mkv: 480 frames
2026-08-26 20:22:22,404 INFO __main__: analysis interval completed start=2026-08-19 03:06:05 end=2026-08-19 03:07:41 frames=960 ticks=480 entered=1 exited=1 people_inside=0
2026-08-26 20:22:22,406 INFO __main__: summary updated end=2026-08-19 03:07:41
2026-08-26 20:22:22,407 INFO peoplein.stream: download started camera=loby file=20260819-030741.mkv
2026-08-26 20:22:58,768 INFO peoplein.stream: download completed camera=loby file=20260819-030741.mkv bytes=40570154 interval=2026-08-19 03:07:41..2026-08-19 03:12:41
2026-08-26 20:22:58,768 INFO peoplein.stream: analysis interval ready start=2026-08-19 03:07:41 end=2026-08-19 03:11:05
2026-08-26 20:23:08,056 INFO peoplein.stream: decoded entrance/20260819-030605.mkv: 1020 frames
2026-08-26 20:23:08,056 INFO peoplein.stream: decoded loby/20260819-030741.mkv: 1020 frames
2026-08-26 20:23:08,061 INFO __main__: analysis interval completed start=2026-08-19 03:07:41 end=2026-08-19 03:11:05 frames=2040 ticks=1020 entered=1 exited=1 people_inside=0
2026-08-26 20:23:08,063 INFO __main__: summary updated end=2026-08-19 03:11:05
2026-08-26 20:23:08,063 INFO peoplein.stream: download started camera=entrance file=20260819-031105.mkv
2026-08-26 20:23:32,150 INFO peoplein.stream: download completed camera=entrance file=20260819-031105.mkv bytes=31944921 interval=2026-08-19 03:11:05..2026-08-19 03:16:05
2026-08-26 20:23:32,151 INFO peoplein.stream: analysis interval ready start=2026-08-19 03:11:05 end=2026-08-19 03:12:41
2026-08-26 20:23:39,334 INFO peoplein.stream: decoded loby/20260819-030741.mkv: 480 frames
2026-08-26 20:23:39,337 INFO peoplein.stream: decoded entrance/20260819-031105.mkv: 480 frames
2026-08-26 20:23:39,343 INFO __main__: analysis interval completed start=2026-08-19 03:11:05 end=2026-08-19 03:12:41 frames=960 ticks=480 entered=1 exited=1 people_inside=0
2026-08-26 20:23:39,344 INFO __main__: summary updated end=2026-08-19 03:12:41
2026-08-26 20:23:39,345 INFO peoplein.stream: download started camera=loby file=20260819-031242.mkv
2026-08-26 20:24:03,643 INFO peoplein.stream: download completed camera=loby file=20260819-031242.mkv bytes=40926928 interval=2026-08-19 03:12:42..2026-08-19 03:17:42
2026-08-26 20:24:03,643 WARNING peoplein.stream: archive interval skipped start=2026-08-19T03:12:41.000 end=2026-08-19T03:12:42.000 duration_seconds=1.0 reason=camera_archives_do_not_overlap
2026-08-26 20:24:03,644 INFO peoplein.stream: analysis interval ready start=2026-08-19 03:12:42 end=2026-08-19 03:16:05
2026-08-26 20:24:12,937 INFO peoplein.stream: decoded entrance/20260819-031105.mkv: 1015 frames
2026-08-26 20:24:12,939 INFO peoplein.stream: decoded loby/20260819-031242.mkv: 1015 frames
2026-08-26 20:24:12,941 INFO __main__: analysis interval completed start=2026-08-19 03:12:42 end=2026-08-19 03:16:05 frames=2030 ticks=1015 entered=1 exited=1 people_inside=0
2026-08-26 20:24:12,943 INFO __main__: summary updated end=2026-08-19 03:16:05
2026-08-26 20:24:12,943 INFO peoplein.stream: download started camera=entrance file=20260819-031605.mkv
2026-08-26 20:24:31,088 INFO peoplein.stream: download completed camera=entrance file=20260819-031605.mkv bytes=31940098 interval=2026-08-19 03:16:05..2026-08-19 03:21:05
2026-08-26 20:24:31,089 INFO peoplein.stream: analysis interval ready start=2026-08-19 03:16:05 end=2026-08-19 03:17:42
2026-08-26 20:24:38,254 INFO peoplein.stream: decoded entrance/20260819-031605.mkv: 485 frames
2026-08-26 20:24:38,256 INFO peoplein.stream: decoded loby/20260819-031242.mkv: 485 frames
2026-08-26 20:24:38,261 INFO __main__: analysis interval completed start=2026-08-19 03:16:05 end=2026-08-19 03:17:42 frames=970 ticks=485 entered=1 exited=1 people_inside=0
2026-08-26 20:24:38,263 INFO __main__: summary updated end=2026-08-19 03:17:42
2026-08-26 20:24:38,264 INFO peoplein.stream: download started camera=loby file=20260819-031742.mkv
2026-08-26 20:25:00,952 INFO peoplein.stream: download completed camera=loby file=20260819-031742.mkv bytes=41449031 interval=2026-08-19 03:17:42..2026-08-19 03:22:40
2026-08-26 20:25:00,952 INFO peoplein.stream: analysis interval ready start=2026-08-19 03:17:42 end=2026-08-19 03:21:05
2026-08-26 20:25:10,330 INFO peoplein.stream: decoded entrance/20260819-031605.mkv: 1015 frames
2026-08-26 20:25:10,331 INFO peoplein.stream: decoded loby/20260819-031742.mkv: 1015 frames
2026-08-26 20:25:10,336 INFO __main__: analysis interval completed start=2026-08-19 03:17:42 end=2026-08-19 03:21:05 frames=2030 ticks=1015 entered=1 exited=1 people_inside=0
2026-08-26 20:25:10,338 INFO __main__: summary updated end=2026-08-19 03:21:05
2026-08-26 20:25:10,339 INFO peoplein.stream: download started camera=entrance file=20260819-032105.mkv
2026-08-26 20:25:24,172 INFO peoplein.stream: download completed camera=entrance file=20260819-032105.mkv bytes=31940398 interval=2026-08-19 03:21:05..2026-08-19 03:26:05
2026-08-26 20:25:24,172 INFO peoplein.stream: analysis interval ready start=2026-08-19 03:21:05 end=2026-08-19 03:22:40
2026-08-26 20:25:31,395 INFO peoplein.stream: decoded loby/20260819-031742.mkv: 475 frames
2026-08-26 20:25:31,404 INFO peoplein.stream: decoded entrance/20260819-032105.mkv: 475 frames
2026-08-26 20:25:31,404 INFO __main__: analysis interval completed start=2026-08-19 03:21:05 end=2026-08-19 03:22:40 frames=950 ticks=475 entered=1 exited=1 people_inside=0
2026-08-26 20:25:31,406 INFO __main__: summary updated end=2026-08-19 03:22:40
2026-08-26 20:25:31,407 INFO peoplein.stream: download started camera=loby file=20260819-032241.mkv
2026-08-26 20:25:52,555 INFO peoplein.stream: download completed camera=loby file=20260819-032241.mkv bytes=41467716 interval=2026-08-19 03:22:41..2026-08-19 03:27:41
2026-08-26 20:25:52,556 WARNING peoplein.stream: archive interval skipped start=2026-08-19T03:22:40.000 end=2026-08-19T03:22:41.000 duration_seconds=1.0 reason=camera_archives_do_not_overlap
2026-08-26 20:25:52,556 INFO peoplein.stream: analysis interval ready start=2026-08-19 03:22:41 end=2026-08-19 03:26:05
2026-08-26 20:26:01,877 INFO peoplein.stream: decoded loby/20260819-032241.mkv: 1020 frames
2026-08-26 20:26:01,880 INFO peoplein.stream: decoded entrance/20260819-032105.mkv: 1020 frames
2026-08-26 20:26:01,882 INFO __main__: analysis interval completed start=2026-08-19 03:22:41 end=2026-08-19 03:26:05 frames=2040 ticks=1020 entered=1 exited=1 people_inside=0
2026-08-26 20:26:01,884 INFO __main__: summary updated end=2026-08-19 03:26:05
2026-08-26 20:26:01,885 INFO peoplein.stream: download started camera=entrance file=20260819-032605.mkv
2026-08-26 20:26:16,687 INFO peoplein.stream: download completed camera=entrance file=20260819-032605.mkv bytes=31941711 interval=2026-08-19 03:26:05..2026-08-19 03:31:05
2026-08-26 20:26:16,687 INFO peoplein.stream: analysis interval ready start=2026-08-19 03:26:05 end=2026-08-19 03:27:41
2026-08-26 20:26:23,964 INFO peoplein.stream: decoded entrance/20260819-032605.mkv: 480 frames
2026-08-26 20:26:23,964 INFO peoplein.stream: decoded loby/20260819-032241.mkv: 480 frames
2026-08-26 20:26:23,967 INFO __main__: analysis interval completed start=2026-08-19 03:26:05 end=2026-08-19 03:27:41 frames=960 ticks=480 entered=1 exited=1 people_inside=0
2026-08-26 20:26:23,969 INFO __main__: summary updated end=2026-08-19 03:27:41
2026-08-26 20:26:23,969 INFO peoplein.stream: download started camera=loby file=20260819-032741.mkv
2026-08-26 20:26:44,395 INFO peoplein.stream: download completed camera=loby file=20260819-032741.mkv bytes=41460585 interval=2026-08-19 03:27:41..2026-08-19 03:32:41
2026-08-26 20:26:44,396 INFO peoplein.stream: analysis interval ready start=2026-08-19 03:27:41 end=2026-08-19 03:31:05
2026-08-26 20:26:53,655 INFO peoplein.stream: decoded entrance/20260819-032605.mkv: 1020 frames
2026-08-26 20:26:53,658 INFO peoplein.stream: decoded loby/20260819-032741.mkv: 1020 frames
2026-08-26 20:26:53,662 INFO __main__: analysis interval completed start=2026-08-19 03:27:41 end=2026-08-19 03:31:05 frames=2040 ticks=1020 entered=1 exited=1 people_inside=0
2026-08-26 20:26:53,663 INFO __main__: summary updated end=2026-08-19 03:31:05
2026-08-26 20:26:53,664 INFO peoplein.stream: download started camera=entrance file=20260819-033105.mkv
2026-08-26 20:27:08,496 INFO peoplein.stream: download completed camera=entrance file=20260819-033105.mkv bytes=31938399 interval=2026-08-19 03:31:05..2026-08-19 03:36:05
2026-08-26 20:27:08,496 INFO peoplein.stream: analysis interval ready start=2026-08-19 03:31:05 end=2026-08-19 03:32:41
2026-08-26 20:27:15,596 INFO peoplein.stream: decoded entrance/20260819-033105.mkv: 480 frames
2026-08-26 20:27:15,598 INFO peoplein.stream: decoded loby/20260819-032741.mkv: 480 frames
2026-08-26 20:27:15,602 INFO __main__: analysis interval completed start=2026-08-19 03:31:05 end=2026-08-19 03:32:41 frames=960 ticks=480 entered=1 exited=1 people_inside=0
2026-08-26 20:27:15,604 INFO __main__: summary updated end=2026-08-19 03:32:41
2026-08-26 20:27:15,605 INFO peoplein.stream: download started camera=loby file=20260819-033242.mkv
2026-08-26 20:27:34,417 INFO peoplein.stream: download completed camera=loby file=20260819-033242.mkv bytes=40801518 interval=2026-08-19 03:32:42..2026-08-19 03:37:42
2026-08-26 20:27:34,417 WARNING peoplein.stream: archive interval skipped start=2026-08-19T03:32:41.000 end=2026-08-19T03:32:42.000 duration_seconds=1.0 reason=camera_archives_do_not_overlap
2026-08-26 20:27:34,417 INFO peoplein.stream: analysis interval ready start=2026-08-19 03:32:42 end=2026-08-19 03:36:05
2026-08-26 20:27:43,479 INFO peoplein.stream: decoded entrance/20260819-033105.mkv: 1015 frames
2026-08-26 20:27:43,486 INFO peoplein.stream: decoded loby/20260819-033242.mkv: 1015 frames
2026-08-26 20:27:43,489 INFO __main__: analysis interval completed start=2026-08-19 03:32:42 end=2026-08-19 03:36:05 frames=2030 ticks=1015 entered=1 exited=1 people_inside=0
2026-08-26 20:27:43,491 INFO __main__: summary updated end=2026-08-19 03:36:05
2026-08-26 20:27:43,491 INFO peoplein.stream: download started camera=entrance file=20260819-033605.mkv
2026-08-26 20:27:59,001 INFO peoplein.stream: download completed camera=entrance file=20260819-033605.mkv bytes=31937430 interval=2026-08-19 03:36:05..2026-08-19 03:41:05
2026-08-26 20:27:59,002 INFO peoplein.stream: analysis interval ready start=2026-08-19 03:36:05 end=2026-08-19 03:37:42
2026-08-26 20:28:06,175 INFO peoplein.stream: decoded loby/20260819-033242.mkv: 485 frames
2026-08-26 20:28:06,181 INFO peoplein.stream: decoded entrance/20260819-033605.mkv: 485 frames
2026-08-26 20:28:06,183 INFO __main__: analysis interval completed start=2026-08-19 03:36:05 end=2026-08-19 03:37:42 frames=970 ticks=485 entered=1 exited=1 people_inside=0
2026-08-26 20:28:06,185 INFO __main__: summary updated end=2026-08-19 03:37:42
2026-08-26 20:28:06,185 INFO peoplein.stream: download started camera=loby file=20260819-033742.mkv
2026-08-26 20:28:25,893 INFO peoplein.stream: download completed camera=loby file=20260819-033742.mkv bytes=40539955 interval=2026-08-19 03:37:42..2026-08-19 03:42:40
2026-08-26 20:28:25,893 INFO peoplein.stream: analysis interval ready start=2026-08-19 03:37:42 end=2026-08-19 03:41:05
2026-08-26 20:28:35,210 INFO peoplein.stream: decoded loby/20260819-033742.mkv: 1015 frames
2026-08-26 20:28:35,212 INFO peoplein.stream: decoded entrance/20260819-033605.mkv: 1015 frames
2026-08-26 20:28:35,218 INFO __main__: analysis interval completed start=2026-08-19 03:37:42 end=2026-08-19 03:41:05 frames=2030 ticks=1015 entered=1 exited=1 people_inside=0
2026-08-26 20:28:35,220 INFO __main__: summary updated end=2026-08-19 03:41:05
2026-08-26 20:28:35,221 INFO peoplein.stream: download started camera=entrance file=20260819-034105.mkv
2026-08-26 20:28:46,546 INFO peoplein.stream: download completed camera=entrance file=20260819-034105.mkv bytes=31928129 interval=2026-08-19 03:41:05..2026-08-19 03:46:05
2026-08-26 20:28:46,546 INFO peoplein.stream: analysis interval ready start=2026-08-19 03:41:05 end=2026-08-19 03:42:40
2026-08-26 20:28:53,672 INFO peoplein.stream: decoded entrance/20260819-034105.mkv: 475 frames
2026-08-26 20:28:53,678 INFO peoplein.stream: decoded loby/20260819-033742.mkv: 475 frames
2026-08-26 20:28:53,680 INFO __main__: analysis interval completed start=2026-08-19 03:41:05 end=2026-08-19 03:42:40 frames=950 ticks=475 entered=1 exited=1 people_inside=0
2026-08-26 20:28:53,682 INFO __main__: summary updated end=2026-08-19 03:42:40
2026-08-26 20:28:53,682 INFO peoplein.stream: download started camera=loby file=20260819-034241.mkv
2026-08-26 20:29:13,346 INFO peoplein.stream: download completed camera=loby file=20260819-034241.mkv bytes=41675857 interval=2026-08-19 03:42:41..2026-08-19 03:47:41
2026-08-26 20:29:13,346 WARNING peoplein.stream: archive interval skipped start=2026-08-19T03:42:40.000 end=2026-08-19T03:42:41.000 duration_seconds=1.0 reason=camera_archives_do_not_overlap
2026-08-26 20:29:13,346 INFO peoplein.stream: analysis interval ready start=2026-08-19 03:42:41 end=2026-08-19 03:46:05
2026-08-26 20:29:22,589 INFO peoplein.stream: decoded loby/20260819-034241.mkv: 1020 frames
2026-08-26 20:29:22,594 INFO peoplein.stream: decoded entrance/20260819-034105.mkv: 1020 frames
2026-08-26 20:29:22,596 INFO __main__: analysis interval completed start=2026-08-19 03:42:41 end=2026-08-19 03:46:05 frames=2040 ticks=1020 entered=1 exited=1 people_inside=0
2026-08-26 20:29:22,598 INFO __main__: summary updated end=2026-08-19 03:46:05
2026-08-26 20:29:22,598 INFO peoplein.stream: download started camera=entrance file=20260819-034605.mkv
2026-08-26 20:29:36,142 INFO peoplein.stream: download completed camera=entrance file=20260819-034605.mkv bytes=31916125 interval=2026-08-19 03:46:05..2026-08-19 03:51:05
2026-08-26 20:29:36,143 INFO peoplein.stream: analysis interval ready start=2026-08-19 03:46:05 end=2026-08-19 03:47:41
2026-08-26 20:29:43,288 INFO peoplein.stream: decoded entrance/20260819-034605.mkv: 480 frames
2026-08-26 20:29:43,290 INFO peoplein.stream: decoded loby/20260819-034241.mkv: 480 frames
2026-08-26 20:29:43,293 INFO __main__: analysis interval completed start=2026-08-19 03:46:05 end=2026-08-19 03:47:41 frames=960 ticks=480 entered=1 exited=1 people_inside=0
2026-08-26 20:29:43,296 INFO __main__: summary updated end=2026-08-19 03:47:41
2026-08-26 20:29:43,296 INFO peoplein.stream: download started camera=loby file=20260819-034741.mkv
2026-08-26 20:29:58,509 INFO peoplein.stream: download completed camera=loby file=20260819-034741.mkv bytes=41544872 interval=2026-08-19 03:47:41..2026-08-19 03:52:41
2026-08-26 20:29:58,510 INFO peoplein.stream: analysis interval ready start=2026-08-19 03:47:41 end=2026-08-19 03:51:05
2026-08-26 20:30:08,077 INFO peoplein.stream: decoded loby/20260819-034741.mkv: 1020 frames
2026-08-26 20:30:08,077 INFO peoplein.stream: decoded entrance/20260819-034605.mkv: 1020 frames
2026-08-26 20:30:08,083 INFO __main__: analysis interval completed start=2026-08-19 03:47:41 end=2026-08-19 03:51:05 frames=2040 ticks=1020 entered=1 exited=1 people_inside=0
2026-08-26 20:30:08,085 INFO __main__: summary updated end=2026-08-19 03:51:05
2026-08-26 20:30:08,086 INFO peoplein.stream: download started camera=entrance file=20260819-035105.mkv
2026-08-26 20:30:22,267 INFO peoplein.stream: download completed camera=entrance file=20260819-035105.mkv bytes=31940248 interval=2026-08-19 03:51:05..2026-08-19 03:56:05
2026-08-26 20:30:22,268 INFO peoplein.stream: analysis interval ready start=2026-08-19 03:51:05 end=2026-08-19 03:52:41
2026-08-26 20:30:29,483 INFO peoplein.stream: decoded entrance/20260819-035105.mkv: 480 frames
2026-08-26 20:30:29,483 INFO peoplein.stream: decoded loby/20260819-034741.mkv: 480 frames
2026-08-26 20:30:29,486 INFO __main__: analysis interval completed start=2026-08-19 03:51:05 end=2026-08-19 03:52:41 frames=960 ticks=480 entered=1 exited=1 people_inside=0
2026-08-26 20:30:29,488 INFO __main__: summary updated end=2026-08-19 03:52:41
2026-08-26 20:30:29,489 INFO peoplein.stream: download started camera=loby file=20260819-035242.mkv
2026-08-26 20:30:52,868 INFO peoplein.stream: download completed camera=loby file=20260819-035242.mkv bytes=40823864 interval=2026-08-19 03:52:42..2026-08-19 03:57:42
2026-08-26 20:30:52,869 WARNING peoplein.stream: archive interval skipped start=2026-08-19T03:52:41.000 end=2026-08-19T03:52:42.000 duration_seconds=1.0 reason=camera_archives_do_not_overlap
2026-08-26 20:30:52,869 INFO peoplein.stream: analysis interval ready start=2026-08-19 03:52:42 end=2026-08-19 03:56:05
2026-08-26 20:31:02,191 INFO peoplein.stream: decoded loby/20260819-035242.mkv: 1015 frames
2026-08-26 20:31:02,193 INFO peoplein.stream: decoded entrance/20260819-035105.mkv: 1015 frames
2026-08-26 20:31:02,198 INFO __main__: analysis interval completed start=2026-08-19 03:52:42 end=2026-08-19 03:56:05 frames=2030 ticks=1015 entered=1 exited=1 people_inside=0
2026-08-26 20:31:02,200 INFO __main__: summary updated end=2026-08-19 03:56:05
2026-08-26 20:31:02,201 INFO peoplein.stream: download started camera=entrance file=20260819-035605.mkv
2026-08-26 20:31:20,872 INFO peoplein.stream: download completed camera=entrance file=20260819-035605.mkv bytes=31926043 interval=2026-08-19 03:56:05..2026-08-19 04:01:05
2026-08-26 20:31:20,872 INFO peoplein.stream: analysis interval ready start=2026-08-19 03:56:05 end=2026-08-19 03:57:42
2026-08-26 20:31:28,166 INFO peoplein.stream: decoded loby/20260819-035242.mkv: 485 frames
2026-08-26 20:31:28,166 INFO peoplein.stream: decoded entrance/20260819-035605.mkv: 485 frames
2026-08-26 20:31:28,173 INFO __main__: analysis interval completed start=2026-08-19 03:56:05 end=2026-08-19 03:57:42 frames=970 ticks=485 entered=1 exited=1 people_inside=0
2026-08-26 20:31:28,176 INFO __main__: summary updated end=2026-08-19 03:57:42
2026-08-26 20:31:28,176 INFO peoplein.stream: download started camera=loby file=20260819-035742.mkv
2026-08-26 20:31:53,612 INFO peoplein.stream: download completed camera=loby file=20260819-035742.mkv bytes=40155250 interval=2026-08-19 03:57:42..2026-08-19 04:02:40
2026-08-26 20:31:53,613 INFO peoplein.stream: analysis interval ready start=2026-08-19 03:57:42 end=2026-08-19 04:01:05
2026-08-26 20:32:03,124 INFO peoplein.stream: decoded loby/20260819-035742.mkv: 1015 frames
2026-08-26 20:32:03,126 INFO peoplein.stream: decoded entrance/20260819-035605.mkv: 1015 frames
2026-08-26 20:32:03,132 INFO __main__: analysis interval completed start=2026-08-19 03:57:42 end=2026-08-19 04:01:05 frames=2030 ticks=1015 entered=1 exited=1 people_inside=0
2026-08-26 20:32:03,134 INFO __main__: summary updated end=2026-08-19 04:01:05
2026-08-26 20:32:03,134 INFO peoplein.stream: download started camera=entrance file=20260819-040105.mkv
2026-08-26 20:32:23,310 INFO peoplein.stream: download completed camera=entrance file=20260819-040105.mkv bytes=25190929 interval=2026-08-19 04:01:05..2026-08-19 04:05:01.120000
2026-08-26 20:32:23,311 INFO peoplein.stream: analysis interval ready start=2026-08-19 04:01:05 end=2026-08-19 04:02:40
2026-08-26 20:32:30,366 INFO peoplein.stream: decoded loby/20260819-035742.mkv: 475 frames
2026-08-26 20:32:30,367 INFO peoplein.stream: decoded entrance/20260819-040105.mkv: 475 frames
2026-08-26 20:32:30,372 INFO __main__: analysis interval completed start=2026-08-19 04:01:05 end=2026-08-19 04:02:40 frames=950 ticks=475 entered=1 exited=1 people_inside=0
2026-08-26 20:32:30,374 INFO __main__: summary updated end=2026-08-19 04:02:40
2026-08-26 20:32:30,374 INFO peoplein.stream: download started camera=loby file=20260819-040241.mkv
2026-08-26 20:33:01,732 INFO peoplein.stream: download completed camera=loby file=20260819-040241.mkv bytes=40528722 interval=2026-08-19 04:02:41..2026-08-19 04:07:41
2026-08-26 20:33:01,733 WARNING peoplein.stream: archive interval skipped start=2026-08-19T04:02:40.000 end=2026-08-19T04:02:41.000 duration_seconds=1.0 reason=camera_archives_do_not_overlap
2026-08-26 20:33:01,733 INFO peoplein.stream: analysis interval ready start=2026-08-19 04:02:41 end=2026-08-19 04:05:01.120000
2026-08-26 20:33:08,663 INFO peoplein.stream: decoded entrance/20260819-040105.mkv: 701 frames
2026-08-26 20:33:08,669 INFO peoplein.stream: decoded loby/20260819-040241.mkv: 701 frames
2026-08-26 20:33:08,673 INFO __main__: analysis interval completed start=2026-08-19 04:02:41 end=2026-08-19 04:05:01.120000 frames=1402 ticks=701 entered=1 exited=1 people_inside=0
2026-08-26 20:33:08,675 INFO __main__: summary updated end=2026-08-19 04:05:01.120000
2026-08-26 20:33:08,675 INFO peoplein.stream: download started camera=entrance file=20260819-040603.mkv
2026-08-26 20:33:29,073 INFO peoplein.stream: download completed camera=entrance file=20260819-040603.mkv bytes=32288481 interval=2026-08-19 04:06:03..2026-08-19 04:11:05
2026-08-26 20:33:29,073 WARNING peoplein.stream: archive interval skipped start=2026-08-19T04:05:01.120 end=2026-08-19T04:06:03.000 duration_seconds=61.88 reason=camera_archives_do_not_overlap
2026-08-26 20:33:29,073 INFO peoplein.stream: analysis interval ready start=2026-08-19 04:06:03 end=2026-08-19 04:07:41
2026-08-26 20:33:36,351 INFO peoplein.stream: decoded loby/20260819-040241.mkv: 490 frames
2026-08-26 20:33:36,353 INFO peoplein.stream: decoded entrance/20260819-040603.mkv: 490 frames
2026-08-26 20:33:36,357 INFO __main__: analysis interval completed start=2026-08-19 04:06:03 end=2026-08-19 04:07:41 frames=980 ticks=490 entered=1 exited=1 people_inside=0
2026-08-26 20:33:36,359 INFO __main__: summary updated end=2026-08-19 04:07:41
2026-08-26 20:33:36,360 INFO peoplein.stream: download started camera=loby file=20260819-040741.mkv
2026-08-26 20:34:05,553 INFO peoplein.stream: download completed camera=loby file=20260819-040741.mkv bytes=40707674 interval=2026-08-19 04:07:41..2026-08-19 04:12:41
2026-08-26 20:34:05,554 INFO peoplein.stream: analysis interval ready start=2026-08-19 04:07:41 end=2026-08-19 04:11:05
2026-08-26 20:34:15,219 INFO peoplein.stream: decoded entrance/20260819-040603.mkv: 1020 frames
2026-08-26 20:34:15,224 INFO peoplein.stream: decoded loby/20260819-040741.mkv: 1020 frames
2026-08-26 20:34:15,226 INFO __main__: analysis interval completed start=2026-08-19 04:07:41 end=2026-08-19 04:11:05 frames=2040 ticks=1020 entered=1 exited=1 people_inside=0
2026-08-26 20:34:15,228 INFO __main__: summary updated end=2026-08-19 04:11:05
2026-08-26 20:34:15,229 INFO peoplein.stream: download started camera=entrance file=20260819-041104.mkv
2026-08-26 20:34:29,637 INFO peoplein.stream: download completed camera=entrance file=20260819-041104.mkv bytes=32045389 interval=2026-08-19 04:11:04..2026-08-19 04:16:04
2026-08-26 20:34:29,637 INFO peoplein.stream: analysis interval ready start=2026-08-19 04:11:04 end=2026-08-19 04:12:41
2026-08-26 20:34:36,957 INFO peoplein.stream: decoded loby/20260819-040741.mkv: 485 frames
2026-08-26 20:34:36,957 INFO peoplein.stream: decoded entrance/20260819-041104.mkv: 485 frames
2026-08-26 20:34:36,963 INFO __main__: analysis interval completed start=2026-08-19 04:11:04 end=2026-08-19 04:12:41 frames=970 ticks=485 entered=1 exited=1 people_inside=0
2026-08-26 20:34:36,965 INFO __main__: summary updated end=2026-08-19 04:12:41
2026-08-26 20:34:36,966 INFO peoplein.stream: download started camera=loby file=20260819-041242.mkv
2026-08-26 20:34:56,433 INFO peoplein.stream: download completed camera=loby file=20260819-041242.mkv bytes=41504475 interval=2026-08-19 04:12:42..2026-08-19 04:17:42
2026-08-26 20:34:56,433 WARNING peoplein.stream: archive interval skipped start=2026-08-19T04:12:41.000 end=2026-08-19T04:12:42.000 duration_seconds=1.0 reason=camera_archives_do_not_overlap
2026-08-26 20:34:56,433 INFO peoplein.stream: analysis interval ready start=2026-08-19 04:12:42 end=2026-08-19 04:16:04
2026-08-26 20:35:05,576 INFO peoplein.stream: decoded entrance/20260819-041104.mkv: 1010 frames
2026-08-26 20:35:05,581 INFO peoplein.stream: decoded loby/20260819-041242.mkv: 1010 frames
2026-08-26 20:35:05,585 INFO __main__: analysis interval completed start=2026-08-19 04:12:42 end=2026-08-19 04:16:04 frames=2020 ticks=1010 entered=1 exited=1 people_inside=0
2026-08-26 20:35:05,587 INFO __main__: summary updated end=2026-08-19 04:16:04
2026-08-26 20:35:05,587 INFO peoplein.stream: download started camera=entrance file=20260819-041604.mkv
2026-08-26 20:35:23,752 INFO peoplein.stream: download completed camera=entrance file=20260819-041604.mkv bytes=32056636 interval=2026-08-19 04:16:04..2026-08-19 04:21:04
2026-08-26 20:35:23,753 INFO peoplein.stream: analysis interval ready start=2026-08-19 04:16:04 end=2026-08-19 04:17:42
2026-08-26 20:35:30,892 INFO peoplein.stream: decoded loby/20260819-041242.mkv: 490 frames
2026-08-26 20:35:30,894 INFO peoplein.stream: decoded entrance/20260819-041604.mkv: 490 frames
2026-08-26 20:35:30,897 INFO __main__: analysis interval completed start=2026-08-19 04:16:04 end=2026-08-19 04:17:42 frames=980 ticks=490 entered=1 exited=1 people_inside=0
2026-08-26 20:35:30,899 INFO __main__: summary updated end=2026-08-19 04:17:42
2026-08-26 20:35:30,899 INFO peoplein.stream: download started camera=loby file=20260819-041742.mkv
2026-08-26 20:36:02,027 INFO peoplein.stream: download completed camera=loby file=20260819-041742.mkv bytes=41033271 interval=2026-08-19 04:17:42..2026-08-19 04:22:40
2026-08-26 20:36:02,027 INFO peoplein.stream: analysis interval ready start=2026-08-19 04:17:42 end=2026-08-19 04:21:04
2026-08-26 20:36:11,350 INFO peoplein.stream: decoded entrance/20260819-041604.mkv: 1010 frames
2026-08-26 20:36:11,350 INFO peoplein.stream: decoded loby/20260819-041742.mkv: 1010 frames
2026-08-26 20:36:11,359 INFO __main__: analysis interval completed start=2026-08-19 04:17:42 end=2026-08-19 04:21:04 frames=2020 ticks=1010 entered=1 exited=1 people_inside=0
2026-08-26 20:36:11,361 INFO __main__: summary updated end=2026-08-19 04:21:04
2026-08-26 20:36:11,361 INFO peoplein.stream: download started camera=entrance file=20260819-042104.mkv
2026-08-26 20:36:32,305 INFO peoplein.stream: download completed camera=entrance file=20260819-042104.mkv bytes=32083090 interval=2026-08-19 04:21:04..2026-08-19 04:26:04
2026-08-26 20:36:32,306 INFO peoplein.stream: analysis interval ready start=2026-08-19 04:21:04 end=2026-08-19 04:22:40
2026-08-26 20:36:39,370 INFO peoplein.stream: decoded entrance/20260819-042104.mkv: 480 frames
2026-08-26 20:36:39,373 INFO peoplein.stream: decoded loby/20260819-041742.mkv: 480 frames
2026-08-26 20:36:39,374 INFO __main__: analysis interval completed start=2026-08-19 04:21:04 end=2026-08-19 04:22:40 frames=960 ticks=480 entered=1 exited=1 people_inside=0
2026-08-26 20:36:39,376 INFO __main__: summary updated end=2026-08-19 04:22:40
2026-08-26 20:36:39,376 INFO peoplein.stream: download started camera=loby file=20260819-042241.mkv
2026-08-26 20:37:04,611 INFO peoplein.stream: download completed camera=loby file=20260819-042241.mkv bytes=41007009 interval=2026-08-19 04:22:41..2026-08-19 04:27:41
2026-08-26 20:37:04,612 WARNING peoplein.stream: archive interval skipped start=2026-08-19T04:22:40.000 end=2026-08-19T04:22:41.000 duration_seconds=1.0 reason=camera_archives_do_not_overlap
2026-08-26 20:37:04,612 INFO peoplein.stream: analysis interval ready start=2026-08-19 04:22:41 end=2026-08-19 04:26:04
2026-08-26 20:37:13,894 INFO peoplein.stream: decoded loby/20260819-042241.mkv: 1015 frames
2026-08-26 20:37:13,896 INFO peoplein.stream: decoded entrance/20260819-042104.mkv: 1015 frames
2026-08-26 20:37:13,900 INFO __main__: analysis interval completed start=2026-08-19 04:22:41 end=2026-08-19 04:26:04 frames=2030 ticks=1015 entered=1 exited=1 people_inside=0
2026-08-26 20:37:13,903 INFO __main__: summary updated end=2026-08-19 04:26:04
2026-08-26 20:37:13,903 INFO peoplein.stream: download started camera=entrance file=20260819-042604.mkv
2026-08-26 20:37:35,721 INFO peoplein.stream: download completed camera=entrance file=20260819-042604.mkv bytes=32116986 interval=2026-08-19 04:26:04..2026-08-19 04:31:04
2026-08-26 20:37:35,722 INFO peoplein.stream: analysis interval ready start=2026-08-19 04:26:04 end=2026-08-19 04:27:41
2026-08-26 20:37:42,839 INFO peoplein.stream: decoded entrance/20260819-042604.mkv: 485 frames
2026-08-26 20:37:42,839 INFO peoplein.stream: decoded loby/20260819-042241.mkv: 485 frames
2026-08-26 20:37:42,844 INFO __main__: analysis interval completed start=2026-08-19 04:26:04 end=2026-08-19 04:27:41 frames=970 ticks=485 entered=1 exited=1 people_inside=0
2026-08-26 20:37:42,846 INFO __main__: summary updated end=2026-08-19 04:27:41
2026-08-26 20:37:42,847 INFO peoplein.stream: download started camera=loby file=20260819-042741.mkv
2026-08-26 20:38:13,122 INFO peoplein.stream: download completed camera=loby file=20260819-042741.mkv bytes=41256027 interval=2026-08-19 04:27:41..2026-08-19 04:32:41
2026-08-26 20:38:13,123 INFO peoplein.stream: analysis interval ready start=2026-08-19 04:27:41 end=2026-08-19 04:31:04
2026-08-26 20:38:22,365 INFO peoplein.stream: decoded entrance/20260819-042604.mkv: 1015 frames
2026-08-26 20:38:22,368 INFO peoplein.stream: decoded loby/20260819-042741.mkv: 1015 frames
2026-08-26 20:38:22,371 INFO __main__: analysis interval completed start=2026-08-19 04:27:41 end=2026-08-19 04:31:04 frames=2030 ticks=1015 entered=1 exited=1 people_inside=0
2026-08-26 20:38:22,373 INFO __main__: summary updated end=2026-08-19 04:31:04
2026-08-26 20:38:22,374 INFO peoplein.stream: download started camera=entrance file=20260819-043104.mkv
2026-08-26 20:38:47,826 INFO peoplein.stream: download completed camera=entrance file=20260819-043104.mkv bytes=32132887 interval=2026-08-19 04:31:04..2026-08-19 04:36:04
2026-08-26 20:38:47,827 INFO peoplein.stream: analysis interval ready start=2026-08-19 04:31:04 end=2026-08-19 04:32:41
2026-08-26 20:38:54,942 INFO peoplein.stream: decoded loby/20260819-042741.mkv: 485 frames
2026-08-26 20:38:54,945 INFO peoplein.stream: decoded entrance/20260819-043104.mkv: 485 frames
2026-08-26 20:38:54,951 INFO __main__: analysis interval completed start=2026-08-19 04:31:04 end=2026-08-19 04:32:41 frames=970 ticks=485 entered=1 exited=1 people_inside=0
2026-08-26 20:38:54,952 INFO __main__: summary updated end=2026-08-19 04:32:41
2026-08-26 20:38:54,953 INFO peoplein.stream: download started camera=loby file=20260819-043242.mkv
2026-08-26 20:39:22,956 INFO peoplein.stream: download completed camera=loby file=20260819-043242.mkv bytes=41483868 interval=2026-08-19 04:32:42..2026-08-19 04:37:42
2026-08-26 20:39:22,957 WARNING peoplein.stream: archive interval skipped start=2026-08-19T04:32:41.000 end=2026-08-19T04:32:42.000 duration_seconds=1.0 reason=camera_archives_do_not_overlap
2026-08-26 20:39:22,957 INFO peoplein.stream: analysis interval ready start=2026-08-19 04:32:42 end=2026-08-19 04:36:04
2026-08-26 20:39:32,157 INFO peoplein.stream: decoded loby/20260819-043242.mkv: 1010 frames
2026-08-26 20:39:32,161 INFO peoplein.stream: decoded entrance/20260819-043104.mkv: 1010 frames
2026-08-26 20:39:32,162 INFO __main__: analysis interval completed start=2026-08-19 04:32:42 end=2026-08-19 04:36:04 frames=2020 ticks=1010 entered=1 exited=1 people_inside=0
2026-08-26 20:39:32,164 INFO __main__: summary updated end=2026-08-19 04:36:04
2026-08-26 20:39:32,165 INFO peoplein.stream: download started camera=entrance file=20260819-043604.mkv
2026-08-26 20:39:58,573 INFO peoplein.stream: download completed camera=entrance file=20260819-043604.mkv bytes=32086148 interval=2026-08-19 04:36:04..2026-08-19 04:41:04
2026-08-26 20:39:58,573 INFO peoplein.stream: analysis interval ready start=2026-08-19 04:36:04 end=2026-08-19 04:37:42
2026-08-26 20:40:05,672 INFO peoplein.stream: decoded entrance/20260819-043604.mkv: 490 frames
2026-08-26 20:40:05,674 INFO peoplein.stream: decoded loby/20260819-043242.mkv: 490 frames
2026-08-26 20:40:05,680 INFO __main__: analysis interval completed start=2026-08-19 04:36:04 end=2026-08-19 04:37:42 frames=980 ticks=490 entered=1 exited=1 people_inside=0
2026-08-26 20:40:05,682 INFO __main__: summary updated end=2026-08-19 04:37:42
2026-08-26 20:40:05,682 INFO peoplein.stream: download started camera=loby file=20260819-043742.mkv
2026-08-26 20:40:37,462 INFO peoplein.stream: download completed camera=loby file=20260819-043742.mkv bytes=40947782 interval=2026-08-19 04:37:42..2026-08-19 04:42:40
2026-08-26 20:40:37,462 INFO peoplein.stream: analysis interval ready start=2026-08-19 04:37:42 end=2026-08-19 04:41:04
2026-08-26 20:40:46,521 INFO peoplein.stream: decoded entrance/20260819-043604.mkv: 1010 frames
2026-08-26 20:40:46,522 INFO peoplein.stream: decoded loby/20260819-043742.mkv: 1010 frames
2026-08-26 20:40:46,528 INFO __main__: analysis interval completed start=2026-08-19 04:37:42 end=2026-08-19 04:41:04 frames=2020 ticks=1010 entered=1 exited=1 people_inside=0
2026-08-26 20:40:46,531 INFO __main__: summary updated end=2026-08-19 04:41:04
2026-08-26 20:40:46,531 INFO peoplein.stream: download started camera=entrance file=20260819-044104.mkv
2026-08-26 20:41:05,013 INFO peoplein.stream: download completed camera=entrance file=20260819-044104.mkv bytes=32133470 interval=2026-08-19 04:41:04..2026-08-19 04:46:04
2026-08-26 20:41:05,014 INFO peoplein.stream: analysis interval ready start=2026-08-19 04:41:04 end=2026-08-19 04:42:40
2026-08-26 20:41:12,080 INFO peoplein.stream: decoded loby/20260819-043742.mkv: 480 frames
2026-08-26 20:41:12,082 INFO peoplein.stream: decoded entrance/20260819-044104.mkv: 480 frames
2026-08-26 20:41:12,085 INFO __main__: analysis interval completed start=2026-08-19 04:41:04 end=2026-08-19 04:42:40 frames=960 ticks=480 entered=1 exited=1 people_inside=0
2026-08-26 20:41:12,086 INFO __main__: summary updated end=2026-08-19 04:42:40
2026-08-26 20:41:12,087 INFO peoplein.stream: download started camera=loby file=20260819-044241.mkv
2026-08-26 20:41:38,627 INFO peoplein.stream: download completed camera=loby file=20260819-044241.mkv bytes=40734067 interval=2026-08-19 04:42:41..2026-08-19 04:47:41
2026-08-26 20:41:38,627 WARNING peoplein.stream: archive interval skipped start=2026-08-19T04:42:40.000 end=2026-08-19T04:42:41.000 duration_seconds=1.0 reason=camera_archives_do_not_overlap
2026-08-26 20:41:38,628 INFO peoplein.stream: analysis interval ready start=2026-08-19 04:42:41 end=2026-08-19 04:46:04
2026-08-26 20:41:47,853 INFO peoplein.stream: decoded entrance/20260819-044104.mkv: 1015 frames
2026-08-26 20:41:47,854 INFO peoplein.stream: decoded loby/20260819-044241.mkv: 1015 frames
2026-08-26 20:41:47,855 INFO __main__: analysis interval completed start=2026-08-19 04:42:41 end=2026-08-19 04:46:04 frames=2030 ticks=1015 entered=1 exited=1 people_inside=0
2026-08-26 20:41:47,857 INFO __main__: summary updated end=2026-08-19 04:46:04
2026-08-26 20:41:47,857 INFO peoplein.stream: download started camera=entrance file=20260819-044604.mkv
2026-08-26 20:42:11,087 INFO peoplein.stream: download completed camera=entrance file=20260819-044604.mkv bytes=32114250 interval=2026-08-19 04:46:04..2026-08-19 04:51:04
2026-08-26 20:42:11,088 INFO peoplein.stream: analysis interval ready start=2026-08-19 04:46:04 end=2026-08-19 04:47:41
2026-08-26 20:42:18,215 INFO peoplein.stream: decoded entrance/20260819-044604.mkv: 485 frames
2026-08-26 20:42:18,217 INFO peoplein.stream: decoded loby/20260819-044241.mkv: 485 frames
2026-08-26 20:42:18,222 INFO __main__: analysis interval completed start=2026-08-19 04:46:04 end=2026-08-19 04:47:41 frames=970 ticks=485 entered=1 exited=1 people_inside=0
2026-08-26 20:42:18,225 INFO __main__: summary updated end=2026-08-19 04:47:41
2026-08-26 20:42:18,225 INFO peoplein.stream: download started camera=loby file=20260819-044741.mkv
2026-08-26 20:42:45,658 INFO peoplein.stream: download completed camera=loby file=20260819-044741.mkv bytes=40758126 interval=2026-08-19 04:47:41..2026-08-19 04:52:41
2026-08-26 20:42:45,659 INFO peoplein.stream: analysis interval ready start=2026-08-19 04:47:41 end=2026-08-19 04:51:04
2026-08-26 20:42:55,143 INFO peoplein.stream: decoded loby/20260819-044741.mkv: 1015 frames
2026-08-26 20:42:55,146 INFO peoplein.stream: decoded entrance/20260819-044604.mkv: 1015 frames
2026-08-26 20:42:55,152 INFO __main__: analysis interval completed start=2026-08-19 04:47:41 end=2026-08-19 04:51:04 frames=2030 ticks=1015 entered=1 exited=1 people_inside=0
2026-08-26 20:42:55,154 INFO __main__: summary updated end=2026-08-19 04:51:04
2026-08-26 20:42:55,155 INFO peoplein.stream: download started camera=entrance file=20260819-045104.mkv
2026-08-26 20:43:22,223 INFO peoplein.stream: download completed camera=entrance file=20260819-045104.mkv bytes=32105352 interval=2026-08-19 04:51:04..2026-08-19 04:56:04
2026-08-26 20:43:22,223 INFO peoplein.stream: analysis interval ready start=2026-08-19 04:51:04 end=2026-08-19 04:52:41
2026-08-26 20:43:29,519 INFO peoplein.stream: decoded loby/20260819-044741.mkv: 485 frames
2026-08-26 20:43:29,521 INFO peoplein.stream: decoded entrance/20260819-045104.mkv: 485 frames
2026-08-26 20:43:29,521 INFO __main__: analysis interval completed start=2026-08-19 04:51:04 end=2026-08-19 04:52:41 frames=970 ticks=485 entered=1 exited=1 people_inside=0
2026-08-26 20:43:29,523 INFO __main__: summary updated end=2026-08-19 04:52:41
2026-08-26 20:43:29,524 INFO peoplein.stream: download started camera=loby file=20260819-045242.mkv
2026-08-26 20:44:01,081 INFO peoplein.stream: download completed camera=loby file=20260819-045242.mkv bytes=39545401 interval=2026-08-19 04:52:42..2026-08-19 04:57:42
2026-08-26 20:44:01,082 WARNING peoplein.stream: archive interval skipped start=2026-08-19T04:52:41.000 end=2026-08-19T04:52:42.000 duration_seconds=1.0 reason=camera_archives_do_not_overlap
2026-08-26 20:44:01,082 INFO peoplein.stream: analysis interval ready start=2026-08-19 04:52:42 end=2026-08-19 04:56:04
2026-08-26 20:44:10,370 INFO peoplein.stream: decoded loby/20260819-045242.mkv: 1010 frames
2026-08-26 20:44:10,372 INFO peoplein.stream: decoded entrance/20260819-045104.mkv: 1010 frames
2026-08-26 20:44:10,379 INFO __main__: analysis interval completed start=2026-08-19 04:52:42 end=2026-08-19 04:56:04 frames=2020 ticks=1010 entered=1 exited=1 people_inside=0
2026-08-26 20:44:10,381 INFO __main__: summary updated end=2026-08-19 04:56:04
2026-08-26 20:44:10,381 INFO peoplein.stream: download started camera=entrance file=20260819-045604.mkv
2026-08-26 20:44:38,023 INFO peoplein.stream: download completed camera=entrance file=20260819-045604.mkv bytes=32106387 interval=2026-08-19 04:56:04..2026-08-19 05:01:04
2026-08-26 20:44:38,024 INFO peoplein.stream: analysis interval ready start=2026-08-19 04:56:04 end=2026-08-19 04:57:42
2026-08-26 20:44:45,356 INFO peoplein.stream: decoded entrance/20260819-045604.mkv: 490 frames
2026-08-26 20:44:45,360 INFO peoplein.stream: decoded loby/20260819-045242.mkv: 490 frames
2026-08-26 20:44:45,365 INFO __main__: analysis interval completed start=2026-08-19 04:56:04 end=2026-08-19 04:57:42 frames=980 ticks=490 entered=1 exited=1 people_inside=0
2026-08-26 20:44:45,367 INFO __main__: summary updated end=2026-08-19 04:57:42
2026-08-26 20:44:45,368 INFO peoplein.stream: download started camera=loby file=20260819-045742.mkv
2026-08-26 20:45:16,765 INFO peoplein.stream: download completed camera=loby file=20260819-045742.mkv bytes=36473883 interval=2026-08-19 04:57:42..2026-08-19 05:02:40
2026-08-26 20:45:16,766 INFO peoplein.stream: analysis interval ready start=2026-08-19 04:57:42 end=2026-08-19 05:01:04
2026-08-26 20:45:26,286 INFO peoplein.stream: decoded loby/20260819-045742.mkv: 1010 frames
2026-08-26 20:45:26,290 INFO peoplein.stream: decoded entrance/20260819-045604.mkv: 1010 frames
2026-08-26 20:45:26,297 INFO __main__: analysis interval completed start=2026-08-19 04:57:42 end=2026-08-19 05:01:04 frames=2020 ticks=1010 entered=1 exited=1 people_inside=0
2026-08-26 20:45:26,299 INFO __main__: summary updated end=2026-08-19 05:01:04
2026-08-26 20:45:26,299 INFO peoplein.stream: download started camera=entrance file=20260819-050104.mkv
2026-08-26 20:45:44,934 INFO peoplein.stream: download completed camera=entrance file=20260819-050104.mkv bytes=32157844 interval=2026-08-19 05:01:04..2026-08-19 05:06:04
2026-08-26 20:45:44,934 INFO peoplein.stream: analysis interval ready start=2026-08-19 05:01:04 end=2026-08-19 05:02:40
2026-08-26 20:45:51,960 INFO peoplein.stream: decoded entrance/20260819-050104.mkv: 480 frames
2026-08-26 20:45:51,962 INFO peoplein.stream: decoded loby/20260819-045742.mkv: 480 frames
2026-08-26 20:45:51,967 INFO __main__: analysis interval completed start=2026-08-19 05:01:04 end=2026-08-19 05:02:40 frames=960 ticks=480 entered=1 exited=1 people_inside=0
2026-08-26 20:45:51,970 INFO __main__: summary updated end=2026-08-19 05:02:40
2026-08-26 20:45:51,970 INFO peoplein.stream: download started camera=loby file=20260819-050241.mkv
2026-08-26 20:46:16,116 INFO peoplein.stream: download completed camera=loby file=20260819-050241.mkv bytes=35057575 interval=2026-08-19 05:02:41..2026-08-19 05:07:41
2026-08-26 20:46:16,116 WARNING peoplein.stream: archive interval skipped start=2026-08-19T05:02:40.000 end=2026-08-19T05:02:41.000 duration_seconds=1.0 reason=camera_archives_do_not_overlap
2026-08-26 20:46:16,116 INFO peoplein.stream: analysis interval ready start=2026-08-19 05:02:41 end=2026-08-19 05:06:04
2026-08-26 20:46:25,483 INFO peoplein.stream: decoded entrance/20260819-050104.mkv: 1015 frames
2026-08-26 20:46:25,485 INFO peoplein.stream: decoded loby/20260819-050241.mkv: 1015 frames
2026-08-26 20:46:25,488 INFO __main__: analysis interval completed start=2026-08-19 05:02:41 end=2026-08-19 05:06:04 frames=2030 ticks=1015 entered=1 exited=1 people_inside=0
2026-08-26 20:46:25,497 INFO __main__: summary updated end=2026-08-19 05:06:04
2026-08-26 20:46:25,497 INFO peoplein.stream: download started camera=entrance file=20260819-050604.mkv
2026-08-26 20:46:50,608 INFO peoplein.stream: download completed camera=entrance file=20260819-050604.mkv bytes=32127570 interval=2026-08-19 05:06:04..2026-08-19 05:11:04
2026-08-26 20:46:50,608 INFO peoplein.stream: analysis interval ready start=2026-08-19 05:06:04 end=2026-08-19 05:07:41
2026-08-26 20:46:57,614 INFO peoplein.stream: decoded entrance/20260819-050604.mkv: 485 frames
2026-08-26 20:46:57,615 INFO peoplein.stream: decoded loby/20260819-050241.mkv: 485 frames
2026-08-26 20:46:57,622 INFO __main__: analysis interval completed start=2026-08-19 05:06:04 end=2026-08-19 05:07:41 frames=970 ticks=485 entered=1 exited=1 people_inside=0
2026-08-26 20:46:57,624 INFO __main__: summary updated end=2026-08-19 05:07:41
2026-08-26 20:46:57,625 INFO peoplein.stream: download started camera=loby file=20260819-050741.mkv
2026-08-26 20:47:22,236 INFO peoplein.stream: download completed camera=loby file=20260819-050741.mkv bytes=31780740 interval=2026-08-19 05:07:41..2026-08-19 05:12:41
2026-08-26 20:47:22,236 INFO peoplein.stream: analysis interval ready start=2026-08-19 05:07:41 end=2026-08-19 05:11:04
2026-08-26 20:47:31,326 INFO peoplein.stream: decoded entrance/20260819-050604.mkv: 1015 frames
2026-08-26 20:47:31,328 INFO peoplein.stream: decoded loby/20260819-050741.mkv: 1015 frames
2026-08-26 20:47:31,332 INFO __main__: analysis interval completed start=2026-08-19 05:07:41 end=2026-08-19 05:11:04 frames=2030 ticks=1015 entered=1 exited=1 people_inside=0
2026-08-26 20:47:31,334 INFO __main__: summary updated end=2026-08-19 05:11:04
2026-08-26 20:47:31,335 INFO peoplein.stream: download started camera=entrance file=20260819-051104.mkv
2026-08-26 20:47:50,333 INFO peoplein.stream: download completed camera=entrance file=20260819-051104.mkv bytes=32126694 interval=2026-08-19 05:11:04..2026-08-19 05:16:04
2026-08-26 20:47:50,333 INFO peoplein.stream: analysis interval ready start=2026-08-19 05:11:04 end=2026-08-19 05:12:41
2026-08-26 20:47:57,361 INFO peoplein.stream: decoded loby/20260819-050741.mkv: 485 frames
2026-08-26 20:47:57,362 INFO peoplein.stream: decoded entrance/20260819-051104.mkv: 485 frames
2026-08-26 20:47:57,366 INFO __main__: analysis interval completed start=2026-08-19 05:11:04 end=2026-08-19 05:12:41 frames=970 ticks=485 entered=1 exited=1 people_inside=0
2026-08-26 20:47:57,367 INFO __main__: summary updated end=2026-08-19 05:12:41
2026-08-26 20:47:57,368 INFO peoplein.stream: download started camera=loby file=20260819-051242.mkv
2026-08-26 20:48:15,268 INFO peoplein.stream: download completed camera=loby file=20260819-051242.mkv bytes=30843518 interval=2026-08-19 05:12:42..2026-08-19 05:17:42
2026-08-26 20:48:15,269 WARNING peoplein.stream: archive interval skipped start=2026-08-19T05:12:41.000 end=2026-08-19T05:12:42.000 duration_seconds=1.0 reason=camera_archives_do_not_overlap
2026-08-26 20:48:15,269 INFO peoplein.stream: analysis interval ready start=2026-08-19 05:12:42 end=2026-08-19 05:16:04
2026-08-26 20:48:24,449 INFO peoplein.stream: decoded entrance/20260819-051104.mkv: 1010 frames
2026-08-26 20:48:24,456 INFO peoplein.stream: decoded loby/20260819-051242.mkv: 1010 frames
2026-08-26 20:48:24,459 INFO __main__: analysis interval completed start=2026-08-19 05:12:42 end=2026-08-19 05:16:04 frames=2020 ticks=1010 entered=1 exited=1 people_inside=0
2026-08-26 20:48:24,461 INFO __main__: summary updated end=2026-08-19 05:16:04
2026-08-26 20:48:24,461 INFO peoplein.stream: download started camera=entrance file=20260819-051604.mkv
2026-08-26 20:48:49,678 INFO peoplein.stream: download completed camera=entrance file=20260819-051604.mkv bytes=32085058 interval=2026-08-19 05:16:04..2026-08-19 05:21:04
2026-08-26 20:48:49,679 INFO peoplein.stream: analysis interval ready start=2026-08-19 05:16:04 end=2026-08-19 05:17:42
2026-08-26 20:48:56,567 INFO peoplein.stream: decoded loby/20260819-051242.mkv: 490 frames
2026-08-26 20:48:56,572 INFO peoplein.stream: decoded entrance/20260819-051604.mkv: 490 frames
2026-08-26 20:48:56,576 INFO __main__: analysis interval completed start=2026-08-19 05:16:04 end=2026-08-19 05:17:42 frames=980 ticks=490 entered=1 exited=1 people_inside=0
2026-08-26 20:48:56,578 INFO __main__: summary updated end=2026-08-19 05:17:42
2026-08-26 20:48:56,578 INFO peoplein.stream: download started camera=loby file=20260819-051742.mkv
2026-08-26 20:49:23,586 INFO peoplein.stream: download completed camera=loby file=20260819-051742.mkv bytes=30993569 interval=2026-08-19 05:17:42..2026-08-19 05:22:40
2026-08-26 20:49:23,587 INFO peoplein.stream: analysis interval ready start=2026-08-19 05:17:42 end=2026-08-19 05:21:04
2026-08-26 20:49:32,924 INFO peoplein.stream: decoded entrance/20260819-051604.mkv: 1010 frames
2026-08-26 20:49:32,924 INFO peoplein.stream: decoded loby/20260819-051742.mkv: 1010 frames
2026-08-26 20:49:32,928 INFO __main__: analysis interval completed start=2026-08-19 05:17:42 end=2026-08-19 05:21:04 frames=2020 ticks=1010 entered=1 exited=1 people_inside=0
2026-08-26 20:49:32,930 INFO __main__: summary updated end=2026-08-19 05:21:04
2026-08-26 20:49:32,931 INFO peoplein.stream: download started camera=entrance file=20260819-052104.mkv
2026-08-26 20:49:50,124 INFO peoplein.stream: download completed camera=entrance file=20260819-052104.mkv bytes=32149075 interval=2026-08-19 05:21:04..2026-08-19 05:26:04
2026-08-26 20:49:50,125 INFO peoplein.stream: analysis interval ready start=2026-08-19 05:21:04 end=2026-08-19 05:22:40
2026-08-26 20:49:57,063 INFO peoplein.stream: decoded entrance/20260819-052104.mkv: 480 frames
2026-08-26 20:49:57,063 INFO peoplein.stream: decoded loby/20260819-051742.mkv: 480 frames
2026-08-26 20:49:57,072 INFO __main__: analysis interval completed start=2026-08-19 05:21:04 end=2026-08-19 05:22:40 frames=960 ticks=480 entered=1 exited=1 people_inside=0
2026-08-26 20:49:57,074 INFO __main__: summary updated end=2026-08-19 05:22:40
2026-08-26 20:49:57,074 INFO peoplein.stream: download started camera=loby file=20260819-052241.mkv
2026-08-26 20:50:15,067 INFO peoplein.stream: download completed camera=loby file=20260819-052241.mkv bytes=30740266 interval=2026-08-19 05:22:41..2026-08-19 05:27:41
2026-08-26 20:50:15,067 WARNING peoplein.stream: archive interval skipped start=2026-08-19T05:22:40.000 end=2026-08-19T05:22:41.000 duration_seconds=1.0 reason=camera_archives_do_not_overlap
2026-08-26 20:50:15,068 INFO peoplein.stream: analysis interval ready start=2026-08-19 05:22:41 end=2026-08-19 05:26:04
2026-08-26 20:50:24,378 INFO peoplein.stream: decoded entrance/20260819-052104.mkv: 1015 frames
2026-08-26 20:50:24,379 INFO peoplein.stream: decoded loby/20260819-052241.mkv: 1015 frames
2026-08-26 20:50:24,383 INFO __main__: analysis interval completed start=2026-08-19 05:22:41 end=2026-08-19 05:26:04 frames=2030 ticks=1015 entered=1 exited=1 people_inside=0
2026-08-26 20:50:24,385 INFO __main__: summary updated end=2026-08-19 05:26:04
2026-08-26 20:50:24,385 INFO peoplein.stream: download started camera=entrance file=20260819-052604.mkv
2026-08-26 20:50:49,253 INFO peoplein.stream: download completed camera=entrance file=20260819-052604.mkv bytes=32181242 interval=2026-08-19 05:26:04..2026-08-19 05:31:04
2026-08-26 20:50:49,253 INFO peoplein.stream: analysis interval ready start=2026-08-19 05:26:04 end=2026-08-19 05:27:41
2026-08-26 20:50:56,119 INFO peoplein.stream: decoded entrance/20260819-052604.mkv: 485 frames
2026-08-26 20:50:56,119 INFO peoplein.stream: decoded loby/20260819-052241.mkv: 485 frames
2026-08-26 20:50:56,128 INFO __main__: analysis interval completed start=2026-08-19 05:26:04 end=2026-08-19 05:27:41 frames=970 ticks=485 entered=1 exited=1 people_inside=0
2026-08-26 20:50:56,130 INFO __main__: summary updated end=2026-08-19 05:27:41
2026-08-26 20:50:56,130 INFO peoplein.stream: download started camera=loby file=20260819-052741.mkv
2026-08-26 20:51:10,187 INFO peoplein.stream: download completed camera=loby file=20260819-052741.mkv bytes=28968980 interval=2026-08-19 05:27:41..2026-08-19 05:32:41
2026-08-26 20:51:10,187 INFO peoplein.stream: analysis interval ready start=2026-08-19 05:27:41 end=2026-08-19 05:31:04
2026-08-26 20:51:19,118 INFO peoplein.stream: decoded entrance/20260819-052604.mkv: 1015 frames
2026-08-26 20:51:19,119 INFO peoplein.stream: decoded loby/20260819-052741.mkv: 1015 frames
2026-08-26 20:51:19,124 INFO __main__: analysis interval completed start=2026-08-19 05:27:41 end=2026-08-19 05:31:04 frames=2030 ticks=1015 entered=1 exited=1 people_inside=0
2026-08-26 20:51:19,125 INFO __main__: summary updated end=2026-08-19 05:31:04
2026-08-26 20:51:19,126 INFO peoplein.stream: download started camera=entrance file=20260819-053104.mkv
2026-08-26 20:51:36,387 INFO peoplein.stream: download completed camera=entrance file=20260819-053104.mkv bytes=32204539 interval=2026-08-19 05:31:04..2026-08-19 05:36:04
2026-08-26 20:51:36,387 INFO peoplein.stream: analysis interval ready start=2026-08-19 05:31:04 end=2026-08-19 05:32:41
2026-08-26 20:51:43,374 INFO peoplein.stream: decoded entrance/20260819-053104.mkv: 485 frames
2026-08-26 20:51:43,374 INFO peoplein.stream: decoded loby/20260819-052741.mkv: 485 frames
2026-08-26 20:51:43,381 INFO __main__: analysis interval completed start=2026-08-19 05:31:04 end=2026-08-19 05:32:41 frames=970 ticks=485 entered=1 exited=1 people_inside=0
2026-08-26 20:51:43,382 INFO __main__: summary updated end=2026-08-19 05:32:41
2026-08-26 20:51:43,383 INFO peoplein.stream: download started camera=loby file=20260819-053242.mkv
2026-08-26 20:52:03,187 INFO peoplein.stream: download completed camera=loby file=20260819-053242.mkv bytes=29202505 interval=2026-08-19 05:32:42..2026-08-19 05:37:42
2026-08-26 20:52:03,188 WARNING peoplein.stream: archive interval skipped start=2026-08-19T05:32:41.000 end=2026-08-19T05:32:42.000 duration_seconds=1.0 reason=camera_archives_do_not_overlap
2026-08-26 20:52:03,188 INFO peoplein.stream: analysis interval ready start=2026-08-19 05:32:42 end=2026-08-19 05:36:04
2026-08-26 20:52:12,234 INFO peoplein.stream: decoded entrance/20260819-053104.mkv: 1010 frames
2026-08-26 20:52:12,234 INFO peoplein.stream: decoded loby/20260819-053242.mkv: 1010 frames
2026-08-26 20:52:12,239 INFO __main__: analysis interval completed start=2026-08-19 05:32:42 end=2026-08-19 05:36:04 frames=2020 ticks=1010 entered=1 exited=1 people_inside=0
2026-08-26 20:52:12,241 INFO __main__: summary updated end=2026-08-19 05:36:04
2026-08-26 20:52:12,241 INFO peoplein.stream: download started camera=entrance file=20260819-053604.mkv
2026-08-26 20:52:31,799 INFO peoplein.stream: download completed camera=entrance file=20260819-053604.mkv bytes=32254412 interval=2026-08-19 05:36:04..2026-08-19 05:41:04
2026-08-26 20:52:31,799 INFO peoplein.stream: analysis interval ready start=2026-08-19 05:36:04 end=2026-08-19 05:37:42
2026-08-26 20:52:38,756 INFO peoplein.stream: decoded loby/20260819-053242.mkv: 490 frames
2026-08-26 20:52:38,759 INFO peoplein.stream: decoded entrance/20260819-053604.mkv: 490 frames
2026-08-26 20:52:38,765 INFO __main__: analysis interval completed start=2026-08-19 05:36:04 end=2026-08-19 05:37:42 frames=980 ticks=490 entered=1 exited=1 people_inside=0
2026-08-26 20:52:38,767 INFO __main__: summary updated end=2026-08-19 05:37:42
2026-08-26 20:52:38,767 INFO peoplein.stream: download started camera=loby file=20260819-053742.mkv
2026-08-26 20:53:07,152 INFO peoplein.stream: download completed camera=loby file=20260819-053742.mkv bytes=31897717 interval=2026-08-19 05:37:42..2026-08-19 05:42:40
2026-08-26 20:53:07,152 INFO peoplein.stream: analysis interval ready start=2026-08-19 05:37:42 end=2026-08-19 05:41:04
2026-08-26 20:53:16,680 INFO peoplein.stream: decoded loby/20260819-053742.mkv: 1010 frames
2026-08-26 20:53:16,683 INFO peoplein.stream: decoded entrance/20260819-053604.mkv: 1010 frames
2026-08-26 20:53:16,687 INFO __main__: analysis interval completed start=2026-08-19 05:37:42 end=2026-08-19 05:41:04 frames=2020 ticks=1010 entered=1 exited=1 people_inside=0
2026-08-26 20:53:16,689 INFO __main__: summary updated end=2026-08-19 05:41:04
2026-08-26 20:53:16,690 INFO peoplein.stream: download started camera=entrance file=20260819-054104.mkv
2026-08-26 20:53:41,281 INFO peoplein.stream: download completed camera=entrance file=20260819-054104.mkv bytes=32245671 interval=2026-08-19 05:41:04..2026-08-19 05:46:04
2026-08-26 20:53:41,281 INFO peoplein.stream: analysis interval ready start=2026-08-19 05:41:04 end=2026-08-19 05:42:40
2026-08-26 20:53:48,242 INFO peoplein.stream: decoded loby/20260819-053742.mkv: 480 frames
2026-08-26 20:53:48,242 INFO peoplein.stream: decoded entrance/20260819-054104.mkv: 480 frames
2026-08-26 20:53:48,250 INFO __main__: analysis interval completed start=2026-08-19 05:41:04 end=2026-08-19 05:42:40 frames=960 ticks=480 entered=1 exited=1 people_inside=0
2026-08-26 20:53:48,252 INFO __main__: summary updated end=2026-08-19 05:42:40
2026-08-26 20:53:48,253 INFO peoplein.stream: download started camera=loby file=20260819-054241.mkv
2026-08-26 20:54:14,626 INFO peoplein.stream: download completed camera=loby file=20260819-054241.mkv bytes=30620779 interval=2026-08-19 05:42:41..2026-08-19 05:47:41
2026-08-26 20:54:14,626 WARNING peoplein.stream: archive interval skipped start=2026-08-19T05:42:40.000 end=2026-08-19T05:42:41.000 duration_seconds=1.0 reason=camera_archives_do_not_overlap
2026-08-26 20:54:14,626 INFO peoplein.stream: analysis interval ready start=2026-08-19 05:42:41 end=2026-08-19 05:46:04
2026-08-26 20:54:23,942 INFO peoplein.stream: decoded entrance/20260819-054104.mkv: 1015 frames
2026-08-26 20:54:23,944 INFO peoplein.stream: decoded loby/20260819-054241.mkv: 1015 frames
2026-08-26 20:54:23,949 INFO __main__: analysis interval completed start=2026-08-19 05:42:41 end=2026-08-19 05:46:04 frames=2030 ticks=1015 entered=1 exited=1 people_inside=0
2026-08-26 20:54:23,952 INFO __main__: summary updated end=2026-08-19 05:46:04
2026-08-26 20:54:23,952 INFO peoplein.stream: download started camera=entrance file=20260819-054604.mkv
2026-08-26 20:54:49,579 INFO peoplein.stream: download completed camera=entrance file=20260819-054604.mkv bytes=32264463 interval=2026-08-19 05:46:04..2026-08-19 05:51:04
2026-08-26 20:54:49,579 INFO peoplein.stream: analysis interval ready start=2026-08-19 05:46:04 end=2026-08-19 05:47:41
2026-08-26 20:54:56,501 INFO peoplein.stream: decoded entrance/20260819-054604.mkv: 485 frames
2026-08-26 20:54:56,504 INFO peoplein.stream: decoded loby/20260819-054241.mkv: 485 frames
2026-08-26 20:54:56,509 INFO __main__: analysis interval completed start=2026-08-19 05:46:04 end=2026-08-19 05:47:41 frames=970 ticks=485 entered=1 exited=1 people_inside=0
2026-08-26 20:54:56,511 INFO __main__: summary updated end=2026-08-19 05:47:41
2026-08-26 20:54:56,512 INFO peoplein.stream: download started camera=loby file=20260819-054741.mkv
2026-08-26 20:55:26,126 INFO peoplein.stream: download completed camera=loby file=20260819-054741.mkv bytes=28123582 interval=2026-08-19 05:47:41..2026-08-19 05:52:41
2026-08-26 20:55:26,126 INFO peoplein.stream: analysis interval ready start=2026-08-19 05:47:41 end=2026-08-19 05:51:04
2026-08-26 20:55:35,145 INFO peoplein.stream: decoded entrance/20260819-054604.mkv: 1015 frames
2026-08-26 20:55:35,147 INFO peoplein.stream: decoded loby/20260819-054741.mkv: 1015 frames
2026-08-26 20:55:35,154 INFO __main__: analysis interval completed start=2026-08-19 05:47:41 end=2026-08-19 05:51:04 frames=2030 ticks=1015 entered=1 exited=1 people_inside=0
2026-08-26 20:55:35,157 INFO __main__: summary updated end=2026-08-19 05:51:04
2026-08-26 20:55:35,157 INFO peoplein.stream: download started camera=entrance file=20260819-055104.mkv
2026-08-26 20:56:03,708 INFO peoplein.stream: download completed camera=entrance file=20260819-055104.mkv bytes=32284126 interval=2026-08-19 05:51:04..2026-08-19 05:56:04
2026-08-26 20:56:03,709 INFO peoplein.stream: analysis interval ready start=2026-08-19 05:51:04 end=2026-08-19 05:52:41
2026-08-26 20:56:10,851 INFO peoplein.stream: decoded loby/20260819-054741.mkv: 485 frames
2026-08-26 20:56:10,852 INFO peoplein.stream: decoded entrance/20260819-055104.mkv: 485 frames
2026-08-26 20:56:10,856 INFO __main__: analysis interval completed start=2026-08-19 05:51:04 end=2026-08-19 05:52:41 frames=970 ticks=485 entered=1 exited=1 people_inside=0
2026-08-26 20:56:10,858 INFO __main__: summary updated end=2026-08-19 05:52:41
2026-08-26 20:56:10,858 INFO peoplein.stream: download started camera=loby file=20260819-055242.mkv
2026-08-26 20:56:42,199 INFO peoplein.stream: download completed camera=loby file=20260819-055242.mkv bytes=28597021 interval=2026-08-19 05:52:42..2026-08-19 05:57:42
2026-08-26 20:56:42,199 WARNING peoplein.stream: archive interval skipped start=2026-08-19T05:52:41.000 end=2026-08-19T05:52:42.000 duration_seconds=1.0 reason=camera_archives_do_not_overlap
2026-08-26 20:56:42,199 INFO peoplein.stream: analysis interval ready start=2026-08-19 05:52:42 end=2026-08-19 05:56:04
2026-08-26 20:56:51,523 INFO peoplein.stream: decoded loby/20260819-055242.mkv: 1010 frames
2026-08-26 20:56:51,524 INFO peoplein.stream: decoded entrance/20260819-055104.mkv: 1010 frames
2026-08-26 20:56:51,529 INFO __main__: analysis interval completed start=2026-08-19 05:52:42 end=2026-08-19 05:56:04 frames=2020 ticks=1010 entered=1 exited=1 people_inside=0
2026-08-26 20:56:51,532 INFO __main__: summary updated end=2026-08-19 05:56:04
2026-08-26 20:56:51,532 INFO peoplein.stream: download started camera=entrance file=20260819-055604.mkv
2026-08-26 20:57:10,744 INFO peoplein.stream: download completed camera=entrance file=20260819-055604.mkv bytes=32281582 interval=2026-08-19 05:56:04..2026-08-19 06:01:04
2026-08-26 20:57:10,744 INFO peoplein.stream: analysis interval ready start=2026-08-19 05:56:04 end=2026-08-19 05:57:42
2026-08-26 20:57:17,711 INFO peoplein.stream: decoded entrance/20260819-055604.mkv: 490 frames
2026-08-26 20:57:17,714 INFO peoplein.stream: decoded loby/20260819-055242.mkv: 490 frames
2026-08-26 20:57:17,718 INFO __main__: analysis interval completed start=2026-08-19 05:56:04 end=2026-08-19 05:57:42 frames=980 ticks=490 entered=1 exited=1 people_inside=0
2026-08-26 20:57:17,720 INFO __main__: summary updated end=2026-08-19 05:57:42
2026-08-26 20:57:17,720 INFO peoplein.stream: download started camera=loby file=20260819-055742.mkv
2026-08-26 20:57:33,907 INFO peoplein.stream: download completed camera=loby file=20260819-055742.mkv bytes=27709648 interval=2026-08-19 05:57:42..2026-08-19 06:02:40
2026-08-26 20:57:33,908 INFO peoplein.stream: analysis interval ready start=2026-08-19 05:57:42 end=2026-08-19 06:01:04
2026-08-26 20:57:43,022 INFO peoplein.stream: decoded entrance/20260819-055604.mkv: 1010 frames
2026-08-26 20:57:43,022 INFO peoplein.stream: decoded loby/20260819-055742.mkv: 1010 frames
2026-08-26 20:57:43,030 INFO __main__: analysis interval completed start=2026-08-19 05:57:42 end=2026-08-19 06:01:04 frames=2020 ticks=1010 entered=1 exited=1 people_inside=0
2026-08-26 20:57:43,032 INFO __main__: summary updated end=2026-08-19 06:01:04
2026-08-26 20:57:43,033 INFO peoplein.stream: download started camera=entrance file=20260819-060104.mkv
2026-08-26 20:58:12,313 INFO peoplein.stream: download completed camera=entrance file=20260819-060104.mkv bytes=32274835 interval=2026-08-19 06:01:04..2026-08-19 06:06:04
2026-08-26 20:58:12,313 INFO peoplein.stream: analysis interval ready start=2026-08-19 06:01:04 end=2026-08-19 06:02:40
2026-08-26 20:58:19,263 INFO peoplein.stream: decoded entrance/20260819-060104.mkv: 480 frames
2026-08-26 20:58:19,265 INFO peoplein.stream: decoded loby/20260819-055742.mkv: 480 frames
2026-08-26 20:58:19,270 INFO __main__: analysis interval completed start=2026-08-19 06:01:04 end=2026-08-19 06:02:40 frames=960 ticks=480 entered=1 exited=1 people_inside=0
2026-08-26 20:58:19,273 INFO __main__: summary updated end=2026-08-19 06:02:40
2026-08-26 20:58:19,273 INFO peoplein.stream: download started camera=loby file=20260819-060241.mkv
2026-08-26 20:58:52,139 INFO peoplein.stream: download completed camera=loby file=20260819-060241.mkv bytes=27379765 interval=2026-08-19 06:02:41..2026-08-19 06:07:41
2026-08-26 20:58:52,139 WARNING peoplein.stream: archive interval skipped start=2026-08-19T06:02:40.000 end=2026-08-19T06:02:41.000 duration_seconds=1.0 reason=camera_archives_do_not_overlap
2026-08-26 20:58:52,139 INFO peoplein.stream: analysis interval ready start=2026-08-19 06:02:41 end=2026-08-19 06:06:04
2026-08-26 20:59:01,549 INFO peoplein.stream: decoded loby/20260819-060241.mkv: 1015 frames
2026-08-26 20:59:01,552 INFO peoplein.stream: decoded entrance/20260819-060104.mkv: 1015 frames
2026-08-26 20:59:01,552 INFO __main__: analysis interval completed start=2026-08-19 06:02:41 end=2026-08-19 06:06:04 frames=2030 ticks=1015 entered=1 exited=1 people_inside=0
2026-08-26 20:59:01,554 INFO __main__: summary updated end=2026-08-19 06:06:04
2026-08-26 20:59:01,554 INFO peoplein.stream: download started camera=entrance file=20260819-060604.mkv
2026-08-26 20:59:33,596 INFO peoplein.stream: download completed camera=entrance file=20260819-060604.mkv bytes=32295026 interval=2026-08-19 06:06:04..2026-08-19 06:11:04
2026-08-26 20:59:33,596 INFO peoplein.stream: analysis interval ready start=2026-08-19 06:06:04 end=2026-08-19 06:07:41
2026-08-26 20:59:40,639 INFO peoplein.stream: decoded loby/20260819-060241.mkv: 485 frames
2026-08-26 20:59:40,642 INFO peoplein.stream: decoded entrance/20260819-060604.mkv: 485 frames
2026-08-26 20:59:40,647 INFO __main__: analysis interval completed start=2026-08-19 06:06:04 end=2026-08-19 06:07:41 frames=970 ticks=485 entered=1 exited=1 people_inside=0
2026-08-26 20:59:40,649 INFO __main__: summary updated end=2026-08-19 06:07:41
2026-08-26 20:59:40,649 INFO peoplein.stream: download started camera=loby file=20260819-060741.mkv
2026-08-26 21:00:00,374 INFO peoplein.stream: download completed camera=loby file=20260819-060741.mkv bytes=26743503 interval=2026-08-19 06:07:41..2026-08-19 06:12:41
2026-08-26 21:00:00,374 INFO peoplein.stream: analysis interval ready start=2026-08-19 06:07:41 end=2026-08-19 06:11:04
2026-08-26 21:00:09,898 INFO peoplein.stream: decoded entrance/20260819-060604.mkv: 1015 frames
2026-08-26 21:00:09,901 INFO peoplein.stream: decoded loby/20260819-060741.mkv: 1015 frames
2026-08-26 21:00:09,904 INFO __main__: analysis interval completed start=2026-08-19 06:07:41 end=2026-08-19 06:11:04 frames=2030 ticks=1015 entered=1 exited=1 people_inside=0
2026-08-26 21:00:09,906 INFO __main__: summary updated end=2026-08-19 06:11:04
2026-08-26 21:00:09,907 INFO peoplein.stream: download started camera=entrance file=20260819-061104.mkv
2026-08-26 21:00:45,703 INFO peoplein.stream: download completed camera=entrance file=20260819-061104.mkv bytes=32283689 interval=2026-08-19 06:11:04..2026-08-19 06:16:04
2026-08-26 21:00:45,703 INFO peoplein.stream: analysis interval ready start=2026-08-19 06:11:04 end=2026-08-19 06:12:41
2026-08-26 21:00:52,709 INFO peoplein.stream: decoded entrance/20260819-061104.mkv: 485 frames
2026-08-26 21:00:52,711 INFO peoplein.stream: decoded loby/20260819-060741.mkv: 485 frames
2026-08-26 21:00:52,717 INFO __main__: analysis interval completed start=2026-08-19 06:11:04 end=2026-08-19 06:12:41 frames=970 ticks=485 entered=1 exited=1 people_inside=0
2026-08-26 21:00:52,719 INFO __main__: summary updated end=2026-08-19 06:12:41
2026-08-26 21:00:52,719 INFO peoplein.stream: download started camera=loby file=20260819-061242.mkv
2026-08-26 21:01:22,172 INFO peoplein.stream: download completed camera=loby file=20260819-061242.mkv bytes=28231322 interval=2026-08-19 06:12:42..2026-08-19 06:17:42
2026-08-26 21:01:22,172 WARNING peoplein.stream: archive interval skipped start=2026-08-19T06:12:41.000 end=2026-08-19T06:12:42.000 duration_seconds=1.0 reason=camera_archives_do_not_overlap
2026-08-26 21:01:22,173 INFO peoplein.stream: analysis interval ready start=2026-08-19 06:12:42 end=2026-08-19 06:16:04
2026-08-26 21:01:31,418 INFO peoplein.stream: decoded entrance/20260819-061104.mkv: 1010 frames
2026-08-26 21:01:31,418 INFO peoplein.stream: decoded loby/20260819-061242.mkv: 1010 frames
2026-08-26 21:01:31,427 INFO __main__: analysis interval completed start=2026-08-19 06:12:42 end=2026-08-19 06:16:04 frames=2020 ticks=1010 entered=1 exited=1 people_inside=0
2026-08-26 21:01:31,429 INFO __main__: summary updated end=2026-08-19 06:16:04
2026-08-26 21:01:31,429 INFO peoplein.stream: download started camera=entrance file=20260819-061604.mkv
2026-08-26 21:02:22,540 INFO peoplein.stream: download completed camera=entrance file=20260819-061604.mkv bytes=32285262 interval=2026-08-19 06:16:04..2026-08-19 06:21:04
2026-08-26 21:02:22,541 INFO peoplein.stream: analysis interval ready start=2026-08-19 06:16:04 end=2026-08-19 06:17:42
2026-08-26 21:02:29,584 INFO peoplein.stream: decoded entrance/20260819-061604.mkv: 490 frames
2026-08-26 21:02:29,588 INFO peoplein.stream: decoded loby/20260819-061242.mkv: 490 frames
2026-08-26 21:02:29,592 INFO __main__: analysis interval completed start=2026-08-19 06:16:04 end=2026-08-19 06:17:42 frames=980 ticks=490 entered=1 exited=1 people_inside=0
2026-08-26 21:02:29,594 INFO __main__: summary updated end=2026-08-19 06:17:42
2026-08-26 21:02:29,595 INFO peoplein.stream: download started camera=loby file=20260819-061742.mkv
2026-08-26 21:02:58,249 INFO peoplein.stream: download completed camera=loby file=20260819-061742.mkv bytes=27470647 interval=2026-08-19 06:17:42..2026-08-19 06:22:40
2026-08-26 21:02:58,249 INFO peoplein.stream: analysis interval ready start=2026-08-19 06:17:42 end=2026-08-19 06:21:04
2026-08-26 21:03:07,674 INFO peoplein.stream: decoded loby/20260819-061742.mkv: 1010 frames
2026-08-26 21:03:07,674 INFO peoplein.stream: decoded entrance/20260819-061604.mkv: 1010 frames
2026-08-26 21:03:07,683 INFO __main__: analysis interval completed start=2026-08-19 06:17:42 end=2026-08-19 06:21:04 frames=2020 ticks=1010 entered=1 exited=1 people_inside=0
2026-08-26 21:03:07,685 INFO __main__: summary updated end=2026-08-19 06:21:04
2026-08-26 21:03:07,686 INFO peoplein.stream: download started camera=entrance file=20260819-062104.mkv
2026-08-26 21:03:54,859 INFO peoplein.stream: download completed camera=entrance file=20260819-062104.mkv bytes=32262437 interval=2026-08-19 06:21:04..2026-08-19 06:26:04
2026-08-26 21:03:54,859 INFO peoplein.stream: analysis interval ready start=2026-08-19 06:21:04 end=2026-08-19 06:22:40
2026-08-26 21:04:01,967 INFO peoplein.stream: decoded entrance/20260819-062104.mkv: 480 frames
2026-08-26 21:04:01,970 INFO peoplein.stream: decoded loby/20260819-061742.mkv: 480 frames
2026-08-26 21:04:01,974 INFO __main__: analysis interval completed start=2026-08-19 06:21:04 end=2026-08-19 06:22:40 frames=960 ticks=480 entered=1 exited=1 people_inside=0
2026-08-26 21:04:01,976 INFO __main__: summary updated end=2026-08-19 06:22:40
2026-08-26 21:04:01,976 INFO peoplein.stream: download started camera=loby file=20260819-062241.mkv
2026-08-26 21:04:38,617 INFO peoplein.stream: download completed camera=loby file=20260819-062241.mkv bytes=26265520 interval=2026-08-19 06:22:41..2026-08-19 06:27:41
2026-08-26 21:04:38,618 WARNING peoplein.stream: archive interval skipped start=2026-08-19T06:22:40.000 end=2026-08-19T06:22:41.000 duration_seconds=1.0 reason=camera_archives_do_not_overlap
2026-08-26 21:04:38,619 INFO peoplein.stream: analysis interval ready start=2026-08-19 06:22:41 end=2026-08-19 06:26:04
2026-08-26 21:04:48,036 INFO peoplein.stream: decoded entrance/20260819-062104.mkv: 1015 frames
2026-08-26 21:04:48,040 INFO peoplein.stream: decoded loby/20260819-062241.mkv: 1015 frames
2026-08-26 21:04:48,042 INFO __main__: analysis interval completed start=2026-08-19 06:22:41 end=2026-08-19 06:26:04 frames=2030 ticks=1015 entered=1 exited=1 people_inside=0
2026-08-26 21:04:48,045 INFO __main__: summary updated end=2026-08-19 06:26:04
2026-08-26 21:04:48,046 INFO peoplein.stream: download started camera=entrance file=20260819-062604.mkv
2026-08-26 21:05:40,093 INFO peoplein.stream: download completed camera=entrance file=20260819-062604.mkv bytes=32250955 interval=2026-08-19 06:26:04..2026-08-19 06:31:04
2026-08-26 21:05:40,093 INFO peoplein.stream: analysis interval ready start=2026-08-19 06:26:04 end=2026-08-19 06:27:41
2026-08-26 21:05:46,985 INFO peoplein.stream: decoded entrance/20260819-062604.mkv: 485 frames
2026-08-26 21:05:46,988 INFO peoplein.stream: decoded loby/20260819-062241.mkv: 485 frames
2026-08-26 21:05:46,989 INFO __main__: analysis interval completed start=2026-08-19 06:26:04 end=2026-08-19 06:27:41 frames=970 ticks=485 entered=1 exited=1 people_inside=0
2026-08-26 21:05:46,991 INFO __main__: summary updated end=2026-08-19 06:27:41
2026-08-26 21:05:46,992 INFO peoplein.stream: download started camera=loby file=20260819-062741.mkv
2026-08-26 21:06:11,754 INFO peoplein.stream: download completed camera=loby file=20260819-062741.mkv bytes=28508952 interval=2026-08-19 06:27:41..2026-08-19 06:32:41
2026-08-26 21:06:11,755 INFO peoplein.stream: analysis interval ready start=2026-08-19 06:27:41 end=2026-08-19 06:31:04
2026-08-26 21:06:21,322 INFO peoplein.stream: decoded loby/20260819-062741.mkv: 1015 frames
2026-08-26 21:06:21,324 INFO peoplein.stream: decoded entrance/20260819-062604.mkv: 1015 frames
2026-08-26 21:06:21,329 INFO __main__: analysis interval completed start=2026-08-19 06:27:41 end=2026-08-19 06:31:04 frames=2030 ticks=1015 entered=1 exited=1 people_inside=0
2026-08-26 21:06:21,331 INFO __main__: summary updated end=2026-08-19 06:31:04
2026-08-26 21:06:21,331 INFO peoplein.stream: download started camera=entrance file=20260819-063104.mkv
2026-08-26 21:07:02,207 INFO peoplein.stream: download completed camera=entrance file=20260819-063104.mkv bytes=32252450 interval=2026-08-19 06:31:04..2026-08-19 06:36:04
2026-08-26 21:07:02,207 INFO peoplein.stream: analysis interval ready start=2026-08-19 06:31:04 end=2026-08-19 06:32:41
2026-08-26 21:07:09,219 INFO peoplein.stream: decoded loby/20260819-062741.mkv: 485 frames
2026-08-26 21:07:09,222 INFO peoplein.stream: decoded entrance/20260819-063104.mkv: 485 frames
2026-08-26 21:07:09,228 INFO __main__: analysis interval completed start=2026-08-19 06:31:04 end=2026-08-19 06:32:41 frames=970 ticks=485 entered=1 exited=1 people_inside=0
2026-08-26 21:07:09,230 INFO __main__: summary updated end=2026-08-19 06:32:41
2026-08-26 21:07:09,230 INFO peoplein.stream: download started camera=loby file=20260819-063240.mkv
2026-08-26 21:07:45,167 INFO peoplein.stream: download completed camera=loby file=20260819-063240.mkv bytes=28810901 interval=2026-08-19 06:32:40..2026-08-19 06:37:42
2026-08-26 21:07:45,168 INFO peoplein.stream: analysis interval ready start=2026-08-19 06:32:40 end=2026-08-19 06:36:04
2026-08-26 21:07:54,619 INFO peoplein.stream: decoded entrance/20260819-063104.mkv: 1020 frames
2026-08-26 21:07:54,622 INFO peoplein.stream: decoded loby/20260819-063240.mkv: 1020 frames
2026-08-26 21:07:54,627 INFO __main__: analysis interval completed start=2026-08-19 06:32:40 end=2026-08-19 06:36:04 frames=2040 ticks=1020 entered=1 exited=1 people_inside=0
2026-08-26 21:07:54,629 INFO __main__: summary updated end=2026-08-19 06:36:04
2026-08-26 21:07:54,629 INFO peoplein.stream: download started camera=entrance file=20260819-063604.mkv
2026-08-26 21:08:26,355 INFO peoplein.stream: download completed camera=entrance file=20260819-063604.mkv bytes=32257968 interval=2026-08-19 06:36:04..2026-08-19 06:41:04
2026-08-26 21:08:26,356 INFO peoplein.stream: analysis interval ready start=2026-08-19 06:36:04 end=2026-08-19 06:37:42
2026-08-26 21:08:33,371 INFO peoplein.stream: decoded entrance/20260819-063604.mkv: 490 frames
2026-08-26 21:08:33,374 INFO peoplein.stream: decoded loby/20260819-063240.mkv: 490 frames
2026-08-26 21:08:33,380 INFO __main__: analysis interval completed start=2026-08-19 06:36:04 end=2026-08-19 06:37:42 frames=980 ticks=490 entered=1 exited=1 people_inside=0
2026-08-26 21:08:33,382 INFO __main__: summary updated end=2026-08-19 06:37:42
2026-08-26 21:08:33,382 INFO peoplein.stream: download started camera=loby file=20260819-063742.mkv
2026-08-26 21:09:31,307 INFO peoplein.stream: download completed camera=loby file=20260819-063742.mkv bytes=29251106 interval=2026-08-19 06:37:42..2026-08-19 06:42:42
2026-08-26 21:09:31,307 INFO peoplein.stream: analysis interval ready start=2026-08-19 06:37:42 end=2026-08-19 06:41:04
2026-08-26 21:09:40,844 INFO peoplein.stream: decoded entrance/20260819-063604.mkv: 1010 frames
2026-08-26 21:09:40,847 INFO peoplein.stream: decoded loby/20260819-063742.mkv: 1010 frames
2026-08-26 21:09:40,852 INFO __main__: analysis interval completed start=2026-08-19 06:37:42 end=2026-08-19 06:41:04 frames=2020 ticks=1010 entered=1 exited=1 people_inside=0
2026-08-26 21:09:40,854 INFO __main__: summary updated end=2026-08-19 06:41:04
2026-08-26 21:09:40,855 INFO peoplein.stream: download started camera=entrance file=20260819-064104.mkv
2026-08-26 21:10:29,325 INFO peoplein.stream: download completed camera=entrance file=20260819-064104.mkv bytes=32218778 interval=2026-08-19 06:41:04..2026-08-19 06:46:04
2026-08-26 21:10:29,325 INFO peoplein.stream: analysis interval ready start=2026-08-19 06:41:04 end=2026-08-19 06:42:42
2026-08-26 21:10:36,310 INFO peoplein.stream: decoded loby/20260819-063742.mkv: 490 frames
2026-08-26 21:10:36,319 INFO peoplein.stream: decoded entrance/20260819-064104.mkv: 490 frames
2026-08-26 21:10:36,320 INFO __main__: analysis interval completed start=2026-08-19 06:41:04 end=2026-08-19 06:42:42 frames=980 ticks=490 entered=1 exited=1 people_inside=0
2026-08-26 21:10:36,322 INFO __main__: summary updated end=2026-08-19 06:42:42
2026-08-26 21:10:36,322 INFO peoplein.stream: download started camera=loby file=20260819-064242.mkv
2026-08-26 21:11:06,410 INFO peoplein.stream: download completed camera=loby file=20260819-064242.mkv bytes=27904028 interval=2026-08-19 06:42:42..2026-08-19 06:47:42
2026-08-26 21:11:06,410 INFO peoplein.stream: analysis interval ready start=2026-08-19 06:42:42 end=2026-08-19 06:46:04
2026-08-26 21:11:15,924 INFO peoplein.stream: decoded loby/20260819-064242.mkv: 1010 frames
2026-08-26 21:11:15,924 INFO peoplein.stream: decoded entrance/20260819-064104.mkv: 1010 frames
2026-08-26 21:11:15,929 INFO __main__: analysis interval completed start=2026-08-19 06:42:42 end=2026-08-19 06:46:04 frames=2020 ticks=1010 entered=1 exited=1 people_inside=0
2026-08-26 21:11:15,930 INFO __main__: summary updated end=2026-08-19 06:46:04
2026-08-26 21:11:15,931 INFO peoplein.stream: download started camera=entrance file=20260819-064604.mkv
2026-08-26 21:11:58,116 INFO peoplein.stream: download completed camera=entrance file=20260819-064604.mkv bytes=32079402 interval=2026-08-19 06:46:04..2026-08-19 06:51:04
2026-08-26 21:11:58,116 INFO peoplein.stream: analysis interval ready start=2026-08-19 06:46:04 end=2026-08-19 06:47:42
2026-08-26 21:12:05,298 INFO peoplein.stream: decoded entrance/20260819-064604.mkv: 490 frames
2026-08-26 21:12:05,301 INFO peoplein.stream: decoded loby/20260819-064242.mkv: 490 frames
2026-08-26 21:12:05,307 INFO __main__: analysis interval completed start=2026-08-19 06:46:04 end=2026-08-19 06:47:42 frames=980 ticks=490 entered=1 exited=1 people_inside=0
2026-08-26 21:12:05,309 INFO __main__: summary updated end=2026-08-19 06:47:42
2026-08-26 21:12:05,310 INFO peoplein.stream: download started camera=loby file=20260819-064742.mkv
2026-08-26 21:12:40,107 INFO peoplein.stream: download completed camera=loby file=20260819-064742.mkv bytes=28573261 interval=2026-08-19 06:47:42..2026-08-19 06:52:42
2026-08-26 21:12:40,108 INFO peoplein.stream: analysis interval ready start=2026-08-19 06:47:42 end=2026-08-19 06:51:04
2026-08-26 21:12:49,589 INFO peoplein.stream: decoded entrance/20260819-064604.mkv: 1010 frames
2026-08-26 21:12:49,593 INFO peoplein.stream: decoded loby/20260819-064742.mkv: 1010 frames
2026-08-26 21:12:49,595 INFO __main__: analysis interval completed start=2026-08-19 06:47:42 end=2026-08-19 06:51:04 frames=2020 ticks=1010 entered=1 exited=1 people_inside=0
2026-08-26 21:12:49,597 INFO __main__: summary updated end=2026-08-19 06:51:04
2026-08-26 21:12:49,597 INFO peoplein.stream: download started camera=entrance file=20260819-065104.mkv
2026-08-26 21:13:29,400 INFO peoplein.stream: download completed camera=entrance file=20260819-065104.mkv bytes=32370359 interval=2026-08-19 06:51:04..2026-08-19 06:56:04
2026-08-26 21:13:29,401 INFO peoplein.stream: analysis interval ready start=2026-08-19 06:51:04 end=2026-08-19 06:52:42
2026-08-26 21:13:36,528 INFO peoplein.stream: decoded entrance/20260819-065104.mkv: 490 frames
2026-08-26 21:13:36,530 INFO peoplein.stream: decoded loby/20260819-064742.mkv: 490 frames
2026-08-26 21:13:36,537 INFO __main__: analysis interval completed start=2026-08-19 06:51:04 end=2026-08-19 06:52:42 frames=980 ticks=490 entered=1 exited=1 people_inside=0
2026-08-26 21:13:36,539 INFO __main__: summary updated end=2026-08-19 06:52:42
2026-08-26 21:13:36,540 INFO peoplein.stream: download started camera=loby file=20260819-065242.mkv
2026-08-26 21:14:18,951 INFO peoplein.stream: download completed camera=loby file=20260819-065242.mkv bytes=30655909 interval=2026-08-19 06:52:42..2026-08-19 06:57:42
2026-08-26 21:14:18,951 INFO peoplein.stream: analysis interval ready start=2026-08-19 06:52:42 end=2026-08-19 06:56:04
2026-08-26 21:14:28,503 INFO peoplein.stream: decoded loby/20260819-065242.mkv: 1010 frames
2026-08-26 21:14:28,506 INFO peoplein.stream: decoded entrance/20260819-065104.mkv: 1010 frames
2026-08-26 21:14:28,511 INFO __main__: analysis interval completed start=2026-08-19 06:52:42 end=2026-08-19 06:56:04 frames=2020 ticks=1010 entered=1 exited=1 people_inside=0
2026-08-26 21:14:28,513 INFO __main__: summary updated end=2026-08-19 06:56:04
2026-08-26 21:14:28,514 INFO peoplein.stream: download started camera=entrance file=20260819-065604.mkv
2026-08-26 21:14:57,298 INFO peoplein.stream: download completed camera=entrance file=20260819-065604.mkv bytes=32882064 interval=2026-08-19 06:56:04..2026-08-19 07:01:04
2026-08-26 21:14:57,299 INFO peoplein.stream: analysis interval ready start=2026-08-19 06:56:04 end=2026-08-19 06:57:42
2026-08-26 21:15:04,469 INFO peoplein.stream: decoded entrance/20260819-065604.mkv: 490 frames
2026-08-26 21:15:04,472 INFO peoplein.stream: decoded loby/20260819-065242.mkv: 490 frames
2026-08-26 21:15:04,477 INFO __main__: analysis interval completed start=2026-08-19 06:56:04 end=2026-08-19 06:57:42 frames=980 ticks=490 entered=1 exited=1 people_inside=0
2026-08-26 21:15:04,479 INFO __main__: summary updated end=2026-08-19 06:57:42
2026-08-26 21:15:04,480 INFO peoplein.stream: download started camera=loby file=20260819-065742.mkv
2026-08-26 21:15:34,060 INFO peoplein.stream: download completed camera=loby file=20260819-065742.mkv bytes=29457886 interval=2026-08-19 06:57:42..2026-08-19 07:02:42
2026-08-26 21:15:34,060 INFO peoplein.stream: analysis interval ready start=2026-08-19 06:57:42 end=2026-08-19 07:01:04
2026-08-26 21:15:43,449 INFO peoplein.stream: decoded loby/20260819-065742.mkv: 1010 frames
2026-08-26 21:15:43,450 INFO peoplein.stream: decoded entrance/20260819-065604.mkv: 1010 frames
2026-08-26 21:15:43,456 INFO __main__: analysis interval completed start=2026-08-19 06:57:42 end=2026-08-19 07:01:04 frames=2020 ticks=1010 entered=1 exited=1 people_inside=0
2026-08-26 21:15:43,458 INFO __main__: summary updated end=2026-08-19 07:01:04
2026-08-26 21:15:43,458 INFO peoplein.stream: download started camera=entrance file=20260819-070104.mkv
2026-08-26 21:16:24,842 INFO peoplein.stream: download completed camera=entrance file=20260819-070104.mkv bytes=32931583 interval=2026-08-19 07:01:04..2026-08-19 07:06:04
2026-08-26 21:16:24,842 INFO peoplein.stream: analysis interval ready start=2026-08-19 07:01:04 end=2026-08-19 07:02:42
2026-08-26 21:16:31,995 INFO peoplein.stream: decoded entrance/20260819-070104.mkv: 490 frames
2026-08-26 21:16:31,995 INFO peoplein.stream: decoded loby/20260819-065742.mkv: 490 frames
2026-08-26 21:16:32,004 INFO __main__: analysis interval completed start=2026-08-19 07:01:04 end=2026-08-19 07:02:42 frames=980 ticks=490 entered=1 exited=1 people_inside=0
2026-08-26 21:16:32,006 INFO __main__: summary updated end=2026-08-19 07:02:42
2026-08-26 21:16:32,006 INFO peoplein.stream: download started camera=loby file=20260819-070242.mkv
2026-08-26 21:16:57,953 INFO peoplein.stream: download completed camera=loby file=20260819-070242.mkv bytes=28025246 interval=2026-08-19 07:02:42..2026-08-19 07:07:42
2026-08-26 21:16:57,954 INFO peoplein.stream: analysis interval ready start=2026-08-19 07:02:42 end=2026-08-19 07:06:04
2026-08-26 21:17:07,362 INFO peoplein.stream: decoded loby/20260819-070242.mkv: 1010 frames
2026-08-26 21:17:07,365 INFO peoplein.stream: decoded entrance/20260819-070104.mkv: 1010 frames
2026-08-26 21:17:07,371 INFO __main__: analysis interval completed start=2026-08-19 07:02:42 end=2026-08-19 07:06:04 frames=2020 ticks=1010 entered=1 exited=1 people_inside=0
2026-08-26 21:17:07,373 INFO __main__: summary updated end=2026-08-19 07:06:04
2026-08-26 21:17:07,373 INFO peoplein.stream: download started camera=entrance file=20260819-070604.mkv
2026-08-26 21:17:39,865 INFO peoplein.stream: download completed camera=entrance file=20260819-070604.mkv bytes=32780935 interval=2026-08-19 07:06:04..2026-08-19 07:11:04
2026-08-26 21:17:39,865 INFO peoplein.stream: analysis interval ready start=2026-08-19 07:06:04 end=2026-08-19 07:07:42
2026-08-26 21:17:47,080 INFO peoplein.stream: decoded loby/20260819-070242.mkv: 490 frames
2026-08-26 21:17:47,080 INFO peoplein.stream: decoded entrance/20260819-070604.mkv: 490 frames
2026-08-26 21:17:47,087 INFO __main__: analysis interval completed start=2026-08-19 07:06:04 end=2026-08-19 07:07:42 frames=980 ticks=490 entered=1 exited=1 people_inside=0
2026-08-26 21:17:47,089 INFO __main__: summary updated end=2026-08-19 07:07:42
2026-08-26 21:17:47,090 INFO peoplein.stream: download started camera=loby file=20260819-070741.mkv
2026-08-26 21:18:08,265 INFO peoplein.stream: download completed camera=loby file=20260819-070741.mkv bytes=28691786 interval=2026-08-19 07:07:41..2026-08-19 07:12:41
2026-08-26 21:18:08,265 INFO peoplein.stream: analysis interval ready start=2026-08-19 07:07:41 end=2026-08-19 07:11:04
2026-08-26 21:18:18,048 INFO peoplein.stream: decoded entrance/20260819-070604.mkv: 1015 frames
2026-08-26 21:18:18,051 INFO peoplein.stream: decoded loby/20260819-070741.mkv: 1015 frames
2026-08-26 21:18:18,057 INFO __main__: analysis interval completed start=2026-08-19 07:07:41 end=2026-08-19 07:11:04 frames=2030 ticks=1015 entered=1 exited=1 people_inside=0
2026-08-26 21:18:18,059 INFO __main__: summary updated end=2026-08-19 07:11:04
2026-08-26 21:18:18,059 INFO peoplein.stream: download started camera=entrance file=20260819-071104.mkv
2026-08-26 21:18:44,660 INFO peoplein.stream: download completed camera=entrance file=20260819-071104.mkv bytes=32941974 interval=2026-08-19 07:11:04..2026-08-19 07:16:04
2026-08-26 21:18:44,661 INFO peoplein.stream: analysis interval ready start=2026-08-19 07:11:04 end=2026-08-19 07:12:41
2026-08-26 21:18:51,796 INFO peoplein.stream: decoded entrance/20260819-071104.mkv: 485 frames
2026-08-26 21:18:51,797 INFO peoplein.stream: decoded loby/20260819-070741.mkv: 485 frames
2026-08-26 21:18:51,803 INFO __main__: analysis interval completed start=2026-08-19 07:11:04 end=2026-08-19 07:12:41 frames=970 ticks=485 entered=1 exited=1 people_inside=0
2026-08-26 21:18:51,805 INFO __main__: summary updated end=2026-08-19 07:12:41
2026-08-26 21:18:51,806 INFO peoplein.stream: download started camera=loby file=20260819-071241.mkv
2026-08-26 21:19:19,767 INFO peoplein.stream: download completed camera=loby file=20260819-071241.mkv bytes=30229410 interval=2026-08-19 07:12:41..2026-08-19 07:17:41
2026-08-26 21:19:19,767 INFO peoplein.stream: analysis interval ready start=2026-08-19 07:12:41 end=2026-08-19 07:16:04
2026-08-26 21:19:29,539 INFO peoplein.stream: decoded loby/20260819-071241.mkv: 1015 frames
2026-08-26 21:19:29,542 INFO peoplein.stream: decoded entrance/20260819-071104.mkv: 1015 frames
2026-08-26 21:19:29,547 INFO __main__: analysis interval completed start=2026-08-19 07:12:41 end=2026-08-19 07:16:04 frames=2030 ticks=1015 entered=1 exited=1 people_inside=0
2026-08-26 21:19:29,549 INFO __main__: summary updated end=2026-08-19 07:16:04
2026-08-26 21:19:29,550 INFO peoplein.stream: download started camera=entrance file=20260819-071604.mkv
2026-08-26 21:20:01,374 INFO peoplein.stream: download completed camera=entrance file=20260819-071604.mkv bytes=32834724 interval=2026-08-19 07:16:04..2026-08-19 07:21:04
2026-08-26 21:20:01,374 INFO peoplein.stream: analysis interval ready start=2026-08-19 07:16:04 end=2026-08-19 07:17:41
2026-08-26 21:20:08,539 INFO peoplein.stream: decoded loby/20260819-071241.mkv: 485 frames
2026-08-26 21:20:08,542 INFO peoplein.stream: decoded entrance/20260819-071604.mkv: 485 frames
2026-08-26 21:20:08,549 INFO __main__: analysis interval completed start=2026-08-19 07:16:04 end=2026-08-19 07:17:41 frames=970 ticks=485 entered=1 exited=1 people_inside=0
2026-08-26 21:20:08,550 INFO __main__: summary updated end=2026-08-19 07:17:41
2026-08-26 21:20:08,551 INFO peoplein.stream: download started camera=loby file=20260819-071741.mkv
2026-08-26 21:20:39,961 INFO peoplein.stream: download completed camera=loby file=20260819-071741.mkv bytes=28382511 interval=2026-08-19 07:17:41..2026-08-19 07:22:41
2026-08-26 21:20:39,962 INFO peoplein.stream: analysis interval ready start=2026-08-19 07:17:41 end=2026-08-19 07:21:04
2026-08-26 21:20:49,616 INFO peoplein.stream: decoded loby/20260819-071741.mkv: 1015 frames
2026-08-26 21:20:49,619 INFO peoplein.stream: decoded entrance/20260819-071604.mkv: 1015 frames
2026-08-26 21:20:49,624 INFO __main__: analysis interval completed start=2026-08-19 07:17:41 end=2026-08-19 07:21:04 frames=2030 ticks=1015 entered=1 exited=1 people_inside=0
2026-08-26 21:20:49,626 INFO __main__: summary updated end=2026-08-19 07:21:04
2026-08-26 21:20:49,626 INFO peoplein.stream: download started camera=entrance file=20260819-072104.mkv
2026-08-26 21:21:14,744 INFO peoplein.stream: download completed camera=entrance file=20260819-072104.mkv bytes=32029673 interval=2026-08-19 07:21:04..2026-08-19 07:26:04
2026-08-26 21:21:14,745 INFO peoplein.stream: analysis interval ready start=2026-08-19 07:21:04 end=2026-08-19 07:22:41
2026-08-26 21:21:21,883 INFO peoplein.stream: decoded loby/20260819-071741.mkv: 485 frames
2026-08-26 21:21:21,886 INFO peoplein.stream: decoded entrance/20260819-072104.mkv: 485 frames
2026-08-26 21:21:21,893 INFO __main__: analysis interval completed start=2026-08-19 07:21:04 end=2026-08-19 07:22:41 frames=970 ticks=485 entered=1 exited=1 people_inside=0
2026-08-26 21:21:21,895 INFO __main__: summary updated end=2026-08-19 07:22:41
2026-08-26 21:21:21,895 INFO peoplein.stream: download started camera=loby file=20260819-072241.mkv
2026-08-26 21:21:45,212 INFO peoplein.stream: download completed camera=loby file=20260819-072241.mkv bytes=27270830 interval=2026-08-19 07:22:41..2026-08-19 07:27:41
2026-08-26 21:21:45,212 INFO peoplein.stream: analysis interval ready start=2026-08-19 07:22:41 end=2026-08-19 07:26:04
2026-08-26 21:21:54,806 INFO peoplein.stream: decoded entrance/20260819-072104.mkv: 1015 frames
2026-08-26 21:21:54,810 INFO peoplein.stream: decoded loby/20260819-072241.mkv: 1015 frames
2026-08-26 21:21:54,815 INFO __main__: analysis interval completed start=2026-08-19 07:22:41 end=2026-08-19 07:26:04 frames=2030 ticks=1015 entered=1 exited=1 people_inside=0
2026-08-26 21:21:54,817 INFO __main__: summary updated end=2026-08-19 07:26:04
2026-08-26 21:21:54,818 INFO peoplein.stream: download started camera=entrance file=20260819-072604.mkv
2026-08-26 21:22:21,627 INFO peoplein.stream: download completed camera=entrance file=20260819-072604.mkv bytes=31613908 interval=2026-08-19 07:26:04..2026-08-19 07:31:04
2026-08-26 21:22:21,627 INFO peoplein.stream: analysis interval ready start=2026-08-19 07:26:04 end=2026-08-19 07:27:41
2026-08-26 21:22:28,705 INFO peoplein.stream: decoded loby/20260819-072241.mkv: 485 frames
2026-08-26 21:22:28,711 INFO peoplein.stream: decoded entrance/20260819-072604.mkv: 485 frames
2026-08-26 21:22:28,713 INFO __main__: analysis interval completed start=2026-08-19 07:26:04 end=2026-08-19 07:27:41 frames=970 ticks=485 entered=1 exited=1 people_inside=0
2026-08-26 21:22:28,715 INFO __main__: summary updated end=2026-08-19 07:27:41
2026-08-26 21:22:28,716 INFO peoplein.stream: download started camera=loby file=20260819-072741.mkv
2026-08-26 21:23:20,241 INFO peoplein.stream: download completed camera=loby file=20260819-072741.mkv bytes=28370303 interval=2026-08-19 07:27:41..2026-08-19 07:32:41
2026-08-26 21:23:20,242 INFO peoplein.stream: analysis interval ready start=2026-08-19 07:27:41 end=2026-08-19 07:31:04
2026-08-26 21:23:29,789 INFO peoplein.stream: decoded entrance/20260819-072604.mkv: 1015 frames
2026-08-26 21:23:29,794 INFO peoplein.stream: decoded loby/20260819-072741.mkv: 1015 frames
2026-08-26 21:23:29,799 INFO __main__: analysis interval completed start=2026-08-19 07:27:41 end=2026-08-19 07:31:04 frames=2030 ticks=1015 entered=1 exited=1 people_inside=0
2026-08-26 21:23:29,801 INFO __main__: summary updated end=2026-08-19 07:31:04
2026-08-26 21:23:29,801 INFO peoplein.stream: download started camera=entrance file=20260819-073104.mkv
2026-08-26 21:24:03,416 INFO peoplein.stream: download completed camera=entrance file=20260819-073104.mkv bytes=31613856 interval=2026-08-19 07:31:04..2026-08-19 07:36:04
2026-08-26 21:24:03,417 INFO peoplein.stream: analysis interval ready start=2026-08-19 07:31:04 end=2026-08-19 07:32:41
2026-08-26 21:24:10,467 INFO peoplein.stream: decoded loby/20260819-072741.mkv: 485 frames
2026-08-26 21:24:10,469 INFO peoplein.stream: decoded entrance/20260819-073104.mkv: 485 frames
2026-08-26 21:24:10,477 INFO __main__: analysis interval completed start=2026-08-19 07:31:04 end=2026-08-19 07:32:41 frames=970 ticks=485 entered=1 exited=1 people_inside=0
2026-08-26 21:24:10,479 INFO __main__: summary updated end=2026-08-19 07:32:41
2026-08-26 21:24:10,479 INFO peoplein.stream: download started camera=loby file=20260819-073241.mkv
2026-08-26 21:24:24,991 INFO peoplein.stream: download completed camera=loby file=20260819-073241.mkv bytes=27186751 interval=2026-08-19 07:32:41..2026-08-19 07:37:41
2026-08-26 21:24:24,992 INFO peoplein.stream: analysis interval ready start=2026-08-19 07:32:41 end=2026-08-19 07:36:04
2026-08-26 21:24:34,394 INFO peoplein.stream: decoded loby/20260819-073241.mkv: 1015 frames
2026-08-26 21:24:34,395 INFO peoplein.stream: decoded entrance/20260819-073104.mkv: 1015 frames
2026-08-26 21:24:34,403 INFO __main__: analysis interval completed start=2026-08-19 07:32:41 end=2026-08-19 07:36:04 frames=2030 ticks=1015 entered=1 exited=1 people_inside=0
2026-08-26 21:24:34,406 INFO __main__: summary updated end=2026-08-19 07:36:04
2026-08-26 21:24:34,406 INFO peoplein.stream: download started camera=entrance file=20260819-073604.mkv
2026-08-26 21:25:00,995 INFO peoplein.stream: download completed camera=entrance file=20260819-073604.mkv bytes=31590008 interval=2026-08-19 07:36:04..2026-08-19 07:41:04
2026-08-26 21:25:00,996 INFO peoplein.stream: analysis interval ready start=2026-08-19 07:36:04 end=2026-08-19 07:37:41
2026-08-26 21:25:08,071 INFO peoplein.stream: decoded loby/20260819-073241.mkv: 485 frames
2026-08-26 21:25:08,075 INFO peoplein.stream: decoded entrance/20260819-073604.mkv: 485 frames
2026-08-26 21:25:08,082 INFO __main__: analysis interval completed start=2026-08-19 07:36:04 end=2026-08-19 07:37:41 frames=970 ticks=485 entered=1 exited=1 people_inside=0
2026-08-26 21:25:08,084 INFO __main__: summary updated end=2026-08-19 07:37:41
2026-08-26 21:25:08,084 INFO peoplein.stream: download started camera=loby file=20260819-073741.mkv
2026-08-26 21:25:37,020 INFO peoplein.stream: download completed camera=loby file=20260819-073741.mkv bytes=27460808 interval=2026-08-19 07:37:41..2026-08-19 07:42:41
2026-08-26 21:25:37,020 INFO peoplein.stream: analysis interval ready start=2026-08-19 07:37:41 end=2026-08-19 07:41:04
2026-08-26 21:25:46,454 INFO peoplein.stream: decoded entrance/20260819-073604.mkv: 1015 frames
2026-08-26 21:25:46,456 INFO peoplein.stream: decoded loby/20260819-073741.mkv: 1015 frames
2026-08-26 21:25:46,462 INFO __main__: analysis interval completed start=2026-08-19 07:37:41 end=2026-08-19 07:41:04 frames=2030 ticks=1015 entered=1 exited=1 people_inside=0
2026-08-26 21:25:46,464 INFO __main__: summary updated end=2026-08-19 07:41:04
2026-08-26 21:25:46,465 INFO peoplein.stream: download started camera=entrance file=20260819-074104.mkv
2026-08-26 21:26:19,736 INFO peoplein.stream: download completed camera=entrance file=20260819-074104.mkv bytes=31560659 interval=2026-08-19 07:41:04..2026-08-19 07:46:04
2026-08-26 21:26:19,737 INFO peoplein.stream: analysis interval ready start=2026-08-19 07:41:04 end=2026-08-19 07:42:41
2026-08-26 21:26:26,814 INFO peoplein.stream: decoded entrance/20260819-074104.mkv: 485 frames
2026-08-26 21:26:26,817 INFO peoplein.stream: decoded loby/20260819-073741.mkv: 485 frames
2026-08-26 21:26:26,822 INFO __main__: analysis interval completed start=2026-08-19 07:41:04 end=2026-08-19 07:42:41 frames=970 ticks=485 entered=1 exited=1 people_inside=0
2026-08-26 21:26:26,824 INFO __main__: summary updated end=2026-08-19 07:42:41
2026-08-26 21:26:26,825 INFO peoplein.stream: download started camera=loby file=20260819-074241.mkv
2026-08-26 21:26:48,205 INFO peoplein.stream: download completed camera=loby file=20260819-074241.mkv bytes=26897903 interval=2026-08-19 07:42:41..2026-08-19 07:47:41
2026-08-26 21:26:48,205 INFO peoplein.stream: analysis interval ready start=2026-08-19 07:42:41 end=2026-08-19 07:46:04
2026-08-26 21:26:57,598 INFO peoplein.stream: decoded loby/20260819-074241.mkv: 1015 frames
2026-08-26 21:26:57,602 INFO peoplein.stream: decoded entrance/20260819-074104.mkv: 1015 frames
2026-08-26 21:26:57,608 INFO __main__: analysis interval completed start=2026-08-19 07:42:41 end=2026-08-19 07:46:04 frames=2030 ticks=1015 entered=1 exited=1 people_inside=0
2026-08-26 21:26:57,610 INFO __main__: summary updated end=2026-08-19 07:46:04
2026-08-26 21:26:57,610 INFO peoplein.stream: download started camera=entrance file=20260819-074604.mkv
2026-08-26 21:27:24,455 INFO peoplein.stream: download completed camera=entrance file=20260819-074604.mkv bytes=31581939 interval=2026-08-19 07:46:04..2026-08-19 07:51:04
2026-08-26 21:27:24,455 INFO peoplein.stream: analysis interval ready start=2026-08-19 07:46:04 end=2026-08-19 07:47:41
2026-08-26 21:27:31,556 INFO peoplein.stream: decoded entrance/20260819-074604.mkv: 485 frames
2026-08-26 21:27:31,559 INFO peoplein.stream: decoded loby/20260819-074241.mkv: 485 frames
2026-08-26 21:27:31,565 INFO __main__: analysis interval completed start=2026-08-19 07:46:04 end=2026-08-19 07:47:41 frames=970 ticks=485 entered=1 exited=1 people_inside=0
2026-08-26 21:27:31,567 INFO __main__: summary updated end=2026-08-19 07:47:41
2026-08-26 21:27:31,568 INFO peoplein.stream: download started camera=loby file=20260819-074740.mkv
2026-08-26 21:27:51,169 INFO peoplein.stream: download completed camera=loby file=20260819-074740.mkv bytes=26994866 interval=2026-08-19 07:47:40..2026-08-19 07:52:40
2026-08-26 21:27:51,169 INFO peoplein.stream: analysis interval ready start=2026-08-19 07:47:40 end=2026-08-19 07:51:04
2026-08-26 21:28:00,752 INFO peoplein.stream: decoded loby/20260819-074740.mkv: 1020 frames
2026-08-26 21:28:00,757 INFO peoplein.stream: decoded entrance/20260819-074604.mkv: 1020 frames
2026-08-26 21:28:00,761 INFO __main__: analysis interval completed start=2026-08-19 07:47:40 end=2026-08-19 07:51:04 frames=2040 ticks=1020 entered=1 exited=1 people_inside=0
2026-08-26 21:28:00,763 INFO __main__: summary updated end=2026-08-19 07:51:04
2026-08-26 21:28:00,763 INFO peoplein.stream: download started camera=entrance file=20260819-075104.mkv
2026-08-26 21:28:20,203 INFO peoplein.stream: download completed camera=entrance file=20260819-075104.mkv bytes=31575673 interval=2026-08-19 07:51:04..2026-08-19 07:56:04
2026-08-26 21:28:20,204 INFO peoplein.stream: analysis interval ready start=2026-08-19 07:51:04 end=2026-08-19 07:52:40
2026-08-26 21:28:27,113 INFO peoplein.stream: decoded entrance/20260819-075104.mkv: 480 frames
2026-08-26 21:28:27,116 INFO peoplein.stream: decoded loby/20260819-074740.mkv: 480 frames
2026-08-26 21:28:27,122 INFO __main__: analysis interval completed start=2026-08-19 07:51:04 end=2026-08-19 07:52:40 frames=960 ticks=480 entered=1 exited=1 people_inside=0
2026-08-26 21:28:27,123 INFO __main__: summary updated end=2026-08-19 07:52:40
2026-08-26 21:28:27,124 INFO peoplein.stream: download started camera=loby file=20260819-075240.mkv
2026-08-26 21:28:43,100 INFO peoplein.stream: download completed camera=loby file=20260819-075240.mkv bytes=27223200 interval=2026-08-19 07:52:40..2026-08-19 07:57:42
2026-08-26 21:28:43,100 INFO peoplein.stream: analysis interval ready start=2026-08-19 07:52:40 end=2026-08-19 07:56:04
2026-08-26 21:28:52,687 INFO peoplein.stream: decoded loby/20260819-075240.mkv: 1020 frames
2026-08-26 21:28:52,693 INFO peoplein.stream: decoded entrance/20260819-075104.mkv: 1020 frames
2026-08-26 21:28:52,696 INFO __main__: analysis interval completed start=2026-08-19 07:52:40 end=2026-08-19 07:56:04 frames=2040 ticks=1020 entered=1 exited=1 people_inside=0
2026-08-26 21:28:52,698 INFO __main__: summary updated end=2026-08-19 07:56:04
2026-08-26 21:28:52,699 INFO peoplein.stream: download started camera=entrance file=20260819-075604.mkv
2026-08-26 21:29:17,723 INFO peoplein.stream: download completed camera=entrance file=20260819-075604.mkv bytes=31545879 interval=2026-08-19 07:56:04..2026-08-19 08:01:04
2026-08-26 21:29:17,723 INFO peoplein.stream: analysis interval ready start=2026-08-19 07:56:04 end=2026-08-19 07:57:42
2026-08-26 21:29:24,858 INFO peoplein.stream: decoded entrance/20260819-075604.mkv: 490 frames
2026-08-26 21:29:24,860 INFO peoplein.stream: decoded loby/20260819-075240.mkv: 490 frames
2026-08-26 21:29:24,864 INFO __main__: analysis interval completed start=2026-08-19 07:56:04 end=2026-08-19 07:57:42 frames=980 ticks=490 entered=1 exited=1 people_inside=0
2026-08-26 21:29:24,866 INFO __main__: summary updated end=2026-08-19 07:57:42
2026-08-26 21:29:24,867 INFO peoplein.stream: download started camera=loby file=20260819-075742.mkv
2026-08-26 21:29:45,369 INFO peoplein.stream: download completed camera=loby file=20260819-075742.mkv bytes=28276665 interval=2026-08-19 07:57:42..2026-08-19 08:02:42
2026-08-26 21:29:45,369 INFO peoplein.stream: analysis interval ready start=2026-08-19 07:57:42 end=2026-08-19 08:01:04
2026-08-26 21:29:54,970 INFO peoplein.stream: decoded loby/20260819-075742.mkv: 1010 frames
2026-08-26 21:29:54,974 INFO peoplein.stream: decoded entrance/20260819-075604.mkv: 1010 frames
2026-08-26 21:29:54,979 INFO __main__: analysis interval completed start=2026-08-19 07:57:42 end=2026-08-19 08:01:04 frames=2020 ticks=1010 entered=1 exited=1 people_inside=0
2026-08-26 21:29:54,981 INFO __main__: summary updated end=2026-08-19 08:01:04
2026-08-26 21:29:54,982 INFO peoplein.stream: download started camera=entrance file=20260819-080104.mkv
2026-08-26 21:30:17,727 INFO peoplein.stream: download completed camera=entrance file=20260819-080104.mkv bytes=31568005 interval=2026-08-19 08:01:04..2026-08-19 08:06:04
2026-08-26 21:30:17,727 INFO peoplein.stream: analysis interval ready start=2026-08-19 08:01:04 end=2026-08-19 08:02:42
2026-08-26 21:30:24,806 INFO peoplein.stream: decoded loby/20260819-075742.mkv: 490 frames
2026-08-26 21:30:24,808 INFO peoplein.stream: decoded entrance/20260819-080104.mkv: 490 frames
2026-08-26 21:30:24,813 INFO __main__: analysis interval completed start=2026-08-19 08:01:04 end=2026-08-19 08:02:42 frames=980 ticks=490 entered=1 exited=1 people_inside=0
2026-08-26 21:30:24,815 INFO __main__: summary updated end=2026-08-19 08:02:42
2026-08-26 21:30:24,815 INFO peoplein.stream: download started camera=loby file=20260819-080242.mkv
2026-08-26 21:30:43,330 INFO peoplein.stream: download completed camera=loby file=20260819-080242.mkv bytes=27830420 interval=2026-08-19 08:02:42..2026-08-19 08:07:42
2026-08-26 21:30:43,330 INFO peoplein.stream: analysis interval ready start=2026-08-19 08:02:42 end=2026-08-19 08:06:04
2026-08-26 21:30:52,765 INFO peoplein.stream: decoded loby/20260819-080242.mkv: 1010 frames
2026-08-26 21:30:52,768 INFO peoplein.stream: decoded entrance/20260819-080104.mkv: 1010 frames
2026-08-26 21:30:52,773 INFO __main__: analysis interval completed start=2026-08-19 08:02:42 end=2026-08-19 08:06:04 frames=2020 ticks=1010 entered=1 exited=1 people_inside=0
2026-08-26 21:30:52,775 INFO __main__: summary updated end=2026-08-19 08:06:04
2026-08-26 21:30:52,776 INFO peoplein.stream: download started camera=entrance file=20260819-080604.mkv
2026-08-26 21:31:11,990 INFO peoplein.stream: download completed camera=entrance file=20260819-080604.mkv bytes=31554445 interval=2026-08-19 08:06:04..2026-08-19 08:11:04
2026-08-26 21:31:11,991 INFO peoplein.stream: analysis interval ready start=2026-08-19 08:06:04 end=2026-08-19 08:07:42
2026-08-26 21:31:19,086 INFO peoplein.stream: decoded entrance/20260819-080604.mkv: 490 frames
2026-08-26 21:31:19,089 INFO peoplein.stream: decoded loby/20260819-080242.mkv: 490 frames
2026-08-26 21:31:19,095 INFO __main__: analysis interval completed start=2026-08-19 08:06:04 end=2026-08-19 08:07:42 frames=980 ticks=490 entered=1 exited=1 people_inside=0
2026-08-26 21:31:19,097 INFO __main__: summary updated end=2026-08-19 08:07:42
2026-08-26 21:31:19,097 INFO peoplein.stream: download started camera=loby file=20260819-080742.mkv
2026-08-26 21:31:38,146 INFO peoplein.stream: download completed camera=loby file=20260819-080742.mkv bytes=27613198 interval=2026-08-19 08:07:42..2026-08-19 08:12:42
2026-08-26 21:31:38,146 INFO peoplein.stream: analysis interval ready start=2026-08-19 08:07:42 end=2026-08-19 08:11:04
2026-08-26 21:31:47,599 INFO peoplein.stream: decoded loby/20260819-080742.mkv: 1010 frames
2026-08-26 21:31:47,603 INFO peoplein.stream: decoded entrance/20260819-080604.mkv: 1010 frames
2026-08-26 21:31:47,607 INFO __main__: analysis interval completed start=2026-08-19 08:07:42 end=2026-08-19 08:11:04 frames=2020 ticks=1010 entered=1 exited=1 people_inside=0
2026-08-26 21:31:47,609 INFO __main__: summary updated end=2026-08-19 08:11:04
2026-08-26 21:31:47,610 INFO peoplein.stream: download started camera=entrance file=20260819-081104.mkv
2026-08-26 21:32:06,775 INFO peoplein.stream: download completed camera=entrance file=20260819-081104.mkv bytes=31559801 interval=2026-08-19 08:11:04..2026-08-19 08:16:04
2026-08-26 21:32:06,775 INFO peoplein.stream: analysis interval ready start=2026-08-19 08:11:04 end=2026-08-19 08:12:42
2026-08-26 21:32:13,763 INFO peoplein.stream: decoded entrance/20260819-081104.mkv: 490 frames
2026-08-26 21:32:13,768 INFO peoplein.stream: decoded loby/20260819-080742.mkv: 490 frames
2026-08-26 21:32:13,770 INFO __main__: analysis interval completed start=2026-08-19 08:11:04 end=2026-08-19 08:12:42 frames=980 ticks=490 entered=1 exited=1 people_inside=0
2026-08-26 21:32:13,772 INFO __main__: summary updated end=2026-08-19 08:12:42
2026-08-26 21:32:13,773 INFO peoplein.stream: download started camera=loby file=20260819-081242.mkv
2026-08-26 21:32:33,472 INFO peoplein.stream: download completed camera=loby file=20260819-081242.mkv bytes=27256736 interval=2026-08-19 08:12:42..2026-08-19 08:17:42
2026-08-26 21:32:33,472 INFO peoplein.stream: analysis interval ready start=2026-08-19 08:12:42 end=2026-08-19 08:16:04
2026-08-26 21:32:43,213 INFO peoplein.stream: decoded entrance/20260819-081104.mkv: 1010 frames
2026-08-26 21:32:43,213 INFO peoplein.stream: decoded loby/20260819-081242.mkv: 1010 frames
2026-08-26 21:32:43,219 INFO __main__: analysis interval completed start=2026-08-19 08:12:42 end=2026-08-19 08:16:04 frames=2020 ticks=1010 entered=1 exited=1 people_inside=0
2026-08-26 21:32:43,220 INFO __main__: summary updated end=2026-08-19 08:16:04
2026-08-26 21:32:43,221 INFO peoplein.stream: download started camera=entrance file=20260819-081604.mkv
2026-08-26 21:33:03,513 INFO peoplein.stream: download completed camera=entrance file=20260819-081604.mkv bytes=31566735 interval=2026-08-19 08:16:04..2026-08-19 08:21:04
2026-08-26 21:33:03,513 INFO peoplein.stream: analysis interval ready start=2026-08-19 08:16:04 end=2026-08-19 08:17:42
2026-08-26 21:33:10,887 INFO peoplein.stream: decoded entrance/20260819-081604.mkv: 490 frames
2026-08-26 21:33:10,891 INFO peoplein.stream: decoded loby/20260819-081242.mkv: 490 frames
2026-08-26 21:33:10,897 INFO __main__: analysis interval completed start=2026-08-19 08:16:04 end=2026-08-19 08:17:42 frames=980 ticks=490 entered=1 exited=1 people_inside=0
2026-08-26 21:33:10,899 INFO __main__: summary updated end=2026-08-19 08:17:42
2026-08-26 21:33:10,899 INFO peoplein.stream: download started camera=loby file=20260819-081742.mkv
2026-08-26 21:33:31,695 INFO peoplein.stream: download completed camera=loby file=20260819-081742.mkv bytes=27637330 interval=2026-08-19 08:17:42..2026-08-19 08:22:42
2026-08-26 21:33:31,695 INFO peoplein.stream: analysis interval ready start=2026-08-19 08:17:42 end=2026-08-19 08:21:04
2026-08-26 21:33:41,467 INFO peoplein.stream: decoded loby/20260819-081742.mkv: 1010 frames
2026-08-26 21:33:41,467 INFO peoplein.stream: decoded entrance/20260819-081604.mkv: 1010 frames
2026-08-26 21:33:41,476 INFO __main__: analysis interval completed start=2026-08-19 08:17:42 end=2026-08-19 08:21:04 frames=2020 ticks=1010 entered=1 exited=1 people_inside=0
2026-08-26 21:33:41,478 INFO __main__: summary updated end=2026-08-19 08:21:04
2026-08-26 21:33:41,479 INFO peoplein.stream: download started camera=entrance file=20260819-082104.mkv
2026-08-26 21:34:02,221 INFO peoplein.stream: download completed camera=entrance file=20260819-082104.mkv bytes=31543400 interval=2026-08-19 08:21:04..2026-08-19 08:26:04
2026-08-26 21:34:02,221 INFO peoplein.stream: analysis interval ready start=2026-08-19 08:21:04 end=2026-08-19 08:22:42
2026-08-26 21:34:09,333 INFO peoplein.stream: decoded entrance/20260819-082104.mkv: 490 frames
2026-08-26 21:34:09,335 INFO peoplein.stream: decoded loby/20260819-081742.mkv: 490 frames
2026-08-26 21:34:09,340 INFO __main__: analysis interval completed start=2026-08-19 08:21:04 end=2026-08-19 08:22:42 frames=980 ticks=490 entered=1 exited=1 people_inside=0
2026-08-26 21:34:09,342 INFO __main__: summary updated end=2026-08-19 08:22:42
2026-08-26 21:34:09,342 INFO peoplein.stream: download started camera=loby file=20260819-082241.mkv
2026-08-26 21:34:26,805 INFO peoplein.stream: download completed camera=loby file=20260819-082241.mkv bytes=27403969 interval=2026-08-19 08:22:41..2026-08-19 08:27:41
2026-08-26 21:34:26,806 INFO peoplein.stream: analysis interval ready start=2026-08-19 08:22:41 end=2026-08-19 08:26:04
2026-08-26 21:34:36,340 INFO peoplein.stream: decoded entrance/20260819-082104.mkv: 1015 frames
2026-08-26 21:34:36,340 INFO peoplein.stream: decoded loby/20260819-082241.mkv: 1015 frames
2026-08-26 21:34:36,346 INFO __main__: analysis interval completed start=2026-08-19 08:22:41 end=2026-08-19 08:26:04 frames=2030 ticks=1015 entered=1 exited=1 people_inside=0
2026-08-26 21:34:36,348 INFO __main__: summary updated end=2026-08-19 08:26:04
2026-08-26 21:34:36,349 INFO peoplein.stream: download started camera=entrance file=20260819-082604.mkv
2026-08-26 21:34:57,310 INFO peoplein.stream: download completed camera=entrance file=20260819-082604.mkv bytes=31538600 interval=2026-08-19 08:26:04..2026-08-19 08:31:04
2026-08-26 21:34:57,311 INFO peoplein.stream: analysis interval ready start=2026-08-19 08:26:04 end=2026-08-19 08:27:41
2026-08-26 21:35:04,397 INFO peoplein.stream: decoded entrance/20260819-082604.mkv: 485 frames
2026-08-26 21:35:04,399 INFO peoplein.stream: decoded loby/20260819-082241.mkv: 485 frames
2026-08-26 21:35:04,405 INFO __main__: analysis interval completed start=2026-08-19 08:26:04 end=2026-08-19 08:27:41 frames=970 ticks=485 entered=1 exited=1 people_inside=0
2026-08-26 21:35:04,407 INFO __main__: summary updated end=2026-08-19 08:27:41
2026-08-26 21:35:04,407 INFO peoplein.stream: download started camera=loby file=20260819-082741.mkv
2026-08-26 21:35:25,863 INFO peoplein.stream: download completed camera=loby file=20260819-082741.mkv bytes=33965074 interval=2026-08-19 08:27:41..2026-08-19 08:32:41
2026-08-26 21:35:25,863 INFO peoplein.stream: analysis interval ready start=2026-08-19 08:27:41 end=2026-08-19 08:31:04
2026-08-26 21:35:35,943 INFO peoplein.stream: decoded loby/20260819-082741.mkv: 1015 frames
2026-08-26 21:35:35,945 INFO peoplein.stream: decoded entrance/20260819-082604.mkv: 1015 frames
2026-08-26 21:35:35,950 INFO __main__: analysis interval completed start=2026-08-19 08:27:41 end=2026-08-19 08:31:04 frames=2030 ticks=1015 entered=1 exited=1 people_inside=0
2026-08-26 21:35:35,952 INFO __main__: summary updated end=2026-08-19 08:31:04
2026-08-26 21:35:35,952 INFO peoplein.stream: download started camera=entrance file=20260819-083104.mkv
2026-08-26 21:35:53,215 INFO peoplein.stream: download completed camera=entrance file=20260819-083104.mkv bytes=31830699 interval=2026-08-19 08:31:04..2026-08-19 08:36:04
2026-08-26 21:35:53,215 INFO peoplein.stream: analysis interval ready start=2026-08-19 08:31:04 end=2026-08-19 08:32:41
2026-08-26 21:36:00,719 INFO peoplein.stream: decoded entrance/20260819-083104.mkv: 485 frames
2026-08-26 21:36:00,726 INFO peoplein.stream: decoded loby/20260819-082741.mkv: 485 frames
2026-08-26 21:36:00,727 INFO __main__: analysis interval completed start=2026-08-19 08:31:04 end=2026-08-19 08:32:41 frames=970 ticks=485 entered=2 exited=1 people_inside=1
2026-08-26 21:36:00,730 INFO __main__: summary updated end=2026-08-19 08:32:41
2026-08-26 21:36:00,731 INFO peoplein.stream: download started camera=loby file=20260819-083241.mkv
2026-08-26 21:36:19,861 INFO peoplein.stream: download completed camera=loby file=20260819-083241.mkv bytes=27997173 interval=2026-08-19 08:32:41..2026-08-19 08:37:41
2026-08-26 21:36:19,861 INFO peoplein.stream: analysis interval ready start=2026-08-19 08:32:41 end=2026-08-19 08:36:04
2026-08-26 21:36:29,575 INFO peoplein.stream: decoded loby/20260819-083241.mkv: 1015 frames
2026-08-26 21:36:29,575 INFO peoplein.stream: decoded entrance/20260819-083104.mkv: 1015 frames
2026-08-26 21:36:29,580 INFO __main__: analysis interval completed start=2026-08-19 08:32:41 end=2026-08-19 08:36:04 frames=2030 ticks=1015 entered=2 exited=1 people_inside=1
2026-08-26 21:36:29,582 INFO __main__: summary updated end=2026-08-19 08:36:04
2026-08-26 21:36:29,582 INFO peoplein.stream: download started camera=entrance file=20260819-083604.mkv
2026-08-26 21:36:52,333 INFO peoplein.stream: download completed camera=entrance file=20260819-083604.mkv bytes=31513303 interval=2026-08-19 08:36:04..2026-08-19 08:41:04
2026-08-26 21:36:52,334 INFO peoplein.stream: analysis interval ready start=2026-08-19 08:36:04 end=2026-08-19 08:37:41
2026-08-26 21:36:59,440 INFO peoplein.stream: decoded loby/20260819-083241.mkv: 485 frames
2026-08-26 21:36:59,440 INFO peoplein.stream: decoded entrance/20260819-083604.mkv: 485 frames
2026-08-26 21:36:59,449 INFO __main__: analysis interval completed start=2026-08-19 08:36:04 end=2026-08-19 08:37:41 frames=970 ticks=485 entered=2 exited=1 people_inside=1
2026-08-26 21:36:59,451 INFO __main__: summary updated end=2026-08-19 08:37:41
2026-08-26 21:36:59,451 INFO peoplein.stream: download started camera=loby file=20260819-083741.mkv
2026-08-26 21:37:20,892 INFO peoplein.stream: download completed camera=loby file=20260819-083741.mkv bytes=30883188 interval=2026-08-19 08:37:41..2026-08-19 08:42:41
2026-08-26 21:37:20,892 INFO peoplein.stream: analysis interval ready start=2026-08-19 08:37:41 end=2026-08-19 08:41:04
2026-08-26 21:37:30,525 INFO peoplein.stream: decoded loby/20260819-083741.mkv: 1015 frames
2026-08-26 21:37:30,530 INFO peoplein.stream: decoded entrance/20260819-083604.mkv: 1015 frames
2026-08-26 21:37:30,534 INFO __main__: analysis interval completed start=2026-08-19 08:37:41 end=2026-08-19 08:41:04 frames=2030 ticks=1015 entered=2 exited=1 people_inside=1
2026-08-26 21:37:30,536 INFO __main__: summary updated end=2026-08-19 08:41:04
2026-08-26 21:37:30,536 INFO peoplein.stream: download started camera=entrance file=20260819-084104.mkv
2026-08-26 21:37:52,016 INFO peoplein.stream: download completed camera=entrance file=20260819-084104.mkv bytes=31521479 interval=2026-08-19 08:41:04..2026-08-19 08:46:04
2026-08-26 21:37:52,016 INFO peoplein.stream: analysis interval ready start=2026-08-19 08:41:04 end=2026-08-19 08:42:41
2026-08-26 21:37:59,183 INFO peoplein.stream: decoded loby/20260819-083741.mkv: 485 frames
2026-08-26 21:37:59,185 INFO peoplein.stream: decoded entrance/20260819-084104.mkv: 485 frames
2026-08-26 21:37:59,192 INFO __main__: analysis interval completed start=2026-08-19 08:41:04 end=2026-08-19 08:42:41 frames=970 ticks=485 entered=2 exited=1 people_inside=1
2026-08-26 21:37:59,194 INFO __main__: summary updated end=2026-08-19 08:42:41
2026-08-26 21:37:59,194 INFO peoplein.stream: download started camera=loby file=20260819-084241.mkv
2026-08-26 21:38:20,120 INFO peoplein.stream: download completed camera=loby file=20260819-084241.mkv bytes=29058888 interval=2026-08-19 08:42:41..2026-08-19 08:47:41
2026-08-26 21:38:20,120 INFO peoplein.stream: analysis interval ready start=2026-08-19 08:42:41 end=2026-08-19 08:46:04
2026-08-26 21:38:29,821 INFO peoplein.stream: decoded entrance/20260819-084104.mkv: 1015 frames
2026-08-26 21:38:29,827 INFO peoplein.stream: decoded loby/20260819-084241.mkv: 1015 frames
2026-08-26 21:38:29,829 INFO __main__: analysis interval completed start=2026-08-19 08:42:41 end=2026-08-19 08:46:04 frames=2030 ticks=1015 entered=2 exited=1 people_inside=1
2026-08-26 21:38:29,831 INFO __main__: summary updated end=2026-08-19 08:46:04
2026-08-26 21:38:29,832 INFO peoplein.stream: download started camera=entrance file=20260819-084604.mkv
2026-08-26 21:38:50,388 INFO peoplein.stream: download completed camera=entrance file=20260819-084604.mkv bytes=31517295 interval=2026-08-19 08:46:04..2026-08-19 08:51:04
2026-08-26 21:38:50,388 INFO peoplein.stream: analysis interval ready start=2026-08-19 08:46:04 end=2026-08-19 08:47:41
2026-08-26 21:38:57,577 INFO peoplein.stream: decoded entrance/20260819-084604.mkv: 485 frames
2026-08-26 21:38:57,577 INFO peoplein.stream: decoded loby/20260819-084241.mkv: 485 frames
2026-08-26 21:38:57,586 INFO __main__: analysis interval completed start=2026-08-19 08:46:04 end=2026-08-19 08:47:41 frames=970 ticks=485 entered=2 exited=1 people_inside=1
2026-08-26 21:38:57,588 INFO __main__: summary updated end=2026-08-19 08:47:41
2026-08-26 21:38:57,589 INFO peoplein.stream: download started camera=loby file=20260819-084741.mkv
2026-08-26 21:39:13,375 INFO peoplein.stream: download completed camera=loby file=20260819-084741.mkv bytes=27127426 interval=2026-08-19 08:47:41..2026-08-19 08:52:41
2026-08-26 21:39:13,376 INFO peoplein.stream: analysis interval ready start=2026-08-19 08:47:41 end=2026-08-19 08:51:04
2026-08-26 21:39:23,188 INFO peoplein.stream: decoded loby/20260819-084741.mkv: 1015 frames
2026-08-26 21:39:23,193 INFO peoplein.stream: decoded entrance/20260819-084604.mkv: 1015 frames
2026-08-26 21:39:23,198 INFO __main__: analysis interval completed start=2026-08-19 08:47:41 end=2026-08-19 08:51:04 frames=2030 ticks=1015 entered=2 exited=1 people_inside=1
2026-08-26 21:39:23,200 INFO __main__: summary updated end=2026-08-19 08:51:04
2026-08-26 21:39:23,200 INFO peoplein.stream: download started camera=entrance file=20260819-085104.mkv
2026-08-26 21:39:44,520 INFO peoplein.stream: download completed camera=entrance file=20260819-085104.mkv bytes=31524252 interval=2026-08-19 08:51:04..2026-08-19 08:56:04
2026-08-26 21:39:44,520 INFO peoplein.stream: analysis interval ready start=2026-08-19 08:51:04 end=2026-08-19 08:52:41
2026-08-26 21:39:51,574 INFO peoplein.stream: decoded entrance/20260819-085104.mkv: 485 frames
2026-08-26 21:39:51,577 INFO peoplein.stream: decoded loby/20260819-084741.mkv: 485 frames
2026-08-26 21:39:51,580 INFO __main__: analysis interval completed start=2026-08-19 08:51:04 end=2026-08-19 08:52:41 frames=970 ticks=485 entered=2 exited=1 people_inside=1
2026-08-26 21:39:51,582 INFO __main__: summary updated end=2026-08-19 08:52:41
2026-08-26 21:39:51,582 INFO peoplein.stream: download started camera=loby file=20260819-085241.mkv
2026-08-26 21:40:13,239 INFO peoplein.stream: download completed camera=loby file=20260819-085241.mkv bytes=26272482 interval=2026-08-19 08:52:41..2026-08-19 08:57:41
2026-08-26 21:40:13,239 INFO peoplein.stream: analysis interval ready start=2026-08-19 08:52:41 end=2026-08-19 08:56:04
2026-08-26 21:40:22,516 INFO peoplein.stream: decoded entrance/20260819-085104.mkv: 1015 frames
2026-08-26 21:40:22,522 INFO peoplein.stream: decoded loby/20260819-085241.mkv: 1015 frames
2026-08-26 21:40:22,523 INFO __main__: analysis interval completed start=2026-08-19 08:52:41 end=2026-08-19 08:56:04 frames=2030 ticks=1015 entered=2 exited=1 people_inside=1
2026-08-26 21:40:22,525 INFO __main__: summary updated end=2026-08-19 08:56:04
2026-08-26 21:40:22,526 INFO peoplein.stream: download started camera=entrance file=20260819-085604.mkv
2026-08-26 21:40:49,522 INFO peoplein.stream: download completed camera=entrance file=20260819-085604.mkv bytes=31533050 interval=2026-08-19 08:56:04..2026-08-19 09:01:04
2026-08-26 21:40:49,522 INFO peoplein.stream: analysis interval ready start=2026-08-19 08:56:04 end=2026-08-19 08:57:41
2026-08-26 21:40:56,581 INFO peoplein.stream: decoded loby/20260819-085241.mkv: 485 frames
2026-08-26 21:40:56,584 INFO peoplein.stream: decoded entrance/20260819-085604.mkv: 485 frames
2026-08-26 21:40:56,590 INFO __main__: analysis interval completed start=2026-08-19 08:56:04 end=2026-08-19 08:57:41 frames=970 ticks=485 entered=2 exited=1 people_inside=1
2026-08-26 21:40:56,592 INFO __main__: summary updated end=2026-08-19 08:57:41
2026-08-26 21:40:56,592 INFO peoplein.stream: download started camera=loby file=20260819-085741.mkv
2026-08-26 21:41:13,069 INFO peoplein.stream: download completed camera=loby file=20260819-085741.mkv bytes=27484124 interval=2026-08-19 08:57:41..2026-08-19 09:02:41
2026-08-26 21:41:13,069 INFO peoplein.stream: analysis interval ready start=2026-08-19 08:57:41 end=2026-08-19 09:01:04
2026-08-26 21:41:22,297 INFO peoplein.stream: decoded entrance/20260819-085604.mkv: 1015 frames
2026-08-26 21:41:22,300 INFO peoplein.stream: decoded loby/20260819-085741.mkv: 1015 frames
2026-08-26 21:41:22,304 INFO __main__: analysis interval completed start=2026-08-19 08:57:41 end=2026-08-19 09:01:04 frames=2030 ticks=1015 entered=2 exited=1 people_inside=1
2026-08-26 21:41:22,307 INFO __main__: summary updated end=2026-08-19 09:01:04
2026-08-26 21:41:22,307 INFO peoplein.stream: download started camera=entrance file=20260819-090104.mkv
2026-08-26 21:41:42,355 INFO peoplein.stream: download completed camera=entrance file=20260819-090104.mkv bytes=31519345 interval=2026-08-19 09:01:04..2026-08-19 09:06:04
2026-08-26 21:41:42,356 INFO peoplein.stream: analysis interval ready start=2026-08-19 09:01:04 end=2026-08-19 09:02:41
2026-08-26 21:41:49,402 INFO peoplein.stream: decoded loby/20260819-085741.mkv: 485 frames
2026-08-26 21:41:49,404 INFO peoplein.stream: decoded entrance/20260819-090104.mkv: 485 frames
2026-08-26 21:41:49,408 INFO __main__: analysis interval completed start=2026-08-19 09:01:04 end=2026-08-19 09:02:41 frames=970 ticks=485 entered=2 exited=1 people_inside=1
2026-08-26 21:41:49,410 INFO __main__: summary updated end=2026-08-19 09:02:41
2026-08-26 21:41:49,411 INFO peoplein.stream: download started camera=loby file=20260819-090240.mkv
2026-08-26 21:42:10,089 INFO peoplein.stream: download completed camera=loby file=20260819-090240.mkv bytes=28073160 interval=2026-08-19 09:02:40..2026-08-19 09:07:40
2026-08-26 21:42:10,089 INFO peoplein.stream: analysis interval ready start=2026-08-19 09:02:40 end=2026-08-19 09:06:04
2026-08-26 21:42:19,279 INFO peoplein.stream: decoded loby/20260819-090240.mkv: 1020 frames
2026-08-26 21:42:19,279 INFO peoplein.stream: decoded entrance/20260819-090104.mkv: 1020 frames
2026-08-26 21:42:19,288 INFO __main__: analysis interval completed start=2026-08-19 09:02:40 end=2026-08-19 09:06:04 frames=2040 ticks=1020 entered=2 exited=1 people_inside=1
2026-08-26 21:42:19,290 INFO __main__: summary updated end=2026-08-19 09:06:04
2026-08-26 21:42:19,290 INFO peoplein.stream: download started camera=entrance file=20260819-090604.mkv
2026-08-26 21:42:40,121 INFO peoplein.stream: download completed camera=entrance file=20260819-090604.mkv bytes=31513795 interval=2026-08-19 09:06:04..2026-08-19 09:11:04
2026-08-26 21:42:40,121 INFO peoplein.stream: analysis interval ready start=2026-08-19 09:06:04 end=2026-08-19 09:07:40
2026-08-26 21:42:47,112 INFO peoplein.stream: decoded loby/20260819-090240.mkv: 480 frames
2026-08-26 21:42:47,112 INFO peoplein.stream: decoded entrance/20260819-090604.mkv: 480 frames
2026-08-26 21:42:47,120 INFO __main__: analysis interval completed start=2026-08-19 09:06:04 end=2026-08-19 09:07:40 frames=960 ticks=480 entered=2 exited=1 people_inside=1
2026-08-26 21:42:47,121 INFO __main__: summary updated end=2026-08-19 09:07:40
2026-08-26 21:42:47,122 INFO peoplein.stream: download started camera=loby file=20260819-090740.mkv
2026-08-26 21:43:08,414 INFO peoplein.stream: download completed camera=loby file=20260819-090740.mkv bytes=30241300 interval=2026-08-19 09:07:40..2026-08-19 09:12:42
2026-08-26 21:43:08,415 INFO peoplein.stream: analysis interval ready start=2026-08-19 09:07:40 end=2026-08-19 09:11:04
2026-08-26 21:43:17,870 INFO peoplein.stream: decoded entrance/20260819-090604.mkv: 1020 frames
2026-08-26 21:43:17,872 INFO peoplein.stream: decoded loby/20260819-090740.mkv: 1020 frames
2026-08-26 21:43:17,877 INFO __main__: analysis interval completed start=2026-08-19 09:07:40 end=2026-08-19 09:11:04 frames=2040 ticks=1020 entered=2 exited=1 people_inside=1
2026-08-26 21:43:17,879 INFO __main__: summary updated end=2026-08-19 09:11:04
2026-08-26 21:43:17,880 INFO peoplein.stream: download started camera=entrance file=20260819-091104.mkv
2026-08-26 21:43:40,834 INFO peoplein.stream: download completed camera=entrance file=20260819-091104.mkv bytes=31519741 interval=2026-08-19 09:11:04..2026-08-19 09:16:04
2026-08-26 21:43:40,835 INFO peoplein.stream: analysis interval ready start=2026-08-19 09:11:04 end=2026-08-19 09:12:42
2026-08-26 21:43:47,930 INFO peoplein.stream: decoded loby/20260819-090740.mkv: 490 frames
2026-08-26 21:43:47,933 INFO peoplein.stream: decoded entrance/20260819-091104.mkv: 490 frames
2026-08-26 21:43:47,939 INFO __main__: analysis interval completed start=2026-08-19 09:11:04 end=2026-08-19 09:12:42 frames=980 ticks=490 entered=2 exited=1 people_inside=1
2026-08-26 21:43:47,940 INFO __main__: summary updated end=2026-08-19 09:12:42
2026-08-26 21:43:47,941 INFO peoplein.stream: download started camera=loby file=20260819-091242.mkv
2026-08-26 21:44:13,265 INFO peoplein.stream: download completed camera=loby file=20260819-091242.mkv bytes=33780103 interval=2026-08-19 09:12:42..2026-08-19 09:17:42
2026-08-26 21:44:13,265 INFO peoplein.stream: analysis interval ready start=2026-08-19 09:12:42 end=2026-08-19 09:16:04
2026-08-26 21:44:22,814 INFO peoplein.stream: decoded loby/20260819-091242.mkv: 1010 frames
2026-08-26 21:44:22,815 INFO peoplein.stream: decoded entrance/20260819-091104.mkv: 1010 frames
2026-08-26 21:44:22,820 INFO __main__: analysis interval completed start=2026-08-19 09:12:42 end=2026-08-19 09:16:04 frames=2020 ticks=1010 entered=2 exited=1 people_inside=1
2026-08-26 21:44:22,822 INFO __main__: summary updated end=2026-08-19 09:16:04
2026-08-26 21:44:22,822 INFO peoplein.stream: download started camera=entrance file=20260819-091604.mkv
2026-08-26 21:44:44,963 INFO peoplein.stream: download completed camera=entrance file=20260819-091604.mkv bytes=31539682 interval=2026-08-19 09:16:04..2026-08-19 09:21:04
2026-08-26 21:44:44,964 INFO peoplein.stream: analysis interval ready start=2026-08-19 09:16:04 end=2026-08-19 09:17:42
2026-08-26 21:44:51,858 INFO peoplein.stream: decoded loby/20260819-091242.mkv: 490 frames
2026-08-26 21:44:51,864 INFO peoplein.stream: decoded entrance/20260819-091604.mkv: 490 frames
2026-08-26 21:44:51,865 INFO __main__: analysis interval completed start=2026-08-19 09:16:04 end=2026-08-19 09:17:42 frames=980 ticks=490 entered=2 exited=1 people_inside=1
2026-08-26 21:44:51,867 INFO __main__: summary updated end=2026-08-19 09:17:42
2026-08-26 21:44:51,868 INFO peoplein.stream: download started camera=loby file=20260819-091742.mkv
2026-08-26 21:45:14,428 INFO peoplein.stream: download completed camera=loby file=20260819-091742.mkv bytes=34259619 interval=2026-08-19 09:17:42..2026-08-19 09:22:42
2026-08-26 21:45:14,428 INFO peoplein.stream: analysis interval ready start=2026-08-19 09:17:42 end=2026-08-19 09:21:04
2026-08-26 21:45:23,914 INFO peoplein.stream: decoded entrance/20260819-091604.mkv: 1010 frames
2026-08-26 21:45:23,915 INFO peoplein.stream: decoded loby/20260819-091742.mkv: 1010 frames
2026-08-26 21:45:23,922 INFO __main__: analysis interval completed start=2026-08-19 09:17:42 end=2026-08-19 09:21:04 frames=2020 ticks=1010 entered=2 exited=1 people_inside=1
2026-08-26 21:45:23,924 INFO __main__: summary updated end=2026-08-19 09:21:04
2026-08-26 21:45:23,925 INFO peoplein.stream: download started camera=entrance file=20260819-092104.mkv
2026-08-26 21:45:43,588 INFO peoplein.stream: download completed camera=entrance file=20260819-092104.mkv bytes=31513031 interval=2026-08-19 09:21:04..2026-08-19 09:26:04
2026-08-26 21:45:43,588 INFO peoplein.stream: analysis interval ready start=2026-08-19 09:21:04 end=2026-08-19 09:22:42
2026-08-26 21:45:50,918 INFO peoplein.stream: decoded loby/20260819-091742.mkv: 490 frames
2026-08-26 21:45:50,920 INFO peoplein.stream: decoded entrance/20260819-092104.mkv: 490 frames
2026-08-26 21:45:50,926 INFO __main__: analysis interval completed start=2026-08-19 09:21:04 end=2026-08-19 09:22:42 frames=980 ticks=490 entered=2 exited=1 people_inside=1
2026-08-26 21:45:50,928 INFO __main__: summary updated end=2026-08-19 09:22:42
2026-08-26 21:45:50,928 INFO peoplein.stream: download started camera=loby file=20260819-092242.mkv
2026-08-26 21:46:08,258 INFO peoplein.stream: download completed camera=loby file=20260819-092242.mkv bytes=31858036 interval=2026-08-19 09:22:42..2026-08-19 09:27:42
2026-08-26 21:46:08,258 INFO peoplein.stream: analysis interval ready start=2026-08-19 09:22:42 end=2026-08-19 09:26:04
2026-08-26 21:46:17,996 INFO peoplein.stream: decoded loby/20260819-092242.mkv: 1010 frames
2026-08-26 21:46:17,998 INFO peoplein.stream: decoded entrance/20260819-092104.mkv: 1010 frames
2026-08-26 21:46:18,002 INFO __main__: analysis interval completed start=2026-08-19 09:22:42 end=2026-08-19 09:26:04 frames=2020 ticks=1010 entered=2 exited=1 people_inside=1
2026-08-26 21:46:18,004 INFO __main__: summary updated end=2026-08-19 09:26:04
2026-08-26 21:46:18,005 INFO peoplein.stream: download started camera=entrance file=20260819-092604.mkv
2026-08-26 21:46:38,088 INFO peoplein.stream: download completed camera=entrance file=20260819-092604.mkv bytes=31521273 interval=2026-08-19 09:26:04..2026-08-19 09:31:04
2026-08-26 21:46:38,088 INFO peoplein.stream: analysis interval ready start=2026-08-19 09:26:04 end=2026-08-19 09:27:42
2026-08-26 21:46:45,320 INFO peoplein.stream: decoded loby/20260819-092242.mkv: 490 frames
2026-08-26 21:46:45,323 INFO peoplein.stream: decoded entrance/20260819-092604.mkv: 490 frames
2026-08-26 21:46:45,327 INFO __main__: analysis interval completed start=2026-08-19 09:26:04 end=2026-08-19 09:27:42 frames=980 ticks=490 entered=2 exited=1 people_inside=1
2026-08-26 21:46:45,329 INFO __main__: summary updated end=2026-08-19 09:27:42
2026-08-26 21:46:45,329 INFO peoplein.stream: download started camera=loby file=20260819-092742.mkv
2026-08-26 21:47:06,313 INFO peoplein.stream: download completed camera=loby file=20260819-092742.mkv bytes=36030468 interval=2026-08-19 09:27:42..2026-08-19 09:32:42
2026-08-26 21:47:06,313 INFO peoplein.stream: analysis interval ready start=2026-08-19 09:27:42 end=2026-08-19 09:31:04
2026-08-26 21:47:16,004 INFO peoplein.stream: decoded loby/20260819-092742.mkv: 1010 frames
2026-08-26 21:47:16,006 INFO peoplein.stream: decoded entrance/20260819-092604.mkv: 1010 frames
2026-08-26 21:47:16,012 INFO __main__: analysis interval completed start=2026-08-19 09:27:42 end=2026-08-19 09:31:04 frames=2020 ticks=1010 entered=2 exited=1 people_inside=1
2026-08-26 21:47:16,014 INFO __main__: summary updated end=2026-08-19 09:31:04
2026-08-26 21:47:16,015 INFO peoplein.stream: download started camera=entrance file=20260819-093104.mkv
2026-08-26 21:47:44,055 INFO peoplein.stream: download completed camera=entrance file=20260819-093104.mkv bytes=31849488 interval=2026-08-19 09:31:04..2026-08-19 09:36:04
2026-08-26 21:47:44,055 INFO peoplein.stream: analysis interval ready start=2026-08-19 09:31:04 end=2026-08-19 09:32:42
2026-08-26 21:47:51,333 INFO peoplein.stream: decoded loby/20260819-092742.mkv: 490 frames
2026-08-26 21:47:51,336 INFO peoplein.stream: decoded entrance/20260819-093104.mkv: 490 frames
2026-08-26 21:47:51,341 INFO __main__: analysis interval completed start=2026-08-19 09:31:04 end=2026-08-19 09:32:42 frames=980 ticks=490 entered=2 exited=1 people_inside=1
2026-08-26 21:47:51,343 INFO __main__: summary updated end=2026-08-19 09:32:42
2026-08-26 21:47:51,343 INFO peoplein.stream: download started camera=loby file=20260819-093242.mkv
2026-08-26 21:48:11,387 INFO peoplein.stream: download completed camera=loby file=20260819-093242.mkv bytes=33283905 interval=2026-08-19 09:32:42..2026-08-19 09:37:42
2026-08-26 21:48:11,387 INFO peoplein.stream: analysis interval ready start=2026-08-19 09:32:42 end=2026-08-19 09:36:04
2026-08-26 21:48:21,326 INFO peoplein.stream: decoded entrance/20260819-093104.mkv: 1010 frames
2026-08-26 21:48:21,330 INFO peoplein.stream: decoded loby/20260819-093242.mkv: 1010 frames
2026-08-26 21:48:21,335 INFO __main__: analysis interval completed start=2026-08-19 09:32:42 end=2026-08-19 09:36:04 frames=2020 ticks=1010 entered=2 exited=1 people_inside=1
2026-08-26 21:48:21,337 INFO __main__: summary updated end=2026-08-19 09:36:04
2026-08-26 21:48:21,338 INFO peoplein.stream: download started camera=entrance file=20260819-093604.mkv
2026-08-26 21:48:38,912 INFO peoplein.stream: download completed camera=entrance file=20260819-093604.mkv bytes=31519782 interval=2026-08-19 09:36:04..2026-08-19 09:41:04
2026-08-26 21:48:38,912 INFO peoplein.stream: analysis interval ready start=2026-08-19 09:36:04 end=2026-08-19 09:37:42
2026-08-26 21:48:46,105 INFO peoplein.stream: decoded loby/20260819-093242.mkv: 490 frames
2026-08-26 21:48:46,106 INFO peoplein.stream: decoded entrance/20260819-093604.mkv: 490 frames
2026-08-26 21:48:46,112 INFO __main__: analysis interval completed start=2026-08-19 09:36:04 end=2026-08-19 09:37:42 frames=980 ticks=490 entered=2 exited=1 people_inside=1
2026-08-26 21:48:46,114 INFO __main__: summary updated end=2026-08-19 09:37:42
2026-08-26 21:48:46,114 INFO peoplein.stream: download started camera=loby file=20260819-093741.mkv
2026-08-26 21:49:04,845 INFO peoplein.stream: download completed camera=loby file=20260819-093741.mkv bytes=30752849 interval=2026-08-19 09:37:41..2026-08-19 09:42:41
2026-08-26 21:49:04,846 INFO peoplein.stream: analysis interval ready start=2026-08-19 09:37:41 end=2026-08-19 09:41:04
2026-08-26 21:49:14,422 INFO peoplein.stream: decoded entrance/20260819-093604.mkv: 1015 frames
2026-08-26 21:49:14,422 INFO peoplein.stream: decoded loby/20260819-093741.mkv: 1015 frames
2026-08-26 21:49:14,427 INFO __main__: analysis interval completed start=2026-08-19 09:37:41 end=2026-08-19 09:41:04 frames=2030 ticks=1015 entered=2 exited=1 people_inside=1
2026-08-26 21:49:14,429 INFO __main__: summary updated end=2026-08-19 09:41:04
2026-08-26 21:49:14,429 INFO peoplein.stream: download started camera=entrance file=20260819-094104.mkv
2026-08-26 21:49:35,771 INFO peoplein.stream: download completed camera=entrance file=20260819-094104.mkv bytes=31511404 interval=2026-08-19 09:41:04..2026-08-19 09:46:04
2026-08-26 21:49:35,772 INFO peoplein.stream: analysis interval ready start=2026-08-19 09:41:04 end=2026-08-19 09:42:41
2026-08-26 21:49:42,995 INFO peoplein.stream: decoded entrance/20260819-094104.mkv: 485 frames
2026-08-26 21:49:42,998 INFO peoplein.stream: decoded loby/20260819-093741.mkv: 485 frames
2026-08-26 21:49:43,005 INFO __main__: analysis interval completed start=2026-08-19 09:41:04 end=2026-08-19 09:42:41 frames=970 ticks=485 entered=2 exited=1 people_inside=1
2026-08-26 21:49:43,007 INFO __main__: summary updated end=2026-08-19 09:42:41
2026-08-26 21:49:43,007 INFO peoplein.stream: download started camera=loby file=20260819-094241.mkv
2026-08-26 21:50:04,552 INFO peoplein.stream: download completed camera=loby file=20260819-094241.mkv bytes=32979727 interval=2026-08-19 09:42:41..2026-08-19 09:47:41
2026-08-26 21:50:04,552 INFO peoplein.stream: analysis interval ready start=2026-08-19 09:42:41 end=2026-08-19 09:46:04
2026-08-26 21:50:14,260 INFO peoplein.stream: decoded entrance/20260819-094104.mkv: 1015 frames
2026-08-26 21:50:14,260 INFO peoplein.stream: decoded loby/20260819-094241.mkv: 1015 frames
2026-08-26 21:50:14,269 INFO __main__: analysis interval completed start=2026-08-19 09:42:41 end=2026-08-19 09:46:04 frames=2030 ticks=1015 entered=2 exited=1 people_inside=1
2026-08-26 21:50:14,271 INFO __main__: summary updated end=2026-08-19 09:46:04
2026-08-26 21:50:14,271 INFO peoplein.stream: download started camera=entrance file=20260819-094604.mkv
2026-08-26 21:50:32,274 INFO peoplein.stream: download completed camera=entrance file=20260819-094604.mkv bytes=31511317 interval=2026-08-19 09:46:04..2026-08-19 09:51:04
2026-08-26 21:50:32,274 INFO peoplein.stream: analysis interval ready start=2026-08-19 09:46:04 end=2026-08-19 09:47:41
2026-08-26 21:50:39,388 INFO peoplein.stream: decoded loby/20260819-094241.mkv: 485 frames
2026-08-26 21:50:39,388 INFO peoplein.stream: decoded entrance/20260819-094604.mkv: 485 frames
2026-08-26 21:50:39,396 INFO __main__: analysis interval completed start=2026-08-19 09:46:04 end=2026-08-19 09:47:41 frames=970 ticks=485 entered=2 exited=1 people_inside=1
2026-08-26 21:50:39,398 INFO __main__: summary updated end=2026-08-19 09:47:41
2026-08-26 21:50:39,399 INFO peoplein.stream: download started camera=loby file=20260819-094741.mkv
2026-08-26 21:50:58,277 INFO peoplein.stream: download completed camera=loby file=20260819-094741.mkv bytes=34133989 interval=2026-08-19 09:47:41..2026-08-19 09:52:41
2026-08-26 21:50:58,277 INFO peoplein.stream: analysis interval ready start=2026-08-19 09:47:41 end=2026-08-19 09:51:04
2026-08-26 21:51:07,908 INFO peoplein.stream: decoded loby/20260819-094741.mkv: 1015 frames
2026-08-26 21:51:07,911 INFO peoplein.stream: decoded entrance/20260819-094604.mkv: 1015 frames
2026-08-26 21:51:07,915 INFO __main__: analysis interval completed start=2026-08-19 09:47:41 end=2026-08-19 09:51:04 frames=2030 ticks=1015 entered=2 exited=1 people_inside=1
2026-08-26 21:51:07,917 INFO __main__: summary updated end=2026-08-19 09:51:04
2026-08-26 21:51:07,918 INFO peoplein.stream: download started camera=entrance file=20260819-095104.mkv
2026-08-26 21:51:28,166 INFO peoplein.stream: download completed camera=entrance file=20260819-095104.mkv bytes=31509929 interval=2026-08-19 09:51:04..2026-08-19 09:56:04
2026-08-26 21:51:28,166 INFO peoplein.stream: analysis interval ready start=2026-08-19 09:51:04 end=2026-08-19 09:52:41
2026-08-26 21:51:35,319 INFO peoplein.stream: decoded loby/20260819-094741.mkv: 485 frames
2026-08-26 21:51:35,319 INFO peoplein.stream: decoded entrance/20260819-095104.mkv: 485 frames
2026-08-26 21:51:35,324 INFO __main__: analysis interval completed start=2026-08-19 09:51:04 end=2026-08-19 09:52:41 frames=970 ticks=485 entered=2 exited=1 people_inside=1
2026-08-26 21:51:35,326 INFO __main__: summary updated end=2026-08-19 09:52:41
2026-08-26 21:51:35,327 INFO peoplein.stream: download started camera=loby file=20260819-095241.mkv
2026-08-26 21:51:59,484 INFO peoplein.stream: download completed camera=loby file=20260819-095241.mkv bytes=35711959 interval=2026-08-19 09:52:41..2026-08-19 09:57:41
2026-08-26 21:51:59,485 INFO peoplein.stream: analysis interval ready start=2026-08-19 09:52:41 end=2026-08-19 09:56:04
2026-08-26 21:52:08,920 INFO peoplein.stream: decoded loby/20260819-095241.mkv: 1015 frames
2026-08-26 21:52:08,922 INFO peoplein.stream: decoded entrance/20260819-095104.mkv: 1015 frames
2026-08-26 21:52:08,926 INFO __main__: analysis interval completed start=2026-08-19 09:52:41 end=2026-08-19 09:56:04 frames=2030 ticks=1015 entered=2 exited=1 people_inside=1
2026-08-26 21:52:08,928 INFO __main__: summary updated end=2026-08-19 09:56:04
2026-08-26 21:52:08,928 INFO peoplein.stream: download started camera=entrance file=20260819-095604.mkv
2026-08-26 21:52:27,540 INFO peoplein.stream: download completed camera=entrance file=20260819-095604.mkv bytes=30667136 interval=2026-08-19 09:56:04..2026-08-19 10:01:04
2026-08-26 21:52:27,540 INFO peoplein.stream: analysis interval ready start=2026-08-19 09:56:04 end=2026-08-19 09:57:41
2026-08-26 21:52:34,608 INFO peoplein.stream: decoded entrance/20260819-095604.mkv: 485 frames
2026-08-26 21:52:34,610 INFO peoplein.stream: decoded loby/20260819-095241.mkv: 485 frames
2026-08-26 21:52:34,613 INFO __main__: analysis interval completed start=2026-08-19 09:56:04 end=2026-08-19 09:57:41 frames=970 ticks=485 entered=2 exited=1 people_inside=1
2026-08-26 21:52:34,615 INFO __main__: summary updated end=2026-08-19 09:57:41
2026-08-26 21:52:34,615 INFO peoplein.stream: download started camera=loby file=20260819-095741.mkv
2026-08-26 21:52:58,953 INFO peoplein.stream: download completed camera=loby file=20260819-095741.mkv bytes=34318374 interval=2026-08-19 09:57:41..2026-08-19 10:02:41
2026-08-26 21:52:58,953 INFO peoplein.stream: analysis interval ready start=2026-08-19 09:57:41 end=2026-08-19 10:01:04
2026-08-26 21:53:08,490 INFO peoplein.stream: decoded entrance/20260819-095604.mkv: 1015 frames
2026-08-26 21:53:08,490 INFO peoplein.stream: decoded loby/20260819-095741.mkv: 1015 frames
2026-08-26 21:53:08,496 INFO __main__: analysis interval completed start=2026-08-19 09:57:41 end=2026-08-19 10:01:04 frames=2030 ticks=1015 entered=2 exited=1 people_inside=1
2026-08-26 21:53:08,497 INFO __main__: summary updated end=2026-08-19 10:01:04
2026-08-26 21:53:08,498 INFO peoplein.stream: download started camera=entrance file=20260819-100104.mkv
2026-08-26 21:53:26,107 INFO peoplein.stream: download completed camera=entrance file=20260819-100104.mkv bytes=28304678 interval=2026-08-19 10:01:04..2026-08-19 10:06:04
2026-08-26 21:53:26,108 INFO peoplein.stream: analysis interval ready start=2026-08-19 10:01:04 end=2026-08-19 10:02:41
2026-08-26 21:53:33,288 INFO peoplein.stream: decoded entrance/20260819-100104.mkv: 485 frames
2026-08-26 21:53:33,289 INFO peoplein.stream: decoded loby/20260819-095741.mkv: 485 frames
2026-08-26 21:53:33,295 INFO __main__: analysis interval completed start=2026-08-19 10:01:04 end=2026-08-19 10:02:41 frames=970 ticks=485 entered=2 exited=1 people_inside=1
2026-08-26 21:53:33,298 INFO __main__: summary updated end=2026-08-19 10:02:41
2026-08-26 21:53:33,299 INFO peoplein.stream: download started camera=loby file=20260819-100241.mkv
2026-08-26 21:53:55,257 INFO peoplein.stream: download completed camera=loby file=20260819-100241.mkv bytes=37224191 interval=2026-08-19 10:02:41..2026-08-19 10:07:41
2026-08-26 21:53:55,260 INFO peoplein.stream: analysis interval ready start=2026-08-19 10:02:41 end=2026-08-19 10:06:04
2026-08-26 21:54:05,056 INFO peoplein.stream: decoded entrance/20260819-100104.mkv: 1015 frames
2026-08-26 21:54:05,059 INFO peoplein.stream: decoded loby/20260819-100241.mkv: 1015 frames
2026-08-26 21:54:05,065 INFO __main__: analysis interval completed start=2026-08-19 10:02:41 end=2026-08-19 10:06:04 frames=2030 ticks=1015 entered=2 exited=1 people_inside=1
2026-08-26 21:54:05,067 INFO __main__: summary updated end=2026-08-19 10:06:04
2026-08-26 21:54:05,068 INFO peoplein.stream: download started camera=entrance file=20260819-100604.mkv
2026-08-26 21:54:25,453 INFO peoplein.stream: download completed camera=entrance file=20260819-100604.mkv bytes=31568742 interval=2026-08-19 10:06:04..2026-08-19 10:11:04
2026-08-26 21:54:25,454 INFO peoplein.stream: analysis interval ready start=2026-08-19 10:06:04 end=2026-08-19 10:07:41
2026-08-26 21:54:32,605 INFO peoplein.stream: decoded loby/20260819-100241.mkv: 485 frames
2026-08-26 21:54:32,609 INFO peoplein.stream: decoded entrance/20260819-100604.mkv: 485 frames
2026-08-26 21:54:32,612 INFO __main__: analysis interval completed start=2026-08-19 10:06:04 end=2026-08-19 10:07:41 frames=970 ticks=485 entered=2 exited=1 people_inside=1
2026-08-26 21:54:32,614 INFO __main__: summary updated end=2026-08-19 10:07:41
2026-08-26 21:54:32,615 INFO peoplein.stream: download started camera=loby file=20260819-100741.mkv
2026-08-26 21:54:53,475 INFO peoplein.stream: download completed camera=loby file=20260819-100741.mkv bytes=32556002 interval=2026-08-19 10:07:41..2026-08-19 10:12:41
2026-08-26 21:54:53,475 INFO peoplein.stream: analysis interval ready start=2026-08-19 10:07:41 end=2026-08-19 10:11:04
2026-08-26 21:55:03,109 INFO peoplein.stream: decoded entrance/20260819-100604.mkv: 1015 frames
2026-08-26 21:55:03,112 INFO peoplein.stream: decoded loby/20260819-100741.mkv: 1015 frames
2026-08-26 21:55:03,118 INFO __main__: analysis interval completed start=2026-08-19 10:07:41 end=2026-08-19 10:11:04 frames=2030 ticks=1015 entered=2 exited=1 people_inside=1
2026-08-26 21:55:03,120 INFO __main__: summary updated end=2026-08-19 10:11:04
2026-08-26 21:55:03,120 INFO peoplein.stream: download started camera=entrance file=20260819-101104.mkv
2026-08-26 21:55:21,203 INFO peoplein.stream: download completed camera=entrance file=20260819-101104.mkv bytes=31549581 interval=2026-08-19 10:11:04..2026-08-19 10:16:04
2026-08-26 21:55:21,203 INFO peoplein.stream: analysis interval ready start=2026-08-19 10:11:04 end=2026-08-19 10:12:41
2026-08-26 21:55:28,385 INFO peoplein.stream: decoded loby/20260819-100741.mkv: 485 frames
2026-08-26 21:55:28,389 INFO peoplein.stream: decoded entrance/20260819-101104.mkv: 485 frames
2026-08-26 21:55:28,393 INFO __main__: analysis interval completed start=2026-08-19 10:11:04 end=2026-08-19 10:12:41 frames=970 ticks=485 entered=2 exited=1 people_inside=1
2026-08-26 21:55:28,395 INFO __main__: summary updated end=2026-08-19 10:12:41
2026-08-26 21:55:28,396 INFO peoplein.stream: download started camera=loby file=20260819-101241.mkv
2026-08-26 21:55:49,745 INFO peoplein.stream: download completed camera=loby file=20260819-101241.mkv bytes=28885014 interval=2026-08-19 10:12:41..2026-08-19 10:17:41
2026-08-26 21:55:49,745 INFO peoplein.stream: analysis interval ready start=2026-08-19 10:12:41 end=2026-08-19 10:16:04
2026-08-26 21:55:59,214 INFO peoplein.stream: decoded entrance/20260819-101104.mkv: 1015 frames
2026-08-26 21:55:59,215 INFO peoplein.stream: decoded loby/20260819-101241.mkv: 1015 frames
2026-08-26 21:55:59,223 INFO __main__: analysis interval completed start=2026-08-19 10:12:41 end=2026-08-19 10:16:04 frames=2030 ticks=1015 entered=2 exited=1 people_inside=1
2026-08-26 21:55:59,225 INFO __main__: summary updated end=2026-08-19 10:16:04
2026-08-26 21:55:59,226 INFO peoplein.stream: download started camera=entrance file=20260819-101604.mkv
2026-08-26 21:56:19,540 INFO peoplein.stream: download completed camera=entrance file=20260819-101604.mkv bytes=31511549 interval=2026-08-19 10:16:04..2026-08-19 10:21:04
2026-08-26 21:56:19,540 INFO peoplein.stream: analysis interval ready start=2026-08-19 10:16:04 end=2026-08-19 10:17:41
2026-08-26 21:56:26,625 INFO peoplein.stream: decoded loby/20260819-101241.mkv: 485 frames
2026-08-26 21:56:26,629 INFO peoplein.stream: decoded entrance/20260819-101604.mkv: 485 frames
2026-08-26 21:56:26,634 INFO __main__: analysis interval completed start=2026-08-19 10:16:04 end=2026-08-19 10:17:41 frames=970 ticks=485 entered=2 exited=1 people_inside=1
2026-08-26 21:56:26,636 INFO __main__: summary updated end=2026-08-19 10:17:41
2026-08-26 21:56:26,636 INFO peoplein.stream: download started camera=loby file=20260819-101740.mkv
2026-08-26 21:56:44,459 INFO peoplein.stream: download completed camera=loby file=20260819-101740.mkv bytes=27855241 interval=2026-08-19 10:17:40..2026-08-19 10:22:40
2026-08-26 21:56:44,459 INFO peoplein.stream: analysis interval ready start=2026-08-19 10:17:40 end=2026-08-19 10:21:04
2026-08-26 21:56:53,879 INFO peoplein.stream: decoded loby/20260819-101740.mkv: 1020 frames
2026-08-26 21:56:53,883 INFO peoplein.stream: decoded entrance/20260819-101604.mkv: 1020 frames
2026-08-26 21:56:53,887 INFO __main__: analysis interval completed start=2026-08-19 10:17:40 end=2026-08-19 10:21:04 frames=2040 ticks=1020 entered=2 exited=1 people_inside=1
2026-08-26 21:56:53,889 INFO __main__: summary updated end=2026-08-19 10:21:04
2026-08-26 21:56:53,889 INFO peoplein.stream: download started camera=entrance file=20260819-102104.mkv
2026-08-26 21:57:14,106 INFO peoplein.stream: download completed camera=entrance file=20260819-102104.mkv bytes=31511680 interval=2026-08-19 10:21:04..2026-08-19 10:26:04
2026-08-26 21:57:14,106 INFO peoplein.stream: analysis interval ready start=2026-08-19 10:21:04 end=2026-08-19 10:22:40
2026-08-26 21:57:21,180 INFO peoplein.stream: decoded loby/20260819-101740.mkv: 480 frames
2026-08-26 21:57:21,181 INFO peoplein.stream: decoded entrance/20260819-102104.mkv: 480 frames
2026-08-26 21:57:21,190 INFO __main__: analysis interval completed start=2026-08-19 10:21:04 end=2026-08-19 10:22:40 frames=960 ticks=480 entered=2 exited=1 people_inside=1
2026-08-26 21:57:21,192 INFO __main__: summary updated end=2026-08-19 10:22:40
2026-08-26 21:57:21,192 INFO peoplein.stream: download started camera=loby file=20260819-102240.mkv
2026-08-26 21:57:39,624 INFO peoplein.stream: download completed camera=loby file=20260819-102240.mkv bytes=27212365 interval=2026-08-19 10:22:40..2026-08-19 10:27:40
2026-08-26 21:57:39,624 INFO peoplein.stream: analysis interval ready start=2026-08-19 10:22:40 end=2026-08-19 10:26:04
2026-08-26 21:57:49,072 INFO peoplein.stream: decoded loby/20260819-102240.mkv: 1020 frames
2026-08-26 21:57:49,072 INFO peoplein.stream: decoded entrance/20260819-102104.mkv: 1020 frames
2026-08-26 21:57:49,081 INFO __main__: analysis interval completed start=2026-08-19 10:22:40 end=2026-08-19 10:26:04 frames=2040 ticks=1020 entered=2 exited=1 people_inside=1
2026-08-26 21:57:49,083 INFO __main__: summary updated end=2026-08-19 10:26:04
2026-08-26 21:57:49,084 INFO peoplein.stream: download started camera=entrance file=20260819-102604.mkv
2026-08-26 21:58:11,160 INFO peoplein.stream: download completed camera=entrance file=20260819-102604.mkv bytes=31460967 interval=2026-08-19 10:26:04..2026-08-19 10:31:04
2026-08-26 21:58:11,160 INFO peoplein.stream: analysis interval ready start=2026-08-19 10:26:04 end=2026-08-19 10:27:40
2026-08-26 21:58:18,145 INFO peoplein.stream: decoded entrance/20260819-102604.mkv: 480 frames
2026-08-26 21:58:18,146 INFO peoplein.stream: decoded loby/20260819-102240.mkv: 480 frames
2026-08-26 21:58:18,153 INFO __main__: analysis interval completed start=2026-08-19 10:26:04 end=2026-08-19 10:27:40 frames=960 ticks=480 entered=2 exited=1 people_inside=1
2026-08-26 21:58:18,155 INFO __main__: summary updated end=2026-08-19 10:27:40
2026-08-26 21:58:18,155 INFO peoplein.stream: download started camera=loby file=20260819-102740.mkv
2026-08-26 21:58:35,281 INFO peoplein.stream: download completed camera=loby file=20260819-102740.mkv bytes=26321321 interval=2026-08-19 10:27:40..2026-08-19 10:32:42
2026-08-26 21:58:35,281 INFO peoplein.stream: analysis interval ready start=2026-08-19 10:27:40 end=2026-08-19 10:31:04
2026-08-26 21:58:44,760 INFO peoplein.stream: decoded entrance/20260819-102604.mkv: 1020 frames
2026-08-26 21:58:44,762 INFO peoplein.stream: decoded loby/20260819-102740.mkv: 1020 frames
2026-08-26 21:58:44,770 INFO __main__: analysis interval completed start=2026-08-19 10:27:40 end=2026-08-19 10:31:04 frames=2040 ticks=1020 entered=2 exited=1 people_inside=1
2026-08-26 21:58:44,772 INFO __main__: summary updated end=2026-08-19 10:31:04
2026-08-26 21:58:44,772 INFO peoplein.stream: download started camera=entrance file=20260819-103104.mkv
2026-08-26 21:59:03,963 INFO peoplein.stream: download completed camera=entrance file=20260819-103104.mkv bytes=30787112 interval=2026-08-19 10:31:04..2026-08-19 10:36:04
2026-08-26 21:59:03,964 INFO peoplein.stream: analysis interval ready start=2026-08-19 10:31:04 end=2026-08-19 10:32:42
2026-08-26 21:59:11,006 INFO peoplein.stream: decoded entrance/20260819-103104.mkv: 490 frames
2026-08-26 21:59:11,006 INFO peoplein.stream: decoded loby/20260819-102740.mkv: 490 frames
2026-08-26 21:59:11,014 INFO __main__: analysis interval completed start=2026-08-19 10:31:04 end=2026-08-19 10:32:42 frames=980 ticks=490 entered=2 exited=1 people_inside=1
2026-08-26 21:59:11,016 INFO __main__: summary updated end=2026-08-19 10:32:42
2026-08-26 21:59:11,016 INFO peoplein.stream: download started camera=loby file=20260819-103242.mkv
2026-08-26 21:59:35,277 INFO peoplein.stream: download completed camera=loby file=20260819-103242.mkv bytes=31879588 interval=2026-08-19 10:32:42..2026-08-19 10:37:42
2026-08-26 21:59:35,277 INFO peoplein.stream: analysis interval ready start=2026-08-19 10:32:42 end=2026-08-19 10:36:04
2026-08-26 21:59:44,664 INFO peoplein.stream: decoded loby/20260819-103242.mkv: 1010 frames
2026-08-26 21:59:44,670 INFO peoplein.stream: decoded entrance/20260819-103104.mkv: 1010 frames
2026-08-26 21:59:44,672 INFO __main__: analysis interval completed start=2026-08-19 10:32:42 end=2026-08-19 10:36:04 frames=2020 ticks=1010 entered=2 exited=1 people_inside=1
2026-08-26 21:59:44,674 INFO __main__: summary updated end=2026-08-19 10:36:04
2026-08-26 21:59:44,675 INFO peoplein.stream: download started camera=entrance file=20260819-103604.mkv
2026-08-26 22:00:06,954 INFO peoplein.stream: download completed camera=entrance file=20260819-103604.mkv bytes=31350001 interval=2026-08-19 10:36:04..2026-08-19 10:41:04
2026-08-26 22:00:06,957 INFO peoplein.stream: analysis interval ready start=2026-08-19 10:36:04 end=2026-08-19 10:37:42
2026-08-26 22:00:13,955 INFO peoplein.stream: decoded loby/20260819-103242.mkv: 490 frames
2026-08-26 22:00:13,955 INFO peoplein.stream: decoded entrance/20260819-103604.mkv: 490 frames
2026-08-26 22:00:13,964 INFO __main__: analysis interval completed start=2026-08-19 10:36:04 end=2026-08-19 10:37:42 frames=980 ticks=490 entered=2 exited=1 people_inside=1
2026-08-26 22:00:13,965 INFO __main__: summary updated end=2026-08-19 10:37:42
2026-08-26 22:00:13,966 INFO peoplein.stream: download started camera=loby file=20260819-103742.mkv
2026-08-26 22:00:30,832 INFO peoplein.stream: download completed camera=loby file=20260819-103742.mkv bytes=26592990 interval=2026-08-19 10:37:42..2026-08-19 10:42:42
2026-08-26 22:00:30,833 INFO peoplein.stream: analysis interval ready start=2026-08-19 10:37:42 end=2026-08-19 10:41:04
2026-08-26 22:00:39,983 INFO peoplein.stream: decoded loby/20260819-103742.mkv: 1010 frames
2026-08-26 22:00:39,985 INFO peoplein.stream: decoded entrance/20260819-103604.mkv: 1010 frames
2026-08-26 22:00:39,993 INFO __main__: analysis interval completed start=2026-08-19 10:37:42 end=2026-08-19 10:41:04 frames=2020 ticks=1010 entered=2 exited=1 people_inside=1
2026-08-26 22:00:39,995 INFO __main__: summary updated end=2026-08-19 10:41:04
2026-08-26 22:00:39,995 INFO peoplein.stream: download started camera=entrance file=20260819-104104.mkv
2026-08-26 22:01:04,538 INFO peoplein.stream: download completed camera=entrance file=20260819-104104.mkv bytes=31531670 interval=2026-08-19 10:41:04..2026-08-19 10:46:04
2026-08-26 22:01:04,538 INFO peoplein.stream: analysis interval ready start=2026-08-19 10:41:04 end=2026-08-19 10:42:42
2026-08-26 22:01:11,593 INFO peoplein.stream: decoded loby/20260819-103742.mkv: 490 frames
2026-08-26 22:01:11,595 INFO peoplein.stream: decoded entrance/20260819-104104.mkv: 490 frames
2026-08-26 22:01:11,601 INFO __main__: analysis interval completed start=2026-08-19 10:41:04 end=2026-08-19 10:42:42 frames=980 ticks=490 entered=2 exited=1 people_inside=1
2026-08-26 22:01:11,603 INFO __main__: summary updated end=2026-08-19 10:42:42
2026-08-26 22:01:11,604 INFO peoplein.stream: download started camera=loby file=20260819-104242.mkv
2026-08-26 22:01:29,972 INFO peoplein.stream: download completed camera=loby file=20260819-104242.mkv bytes=26947970 interval=2026-08-19 10:42:42..2026-08-19 10:47:42
2026-08-26 22:01:29,972 INFO peoplein.stream: analysis interval ready start=2026-08-19 10:42:42 end=2026-08-19 10:46:04
2026-08-26 22:01:39,238 INFO peoplein.stream: decoded entrance/20260819-104104.mkv: 1010 frames
2026-08-26 22:01:39,240 INFO peoplein.stream: decoded loby/20260819-104242.mkv: 1010 frames
2026-08-26 22:01:39,244 INFO __main__: analysis interval completed start=2026-08-19 10:42:42 end=2026-08-19 10:46:04 frames=2020 ticks=1010 entered=2 exited=1 people_inside=1
2026-08-26 22:01:39,247 INFO __main__: summary updated end=2026-08-19 10:46:04
2026-08-26 22:01:39,247 INFO peoplein.stream: download started camera=entrance file=20260819-104604.mkv
2026-08-26 22:02:04,520 INFO peoplein.stream: download completed camera=entrance file=20260819-104604.mkv bytes=31517623 interval=2026-08-19 10:46:04..2026-08-19 10:51:04
2026-08-26 22:02:04,520 INFO peoplein.stream: analysis interval ready start=2026-08-19 10:46:04 end=2026-08-19 10:47:42
2026-08-26 22:02:11,547 INFO peoplein.stream: decoded entrance/20260819-104604.mkv: 490 frames
2026-08-26 22:02:11,547 INFO peoplein.stream: decoded loby/20260819-104242.mkv: 490 frames
2026-08-26 22:02:11,555 INFO __main__: analysis interval completed start=2026-08-19 10:46:04 end=2026-08-19 10:47:42 frames=980 ticks=490 entered=2 exited=1 people_inside=1
2026-08-26 22:02:11,557 INFO __main__: summary updated end=2026-08-19 10:47:42
2026-08-26 22:02:11,557 INFO peoplein.stream: download started camera=loby file=20260819-104742.mkv
2026-08-26 22:02:34,706 INFO peoplein.stream: download completed camera=loby file=20260819-104742.mkv bytes=26884626 interval=2026-08-19 10:47:42..2026-08-19 10:52:42
2026-08-26 22:02:34,707 INFO peoplein.stream: analysis interval ready start=2026-08-19 10:47:42 end=2026-08-19 10:51:04
2026-08-26 22:02:44,008 INFO peoplein.stream: decoded loby/20260819-104742.mkv: 1010 frames
2026-08-26 22:02:44,010 INFO peoplein.stream: decoded entrance/20260819-104604.mkv: 1010 frames
2026-08-26 22:02:44,016 INFO __main__: analysis interval completed start=2026-08-19 10:47:42 end=2026-08-19 10:51:04 frames=2020 ticks=1010 entered=2 exited=1 people_inside=1
2026-08-26 22:02:44,019 INFO __main__: summary updated end=2026-08-19 10:51:04
2026-08-26 22:02:44,019 INFO peoplein.stream: download started camera=entrance file=20260819-105104.mkv
2026-08-26 22:03:10,458 INFO peoplein.stream: download completed camera=entrance file=20260819-105104.mkv bytes=31511832 interval=2026-08-19 10:51:04..2026-08-19 10:56:04
2026-08-26 22:03:10,459 INFO peoplein.stream: analysis interval ready start=2026-08-19 10:51:04 end=2026-08-19 10:52:42
2026-08-26 22:03:17,546 INFO peoplein.stream: decoded loby/20260819-104742.mkv: 490 frames
2026-08-26 22:03:17,550 INFO peoplein.stream: decoded entrance/20260819-105104.mkv: 490 frames
2026-08-26 22:03:17,555 INFO __main__: analysis interval completed start=2026-08-19 10:51:04 end=2026-08-19 10:52:42 frames=980 ticks=490 entered=2 exited=1 people_inside=1
2026-08-26 22:03:17,557 INFO __main__: summary updated end=2026-08-19 10:52:42
2026-08-26 22:03:17,558 INFO peoplein.stream: download started camera=loby file=20260819-105242.mkv
2026-08-26 22:03:39,333 INFO peoplein.stream: download completed camera=loby file=20260819-105242.mkv bytes=29244294 interval=2026-08-19 10:52:42..2026-08-19 10:57:42
2026-08-26 22:03:39,333 INFO peoplein.stream: analysis interval ready start=2026-08-19 10:52:42 end=2026-08-19 10:56:04
2026-08-26 22:03:48,937 INFO peoplein.stream: decoded entrance/20260819-105104.mkv: 1010 frames
2026-08-26 22:03:48,940 INFO peoplein.stream: decoded loby/20260819-105242.mkv: 1010 frames
2026-08-26 22:03:48,942 INFO __main__: analysis interval completed start=2026-08-19 10:52:42 end=2026-08-19 10:56:04 frames=2020 ticks=1010 entered=2 exited=1 people_inside=1
2026-08-26 22:03:48,944 INFO __main__: summary updated end=2026-08-19 10:56:04
2026-08-26 22:03:48,945 INFO peoplein.stream: download started camera=entrance file=20260819-105604.mkv
2026-08-26 22:04:11,705 INFO peoplein.stream: download completed camera=entrance file=20260819-105604.mkv bytes=31513564 interval=2026-08-19 10:56:04..2026-08-19 11:01:04
2026-08-26 22:04:11,706 INFO peoplein.stream: analysis interval ready start=2026-08-19 10:56:04 end=2026-08-19 10:57:42
2026-08-26 22:04:18,780 INFO peoplein.stream: decoded loby/20260819-105242.mkv: 490 frames
2026-08-26 22:04:18,783 INFO peoplein.stream: decoded entrance/20260819-105604.mkv: 490 frames
2026-08-26 22:04:18,786 INFO __main__: analysis interval completed start=2026-08-19 10:56:04 end=2026-08-19 10:57:42 frames=980 ticks=490 entered=2 exited=1 people_inside=1
2026-08-26 22:04:18,788 INFO __main__: summary updated end=2026-08-19 10:57:42
2026-08-26 22:04:18,788 INFO peoplein.stream: download started camera=loby file=20260819-105741.mkv
2026-08-26 22:04:37,761 INFO peoplein.stream: download completed camera=loby file=20260819-105741.mkv bytes=27865322 interval=2026-08-19 10:57:41..2026-08-19 11:02:41
2026-08-26 22:04:37,762 INFO peoplein.stream: analysis interval ready start=2026-08-19 10:57:41 end=2026-08-19 11:01:04
2026-08-26 22:04:47,142 INFO peoplein.stream: decoded loby/20260819-105741.mkv: 1015 frames
2026-08-26 22:04:47,142 INFO peoplein.stream: decoded entrance/20260819-105604.mkv: 1015 frames
2026-08-26 22:04:47,149 INFO __main__: analysis interval completed start=2026-08-19 10:57:41 end=2026-08-19 11:01:04 frames=2030 ticks=1015 entered=2 exited=1 people_inside=1
2026-08-26 22:04:47,152 INFO __main__: summary updated end=2026-08-19 11:01:04
2026-08-26 22:04:47,152 INFO peoplein.stream: download started camera=entrance file=20260819-110104.mkv
2026-08-26 22:05:12,002 INFO peoplein.stream: download completed camera=entrance file=20260819-110104.mkv bytes=31513949 interval=2026-08-19 11:01:04..2026-08-19 11:06:04
2026-08-26 22:05:12,002 INFO peoplein.stream: analysis interval ready start=2026-08-19 11:01:04 end=2026-08-19 11:02:41
2026-08-26 22:05:18,893 INFO peoplein.stream: decoded loby/20260819-105741.mkv: 485 frames
2026-08-26 22:05:18,896 INFO peoplein.stream: decoded entrance/20260819-110104.mkv: 485 frames
2026-08-26 22:05:18,903 INFO __main__: analysis interval completed start=2026-08-19 11:01:04 end=2026-08-19 11:02:41 frames=970 ticks=485 entered=2 exited=1 people_inside=1
2026-08-26 22:05:18,905 INFO __main__: summary updated end=2026-08-19 11:02:41
2026-08-26 22:05:18,905 INFO peoplein.stream: download started camera=loby file=20260819-110241.mkv
2026-08-26 22:05:43,521 INFO peoplein.stream: download completed camera=loby file=20260819-110241.mkv bytes=27216402 interval=2026-08-19 11:02:41..2026-08-19 11:07:41
2026-08-26 22:05:43,521 INFO peoplein.stream: analysis interval ready start=2026-08-19 11:02:41 end=2026-08-19 11:06:04
2026-08-26 22:05:52,628 INFO peoplein.stream: decoded entrance/20260819-110104.mkv: 1015 frames
2026-08-26 22:05:52,628 INFO peoplein.stream: decoded loby/20260819-110241.mkv: 1015 frames
2026-08-26 22:05:52,634 INFO __main__: analysis interval completed start=2026-08-19 11:02:41 end=2026-08-19 11:06:04 frames=2030 ticks=1015 entered=2 exited=1 people_inside=1
2026-08-26 22:05:52,636 INFO __main__: summary updated end=2026-08-19 11:06:04
2026-08-26 22:05:52,637 INFO peoplein.stream: download started camera=entrance file=20260819-110604.mkv
2026-08-26 22:06:17,482 INFO peoplein.stream: download completed camera=entrance file=20260819-110604.mkv bytes=31515710 interval=2026-08-19 11:06:04..2026-08-19 11:11:04
2026-08-26 22:06:17,483 INFO peoplein.stream: analysis interval ready start=2026-08-19 11:06:04 end=2026-08-19 11:07:41
2026-08-26 22:06:24,449 INFO peoplein.stream: decoded entrance/20260819-110604.mkv: 485 frames
2026-08-26 22:06:24,451 INFO peoplein.stream: decoded loby/20260819-110241.mkv: 485 frames
2026-08-26 22:06:24,456 INFO __main__: analysis interval completed start=2026-08-19 11:06:04 end=2026-08-19 11:07:41 frames=970 ticks=485 entered=2 exited=1 people_inside=1
2026-08-26 22:06:24,458 INFO __main__: summary updated end=2026-08-19 11:07:41
2026-08-26 22:06:24,459 INFO peoplein.stream: download started camera=loby file=20260819-110741.mkv
2026-08-26 22:06:44,296 INFO peoplein.stream: download completed camera=loby file=20260819-110741.mkv bytes=28202927 interval=2026-08-19 11:07:41..2026-08-19 11:12:41
2026-08-26 22:06:44,297 INFO peoplein.stream: analysis interval ready start=2026-08-19 11:07:41 end=2026-08-19 11:11:04
2026-08-26 22:06:53,562 INFO peoplein.stream: decoded loby/20260819-110741.mkv: 1015 frames
2026-08-26 22:06:53,565 INFO peoplein.stream: decoded entrance/20260819-110604.mkv: 1015 frames
2026-08-26 22:06:53,567 INFO __main__: analysis interval completed start=2026-08-19 11:07:41 end=2026-08-19 11:11:04 frames=2030 ticks=1015 entered=2 exited=1 people_inside=1
2026-08-26 22:06:53,569 INFO __main__: summary updated end=2026-08-19 11:11:04
2026-08-26 22:06:53,570 INFO peoplein.stream: download started camera=entrance file=20260819-111104.mkv
2026-08-26 22:07:26,023 INFO peoplein.stream: download completed camera=entrance file=20260819-111104.mkv bytes=31504011 interval=2026-08-19 11:11:04..2026-08-19 11:16:04
2026-08-26 22:07:26,024 INFO peoplein.stream: analysis interval ready start=2026-08-19 11:11:04 end=2026-08-19 11:12:41
2026-08-26 22:07:33,047 INFO peoplein.stream: decoded entrance/20260819-111104.mkv: 485 frames
2026-08-26 22:07:33,051 INFO peoplein.stream: decoded loby/20260819-110741.mkv: 485 frames
2026-08-26 22:07:33,055 INFO __main__: analysis interval completed start=2026-08-19 11:11:04 end=2026-08-19 11:12:41 frames=970 ticks=485 entered=2 exited=1 people_inside=1
2026-08-26 22:07:33,057 INFO __main__: summary updated end=2026-08-19 11:12:41
2026-08-26 22:07:33,058 INFO peoplein.stream: download started camera=loby file=20260819-111241.mkv
2026-08-26 22:07:54,384 INFO peoplein.stream: download completed camera=loby file=20260819-111241.mkv bytes=27994524 interval=2026-08-19 11:12:41..2026-08-19 11:17:41
2026-08-26 22:07:54,386 INFO peoplein.stream: analysis interval ready start=2026-08-19 11:12:41 end=2026-08-19 11:16:04
2026-08-26 22:08:03,760 INFO peoplein.stream: decoded loby/20260819-111241.mkv: 1015 frames
2026-08-26 22:08:03,762 INFO peoplein.stream: decoded entrance/20260819-111104.mkv: 1015 frames
2026-08-26 22:08:03,766 INFO __main__: analysis interval completed start=2026-08-19 11:12:41 end=2026-08-19 11:16:04 frames=2030 ticks=1015 entered=2 exited=1 people_inside=1
2026-08-26 22:08:03,769 INFO __main__: summary updated end=2026-08-19 11:16:04
2026-08-26 22:08:03,769 INFO peoplein.stream: download started camera=entrance file=20260819-111604.mkv
2026-08-26 22:08:24,211 INFO peoplein.stream: download completed camera=entrance file=20260819-111604.mkv bytes=31521428 interval=2026-08-19 11:16:04..2026-08-19 11:21:04
2026-08-26 22:08:24,211 INFO peoplein.stream: analysis interval ready start=2026-08-19 11:16:04 end=2026-08-19 11:17:41
2026-08-26 22:08:31,176 INFO peoplein.stream: decoded entrance/20260819-111604.mkv: 485 frames
2026-08-26 22:08:31,177 INFO peoplein.stream: decoded loby/20260819-111241.mkv: 485 frames
2026-08-26 22:08:31,183 INFO __main__: analysis interval completed start=2026-08-19 11:16:04 end=2026-08-19 11:17:41 frames=970 ticks=485 entered=2 exited=1 people_inside=1
2026-08-26 22:08:31,185 INFO __main__: summary updated end=2026-08-19 11:17:41
2026-08-26 22:08:31,186 INFO peoplein.stream: download started camera=loby file=20260819-111741.mkv
2026-08-26 22:08:52,772 INFO peoplein.stream: download completed camera=loby file=20260819-111741.mkv bytes=31505351 interval=2026-08-19 11:17:41..2026-08-19 11:22:41
2026-08-26 22:08:52,772 INFO peoplein.stream: analysis interval ready start=2026-08-19 11:17:41 end=2026-08-19 11:21:04
2026-08-26 22:09:02,140 INFO peoplein.stream: decoded loby/20260819-111741.mkv: 1015 frames
2026-08-26 22:09:02,142 INFO peoplein.stream: decoded entrance/20260819-111604.mkv: 1015 frames
2026-08-26 22:09:02,150 INFO __main__: analysis interval completed start=2026-08-19 11:17:41 end=2026-08-19 11:21:04 frames=2030 ticks=1015 entered=2 exited=1 people_inside=1
2026-08-26 22:09:02,153 INFO __main__: summary updated end=2026-08-19 11:21:04
2026-08-26 22:09:02,153 INFO peoplein.stream: download started camera=entrance file=20260819-112104.mkv
2026-08-26 22:09:26,001 INFO peoplein.stream: download completed camera=entrance file=20260819-112104.mkv bytes=31523556 interval=2026-08-19 11:21:04..2026-08-19 11:26:04
2026-08-26 22:09:26,002 INFO peoplein.stream: analysis interval ready start=2026-08-19 11:21:04 end=2026-08-19 11:22:41
2026-08-26 22:09:33,144 INFO peoplein.stream: decoded entrance/20260819-112104.mkv: 485 frames
2026-08-26 22:09:33,145 INFO peoplein.stream: decoded loby/20260819-111741.mkv: 485 frames
2026-08-26 22:09:33,152 INFO __main__: analysis interval completed start=2026-08-19 11:21:04 end=2026-08-19 11:22:41 frames=970 ticks=485 entered=2 exited=1 people_inside=1
2026-08-26 22:09:33,154 INFO __main__: summary updated end=2026-08-19 11:22:41
2026-08-26 22:09:33,154 INFO peoplein.stream: download started camera=loby file=20260819-112241.mkv
2026-08-26 22:09:58,929 INFO peoplein.stream: download completed camera=loby file=20260819-112241.mkv bytes=30268908 interval=2026-08-19 11:22:41..2026-08-19 11:27:41
2026-08-26 22:09:58,929 INFO peoplein.stream: analysis interval ready start=2026-08-19 11:22:41 end=2026-08-19 11:26:04
2026-08-26 22:10:08,225 INFO peoplein.stream: decoded loby/20260819-112241.mkv: 1015 frames
2026-08-26 22:10:08,227 INFO peoplein.stream: decoded entrance/20260819-112104.mkv: 1015 frames
2026-08-26 22:10:08,231 INFO __main__: analysis interval completed start=2026-08-19 11:22:41 end=2026-08-19 11:26:04 frames=2030 ticks=1015 entered=2 exited=1 people_inside=1
2026-08-26 22:10:08,233 INFO __main__: summary updated end=2026-08-19 11:26:04
2026-08-26 22:10:08,234 INFO peoplein.stream: download started camera=entrance file=20260819-112604.mkv
2026-08-26 22:10:29,738 INFO peoplein.stream: download completed camera=entrance file=20260819-112604.mkv bytes=31516751 interval=2026-08-19 11:26:04..2026-08-19 11:31:04
2026-08-26 22:10:29,738 INFO peoplein.stream: analysis interval ready start=2026-08-19 11:26:04 end=2026-08-19 11:27:41
2026-08-26 22:10:36,817 INFO peoplein.stream: decoded loby/20260819-112241.mkv: 485 frames
2026-08-26 22:10:36,824 INFO peoplein.stream: decoded entrance/20260819-112604.mkv: 485 frames
2026-08-26 22:10:36,827 INFO __main__: analysis interval completed start=2026-08-19 11:26:04 end=2026-08-19 11:27:41 frames=970 ticks=485 entered=2 exited=1 people_inside=1
2026-08-26 22:10:36,828 INFO __main__: summary updated end=2026-08-19 11:27:41
2026-08-26 22:10:36,829 INFO peoplein.stream: download started camera=loby file=20260819-112741.mkv
2026-08-26 22:11:03,655 INFO peoplein.stream: download completed camera=loby file=20260819-112741.mkv bytes=29494733 interval=2026-08-19 11:27:41..2026-08-19 11:32:41
2026-08-26 22:11:03,655 INFO peoplein.stream: analysis interval ready start=2026-08-19 11:27:41 end=2026-08-19 11:31:04
2026-08-26 22:11:13,234 INFO peoplein.stream: decoded loby/20260819-112741.mkv: 1015 frames
2026-08-26 22:11:13,237 INFO peoplein.stream: decoded entrance/20260819-112604.mkv: 1015 frames
2026-08-26 22:11:13,243 INFO __main__: analysis interval completed start=2026-08-19 11:27:41 end=2026-08-19 11:31:04 frames=2030 ticks=1015 entered=2 exited=1 people_inside=1
2026-08-26 22:11:13,245 INFO __main__: summary updated end=2026-08-19 11:31:04
2026-08-26 22:11:13,246 INFO peoplein.stream: download started camera=entrance file=20260819-113104.mkv
2026-08-26 22:11:35,227 INFO peoplein.stream: download completed camera=entrance file=20260819-113104.mkv bytes=31511367 interval=2026-08-19 11:31:04..2026-08-19 11:36:04
2026-08-26 22:11:35,227 INFO peoplein.stream: analysis interval ready start=2026-08-19 11:31:04 end=2026-08-19 11:32:41
2026-08-26 22:11:42,263 INFO peoplein.stream: decoded loby/20260819-112741.mkv: 485 frames
2026-08-26 22:11:42,266 INFO peoplein.stream: decoded entrance/20260819-113104.mkv: 485 frames
2026-08-26 22:11:42,272 INFO __main__: analysis interval completed start=2026-08-19 11:31:04 end=2026-08-19 11:32:41 frames=970 ticks=485 entered=2 exited=1 people_inside=1
2026-08-26 22:11:42,274 INFO __main__: summary updated end=2026-08-19 11:32:41
2026-08-26 22:11:42,274 INFO peoplein.stream: download started camera=loby file=20260819-113240.mkv
2026-08-26 22:12:07,380 INFO peoplein.stream: download completed camera=loby file=20260819-113240.mkv bytes=30222193 interval=2026-08-19 11:32:40..2026-08-19 11:37:40
2026-08-26 22:12:07,380 INFO peoplein.stream: analysis interval ready start=2026-08-19 11:32:40 end=2026-08-19 11:36:04
2026-08-26 22:12:18,233 INFO peoplein.stream: decoded entrance/20260819-113104.mkv: 1020 frames
2026-08-26 22:12:18,236 INFO peoplein.stream: decoded loby/20260819-113240.mkv: 1020 frames
2026-08-26 22:12:18,243 INFO __main__: analysis interval completed start=2026-08-19 11:32:40 end=2026-08-19 11:36:04 frames=2040 ticks=1020 entered=2 exited=1 people_inside=1
2026-08-26 22:12:18,245 INFO __main__: summary updated end=2026-08-19 11:36:04
2026-08-26 22:12:18,245 INFO peoplein.stream: download started camera=entrance file=20260819-113604.mkv
2026-08-26 22:12:44,371 INFO peoplein.stream: download completed camera=entrance file=20260819-113604.mkv bytes=31512219 interval=2026-08-19 11:36:04..2026-08-19 11:41:04
2026-08-26 22:12:44,372 INFO peoplein.stream: analysis interval ready start=2026-08-19 11:36:04 end=2026-08-19 11:37:40
2026-08-26 22:12:51,613 INFO peoplein.stream: decoded loby/20260819-113240.mkv: 480 frames
2026-08-26 22:12:51,615 INFO peoplein.stream: decoded entrance/20260819-113604.mkv: 480 frames
2026-08-26 22:12:51,620 INFO __main__: analysis interval completed start=2026-08-19 11:36:04 end=2026-08-19 11:37:40 frames=960 ticks=480 entered=2 exited=1 people_inside=1
2026-08-26 22:12:51,622 INFO __main__: summary updated end=2026-08-19 11:37:40
2026-08-26 22:12:51,623 INFO peoplein.stream: download started camera=loby file=20260819-113740.mkv
2026-08-26 22:13:16,155 INFO peoplein.stream: download completed camera=loby file=20260819-113740.mkv bytes=31131432 interval=2026-08-19 11:37:40..2026-08-19 11:42:40
2026-08-26 22:13:16,156 INFO peoplein.stream: analysis interval ready start=2026-08-19 11:37:40 end=2026-08-19 11:41:04
2026-08-26 22:13:25,739 INFO peoplein.stream: decoded loby/20260819-113740.mkv: 1020 frames
2026-08-26 22:13:25,742 INFO peoplein.stream: decoded entrance/20260819-113604.mkv: 1020 frames
2026-08-26 22:13:25,748 INFO __main__: analysis interval completed start=2026-08-19 11:37:40 end=2026-08-19 11:41:04 frames=2040 ticks=1020 entered=2 exited=1 people_inside=1
2026-08-26 22:13:25,750 INFO __main__: summary updated end=2026-08-19 11:41:04
2026-08-26 22:13:25,750 INFO peoplein.stream: download started camera=entrance file=20260819-114104.mkv
2026-08-26 22:13:52,952 INFO peoplein.stream: download completed camera=entrance file=20260819-114104.mkv bytes=31520992 interval=2026-08-19 11:41:04..2026-08-19 11:46:04
2026-08-26 22:13:52,952 INFO peoplein.stream: analysis interval ready start=2026-08-19 11:41:04 end=2026-08-19 11:42:40
2026-08-26 22:14:00,175 INFO peoplein.stream: decoded entrance/20260819-114104.mkv: 480 frames
2026-08-26 22:14:00,177 INFO peoplein.stream: decoded loby/20260819-113740.mkv: 480 frames
2026-08-26 22:14:00,183 INFO __main__: analysis interval completed start=2026-08-19 11:41:04 end=2026-08-19 11:42:40 frames=960 ticks=480 entered=2 exited=1 people_inside=1
2026-08-26 22:14:00,185 INFO __main__: summary updated end=2026-08-19 11:42:40
2026-08-26 22:14:00,186 INFO peoplein.stream: download started camera=loby file=20260819-114240.mkv
2026-08-26 22:14:24,532 INFO peoplein.stream: download completed camera=loby file=20260819-114240.mkv bytes=37973315 interval=2026-08-19 11:42:40..2026-08-19 11:47:42
2026-08-26 22:14:24,532 INFO peoplein.stream: analysis interval ready start=2026-08-19 11:42:40 end=2026-08-19 11:46:04
2026-08-26 22:14:34,123 INFO peoplein.stream: decoded loby/20260819-114240.mkv: 1020 frames
2026-08-26 22:14:34,124 INFO peoplein.stream: decoded entrance/20260819-114104.mkv: 1020 frames
2026-08-26 22:14:34,132 INFO __main__: analysis interval completed start=2026-08-19 11:42:40 end=2026-08-19 11:46:04 frames=2040 ticks=1020 entered=2 exited=1 people_inside=1
2026-08-26 22:14:34,134 INFO __main__: summary updated end=2026-08-19 11:46:04
2026-08-26 22:14:34,134 INFO peoplein.stream: download started camera=entrance file=20260819-114604.mkv
2026-08-26 22:14:50,898 INFO peoplein.stream: download completed camera=entrance file=20260819-114604.mkv bytes=31509169 interval=2026-08-19 11:46:04..2026-08-19 11:51:04
2026-08-26 22:14:50,898 INFO peoplein.stream: analysis interval ready start=2026-08-19 11:46:04 end=2026-08-19 11:47:42
2026-08-26 22:14:58,060 INFO peoplein.stream: decoded loby/20260819-114240.mkv: 490 frames
2026-08-26 22:14:58,063 INFO peoplein.stream: decoded entrance/20260819-114604.mkv: 490 frames
2026-08-26 22:14:58,069 INFO __main__: analysis interval completed start=2026-08-19 11:46:04 end=2026-08-19 11:47:42 frames=980 ticks=490 entered=2 exited=1 people_inside=1
2026-08-26 22:14:58,071 INFO __main__: summary updated end=2026-08-19 11:47:42
2026-08-26 22:14:58,072 INFO peoplein.stream: download started camera=loby file=20260819-114742.mkv
2026-08-26 22:15:25,469 INFO peoplein.stream: download completed camera=loby file=20260819-114742.mkv bytes=40920746 interval=2026-08-19 11:47:42..2026-08-19 11:52:42
2026-08-26 22:15:25,469 INFO peoplein.stream: analysis interval ready start=2026-08-19 11:47:42 end=2026-08-19 11:51:04
2026-08-26 22:15:34,765 INFO peoplein.stream: decoded entrance/20260819-114604.mkv: 1010 frames
2026-08-26 22:15:34,770 INFO peoplein.stream: decoded loby/20260819-114742.mkv: 1010 frames
2026-08-26 22:15:34,773 INFO __main__: analysis interval completed start=2026-08-19 11:47:42 end=2026-08-19 11:51:04 frames=2020 ticks=1010 entered=2 exited=1 people_inside=1
2026-08-26 22:15:34,776 INFO __main__: summary updated end=2026-08-19 11:51:04
2026-08-26 22:15:34,776 INFO peoplein.stream: download started camera=entrance file=20260819-115104.mkv
2026-08-26 22:15:55,100 INFO peoplein.stream: download completed camera=entrance file=20260819-115104.mkv bytes=31516115 interval=2026-08-19 11:51:04..2026-08-19 11:56:04
2026-08-26 22:15:55,101 INFO peoplein.stream: analysis interval ready start=2026-08-19 11:51:04 end=2026-08-19 11:52:42
2026-08-26 22:16:02,379 INFO peoplein.stream: decoded loby/20260819-114742.mkv: 490 frames
2026-08-26 22:16:02,385 INFO peoplein.stream: decoded entrance/20260819-115104.mkv: 490 frames
2026-08-26 22:16:02,387 INFO __main__: analysis interval completed start=2026-08-19 11:51:04 end=2026-08-19 11:52:42 frames=980 ticks=490 entered=2 exited=1 people_inside=1
2026-08-26 22:16:02,389 INFO __main__: summary updated end=2026-08-19 11:52:42
2026-08-26 22:16:02,389 INFO peoplein.stream: download started camera=loby file=20260819-115242.mkv
2026-08-26 22:16:26,996 INFO peoplein.stream: download completed camera=loby file=20260819-115242.mkv bytes=39895650 interval=2026-08-19 11:52:42..2026-08-19 11:57:42
2026-08-26 22:16:26,996 INFO peoplein.stream: analysis interval ready start=2026-08-19 11:52:42 end=2026-08-19 11:56:04
2026-08-26 22:16:36,503 INFO peoplein.stream: decoded entrance/20260819-115104.mkv: 1010 frames
2026-08-26 22:16:36,505 INFO peoplein.stream: decoded loby/20260819-115242.mkv: 1010 frames
2026-08-26 22:16:36,512 INFO __main__: analysis interval completed start=2026-08-19 11:52:42 end=2026-08-19 11:56:04 frames=2020 ticks=1010 entered=2 exited=1 people_inside=1
2026-08-26 22:16:36,514 INFO __main__: summary updated end=2026-08-19 11:56:04
2026-08-26 22:16:36,514 INFO peoplein.stream: download started camera=entrance file=20260819-115604.mkv
2026-08-26 22:16:55,394 INFO peoplein.stream: download completed camera=entrance file=20260819-115604.mkv bytes=31524058 interval=2026-08-19 11:56:04..2026-08-19 12:01:04
2026-08-26 22:16:55,394 INFO peoplein.stream: analysis interval ready start=2026-08-19 11:56:04 end=2026-08-19 11:57:42
2026-08-26 22:17:02,563 INFO peoplein.stream: decoded loby/20260819-115242.mkv: 490 frames
2026-08-26 22:17:02,564 INFO peoplein.stream: decoded entrance/20260819-115604.mkv: 490 frames
2026-08-26 22:17:02,572 INFO __main__: analysis interval completed start=2026-08-19 11:56:04 end=2026-08-19 11:57:42 frames=980 ticks=490 entered=2 exited=1 people_inside=1
2026-08-26 22:17:02,574 INFO __main__: summary updated end=2026-08-19 11:57:42
2026-08-26 22:17:02,574 INFO peoplein.stream: download started camera=loby file=20260819-115742.mkv
2026-08-26 22:17:26,016 INFO peoplein.stream: download completed camera=loby file=20260819-115742.mkv bytes=36257921 interval=2026-08-19 11:57:42..2026-08-19 12:02:42
2026-08-26 22:17:26,017 INFO peoplein.stream: analysis interval ready start=2026-08-19 11:57:42 end=2026-08-19 12:01:04
2026-08-26 22:17:35,384 INFO peoplein.stream: decoded loby/20260819-115742.mkv: 1010 frames
2026-08-26 22:17:35,386 INFO peoplein.stream: decoded entrance/20260819-115604.mkv: 1010 frames
2026-08-26 22:17:35,390 INFO __main__: analysis interval completed start=2026-08-19 11:57:42 end=2026-08-19 12:01:04 frames=2020 ticks=1010 entered=2 exited=1 people_inside=1
2026-08-26 22:17:35,393 INFO __main__: summary updated end=2026-08-19 12:01:04
2026-08-26 22:17:35,393 INFO peoplein.stream: download started camera=entrance file=20260819-120104.mkv
2026-08-26 22:17:53,650 INFO peoplein.stream: download completed camera=entrance file=20260819-120104.mkv bytes=31522961 interval=2026-08-19 12:01:04..2026-08-19 12:06:04
2026-08-26 22:17:53,651 INFO peoplein.stream: analysis interval ready start=2026-08-19 12:01:04 end=2026-08-19 12:02:42
2026-08-26 22:18:00,794 INFO peoplein.stream: decoded loby/20260819-115742.mkv: 490 frames
2026-08-26 22:18:00,796 INFO peoplein.stream: decoded entrance/20260819-120104.mkv: 490 frames
2026-08-26 22:18:00,801 INFO __main__: analysis interval completed start=2026-08-19 12:01:04 end=2026-08-19 12:02:42 frames=980 ticks=490 entered=2 exited=1 people_inside=1
2026-08-26 22:18:00,803 INFO __main__: summary updated end=2026-08-19 12:02:42
2026-08-26 22:18:00,804 INFO peoplein.stream: download started camera=loby file=20260819-120242.mkv
2026-08-26 22:18:23,961 INFO peoplein.stream: download completed camera=loby file=20260819-120242.mkv bytes=35268038 interval=2026-08-19 12:02:42..2026-08-19 12:07:42
2026-08-26 22:18:23,961 INFO peoplein.stream: analysis interval ready start=2026-08-19 12:02:42 end=2026-08-19 12:06:04
2026-08-26 22:18:33,410 INFO peoplein.stream: decoded loby/20260819-120242.mkv: 1010 frames
2026-08-26 22:18:33,410 INFO peoplein.stream: decoded entrance/20260819-120104.mkv: 1010 frames
2026-08-26 22:18:33,419 INFO __main__: analysis interval completed start=2026-08-19 12:02:42 end=2026-08-19 12:06:04 frames=2020 ticks=1010 entered=2 exited=1 people_inside=1
2026-08-26 22:18:33,421 INFO __main__: summary updated end=2026-08-19 12:06:04
2026-08-26 22:18:33,422 INFO peoplein.stream: download started camera=entrance file=20260819-120604.mkv
2026-08-26 22:18:52,858 INFO peoplein.stream: download completed camera=entrance file=20260819-120604.mkv bytes=31504126 interval=2026-08-19 12:06:04..2026-08-19 12:11:04
2026-08-26 22:18:52,858 INFO peoplein.stream: analysis interval ready start=2026-08-19 12:06:04 end=2026-08-19 12:07:42
2026-08-26 22:18:59,897 INFO peoplein.stream: decoded entrance/20260819-120604.mkv: 490 frames
2026-08-26 22:18:59,899 INFO peoplein.stream: decoded loby/20260819-120242.mkv: 490 frames
2026-08-26 22:18:59,903 INFO __main__: analysis interval completed start=2026-08-19 12:06:04 end=2026-08-19 12:07:42 frames=980 ticks=490 entered=2 exited=1 people_inside=1
2026-08-26 22:18:59,906 INFO __main__: summary updated end=2026-08-19 12:07:42
2026-08-26 22:18:59,906 INFO peoplein.stream: download started camera=loby file=20260819-120741.mkv
2026-08-26 22:19:20,365 INFO peoplein.stream: download completed camera=loby file=20260819-120741.mkv bytes=34724378 interval=2026-08-19 12:07:41..2026-08-19 12:12:41
2026-08-26 22:19:20,366 INFO peoplein.stream: analysis interval ready start=2026-08-19 12:07:41 end=2026-08-19 12:11:04
2026-08-26 22:19:29,811 INFO peoplein.stream: decoded entrance/20260819-120604.mkv: 1015 frames
2026-08-26 22:19:29,813 INFO peoplein.stream: decoded loby/20260819-120741.mkv: 1015 frames
2026-08-26 22:19:29,817 INFO __main__: analysis interval completed start=2026-08-19 12:07:41 end=2026-08-19 12:11:04 frames=2030 ticks=1015 entered=2 exited=1 people_inside=1
2026-08-26 22:19:29,819 INFO __main__: summary updated end=2026-08-19 12:11:04
2026-08-26 22:19:29,820 INFO peoplein.stream: download started camera=entrance file=20260819-121104.mkv
2026-08-26 22:19:49,780 INFO peoplein.stream: download completed camera=entrance file=20260819-121104.mkv bytes=31514796 interval=2026-08-19 12:11:04..2026-08-19 12:16:04
2026-08-26 22:19:49,780 INFO peoplein.stream: analysis interval ready start=2026-08-19 12:11:04 end=2026-08-19 12:12:41
2026-08-26 22:19:56,827 INFO peoplein.stream: decoded entrance/20260819-121104.mkv: 485 frames
2026-08-26 22:19:56,827 INFO peoplein.stream: decoded loby/20260819-120741.mkv: 485 frames
2026-08-26 22:19:56,835 INFO __main__: analysis interval completed start=2026-08-19 12:11:04 end=2026-08-19 12:12:41 frames=970 ticks=485 entered=2 exited=1 people_inside=1
2026-08-26 22:19:56,837 INFO __main__: summary updated end=2026-08-19 12:12:41
2026-08-26 22:19:56,838 INFO peoplein.stream: download started camera=loby file=20260819-121241.mkv
2026-08-26 22:20:20,254 INFO peoplein.stream: download completed camera=loby file=20260819-121241.mkv bytes=37853946 interval=2026-08-19 12:12:41..2026-08-19 12:17:41
2026-08-26 22:20:20,254 INFO peoplein.stream: analysis interval ready start=2026-08-19 12:12:41 end=2026-08-19 12:16:04
2026-08-26 22:20:29,679 INFO peoplein.stream: decoded entrance/20260819-121104.mkv: 1015 frames
2026-08-26 22:20:29,682 INFO peoplein.stream: decoded loby/20260819-121241.mkv: 1015 frames
2026-08-26 22:20:29,686 INFO __main__: analysis interval completed start=2026-08-19 12:12:41 end=2026-08-19 12:16:04 frames=2030 ticks=1015 entered=2 exited=1 people_inside=1
2026-08-26 22:20:29,689 INFO __main__: summary updated end=2026-08-19 12:16:04
2026-08-26 22:20:29,689 INFO peoplein.stream: download started camera=entrance file=20260819-121604.mkv
2026-08-26 22:20:52,009 INFO peoplein.stream: download completed camera=entrance file=20260819-121604.mkv bytes=31501124 interval=2026-08-19 12:16:04..2026-08-19 12:21:04
2026-08-26 22:20:52,010 INFO peoplein.stream: analysis interval ready start=2026-08-19 12:16:04 end=2026-08-19 12:17:41
2026-08-26 22:20:59,077 INFO peoplein.stream: decoded loby/20260819-121241.mkv: 485 frames
2026-08-26 22:20:59,082 INFO peoplein.stream: decoded entrance/20260819-121604.mkv: 485 frames
2026-08-26 22:20:59,083 INFO __main__: analysis interval completed start=2026-08-19 12:16:04 end=2026-08-19 12:17:41 frames=970 ticks=485 entered=2 exited=1 people_inside=1
2026-08-26 22:20:59,085 INFO __main__: summary updated end=2026-08-19 12:17:41
2026-08-26 22:20:59,085 INFO peoplein.stream: download started camera=loby file=20260819-121741.mkv
2026-08-26 22:21:21,235 INFO peoplein.stream: download completed camera=loby file=20260819-121741.mkv bytes=41123737 interval=2026-08-19 12:17:41..2026-08-19 12:22:41
2026-08-26 22:21:21,235 INFO peoplein.stream: analysis interval ready start=2026-08-19 12:17:41 end=2026-08-19 12:21:04
2026-08-26 22:21:30,708 INFO peoplein.stream: decoded loby/20260819-121741.mkv: 1015 frames
2026-08-26 22:21:30,714 INFO peoplein.stream: decoded entrance/20260819-121604.mkv: 1015 frames
2026-08-26 22:21:30,718 INFO __main__: analysis interval completed start=2026-08-19 12:17:41 end=2026-08-19 12:21:04 frames=2030 ticks=1015 entered=2 exited=1 people_inside=1
2026-08-26 22:21:30,720 INFO __main__: summary updated end=2026-08-19 12:21:04
2026-08-26 22:21:30,721 INFO peoplein.stream: download started camera=entrance file=20260819-122104.mkv
2026-08-26 22:21:53,258 INFO peoplein.stream: download completed camera=entrance file=20260819-122104.mkv bytes=31526215 interval=2026-08-19 12:21:04..2026-08-19 12:26:04
2026-08-26 22:21:53,258 INFO peoplein.stream: analysis interval ready start=2026-08-19 12:21:04 end=2026-08-19 12:22:41
2026-08-26 22:22:00,319 INFO peoplein.stream: decoded loby/20260819-121741.mkv: 485 frames
2026-08-26 22:22:00,319 INFO peoplein.stream: decoded entrance/20260819-122104.mkv: 485 frames
2026-08-26 22:22:00,325 INFO __main__: analysis interval completed start=2026-08-19 12:21:04 end=2026-08-19 12:22:41 frames=970 ticks=485 entered=2 exited=1 people_inside=1
2026-08-26 22:22:00,328 INFO __main__: summary updated end=2026-08-19 12:22:41
2026-08-26 22:22:00,328 INFO peoplein.stream: download started camera=loby file=20260819-122241.mkv
2026-08-26 22:22:25,641 INFO peoplein.stream: download completed camera=loby file=20260819-122241.mkv bytes=40303194 interval=2026-08-19 12:22:41..2026-08-19 12:27:41
2026-08-26 22:22:25,641 INFO peoplein.stream: analysis interval ready start=2026-08-19 12:22:41 end=2026-08-19 12:26:04
2026-08-26 22:22:35,102 INFO peoplein.stream: decoded entrance/20260819-122104.mkv: 1015 frames
2026-08-26 22:22:35,103 INFO peoplein.stream: decoded loby/20260819-122241.mkv: 1015 frames
2026-08-26 22:22:35,110 INFO __main__: analysis interval completed start=2026-08-19 12:22:41 end=2026-08-19 12:26:04 frames=2030 ticks=1015 entered=2 exited=1 people_inside=1
2026-08-26 22:22:35,112 INFO __main__: summary updated end=2026-08-19 12:26:04
2026-08-26 22:22:35,112 INFO peoplein.stream: download started camera=entrance file=20260819-122604.mkv
2026-08-26 22:22:54,866 INFO peoplein.stream: download completed camera=entrance file=20260819-122604.mkv bytes=31518002 interval=2026-08-19 12:26:04..2026-08-19 12:31:04
2026-08-26 22:22:54,867 INFO peoplein.stream: analysis interval ready start=2026-08-19 12:26:04 end=2026-08-19 12:27:41
2026-08-26 22:23:02,175 INFO peoplein.stream: decoded loby/20260819-122241.mkv: 485 frames
2026-08-26 22:23:02,178 INFO peoplein.stream: decoded entrance/20260819-122604.mkv: 485 frames
2026-08-26 22:23:02,181 INFO __main__: analysis interval completed start=2026-08-19 12:26:04 end=2026-08-19 12:27:41 frames=970 ticks=485 entered=2 exited=1 people_inside=1
2026-08-26 22:23:02,183 INFO __main__: summary updated end=2026-08-19 12:27:41
2026-08-26 22:23:02,184 INFO peoplein.stream: download started camera=loby file=20260819-122741.mkv
2026-08-26 22:23:24,194 INFO peoplein.stream: download completed camera=loby file=20260819-122741.mkv bytes=40687163 interval=2026-08-19 12:27:41..2026-08-19 12:32:41
2026-08-26 22:23:24,195 INFO peoplein.stream: analysis interval ready start=2026-08-19 12:27:41 end=2026-08-19 12:31:04
2026-08-26 22:23:33,999 INFO peoplein.stream: decoded loby/20260819-122741.mkv: 1015 frames
2026-08-26 22:23:34,003 INFO peoplein.stream: decoded entrance/20260819-122604.mkv: 1015 frames
2026-08-26 22:23:34,007 INFO __main__: analysis interval completed start=2026-08-19 12:27:41 end=2026-08-19 12:31:04 frames=2030 ticks=1015 entered=2 exited=1 people_inside=1
2026-08-26 22:23:34,009 INFO __main__: summary updated end=2026-08-19 12:31:04
2026-08-26 22:23:34,009 INFO peoplein.stream: download started camera=entrance file=20260819-123104.mkv
2026-08-26 22:23:56,713 INFO peoplein.stream: download completed camera=entrance file=20260819-123104.mkv bytes=31524065 interval=2026-08-19 12:31:04..2026-08-19 12:36:04
2026-08-26 22:23:56,714 INFO peoplein.stream: analysis interval ready start=2026-08-19 12:31:04 end=2026-08-19 12:32:41
2026-08-26 22:24:03,986 INFO peoplein.stream: decoded entrance/20260819-123104.mkv: 485 frames
2026-08-26 22:24:03,987 INFO peoplein.stream: decoded loby/20260819-122741.mkv: 485 frames
2026-08-26 22:24:03,993 INFO __main__: analysis interval completed start=2026-08-19 12:31:04 end=2026-08-19 12:32:41 frames=970 ticks=485 entered=2 exited=1 people_inside=1
2026-08-26 22:24:03,995 INFO __main__: summary updated end=2026-08-19 12:32:41
2026-08-26 22:24:03,996 INFO peoplein.stream: download started camera=loby file=20260819-123241.mkv
2026-08-26 22:24:26,563 INFO peoplein.stream: download completed camera=loby file=20260819-123241.mkv bytes=40302814 interval=2026-08-19 12:32:41..2026-08-19 12:37:41
2026-08-26 22:24:26,564 INFO peoplein.stream: analysis interval ready start=2026-08-19 12:32:41 end=2026-08-19 12:36:04
2026-08-26 22:24:36,323 INFO peoplein.stream: decoded entrance/20260819-123104.mkv: 1015 frames
2026-08-26 22:24:36,327 INFO peoplein.stream: decoded loby/20260819-123241.mkv: 1015 frames
2026-08-26 22:24:36,331 INFO __main__: analysis interval completed start=2026-08-19 12:32:41 end=2026-08-19 12:36:04 frames=2030 ticks=1015 entered=2 exited=1 people_inside=1
2026-08-26 22:24:36,333 INFO __main__: summary updated end=2026-08-19 12:36:04
2026-08-26 22:24:36,333 INFO peoplein.stream: download started camera=entrance file=20260819-123604.mkv
2026-08-26 22:24:53,299 INFO peoplein.stream: download completed camera=entrance file=20260819-123604.mkv bytes=31516905 interval=2026-08-19 12:36:04..2026-08-19 12:41:04
2026-08-26 22:24:53,299 INFO peoplein.stream: analysis interval ready start=2026-08-19 12:36:04 end=2026-08-19 12:37:41
2026-08-26 22:25:00,498 INFO peoplein.stream: decoded entrance/20260819-123604.mkv: 485 frames
2026-08-26 22:25:00,498 INFO peoplein.stream: decoded loby/20260819-123241.mkv: 485 frames
2026-08-26 22:25:00,501 INFO __main__: analysis interval completed start=2026-08-19 12:36:04 end=2026-08-19 12:37:41 frames=970 ticks=485 entered=2 exited=1 people_inside=1
2026-08-26 22:25:00,503 INFO __main__: summary updated end=2026-08-19 12:37:41
2026-08-26 22:25:00,504 INFO peoplein.stream: download started camera=loby file=20260819-123741.mkv
2026-08-26 22:25:26,987 INFO peoplein.stream: download completed camera=loby file=20260819-123741.mkv bytes=40077919 interval=2026-08-19 12:37:41..2026-08-19 12:42:41
2026-08-26 22:25:26,988 INFO peoplein.stream: analysis interval ready start=2026-08-19 12:37:41 end=2026-08-19 12:41:04
2026-08-26 22:25:36,973 INFO peoplein.stream: decoded entrance/20260819-123604.mkv: 1015 frames
2026-08-26 22:25:36,973 INFO peoplein.stream: decoded loby/20260819-123741.mkv: 1015 frames
2026-08-26 22:25:36,977 INFO __main__: analysis interval completed start=2026-08-19 12:37:41 end=2026-08-19 12:41:04 frames=2030 ticks=1015 entered=2 exited=1 people_inside=1
2026-08-26 22:25:36,978 INFO __main__: summary updated end=2026-08-19 12:41:04
2026-08-26 22:25:36,979 INFO peoplein.stream: download started camera=entrance file=20260819-124104.mkv
2026-08-26 22:25:58,895 INFO peoplein.stream: download completed camera=entrance file=20260819-124104.mkv bytes=31502923 interval=2026-08-19 12:41:04..2026-08-19 12:46:04
2026-08-26 22:25:58,896 INFO peoplein.stream: analysis interval ready start=2026-08-19 12:41:04 end=2026-08-19 12:42:41
2026-08-26 22:26:06,102 INFO peoplein.stream: decoded loby/20260819-123741.mkv: 485 frames
2026-08-26 22:26:06,102 INFO peoplein.stream: decoded entrance/20260819-124104.mkv: 485 frames
2026-08-26 22:26:06,110 INFO __main__: analysis interval completed start=2026-08-19 12:41:04 end=2026-08-19 12:42:41 frames=970 ticks=485 entered=2 exited=1 people_inside=1
2026-08-26 22:26:06,113 INFO __main__: summary updated end=2026-08-19 12:42:41
2026-08-26 22:26:06,113 INFO peoplein.stream: download started camera=loby file=20260819-124241.mkv
2026-08-26 22:26:29,325 INFO peoplein.stream: download completed camera=loby file=20260819-124241.mkv bytes=40527665 interval=2026-08-19 12:42:41..2026-08-19 12:47:41
2026-08-26 22:26:29,326 INFO peoplein.stream: analysis interval ready start=2026-08-19 12:42:41 end=2026-08-19 12:46:04
2026-08-26 22:26:38,947 INFO peoplein.stream: decoded loby/20260819-124241.mkv: 1015 frames
2026-08-26 22:26:38,953 INFO peoplein.stream: decoded entrance/20260819-124104.mkv: 1015 frames
2026-08-26 22:26:38,956 INFO __main__: analysis interval completed start=2026-08-19 12:42:41 end=2026-08-19 12:46:04 frames=2030 ticks=1015 entered=2 exited=1 people_inside=1
2026-08-26 22:26:38,958 INFO __main__: summary updated end=2026-08-19 12:46:04
2026-08-26 22:26:38,959 INFO peoplein.stream: download started camera=entrance file=20260819-124604.mkv
2026-08-26 22:26:56,320 INFO peoplein.stream: download completed camera=entrance file=20260819-124604.mkv bytes=31522864 interval=2026-08-19 12:46:04..2026-08-19 12:51:04
2026-08-26 22:26:56,322 INFO peoplein.stream: analysis interval ready start=2026-08-19 12:46:04 end=2026-08-19 12:47:41
2026-08-26 22:27:03,464 INFO peoplein.stream: decoded entrance/20260819-124604.mkv: 485 frames
2026-08-26 22:27:03,465 INFO peoplein.stream: decoded loby/20260819-124241.mkv: 485 frames
2026-08-26 22:27:03,472 INFO __main__: analysis interval completed start=2026-08-19 12:46:04 end=2026-08-19 12:47:41 frames=970 ticks=485 entered=2 exited=1 people_inside=1
2026-08-26 22:27:03,474 INFO __main__: summary updated end=2026-08-19 12:47:41
2026-08-26 22:27:03,474 INFO peoplein.stream: download started camera=loby file=20260819-124740.mkv
2026-08-26 22:27:27,532 INFO peoplein.stream: download completed camera=loby file=20260819-124740.mkv bytes=41060510 interval=2026-08-19 12:47:40..2026-08-19 12:52:40
2026-08-26 22:27:27,533 INFO peoplein.stream: analysis interval ready start=2026-08-19 12:47:40 end=2026-08-19 12:51:04
2026-08-26 22:27:37,013 INFO peoplein.stream: decoded entrance/20260819-124604.mkv: 1020 frames
2026-08-26 22:27:37,013 INFO peoplein.stream: decoded loby/20260819-124740.mkv: 1020 frames
2026-08-26 22:27:37,019 INFO __main__: analysis interval completed start=2026-08-19 12:47:40 end=2026-08-19 12:51:04 frames=2040 ticks=1020 entered=2 exited=1 people_inside=1
2026-08-26 22:27:37,022 INFO __main__: summary updated end=2026-08-19 12:51:04
2026-08-26 22:27:37,022 INFO peoplein.stream: download started camera=entrance file=20260819-125104.mkv
2026-08-26 22:27:55,289 INFO peoplein.stream: download completed camera=entrance file=20260819-125104.mkv bytes=31523587 interval=2026-08-19 12:51:04..2026-08-19 12:56:04
2026-08-26 22:27:55,290 INFO peoplein.stream: analysis interval ready start=2026-08-19 12:51:04 end=2026-08-19 12:52:40
2026-08-26 22:28:02,475 INFO peoplein.stream: decoded loby/20260819-124740.mkv: 480 frames
2026-08-26 22:28:02,475 INFO peoplein.stream: decoded entrance/20260819-125104.mkv: 480 frames
2026-08-26 22:28:02,483 INFO __main__: analysis interval completed start=2026-08-19 12:51:04 end=2026-08-19 12:52:40 frames=960 ticks=480 entered=2 exited=1 people_inside=1
2026-08-26 22:28:02,486 INFO __main__: summary updated end=2026-08-19 12:52:40
2026-08-26 22:28:02,486 INFO peoplein.stream: download started camera=loby file=20260819-125240.mkv
2026-08-26 22:28:26,691 INFO peoplein.stream: download completed camera=loby file=20260819-125240.mkv bytes=40909720 interval=2026-08-19 12:52:40..2026-08-19 12:57:40
2026-08-26 22:28:26,692 INFO peoplein.stream: analysis interval ready start=2026-08-19 12:52:40 end=2026-08-19 12:56:04
2026-08-26 22:28:36,225 INFO peoplein.stream: decoded loby/20260819-125240.mkv: 1020 frames
2026-08-26 22:28:36,227 INFO peoplein.stream: decoded entrance/20260819-125104.mkv: 1020 frames
2026-08-26 22:28:36,234 INFO __main__: analysis interval completed start=2026-08-19 12:52:40 end=2026-08-19 12:56:04 frames=2040 ticks=1020 entered=2 exited=1 people_inside=1
2026-08-26 22:28:36,236 INFO __main__: summary updated end=2026-08-19 12:56:04
2026-08-26 22:28:36,237 INFO peoplein.stream: download started camera=entrance file=20260819-125604.mkv
2026-08-26 22:28:58,703 INFO peoplein.stream: download completed camera=entrance file=20260819-125604.mkv bytes=31510009 interval=2026-08-19 12:56:04..2026-08-19 13:01:04
2026-08-26 22:28:58,704 INFO peoplein.stream: analysis interval ready start=2026-08-19 12:56:04 end=2026-08-19 12:57:40
2026-08-26 22:29:05,842 INFO peoplein.stream: decoded entrance/20260819-125604.mkv: 480 frames
2026-08-26 22:29:05,846 INFO peoplein.stream: decoded loby/20260819-125240.mkv: 480 frames
2026-08-26 22:29:05,849 INFO __main__: analysis interval completed start=2026-08-19 12:56:04 end=2026-08-19 12:57:40 frames=960 ticks=480 entered=2 exited=1 people_inside=1
2026-08-26 22:29:05,852 INFO __main__: summary updated end=2026-08-19 12:57:40
2026-08-26 22:29:05,853 INFO peoplein.stream: download started camera=loby file=20260819-125740.mkv
2026-08-26 22:29:32,510 INFO peoplein.stream: download completed camera=loby file=20260819-125740.mkv bytes=40802593 interval=2026-08-19 12:57:40..2026-08-19 13:02:40
2026-08-26 22:29:32,511 INFO peoplein.stream: analysis interval ready start=2026-08-19 12:57:40 end=2026-08-19 13:01:04
2026-08-26 22:29:42,073 INFO peoplein.stream: decoded entrance/20260819-125604.mkv: 1020 frames
2026-08-26 22:29:42,074 INFO peoplein.stream: decoded loby/20260819-125740.mkv: 1020 frames
2026-08-26 22:29:42,081 INFO __main__: analysis interval completed start=2026-08-19 12:57:40 end=2026-08-19 13:01:04 frames=2040 ticks=1020 entered=2 exited=1 people_inside=1
2026-08-26 22:29:42,084 INFO __main__: summary updated end=2026-08-19 13:01:04
2026-08-26 22:29:42,084 INFO peoplein.stream: download started camera=entrance file=20260819-130104.mkv
2026-08-26 22:30:00,841 INFO peoplein.stream: download completed camera=entrance file=20260819-130104.mkv bytes=31514967 interval=2026-08-19 13:01:04..2026-08-19 13:06:04
2026-08-26 22:30:00,841 INFO peoplein.stream: analysis interval ready start=2026-08-19 13:01:04 end=2026-08-19 13:02:40
2026-08-26 22:30:08,005 INFO peoplein.stream: decoded entrance/20260819-130104.mkv: 480 frames
2026-08-26 22:30:08,009 INFO peoplein.stream: decoded loby/20260819-125740.mkv: 480 frames
2026-08-26 22:30:08,010 INFO __main__: analysis interval completed start=2026-08-19 13:01:04 end=2026-08-19 13:02:40 frames=960 ticks=480 entered=2 exited=1 people_inside=1
2026-08-26 22:30:08,011 INFO __main__: summary updated end=2026-08-19 13:02:40
2026-08-26 22:30:08,012 INFO peoplein.stream: download started camera=loby file=20260819-130240.mkv
2026-08-26 22:30:37,106 INFO peoplein.stream: download completed camera=loby file=20260819-130240.mkv bytes=39961895 interval=2026-08-19 13:02:40..2026-08-19 13:07:42
2026-08-26 22:30:37,106 INFO peoplein.stream: analysis interval ready start=2026-08-19 13:02:40 end=2026-08-19 13:06:04
2026-08-26 22:30:46,805 INFO peoplein.stream: decoded entrance/20260819-130104.mkv: 1020 frames
2026-08-26 22:30:46,806 INFO peoplein.stream: decoded loby/20260819-130240.mkv: 1020 frames
2026-08-26 22:30:46,811 INFO __main__: analysis interval completed start=2026-08-19 13:02:40 end=2026-08-19 13:06:04 frames=2040 ticks=1020 entered=2 exited=1 people_inside=1
2026-08-26 22:30:46,814 INFO __main__: summary updated end=2026-08-19 13:06:04
2026-08-26 22:30:46,814 INFO peoplein.stream: download started camera=entrance file=20260819-130604.mkv
2026-08-26 22:31:03,910 INFO peoplein.stream: download completed camera=entrance file=20260819-130604.mkv bytes=31519051 interval=2026-08-19 13:06:04..2026-08-19 13:11:04
2026-08-26 22:31:03,911 INFO peoplein.stream: analysis interval ready start=2026-08-19 13:06:04 end=2026-08-19 13:07:42
2026-08-26 22:31:11,306 INFO peoplein.stream: decoded loby/20260819-130240.mkv: 490 frames
2026-08-26 22:31:11,307 INFO peoplein.stream: decoded entrance/20260819-130604.mkv: 490 frames
2026-08-26 22:31:11,312 INFO __main__: analysis interval completed start=2026-08-19 13:06:04 end=2026-08-19 13:07:42 frames=980 ticks=490 entered=2 exited=1 people_inside=1
2026-08-26 22:31:11,314 INFO __main__: summary updated end=2026-08-19 13:07:42
2026-08-26 22:31:11,315 INFO peoplein.stream: download started camera=loby file=20260819-130742.mkv
2026-08-26 22:31:34,295 INFO peoplein.stream: download completed camera=loby file=20260819-130742.mkv bytes=38754320 interval=2026-08-19 13:07:42..2026-08-19 13:12:42
2026-08-26 22:31:34,295 INFO peoplein.stream: analysis interval ready start=2026-08-19 13:07:42 end=2026-08-19 13:11:04
2026-08-26 22:31:43,899 INFO peoplein.stream: decoded entrance/20260819-130604.mkv: 1010 frames
2026-08-26 22:31:43,903 INFO peoplein.stream: decoded loby/20260819-130742.mkv: 1010 frames
2026-08-26 22:31:43,909 INFO __main__: analysis interval completed start=2026-08-19 13:07:42 end=2026-08-19 13:11:04 frames=2020 ticks=1010 entered=2 exited=1 people_inside=1
2026-08-26 22:31:43,910 INFO __main__: summary updated end=2026-08-19 13:11:04
2026-08-26 22:31:43,911 INFO peoplein.stream: download started camera=entrance file=20260819-131104.mkv
2026-08-26 22:32:05,169 INFO peoplein.stream: download completed camera=entrance file=20260819-131104.mkv bytes=31496433 interval=2026-08-19 13:11:04..2026-08-19 13:16:04
2026-08-26 22:32:05,170 INFO peoplein.stream: analysis interval ready start=2026-08-19 13:11:04 end=2026-08-19 13:12:42
2026-08-26 22:32:12,239 INFO peoplein.stream: decoded entrance/20260819-131104.mkv: 490 frames
2026-08-26 22:32:12,247 INFO peoplein.stream: decoded loby/20260819-130742.mkv: 490 frames
2026-08-26 22:32:12,250 INFO __main__: analysis interval completed start=2026-08-19 13:11:04 end=2026-08-19 13:12:42 frames=980 ticks=490 entered=2 exited=1 people_inside=1
2026-08-26 22:32:12,252 INFO __main__: summary updated end=2026-08-19 13:12:42
2026-08-26 22:32:12,252 INFO peoplein.stream: download started camera=loby file=20260819-131242.mkv
2026-08-26 22:32:35,622 INFO peoplein.stream: download completed camera=loby file=20260819-131242.mkv bytes=36879256 interval=2026-08-19 13:12:42..2026-08-19 13:17:42
2026-08-26 22:32:35,622 INFO peoplein.stream: analysis interval ready start=2026-08-19 13:12:42 end=2026-08-19 13:16:04
2026-08-26 22:32:45,333 INFO peoplein.stream: decoded loby/20260819-131242.mkv: 1010 frames
2026-08-26 22:32:45,336 INFO peoplein.stream: decoded entrance/20260819-131104.mkv: 1010 frames
2026-08-26 22:32:45,340 INFO __main__: analysis interval completed start=2026-08-19 13:12:42 end=2026-08-19 13:16:04 frames=2020 ticks=1010 entered=2 exited=1 people_inside=1
2026-08-26 22:32:45,342 INFO __main__: summary updated end=2026-08-19 13:16:04
2026-08-26 22:32:45,343 INFO peoplein.stream: download started camera=entrance file=20260819-131604.mkv
2026-08-26 22:33:06,667 INFO peoplein.stream: download completed camera=entrance file=20260819-131604.mkv bytes=29997694 interval=2026-08-19 13:16:04..2026-08-19 13:21:04
2026-08-26 22:33:06,668 INFO peoplein.stream: analysis interval ready start=2026-08-19 13:16:04 end=2026-08-19 13:17:42
2026-08-26 22:33:13,793 INFO peoplein.stream: decoded loby/20260819-131242.mkv: 490 frames
2026-08-26 22:33:13,800 INFO peoplein.stream: decoded entrance/20260819-131604.mkv: 490 frames
2026-08-26 22:33:13,802 INFO __main__: analysis interval completed start=2026-08-19 13:16:04 end=2026-08-19 13:17:42 frames=980 ticks=490 entered=2 exited=1 people_inside=1
2026-08-26 22:33:13,804 INFO __main__: summary updated end=2026-08-19 13:17:42
2026-08-26 22:33:13,805 INFO peoplein.stream: download started camera=loby file=20260819-131742.mkv
2026-08-26 22:33:30,668 INFO peoplein.stream: download completed camera=loby file=20260819-131742.mkv bytes=34603588 interval=2026-08-19 13:17:42..2026-08-19 13:22:42
2026-08-26 22:33:30,668 INFO peoplein.stream: analysis interval ready start=2026-08-19 13:17:42 end=2026-08-19 13:21:04
2026-08-26 22:33:40,174 INFO peoplein.stream: decoded loby/20260819-131742.mkv: 1010 frames
2026-08-26 22:33:40,178 INFO peoplein.stream: decoded entrance/20260819-131604.mkv: 1010 frames
2026-08-26 22:33:40,183 INFO __main__: analysis interval completed start=2026-08-19 13:17:42 end=2026-08-19 13:21:04 frames=2020 ticks=1010 entered=2 exited=1 people_inside=1
2026-08-26 22:33:40,185 INFO __main__: summary updated end=2026-08-19 13:21:04
2026-08-26 22:33:40,186 INFO peoplein.stream: download started camera=entrance file=20260819-132104.mkv
2026-08-26 22:33:56,194 INFO peoplein.stream: download completed camera=entrance file=20260819-132104.mkv bytes=26385058 interval=2026-08-19 13:21:04..2026-08-19 13:26:04
2026-08-26 22:33:56,194 INFO peoplein.stream: analysis interval ready start=2026-08-19 13:21:04 end=2026-08-19 13:22:42
2026-08-26 22:34:03,138 INFO peoplein.stream: decoded entrance/20260819-132104.mkv: 490 frames
2026-08-26 22:34:03,139 INFO peoplein.stream: decoded loby/20260819-131742.mkv: 490 frames
2026-08-26 22:34:03,143 INFO __main__: analysis interval completed start=2026-08-19 13:21:04 end=2026-08-19 13:22:42 frames=980 ticks=490 entered=2 exited=1 people_inside=1
2026-08-26 22:34:03,145 INFO __main__: summary updated end=2026-08-19 13:22:42
2026-08-26 22:34:03,145 INFO peoplein.stream: download started camera=loby file=20260819-132242.mkv
2026-08-26 22:34:21,407 INFO peoplein.stream: download completed camera=loby file=20260819-132242.mkv bytes=32056729 interval=2026-08-19 13:22:42..2026-08-19 13:27:42
2026-08-26 22:34:21,407 INFO peoplein.stream: analysis interval ready start=2026-08-19 13:22:42 end=2026-08-19 13:26:04
2026-08-26 22:34:30,845 INFO peoplein.stream: decoded loby/20260819-132242.mkv: 1010 frames
2026-08-26 22:34:30,848 INFO peoplein.stream: decoded entrance/20260819-132104.mkv: 1010 frames
2026-08-26 22:34:30,853 INFO __main__: analysis interval completed start=2026-08-19 13:22:42 end=2026-08-19 13:26:04 frames=2020 ticks=1010 entered=2 exited=1 people_inside=1
2026-08-26 22:34:30,855 INFO __main__: summary updated end=2026-08-19 13:26:04
2026-08-26 22:34:30,855 INFO peoplein.stream: download started camera=entrance file=20260819-132604.mkv
2026-08-26 22:34:45,944 INFO peoplein.stream: download completed camera=entrance file=20260819-132604.mkv bytes=23710358 interval=2026-08-19 13:26:04..2026-08-19 13:31:04
2026-08-26 22:34:45,945 INFO peoplein.stream: analysis interval ready start=2026-08-19 13:26:04 end=2026-08-19 13:27:42
2026-08-26 22:34:52,867 INFO peoplein.stream: decoded entrance/20260819-132604.mkv: 490 frames
2026-08-26 22:34:52,867 INFO peoplein.stream: decoded loby/20260819-132242.mkv: 490 frames
2026-08-26 22:34:52,875 INFO __main__: analysis interval completed start=2026-08-19 13:26:04 end=2026-08-19 13:27:42 frames=980 ticks=490 entered=2 exited=1 people_inside=1
2026-08-26 22:34:52,877 INFO __main__: summary updated end=2026-08-19 13:27:42
2026-08-26 22:34:52,877 INFO peoplein.stream: download started camera=loby file=20260819-132741.mkv
2026-08-26 22:35:14,536 INFO peoplein.stream: download completed camera=loby file=20260819-132741.mkv bytes=30776688 interval=2026-08-19 13:27:41..2026-08-19 13:32:41
2026-08-26 22:35:14,536 INFO peoplein.stream: analysis interval ready start=2026-08-19 13:27:41 end=2026-08-19 13:31:04
2026-08-26 22:35:23,998 INFO peoplein.stream: decoded entrance/20260819-132604.mkv: 1015 frames
2026-08-26 22:35:24,000 INFO peoplein.stream: decoded loby/20260819-132741.mkv: 1015 frames
2026-08-26 22:35:24,005 INFO __main__: analysis interval completed start=2026-08-19 13:27:41 end=2026-08-19 13:31:04 frames=2030 ticks=1015 entered=2 exited=1 people_inside=1
2026-08-26 22:35:24,007 INFO __main__: summary updated end=2026-08-19 13:31:04
2026-08-26 22:35:24,008 INFO peoplein.stream: download started camera=entrance file=20260819-133104.mkv
2026-08-26 22:35:43,192 INFO peoplein.stream: download completed camera=entrance file=20260819-133104.mkv bytes=26728825 interval=2026-08-19 13:31:04..2026-08-19 13:36:04
2026-08-26 22:35:43,192 INFO peoplein.stream: analysis interval ready start=2026-08-19 13:31:04 end=2026-08-19 13:32:41
2026-08-26 22:35:50,251 INFO peoplein.stream: decoded loby/20260819-132741.mkv: 485 frames
2026-08-26 22:35:50,251 INFO peoplein.stream: decoded entrance/20260819-133104.mkv: 485 frames
2026-08-26 22:35:50,255 INFO __main__: analysis interval completed start=2026-08-19 13:31:04 end=2026-08-19 13:32:41 frames=970 ticks=485 entered=2 exited=1 people_inside=1
2026-08-26 22:35:50,257 INFO __main__: summary updated end=2026-08-19 13:32:41
2026-08-26 22:35:50,257 INFO peoplein.stream: download started camera=loby file=20260819-133241.mkv
2026-08-26 22:36:08,303 INFO peoplein.stream: download completed camera=loby file=20260819-133241.mkv bytes=29619819 interval=2026-08-19 13:32:41..2026-08-19 13:37:41
2026-08-26 22:36:08,304 INFO peoplein.stream: analysis interval ready start=2026-08-19 13:32:41 end=2026-08-19 13:36:04
2026-08-26 22:36:17,635 INFO peoplein.stream: decoded loby/20260819-133241.mkv: 1015 frames
2026-08-26 22:36:17,635 INFO peoplein.stream: decoded entrance/20260819-133104.mkv: 1015 frames
2026-08-26 22:36:17,642 INFO __main__: analysis interval completed start=2026-08-19 13:32:41 end=2026-08-19 13:36:04 frames=2030 ticks=1015 entered=2 exited=1 people_inside=1
2026-08-26 22:36:17,645 INFO __main__: summary updated end=2026-08-19 13:36:04
2026-08-26 22:36:17,645 INFO peoplein.stream: download started camera=entrance file=20260819-133604.mkv
2026-08-26 22:36:43,357 INFO peoplein.stream: download completed camera=entrance file=20260819-133604.mkv bytes=31305732 interval=2026-08-19 13:36:04..2026-08-19 13:41:04
2026-08-26 22:36:43,358 INFO peoplein.stream: analysis interval ready start=2026-08-19 13:36:04 end=2026-08-19 13:37:41
2026-08-26 22:36:50,384 INFO peoplein.stream: decoded loby/20260819-133241.mkv: 485 frames
2026-08-26 22:36:50,386 INFO peoplein.stream: decoded entrance/20260819-133604.mkv: 485 frames
2026-08-26 22:36:50,390 INFO __main__: analysis interval completed start=2026-08-19 13:36:04 end=2026-08-19 13:37:41 frames=970 ticks=485 entered=2 exited=1 people_inside=1
2026-08-26 22:36:50,392 INFO __main__: summary updated end=2026-08-19 13:37:41
2026-08-26 22:36:50,392 INFO peoplein.stream: download started camera=loby file=20260819-133741.mkv
2026-08-26 22:37:12,523 INFO peoplein.stream: download completed camera=loby file=20260819-133741.mkv bytes=30681384 interval=2026-08-19 13:37:41..2026-08-19 13:42:41
2026-08-26 22:37:12,524 INFO peoplein.stream: analysis interval ready start=2026-08-19 13:37:41 end=2026-08-19 13:41:04
2026-08-26 22:37:21,957 INFO peoplein.stream: decoded loby/20260819-133741.mkv: 1015 frames
2026-08-26 22:37:21,963 INFO peoplein.stream: decoded entrance/20260819-133604.mkv: 1015 frames
2026-08-26 22:37:21,967 INFO __main__: analysis interval completed start=2026-08-19 13:37:41 end=2026-08-19 13:41:04 frames=2030 ticks=1015 entered=2 exited=1 people_inside=1
2026-08-26 22:37:21,969 INFO __main__: summary updated end=2026-08-19 13:41:04
2026-08-26 22:37:21,969 INFO peoplein.stream: download started camera=entrance file=20260819-134104.mkv
2026-08-26 22:37:41,233 INFO peoplein.stream: download completed camera=entrance file=20260819-134104.mkv bytes=27891341 interval=2026-08-19 13:41:04..2026-08-19 13:46:04
2026-08-26 22:37:41,233 INFO peoplein.stream: analysis interval ready start=2026-08-19 13:41:04 end=2026-08-19 13:42:41
2026-08-26 22:37:48,393 INFO peoplein.stream: decoded entrance/20260819-134104.mkv: 485 frames
2026-08-26 22:37:48,395 INFO peoplein.stream: decoded loby/20260819-133741.mkv: 485 frames
2026-08-26 22:37:48,401 INFO __main__: analysis interval completed start=2026-08-19 13:41:04 end=2026-08-19 13:42:41 frames=970 ticks=485 entered=2 exited=1 people_inside=1
2026-08-26 22:37:48,403 INFO __main__: summary updated end=2026-08-19 13:42:41
2026-08-26 22:37:48,403 INFO peoplein.stream: download started camera=loby file=20260819-134241.mkv
2026-08-26 22:38:05,473 INFO peoplein.stream: download completed camera=loby file=20260819-134241.mkv bytes=28282986 interval=2026-08-19 13:42:41..2026-08-19 13:47:41
2026-08-26 22:38:05,473 INFO peoplein.stream: analysis interval ready start=2026-08-19 13:42:41 end=2026-08-19 13:46:04
2026-08-26 22:38:14,927 INFO peoplein.stream: decoded loby/20260819-134241.mkv: 1015 frames
2026-08-26 22:38:14,930 INFO peoplein.stream: decoded entrance/20260819-134104.mkv: 1015 frames
2026-08-26 22:38:14,936 INFO __main__: analysis interval completed start=2026-08-19 13:42:41 end=2026-08-19 13:46:04 frames=2030 ticks=1015 entered=2 exited=1 people_inside=1
2026-08-26 22:38:14,938 INFO __main__: summary updated end=2026-08-19 13:46:04
2026-08-26 22:38:14,939 INFO peoplein.stream: download started camera=entrance file=20260819-134604.mkv
2026-08-26 22:38:36,663 INFO peoplein.stream: download completed camera=entrance file=20260819-134604.mkv bytes=30738200 interval=2026-08-19 13:46:04..2026-08-19 13:51:04
2026-08-26 22:38:36,663 INFO peoplein.stream: analysis interval ready start=2026-08-19 13:46:04 end=2026-08-19 13:47:41
2026-08-26 22:38:43,760 INFO peoplein.stream: decoded loby/20260819-134241.mkv: 485 frames
2026-08-26 22:38:43,764 INFO peoplein.stream: decoded entrance/20260819-134604.mkv: 485 frames
2026-08-26 22:38:43,770 INFO __main__: analysis interval completed start=2026-08-19 13:46:04 end=2026-08-19 13:47:41 frames=970 ticks=485 entered=2 exited=1 people_inside=1
2026-08-26 22:38:43,772 INFO __main__: summary updated end=2026-08-19 13:47:41
2026-08-26 22:38:43,773 INFO peoplein.stream: download started camera=loby file=20260819-134741.mkv
2026-08-26 22:38:59,890 INFO peoplein.stream: download completed camera=loby file=20260819-134741.mkv bytes=26690256 interval=2026-08-19 13:47:41..2026-08-19 13:52:41
2026-08-26 22:38:59,890 INFO peoplein.stream: analysis interval ready start=2026-08-19 13:47:41 end=2026-08-19 13:51:04
2026-08-26 22:39:09,326 INFO peoplein.stream: decoded entrance/20260819-134604.mkv: 1015 frames
2026-08-26 22:39:09,331 INFO peoplein.stream: decoded loby/20260819-134741.mkv: 1015 frames
2026-08-26 22:39:09,335 INFO __main__: analysis interval completed start=2026-08-19 13:47:41 end=2026-08-19 13:51:04 frames=2030 ticks=1015 entered=2 exited=1 people_inside=1
2026-08-26 22:39:09,337 INFO __main__: summary updated end=2026-08-19 13:51:04
2026-08-26 22:39:09,337 INFO peoplein.stream: download started camera=entrance file=20260819-135104.mkv
2026-08-26 22:39:32,549 INFO peoplein.stream: download completed camera=entrance file=20260819-135104.mkv bytes=31566210 interval=2026-08-19 13:51:04..2026-08-19 13:56:04
2026-08-26 22:39:32,549 INFO peoplein.stream: analysis interval ready start=2026-08-19 13:51:04 end=2026-08-19 13:52:41
2026-08-26 22:39:39,646 INFO peoplein.stream: decoded loby/20260819-134741.mkv: 485 frames
2026-08-26 22:39:39,646 INFO peoplein.stream: decoded entrance/20260819-135104.mkv: 485 frames
2026-08-26 22:39:39,653 INFO __main__: analysis interval completed start=2026-08-19 13:51:04 end=2026-08-19 13:52:41 frames=970 ticks=485 entered=2 exited=1 people_inside=1
2026-08-26 22:39:39,655 INFO __main__: summary updated end=2026-08-19 13:52:41
2026-08-26 22:39:39,656 INFO peoplein.stream: download started camera=loby file=20260819-135241.mkv
2026-08-26 22:39:58,850 INFO peoplein.stream: download completed camera=loby file=20260819-135241.mkv bytes=25881142 interval=2026-08-19 13:52:41..2026-08-19 13:57:41
2026-08-26 22:39:58,850 INFO peoplein.stream: analysis interval ready start=2026-08-19 13:52:41 end=2026-08-19 13:56:04
2026-08-26 22:40:08,515 INFO peoplein.stream: decoded entrance/20260819-135104.mkv: 1015 frames
2026-08-26 22:40:08,521 INFO peoplein.stream: decoded loby/20260819-135241.mkv: 1015 frames
2026-08-26 22:40:08,525 INFO __main__: analysis interval completed start=2026-08-19 13:52:41 end=2026-08-19 13:56:04 frames=2030 ticks=1015 entered=2 exited=1 people_inside=1
2026-08-26 22:40:08,527 INFO __main__: summary updated end=2026-08-19 13:56:04
2026-08-26 22:40:08,527 INFO peoplein.stream: download started camera=entrance file=20260819-135604.mkv
2026-08-26 22:40:26,587 INFO peoplein.stream: download completed camera=entrance file=20260819-135604.mkv bytes=30392943 interval=2026-08-19 13:56:04..2026-08-19 14:01:04
2026-08-26 22:40:26,587 INFO peoplein.stream: analysis interval ready start=2026-08-19 13:56:04 end=2026-08-19 13:57:41
2026-08-26 22:40:33,614 INFO peoplein.stream: decoded entrance/20260819-135604.mkv: 485 frames
2026-08-26 22:40:33,620 INFO peoplein.stream: decoded loby/20260819-135241.mkv: 485 frames
2026-08-26 22:40:33,623 INFO __main__: analysis interval completed start=2026-08-19 13:56:04 end=2026-08-19 13:57:41 frames=970 ticks=485 entered=2 exited=1 people_inside=1
2026-08-26 22:40:33,625 INFO __main__: summary updated end=2026-08-19 13:57:41
2026-08-26 22:40:33,625 INFO peoplein.stream: download started camera=loby file=20260819-135741.mkv
2026-08-26 22:40:51,015 INFO peoplein.stream: download completed camera=loby file=20260819-135741.mkv bytes=27300173 interval=2026-08-19 13:57:41..2026-08-19 14:02:41
2026-08-26 22:40:51,016 INFO peoplein.stream: analysis interval ready start=2026-08-19 13:57:41 end=2026-08-19 14:01:04
2026-08-26 22:41:00,488 INFO peoplein.stream: decoded loby/20260819-135741.mkv: 1015 frames
2026-08-26 22:41:00,494 INFO peoplein.stream: decoded entrance/20260819-135604.mkv: 1015 frames
2026-08-26 22:41:00,497 INFO __main__: analysis interval completed start=2026-08-19 13:57:41 end=2026-08-19 14:01:04 frames=2030 ticks=1015 entered=2 exited=1 people_inside=1
2026-08-26 22:41:00,499 INFO __main__: summary updated end=2026-08-19 14:01:04
2026-08-26 22:41:00,500 INFO peoplein.stream: download started camera=entrance file=20260819-140104.mkv
2026-08-26 22:41:17,750 INFO peoplein.stream: download completed camera=entrance file=20260819-140104.mkv bytes=25548431 interval=2026-08-19 14:01:04..2026-08-19 14:06:04
2026-08-26 22:41:17,750 INFO peoplein.stream: analysis interval ready start=2026-08-19 14:01:04 end=2026-08-19 14:02:41
2026-08-26 22:41:24,620 INFO peoplein.stream: decoded entrance/20260819-140104.mkv: 485 frames
2026-08-26 22:41:24,622 INFO peoplein.stream: decoded loby/20260819-135741.mkv: 485 frames
2026-08-26 22:41:24,628 INFO __main__: analysis interval completed start=2026-08-19 14:01:04 end=2026-08-19 14:02:41 frames=970 ticks=485 entered=2 exited=1 people_inside=1
2026-08-26 22:41:24,630 INFO __main__: summary updated end=2026-08-19 14:02:41
2026-08-26 22:41:24,631 INFO peoplein.stream: download started camera=loby file=20260819-140241.mkv
2026-08-26 22:41:42,095 INFO peoplein.stream: download completed camera=loby file=20260819-140241.mkv bytes=25961169 interval=2026-08-19 14:02:41..2026-08-19 14:07:41
2026-08-26 22:41:42,095 INFO peoplein.stream: analysis interval ready start=2026-08-19 14:02:41 end=2026-08-19 14:06:04
2026-08-26 22:41:51,627 INFO peoplein.stream: decoded loby/20260819-140241.mkv: 1015 frames
2026-08-26 22:41:51,629 INFO peoplein.stream: decoded entrance/20260819-140104.mkv: 1015 frames
2026-08-26 22:41:51,637 INFO __main__: analysis interval completed start=2026-08-19 14:02:41 end=2026-08-19 14:06:04 frames=2030 ticks=1015 entered=2 exited=1 people_inside=1
2026-08-26 22:41:51,639 INFO __main__: summary updated end=2026-08-19 14:06:04
2026-08-26 22:41:51,639 INFO peoplein.stream: download started camera=entrance file=20260819-140604.mkv
2026-08-26 22:42:05,983 INFO peoplein.stream: download completed camera=entrance file=20260819-140604.mkv bytes=24461359 interval=2026-08-19 14:06:04..2026-08-19 14:11:04
2026-08-26 22:42:05,984 INFO peoplein.stream: analysis interval ready start=2026-08-19 14:06:04 end=2026-08-19 14:07:41
2026-08-26 22:42:13,088 INFO peoplein.stream: decoded loby/20260819-140241.mkv: 485 frames
2026-08-26 22:42:13,088 INFO peoplein.stream: decoded entrance/20260819-140604.mkv: 485 frames
2026-08-26 22:42:13,094 INFO __main__: analysis interval completed start=2026-08-19 14:06:04 end=2026-08-19 14:07:41 frames=970 ticks=485 entered=2 exited=1 people_inside=1
2026-08-26 22:42:13,096 INFO __main__: summary updated end=2026-08-19 14:07:41
2026-08-26 22:42:13,096 INFO peoplein.stream: download started camera=loby file=20260819-140740.mkv
2026-08-26 22:42:28,876 INFO peoplein.stream: download completed camera=loby file=20260819-140740.mkv bytes=26777616 interval=2026-08-19 14:07:40..2026-08-19 14:12:40
2026-08-26 22:42:28,876 INFO peoplein.stream: analysis interval ready start=2026-08-19 14:07:40 end=2026-08-19 14:11:04
2026-08-26 22:42:38,431 INFO peoplein.stream: decoded entrance/20260819-140604.mkv: 1020 frames
2026-08-26 22:42:38,433 INFO peoplein.stream: decoded loby/20260819-140740.mkv: 1020 frames
2026-08-26 22:42:38,439 INFO __main__: analysis interval completed start=2026-08-19 14:07:40 end=2026-08-19 14:11:04 frames=2040 ticks=1020 entered=2 exited=1 people_inside=1
2026-08-26 22:42:38,442 INFO __main__: summary updated end=2026-08-19 14:11:04
2026-08-26 22:42:38,442 INFO peoplein.stream: download started camera=entrance file=20260819-141104.mkv
2026-08-26 22:42:53,523 INFO peoplein.stream: download completed camera=entrance file=20260819-141104.mkv bytes=24616645 interval=2026-08-19 14:11:04..2026-08-19 14:16:04
2026-08-26 22:42:53,524 INFO peoplein.stream: analysis interval ready start=2026-08-19 14:11:04 end=2026-08-19 14:12:40
2026-08-26 22:43:00,501 INFO peoplein.stream: decoded loby/20260819-140740.mkv: 480 frames
2026-08-26 22:43:00,505 INFO peoplein.stream: decoded entrance/20260819-141104.mkv: 480 frames
2026-08-26 22:43:00,508 INFO __main__: analysis interval completed start=2026-08-19 14:11:04 end=2026-08-19 14:12:40 frames=960 ticks=480 entered=2 exited=1 people_inside=1
2026-08-26 22:43:00,510 INFO __main__: summary updated end=2026-08-19 14:12:40
2026-08-26 22:43:00,510 INFO peoplein.stream: download started camera=loby file=20260819-141240.mkv
2026-08-26 22:43:19,289 INFO peoplein.stream: download completed camera=loby file=20260819-141240.mkv bytes=26456350 interval=2026-08-19 14:12:40..2026-08-19 14:17:40
2026-08-26 22:43:19,290 INFO peoplein.stream: analysis interval ready start=2026-08-19 14:12:40 end=2026-08-19 14:16:04
2026-08-26 22:43:28,771 INFO peoplein.stream: decoded entrance/20260819-141104.mkv: 1020 frames
2026-08-26 22:43:28,775 INFO peoplein.stream: decoded loby/20260819-141240.mkv: 1020 frames
2026-08-26 22:43:28,777 INFO __main__: analysis interval completed start=2026-08-19 14:12:40 end=2026-08-19 14:16:04 frames=2040 ticks=1020 entered=2 exited=1 people_inside=1
2026-08-26 22:43:28,779 INFO __main__: summary updated end=2026-08-19 14:16:04
2026-08-26 22:43:28,780 INFO peoplein.stream: download started camera=entrance file=20260819-141604.mkv
2026-08-26 22:43:49,864 INFO peoplein.stream: download completed camera=entrance file=20260819-141604.mkv bytes=24845342 interval=2026-08-19 14:16:04..2026-08-19 14:21:04
2026-08-26 22:43:49,865 INFO peoplein.stream: analysis interval ready start=2026-08-19 14:16:04 end=2026-08-19 14:17:40
2026-08-26 22:43:57,020 INFO peoplein.stream: decoded loby/20260819-141240.mkv: 480 frames
2026-08-26 22:43:57,022 INFO peoplein.stream: decoded entrance/20260819-141604.mkv: 480 frames
2026-08-26 22:43:57,025 INFO __main__: analysis interval completed start=2026-08-19 14:16:04 end=2026-08-19 14:17:40 frames=960 ticks=480 entered=2 exited=1 people_inside=1
2026-08-26 22:43:57,027 INFO __main__: summary updated end=2026-08-19 14:17:40
2026-08-26 22:43:57,028 INFO peoplein.stream: download started camera=loby file=20260819-141740.mkv
2026-08-26 22:44:13,358 INFO peoplein.stream: download completed camera=loby file=20260819-141740.mkv bytes=25262099 interval=2026-08-19 14:17:40..2026-08-19 14:22:42
2026-08-26 22:44:13,359 INFO peoplein.stream: analysis interval ready start=2026-08-19 14:17:40 end=2026-08-19 14:21:04
2026-08-26 22:44:22,983 INFO peoplein.stream: decoded entrance/20260819-141604.mkv: 1020 frames
2026-08-26 22:44:22,986 INFO peoplein.stream: decoded loby/20260819-141740.mkv: 1020 frames
2026-08-26 22:44:22,989 INFO __main__: analysis interval completed start=2026-08-19 14:17:40 end=2026-08-19 14:21:04 frames=2040 ticks=1020 entered=2 exited=1 people_inside=1
2026-08-26 22:44:22,992 INFO __main__: summary updated end=2026-08-19 14:21:04
2026-08-26 22:44:22,992 INFO peoplein.stream: download started camera=entrance file=20260819-142104.mkv
2026-08-26 22:44:40,428 INFO peoplein.stream: download completed camera=entrance file=20260819-142104.mkv bytes=22225180 interval=2026-08-19 14:21:04..2026-08-19 14:26:04
2026-08-26 22:44:40,428 INFO peoplein.stream: analysis interval ready start=2026-08-19 14:21:04 end=2026-08-19 14:22:42
2026-08-26 22:44:47,455 INFO peoplein.stream: decoded loby/20260819-141740.mkv: 490 frames
2026-08-26 22:44:47,455 INFO peoplein.stream: decoded entrance/20260819-142104.mkv: 490 frames
2026-08-26 22:44:47,462 INFO __main__: analysis interval completed start=2026-08-19 14:21:04 end=2026-08-19 14:22:42 frames=980 ticks=490 entered=2 exited=1 people_inside=1
2026-08-26 22:44:47,464 INFO __main__: summary updated end=2026-08-19 14:22:42
2026-08-26 22:44:47,464 INFO peoplein.stream: download started camera=loby file=20260819-142242.mkv
2026-08-26 22:45:13,535 INFO peoplein.stream: download completed camera=loby file=20260819-142242.mkv bytes=25328132 interval=2026-08-19 14:22:42..2026-08-19 14:27:42
2026-08-26 22:45:13,536 INFO peoplein.stream: analysis interval ready start=2026-08-19 14:22:42 end=2026-08-19 14:26:04
2026-08-26 22:45:23,168 INFO peoplein.stream: decoded entrance/20260819-142104.mkv: 1010 frames
2026-08-26 22:45:23,168 INFO peoplein.stream: decoded loby/20260819-142242.mkv: 1010 frames
2026-08-26 22:45:23,177 INFO __main__: analysis interval completed start=2026-08-19 14:22:42 end=2026-08-19 14:26:04 frames=2020 ticks=1010 entered=2 exited=1 people_inside=1
2026-08-26 22:45:23,179 INFO __main__: summary updated end=2026-08-19 14:26:04
2026-08-26 22:45:23,180 INFO peoplein.stream: download started camera=entrance file=20260819-142604.mkv
2026-08-26 22:45:38,361 INFO peoplein.stream: download completed camera=entrance file=20260819-142604.mkv bytes=20565699 interval=2026-08-19 14:26:04..2026-08-19 14:31:04
2026-08-26 22:45:38,362 INFO peoplein.stream: analysis interval ready start=2026-08-19 14:26:04 end=2026-08-19 14:27:42
2026-08-26 22:45:45,479 INFO peoplein.stream: decoded loby/20260819-142242.mkv: 490 frames
2026-08-26 22:45:45,486 INFO peoplein.stream: decoded entrance/20260819-142604.mkv: 490 frames
2026-08-26 22:45:45,488 INFO __main__: analysis interval completed start=2026-08-19 14:26:04 end=2026-08-19 14:27:42 frames=980 ticks=490 entered=2 exited=1 people_inside=1
2026-08-26 22:45:45,490 INFO __main__: summary updated end=2026-08-19 14:27:42
2026-08-26 22:45:45,490 INFO peoplein.stream: download started camera=loby file=20260819-142742.mkv
2026-08-26 22:46:04,028 INFO peoplein.stream: download completed camera=loby file=20260819-142742.mkv bytes=25189183 interval=2026-08-19 14:27:42..2026-08-19 14:32:42
2026-08-26 22:46:04,028 INFO peoplein.stream: analysis interval ready start=2026-08-19 14:27:42 end=2026-08-19 14:31:04
2026-08-26 22:46:13,437 INFO peoplein.stream: decoded entrance/20260819-142604.mkv: 1010 frames
2026-08-26 22:46:13,441 INFO peoplein.stream: decoded loby/20260819-142742.mkv: 1010 frames
2026-08-26 22:46:13,447 INFO __main__: analysis interval completed start=2026-08-19 14:27:42 end=2026-08-19 14:31:04 frames=2020 ticks=1010 entered=2 exited=1 people_inside=1
2026-08-26 22:46:13,448 INFO __main__: summary updated end=2026-08-19 14:31:04
2026-08-26 22:46:13,449 INFO peoplein.stream: download started camera=entrance file=20260819-143104.mkv
2026-08-26 22:46:29,275 INFO peoplein.stream: download completed camera=entrance file=20260819-143104.mkv bytes=22236332 interval=2026-08-19 14:31:04..2026-08-19 14:36:04
2026-08-26 22:46:29,275 INFO peoplein.stream: analysis interval ready start=2026-08-19 14:31:04 end=2026-08-19 14:32:42
2026-08-26 22:46:36,274 INFO peoplein.stream: decoded loby/20260819-142742.mkv: 490 frames
2026-08-26 22:46:36,274 INFO peoplein.stream: decoded entrance/20260819-143104.mkv: 490 frames
2026-08-26 22:46:36,281 INFO __main__: analysis interval completed start=2026-08-19 14:31:04 end=2026-08-19 14:32:42 frames=980 ticks=490 entered=2 exited=1 people_inside=1
2026-08-26 22:46:36,283 INFO __main__: summary updated end=2026-08-19 14:32:42
2026-08-26 22:46:36,284 INFO peoplein.stream: download started camera=loby file=20260819-143242.mkv
2026-08-26 22:46:55,926 INFO peoplein.stream: download completed camera=loby file=20260819-143242.mkv bytes=25979716 interval=2026-08-19 14:32:42..2026-08-19 14:37:42
2026-08-26 22:46:55,926 INFO peoplein.stream: analysis interval ready start=2026-08-19 14:32:42 end=2026-08-19 14:36:04
2026-08-26 22:47:05,302 INFO peoplein.stream: decoded loby/20260819-143242.mkv: 1010 frames
2026-08-26 22:47:05,302 INFO peoplein.stream: decoded entrance/20260819-143104.mkv: 1010 frames
2026-08-26 22:47:05,309 INFO __main__: analysis interval completed start=2026-08-19 14:32:42 end=2026-08-19 14:36:04 frames=2020 ticks=1010 entered=2 exited=1 people_inside=1
2026-08-26 22:47:05,312 INFO __main__: summary updated end=2026-08-19 14:36:04
2026-08-26 22:47:05,312 INFO peoplein.stream: download started camera=entrance file=20260819-143604.mkv
2026-08-26 22:47:21,537 INFO peoplein.stream: download completed camera=entrance file=20260819-143604.mkv bytes=21600400 interval=2026-08-19 14:36:04..2026-08-19 14:41:04
2026-08-26 22:47:21,538 INFO peoplein.stream: analysis interval ready start=2026-08-19 14:36:04 end=2026-08-19 14:37:42
2026-08-26 22:47:28,478 INFO peoplein.stream: decoded entrance/20260819-143604.mkv: 490 frames
2026-08-26 22:47:28,480 INFO peoplein.stream: decoded loby/20260819-143242.mkv: 490 frames
2026-08-26 22:47:28,485 INFO __main__: analysis interval completed start=2026-08-19 14:36:04 end=2026-08-19 14:37:42 frames=980 ticks=490 entered=2 exited=1 people_inside=1
2026-08-26 22:47:28,486 INFO __main__: summary updated end=2026-08-19 14:37:42
2026-08-26 22:47:28,487 INFO peoplein.stream: download started camera=loby file=20260819-143742.mkv
2026-08-26 22:47:44,152 INFO peoplein.stream: download completed camera=loby file=20260819-143742.mkv bytes=24720758 interval=2026-08-19 14:37:42..2026-08-19 14:42:42
2026-08-26 22:47:44,153 INFO peoplein.stream: analysis interval ready start=2026-08-19 14:37:42 end=2026-08-19 14:41:04
2026-08-26 22:47:53,430 INFO peoplein.stream: decoded entrance/20260819-143604.mkv: 1010 frames
2026-08-26 22:47:53,432 INFO peoplein.stream: decoded loby/20260819-143742.mkv: 1010 frames
2026-08-26 22:47:53,436 INFO __main__: analysis interval completed start=2026-08-19 14:37:42 end=2026-08-19 14:41:04 frames=2020 ticks=1010 entered=2 exited=1 people_inside=1
2026-08-26 22:47:53,439 INFO __main__: summary updated end=2026-08-19 14:41:04
2026-08-26 22:47:53,439 INFO peoplein.stream: download started camera=entrance file=20260819-144104.mkv
2026-08-26 22:48:10,484 INFO peoplein.stream: download completed camera=entrance file=20260819-144104.mkv bytes=21124172 interval=2026-08-19 14:41:04..2026-08-19 14:46:04
2026-08-26 22:48:10,484 INFO peoplein.stream: analysis interval ready start=2026-08-19 14:41:04 end=2026-08-19 14:42:42
2026-08-26 22:48:17,405 INFO peoplein.stream: decoded loby/20260819-143742.mkv: 490 frames
2026-08-26 22:48:17,411 INFO peoplein.stream: decoded entrance/20260819-144104.mkv: 490 frames
2026-08-26 22:48:17,413 INFO __main__: analysis interval completed start=2026-08-19 14:41:04 end=2026-08-19 14:42:42 frames=980 ticks=490 entered=2 exited=1 people_inside=1
2026-08-26 22:48:17,415 INFO __main__: summary updated end=2026-08-19 14:42:42
2026-08-26 22:48:17,416 INFO peoplein.stream: download started camera=loby file=20260819-144241.mkv
2026-08-26 22:48:34,156 INFO peoplein.stream: download completed camera=loby file=20260819-144241.mkv bytes=24545466 interval=2026-08-19 14:42:41..2026-08-19 14:47:41
2026-08-26 22:48:34,156 INFO peoplein.stream: analysis interval ready start=2026-08-19 14:42:41 end=2026-08-19 14:46:04
2026-08-26 22:48:43,420 INFO peoplein.stream: decoded loby/20260819-144241.mkv: 1015 frames
2026-08-26 22:48:43,421 INFO peoplein.stream: decoded entrance/20260819-144104.mkv: 1015 frames
2026-08-26 22:48:43,429 INFO __main__: analysis interval completed start=2026-08-19 14:42:41 end=2026-08-19 14:46:04 frames=2030 ticks=1015 entered=2 exited=1 people_inside=1
2026-08-26 22:48:43,431 INFO __main__: summary updated end=2026-08-19 14:46:04
2026-08-26 22:48:43,431 INFO peoplein.stream: download started camera=entrance file=20260819-144604.mkv
2026-08-26 22:48:58,522 INFO peoplein.stream: download completed camera=entrance file=20260819-144604.mkv bytes=20870120 interval=2026-08-19 14:46:04..2026-08-19 14:51:04
2026-08-26 22:48:58,522 INFO peoplein.stream: analysis interval ready start=2026-08-19 14:46:04 end=2026-08-19 14:47:41
2026-08-26 22:49:05,498 INFO peoplein.stream: decoded entrance/20260819-144604.mkv: 485 frames
2026-08-26 22:49:05,498 INFO peoplein.stream: decoded loby/20260819-144241.mkv: 485 frames
2026-08-26 22:49:05,503 INFO __main__: analysis interval completed start=2026-08-19 14:46:04 end=2026-08-19 14:47:41 frames=970 ticks=485 entered=2 exited=1 people_inside=1
2026-08-26 22:49:05,506 INFO __main__: summary updated end=2026-08-19 14:47:41
2026-08-26 22:49:05,506 INFO peoplein.stream: download started camera=loby file=20260819-144741.mkv
2026-08-26 22:49:22,360 INFO peoplein.stream: download completed camera=loby file=20260819-144741.mkv bytes=24096383 interval=2026-08-19 14:47:41..2026-08-19 14:52:41
2026-08-26 22:49:22,360 INFO peoplein.stream: analysis interval ready start=2026-08-19 14:47:41 end=2026-08-19 14:51:04
2026-08-26 22:49:31,496 INFO peoplein.stream: decoded loby/20260819-144741.mkv: 1015 frames
2026-08-26 22:49:31,499 INFO peoplein.stream: decoded entrance/20260819-144604.mkv: 1015 frames
2026-08-26 22:49:31,504 INFO __main__: analysis interval completed start=2026-08-19 14:47:41 end=2026-08-19 14:51:04 frames=2030 ticks=1015 entered=2 exited=1 people_inside=1
2026-08-26 22:49:31,507 INFO __main__: summary updated end=2026-08-19 14:51:04
2026-08-26 22:49:31,507 INFO peoplein.stream: download started camera=entrance file=20260819-145104.mkv
2026-08-26 22:49:48,146 INFO peoplein.stream: download completed camera=entrance file=20260819-145104.mkv bytes=23913784 interval=2026-08-19 14:51:04..2026-08-19 14:56:04
2026-08-26 22:49:48,147 INFO peoplein.stream: analysis interval ready start=2026-08-19 14:51:04 end=2026-08-19 14:52:41
2026-08-26 22:49:54,987 INFO peoplein.stream: decoded entrance/20260819-145104.mkv: 485 frames
2026-08-26 22:49:54,990 INFO peoplein.stream: decoded loby/20260819-144741.mkv: 485 frames
2026-08-26 22:49:54,994 INFO __main__: analysis interval completed start=2026-08-19 14:51:04 end=2026-08-19 14:52:41 frames=970 ticks=485 entered=2 exited=1 people_inside=1
2026-08-26 22:49:54,996 INFO __main__: summary updated end=2026-08-19 14:52:41
2026-08-26 22:49:54,996 INFO peoplein.stream: download started camera=loby file=20260819-145241.mkv
2026-08-26 22:50:12,068 INFO peoplein.stream: download completed camera=loby file=20260819-145241.mkv bytes=26223577 interval=2026-08-19 14:52:41..2026-08-19 14:57:41
2026-08-26 22:50:12,068 INFO peoplein.stream: analysis interval ready start=2026-08-19 14:52:41 end=2026-08-19 14:56:04
2026-08-26 22:50:21,223 INFO peoplein.stream: decoded loby/20260819-145241.mkv: 1015 frames
2026-08-26 22:50:21,225 INFO peoplein.stream: decoded entrance/20260819-145104.mkv: 1015 frames
2026-08-26 22:50:21,231 INFO __main__: analysis interval completed start=2026-08-19 14:52:41 end=2026-08-19 14:56:04 frames=2030 ticks=1015 entered=2 exited=1 people_inside=1
2026-08-26 22:50:21,233 INFO __main__: summary updated end=2026-08-19 14:56:04
2026-08-26 22:50:21,233 INFO peoplein.stream: download started camera=entrance file=20260819-145604.mkv
2026-08-26 22:50:38,964 INFO peoplein.stream: download completed camera=entrance file=20260819-145604.mkv bytes=25789703 interval=2026-08-19 14:56:04..2026-08-19 15:01:04
2026-08-26 22:50:38,964 INFO peoplein.stream: analysis interval ready start=2026-08-19 14:56:04 end=2026-08-19 14:57:41
2026-08-26 22:50:45,913 INFO peoplein.stream: decoded loby/20260819-145241.mkv: 485 frames
2026-08-26 22:50:45,913 INFO peoplein.stream: decoded entrance/20260819-145604.mkv: 485 frames
2026-08-26 22:50:45,918 INFO __main__: analysis interval completed start=2026-08-19 14:56:04 end=2026-08-19 14:57:41 frames=970 ticks=485 entered=2 exited=1 people_inside=1
2026-08-26 22:50:45,920 INFO __main__: summary updated end=2026-08-19 14:57:41
2026-08-26 22:50:45,921 INFO peoplein.stream: download started camera=loby file=20260819-145741.mkv
2026-08-26 22:51:03,605 INFO peoplein.stream: download completed camera=loby file=20260819-145741.mkv bytes=26560740 interval=2026-08-19 14:57:41..2026-08-19 15:02:41
2026-08-26 22:51:03,605 INFO peoplein.stream: analysis interval ready start=2026-08-19 14:57:41 end=2026-08-19 15:01:04
2026-08-26 22:51:13,051 INFO peoplein.stream: decoded entrance/20260819-145604.mkv: 1015 frames
2026-08-26 22:51:13,054 INFO peoplein.stream: decoded loby/20260819-145741.mkv: 1015 frames
2026-08-26 22:51:13,060 INFO __main__: analysis interval completed start=2026-08-19 14:57:41 end=2026-08-19 15:01:04 frames=2030 ticks=1015 entered=2 exited=1 people_inside=1
2026-08-26 22:51:13,062 INFO __main__: summary updated end=2026-08-19 15:01:04
2026-08-26 22:51:13,062 INFO peoplein.stream: download started camera=entrance file=20260819-150104.mkv
2026-08-26 22:51:34,588 INFO peoplein.stream: download completed camera=entrance file=20260819-150104.mkv bytes=26285708 interval=2026-08-19 15:01:04..2026-08-19 15:06:04
2026-08-26 22:51:34,588 INFO peoplein.stream: analysis interval ready start=2026-08-19 15:01:04 end=2026-08-19 15:02:41
2026-08-26 22:51:41,512 INFO peoplein.stream: decoded loby/20260819-145741.mkv: 485 frames
2026-08-26 22:51:41,512 INFO peoplein.stream: decoded entrance/20260819-150104.mkv: 485 frames
2026-08-26 22:51:41,517 INFO __main__: analysis interval completed start=2026-08-19 15:01:04 end=2026-08-19 15:02:41 frames=970 ticks=485 entered=2 exited=1 people_inside=1
2026-08-26 22:51:41,519 INFO __main__: summary updated end=2026-08-19 15:02:41
2026-08-26 22:51:41,520 INFO peoplein.stream: download started camera=loby file=20260819-150241.mkv
2026-08-26 22:52:00,438 INFO peoplein.stream: download completed camera=loby file=20260819-150241.mkv bytes=27419636 interval=2026-08-19 15:02:41..2026-08-19 15:07:41
2026-08-26 22:52:00,439 INFO peoplein.stream: analysis interval ready start=2026-08-19 15:02:41 end=2026-08-19 15:06:04
2026-08-26 22:52:09,986 INFO peoplein.stream: decoded loby/20260819-150241.mkv: 1015 frames
2026-08-26 22:52:09,988 INFO peoplein.stream: decoded entrance/20260819-150104.mkv: 1015 frames
2026-08-26 22:52:09,993 INFO __main__: analysis interval completed start=2026-08-19 15:02:41 end=2026-08-19 15:06:04 frames=2030 ticks=1015 entered=2 exited=1 people_inside=1
2026-08-26 22:52:09,995 INFO __main__: summary updated end=2026-08-19 15:06:04
2026-08-26 22:52:09,996 INFO peoplein.stream: download started camera=entrance file=20260819-150604.mkv
2026-08-26 22:52:27,516 INFO peoplein.stream: download completed camera=entrance file=20260819-150604.mkv bytes=25756273 interval=2026-08-19 15:06:04..2026-08-19 15:11:04
2026-08-26 22:52:27,516 INFO peoplein.stream: analysis interval ready start=2026-08-19 15:06:04 end=2026-08-19 15:07:41
2026-08-26 22:52:34,428 INFO peoplein.stream: decoded entrance/20260819-150604.mkv: 485 frames
2026-08-26 22:52:34,428 INFO peoplein.stream: decoded loby/20260819-150241.mkv: 485 frames
2026-08-26 22:52:34,437 INFO __main__: analysis interval completed start=2026-08-19 15:06:04 end=2026-08-19 15:07:41 frames=970 ticks=485 entered=2 exited=1 people_inside=1
2026-08-26 22:52:34,439 INFO __main__: summary updated end=2026-08-19 15:07:41
2026-08-26 22:52:34,440 INFO peoplein.stream: download started camera=loby file=20260819-150741.mkv
2026-08-26 22:52:54,329 INFO peoplein.stream: download completed camera=loby file=20260819-150741.mkv bytes=28405852 interval=2026-08-19 15:07:41..2026-08-19 15:12:41
2026-08-26 22:52:54,329 INFO peoplein.stream: analysis interval ready start=2026-08-19 15:07:41 end=2026-08-19 15:11:04
2026-08-26 22:53:03,692 INFO peoplein.stream: decoded loby/20260819-150741.mkv: 1015 frames
2026-08-26 22:53:03,694 INFO peoplein.stream: decoded entrance/20260819-150604.mkv: 1015 frames
2026-08-26 22:53:03,700 INFO __main__: analysis interval completed start=2026-08-19 15:07:41 end=2026-08-19 15:11:04 frames=2030 ticks=1015 entered=2 exited=1 people_inside=1
2026-08-26 22:53:03,702 INFO __main__: summary updated end=2026-08-19 15:11:04
2026-08-26 22:53:03,702 INFO peoplein.stream: download started camera=entrance file=20260819-151104.mkv
2026-08-26 22:53:20,274 INFO peoplein.stream: download completed camera=entrance file=20260819-151104.mkv bytes=28643925 interval=2026-08-19 15:11:04..2026-08-19 15:16:04
2026-08-26 22:53:20,274 INFO peoplein.stream: analysis interval ready start=2026-08-19 15:11:04 end=2026-08-19 15:12:41
2026-08-26 22:53:27,344 INFO peoplein.stream: decoded loby/20260819-150741.mkv: 485 frames
2026-08-26 22:53:27,347 INFO peoplein.stream: decoded entrance/20260819-151104.mkv: 485 frames
2026-08-26 22:53:27,353 INFO __main__: analysis interval completed start=2026-08-19 15:11:04 end=2026-08-19 15:12:41 frames=970 ticks=485 entered=2 exited=1 people_inside=1
2026-08-26 22:53:27,355 INFO __main__: summary updated end=2026-08-19 15:12:41
2026-08-26 22:53:27,356 INFO peoplein.stream: download started camera=loby file=20260819-151241.mkv
2026-08-26 22:53:50,169 INFO peoplein.stream: download completed camera=loby file=20260819-151241.mkv bytes=29359377 interval=2026-08-19 15:12:41..2026-08-19 15:17:41
2026-08-26 22:53:50,169 INFO peoplein.stream: analysis interval ready start=2026-08-19 15:12:41 end=2026-08-19 15:16:04
2026-08-26 22:53:59,453 INFO peoplein.stream: decoded loby/20260819-151241.mkv: 1015 frames
2026-08-26 22:53:59,458 INFO peoplein.stream: decoded entrance/20260819-151104.mkv: 1015 frames
2026-08-26 22:53:59,462 INFO __main__: analysis interval completed start=2026-08-19 15:12:41 end=2026-08-19 15:16:04 frames=2030 ticks=1015 entered=2 exited=1 people_inside=1
2026-08-26 22:53:59,464 INFO __main__: summary updated end=2026-08-19 15:16:04
2026-08-26 22:53:59,465 INFO peoplein.stream: download started camera=entrance file=20260819-151604.mkv
2026-08-26 22:54:20,287 INFO peoplein.stream: download completed camera=entrance file=20260819-151604.mkv bytes=27213111 interval=2026-08-19 15:16:04..2026-08-19 15:21:04
2026-08-26 22:54:20,287 INFO peoplein.stream: analysis interval ready start=2026-08-19 15:16:04 end=2026-08-19 15:17:41
2026-08-26 22:54:27,269 INFO peoplein.stream: decoded entrance/20260819-151604.mkv: 485 frames
2026-08-26 22:54:27,270 INFO peoplein.stream: decoded loby/20260819-151241.mkv: 485 frames
2026-08-26 22:54:27,278 INFO __main__: analysis interval completed start=2026-08-19 15:16:04 end=2026-08-19 15:17:41 frames=970 ticks=485 entered=2 exited=1 people_inside=1
2026-08-26 22:54:27,280 INFO __main__: summary updated end=2026-08-19 15:17:41
2026-08-26 22:54:27,280 INFO peoplein.stream: download started camera=loby file=20260819-151740.mkv
2026-08-26 22:54:51,993 INFO peoplein.stream: download completed camera=loby file=20260819-151740.mkv bytes=29504289 interval=2026-08-19 15:17:40..2026-08-19 15:22:40
2026-08-26 22:54:51,993 INFO peoplein.stream: analysis interval ready start=2026-08-19 15:17:40 end=2026-08-19 15:21:04
2026-08-26 22:55:01,551 INFO peoplein.stream: decoded entrance/20260819-151604.mkv: 1020 frames
2026-08-26 22:55:01,556 INFO peoplein.stream: decoded loby/20260819-151740.mkv: 1020 frames
2026-08-26 22:55:01,560 INFO __main__: analysis interval completed start=2026-08-19 15:17:40 end=2026-08-19 15:21:04 frames=2040 ticks=1020 entered=2 exited=1 people_inside=1
2026-08-26 22:55:01,562 INFO __main__: summary updated end=2026-08-19 15:21:04
2026-08-26 22:55:01,563 INFO peoplein.stream: download started camera=entrance file=20260819-152104.mkv
2026-08-26 22:55:18,222 INFO peoplein.stream: download completed camera=entrance file=20260819-152104.mkv bytes=31556404 interval=2026-08-19 15:21:04..2026-08-19 15:26:04
2026-08-26 22:55:18,222 INFO peoplein.stream: analysis interval ready start=2026-08-19 15:21:04 end=2026-08-19 15:22:40
2026-08-26 22:55:25,217 INFO peoplein.stream: decoded loby/20260819-151740.mkv: 480 frames
2026-08-26 22:55:25,217 INFO peoplein.stream: decoded entrance/20260819-152104.mkv: 480 frames
2026-08-26 22:55:25,223 INFO __main__: analysis interval completed start=2026-08-19 15:21:04 end=2026-08-19 15:22:40 frames=960 ticks=480 entered=2 exited=1 people_inside=1
2026-08-26 22:55:25,225 INFO __main__: summary updated end=2026-08-19 15:22:40
2026-08-26 22:55:25,225 INFO peoplein.stream: download started camera=loby file=20260819-152240.mkv
2026-08-26 22:55:41,047 INFO peoplein.stream: download completed camera=loby file=20260819-152240.mkv bytes=28750507 interval=2026-08-19 15:22:40..2026-08-19 15:27:40
2026-08-26 22:55:41,048 INFO peoplein.stream: analysis interval ready start=2026-08-19 15:22:40 end=2026-08-19 15:26:04
2026-08-26 22:55:50,401 INFO peoplein.stream: decoded entrance/20260819-152104.mkv: 1020 frames
2026-08-26 22:55:50,401 INFO peoplein.stream: decoded loby/20260819-152240.mkv: 1020 frames
2026-08-26 22:55:50,410 INFO __main__: analysis interval completed start=2026-08-19 15:22:40 end=2026-08-19 15:26:04 frames=2040 ticks=1020 entered=2 exited=1 people_inside=1
2026-08-26 22:55:50,412 INFO __main__: summary updated end=2026-08-19 15:26:04
2026-08-26 22:55:50,412 INFO peoplein.stream: download started camera=entrance file=20260819-152604.mkv
2026-08-26 22:56:09,430 INFO peoplein.stream: download completed camera=entrance file=20260819-152604.mkv bytes=31521474 interval=2026-08-19 15:26:04..2026-08-19 15:31:04
2026-08-26 22:56:09,430 INFO peoplein.stream: analysis interval ready start=2026-08-19 15:26:04 end=2026-08-19 15:27:40
2026-08-26 22:56:16,314 INFO peoplein.stream: decoded loby/20260819-152240.mkv: 480 frames
2026-08-26 22:56:16,314 INFO peoplein.stream: decoded entrance/20260819-152604.mkv: 480 frames
2026-08-26 22:56:16,321 INFO __main__: analysis interval completed start=2026-08-19 15:26:04 end=2026-08-19 15:27:40 frames=960 ticks=480 entered=2 exited=1 people_inside=1
2026-08-26 22:56:16,323 INFO __main__: summary updated end=2026-08-19 15:27:40
2026-08-26 22:56:16,323 INFO peoplein.stream: download started camera=loby file=20260819-152740.mkv
2026-08-26 22:56:33,932 INFO peoplein.stream: download completed camera=loby file=20260819-152740.mkv bytes=33128543 interval=2026-08-19 15:27:40..2026-08-19 15:32:40
2026-08-26 22:56:33,933 INFO peoplein.stream: analysis interval ready start=2026-08-19 15:27:40 end=2026-08-19 15:31:04
2026-08-26 22:56:43,400 INFO peoplein.stream: decoded entrance/20260819-152604.mkv: 1020 frames
2026-08-26 22:56:43,400 INFO peoplein.stream: decoded loby/20260819-152740.mkv: 1020 frames
2026-08-26 22:56:43,409 INFO __main__: analysis interval completed start=2026-08-19 15:27:40 end=2026-08-19 15:31:04 frames=2040 ticks=1020 entered=2 exited=1 people_inside=1
2026-08-26 22:56:43,410 INFO __main__: summary updated end=2026-08-19 15:31:04
2026-08-26 22:56:43,411 INFO peoplein.stream: download started camera=entrance file=20260819-153104.mkv
2026-08-26 22:57:07,643 INFO peoplein.stream: download completed camera=entrance file=20260819-153104.mkv bytes=31633156 interval=2026-08-19 15:31:04..2026-08-19 15:36:04
2026-08-26 22:57:07,643 INFO peoplein.stream: analysis interval ready start=2026-08-19 15:31:04 end=2026-08-19 15:32:40
2026-08-26 22:57:15,744 INFO peoplein.stream: decoded entrance/20260819-153104.mkv: 480 frames
2026-08-26 22:57:15,751 INFO peoplein.stream: decoded loby/20260819-152740.mkv: 480 frames
2026-08-26 22:57:15,776 INFO __main__: analysis interval completed start=2026-08-19 15:31:04 end=2026-08-19 15:32:40 frames=960 ticks=480 entered=2 exited=1 people_inside=1
2026-08-26 22:57:15,777 INFO __main__: summary updated end=2026-08-19 15:32:40
2026-08-26 22:57:15,778 INFO peoplein.stream: download started camera=loby file=20260819-153240.mkv
2026-08-26 22:57:34,276 INFO peoplein.stream: download completed camera=loby file=20260819-153240.mkv bytes=34069035 interval=2026-08-19 15:32:40..2026-08-19 15:37:42
2026-08-26 22:57:34,276 INFO peoplein.stream: analysis interval ready start=2026-08-19 15:32:40 end=2026-08-19 15:36:04
2026-08-26 22:57:44,294 INFO peoplein.stream: decoded loby/20260819-153240.mkv: 1020 frames
2026-08-26 22:57:44,294 INFO peoplein.stream: decoded entrance/20260819-153104.mkv: 1020 frames
2026-08-26 22:57:44,300 INFO __main__: analysis interval completed start=2026-08-19 15:32:40 end=2026-08-19 15:36:04 frames=2040 ticks=1020 entered=3 exited=1 people_inside=2
2026-08-26 22:57:44,302 INFO __main__: summary updated end=2026-08-19 15:36:04
2026-08-26 22:57:44,302 INFO peoplein.stream: download started camera=entrance file=20260819-153604.mkv
2026-08-26 22:58:08,965 INFO peoplein.stream: download completed camera=entrance file=20260819-153604.mkv bytes=31542308 interval=2026-08-19 15:36:04..2026-08-19 15:41:04
2026-08-26 22:58:08,966 INFO peoplein.stream: analysis interval ready start=2026-08-19 15:36:04 end=2026-08-19 15:37:42
2026-08-26 22:58:16,117 INFO peoplein.stream: decoded entrance/20260819-153604.mkv: 490 frames
2026-08-26 22:58:16,117 INFO peoplein.stream: decoded loby/20260819-153240.mkv: 490 frames
2026-08-26 22:58:16,122 INFO __main__: analysis interval completed start=2026-08-19 15:36:04 end=2026-08-19 15:37:42 frames=980 ticks=490 entered=3 exited=1 people_inside=2
2026-08-26 22:58:16,124 INFO __main__: summary updated end=2026-08-19 15:37:42
2026-08-26 22:58:16,125 INFO peoplein.stream: download started camera=loby file=20260819-153742.mkv
2026-08-26 22:58:42,688 INFO peoplein.stream: download completed camera=loby file=20260819-153742.mkv bytes=40144588 interval=2026-08-19 15:37:42..2026-08-19 15:42:42
2026-08-26 22:58:42,689 INFO peoplein.stream: analysis interval ready start=2026-08-19 15:37:42 end=2026-08-19 15:41:04
2026-08-26 22:58:52,022 INFO peoplein.stream: decoded loby/20260819-153742.mkv: 1010 frames
2026-08-26 22:58:52,023 INFO peoplein.stream: decoded entrance/20260819-153604.mkv: 1010 frames
2026-08-26 22:58:52,031 INFO __main__: analysis interval completed start=2026-08-19 15:37:42 end=2026-08-19 15:41:04 frames=2020 ticks=1010 entered=3 exited=1 people_inside=2
2026-08-26 22:58:52,033 INFO __main__: summary updated end=2026-08-19 15:41:04
2026-08-26 22:58:52,034 INFO peoplein.stream: download started camera=entrance file=20260819-154104.mkv
2026-08-26 22:59:12,877 INFO peoplein.stream: download completed camera=entrance file=20260819-154104.mkv bytes=31551858 interval=2026-08-19 15:41:04..2026-08-19 15:46:04
2026-08-26 22:59:12,877 INFO peoplein.stream: analysis interval ready start=2026-08-19 15:41:04 end=2026-08-19 15:42:42
2026-08-26 22:59:20,016 INFO peoplein.stream: decoded entrance/20260819-154104.mkv: 490 frames
2026-08-26 22:59:20,016 INFO peoplein.stream: decoded loby/20260819-153742.mkv: 490 frames
2026-08-26 22:59:20,024 INFO __main__: analysis interval completed start=2026-08-19 15:41:04 end=2026-08-19 15:42:42 frames=980 ticks=490 entered=3 exited=1 people_inside=2
2026-08-26 22:59:20,027 INFO __main__: summary updated end=2026-08-19 15:42:42
2026-08-26 22:59:20,027 INFO peoplein.stream: download started camera=loby file=20260819-154242.mkv
2026-08-26 22:59:41,080 INFO peoplein.stream: download completed camera=loby file=20260819-154242.mkv bytes=39397042 interval=2026-08-19 15:42:42..2026-08-19 15:47:42
2026-08-26 22:59:41,080 INFO peoplein.stream: analysis interval ready start=2026-08-19 15:42:42 end=2026-08-19 15:46:04
2026-08-26 22:59:50,485 INFO peoplein.stream: decoded entrance/20260819-154104.mkv: 1010 frames
2026-08-26 22:59:50,487 INFO peoplein.stream: decoded loby/20260819-154242.mkv: 1010 frames
2026-08-26 22:59:50,494 INFO __main__: analysis interval completed start=2026-08-19 15:42:42 end=2026-08-19 15:46:04 frames=2020 ticks=1010 entered=3 exited=1 people_inside=2
2026-08-26 22:59:50,496 INFO __main__: summary updated end=2026-08-19 15:46:04
2026-08-26 22:59:50,496 INFO peoplein.stream: download started camera=entrance file=20260819-154604.mkv
2026-08-26 23:00:12,054 INFO peoplein.stream: download completed camera=entrance file=20260819-154604.mkv bytes=31520476 interval=2026-08-19 15:46:04..2026-08-19 15:51:04
2026-08-26 23:00:12,054 INFO peoplein.stream: analysis interval ready start=2026-08-19 15:46:04 end=2026-08-19 15:47:42
2026-08-26 23:00:19,183 INFO peoplein.stream: decoded entrance/20260819-154604.mkv: 490 frames
2026-08-26 23:00:19,186 INFO peoplein.stream: decoded loby/20260819-154242.mkv: 490 frames
2026-08-26 23:00:19,190 INFO __main__: analysis interval completed start=2026-08-19 15:46:04 end=2026-08-19 15:47:42 frames=980 ticks=490 entered=3 exited=1 people_inside=2
2026-08-26 23:00:19,192 INFO __main__: summary updated end=2026-08-19 15:47:42
2026-08-26 23:00:19,193 INFO peoplein.stream: download started camera=loby file=20260819-154742.mkv
2026-08-26 23:00:40,938 INFO peoplein.stream: download completed camera=loby file=20260819-154742.mkv bytes=35727195 interval=2026-08-19 15:47:42..2026-08-19 15:52:42
2026-08-26 23:00:40,938 INFO peoplein.stream: analysis interval ready start=2026-08-19 15:47:42 end=2026-08-19 15:51:04
2026-08-26 23:00:50,306 INFO peoplein.stream: decoded entrance/20260819-154604.mkv: 1010 frames
2026-08-26 23:00:50,309 INFO peoplein.stream: decoded loby/20260819-154742.mkv: 1010 frames
2026-08-26 23:00:50,314 INFO __main__: analysis interval completed start=2026-08-19 15:47:42 end=2026-08-19 15:51:04 frames=2020 ticks=1010 entered=3 exited=1 people_inside=2
2026-08-26 23:00:50,316 INFO __main__: summary updated end=2026-08-19 15:51:04
2026-08-26 23:00:50,317 INFO peoplein.stream: download started camera=entrance file=20260819-155104.mkv
2026-08-26 23:01:10,574 INFO peoplein.stream: download completed camera=entrance file=20260819-155104.mkv bytes=31510081 interval=2026-08-19 15:51:04..2026-08-19 15:56:04
2026-08-26 23:01:10,574 INFO peoplein.stream: analysis interval ready start=2026-08-19 15:51:04 end=2026-08-19 15:52:42
2026-08-26 23:01:17,712 INFO peoplein.stream: decoded loby/20260819-154742.mkv: 490 frames
2026-08-26 23:01:17,718 INFO peoplein.stream: decoded entrance/20260819-155104.mkv: 490 frames
2026-08-26 23:01:17,720 INFO __main__: analysis interval completed start=2026-08-19 15:51:04 end=2026-08-19 15:52:42 frames=980 ticks=490 entered=3 exited=1 people_inside=2
2026-08-26 23:01:17,722 INFO __main__: summary updated end=2026-08-19 15:52:42
2026-08-26 23:01:17,722 INFO peoplein.stream: download started camera=loby file=20260819-155242.mkv
2026-08-26 23:01:36,489 INFO peoplein.stream: download completed camera=loby file=20260819-155242.mkv bytes=34323441 interval=2026-08-19 15:52:42..2026-08-19 15:57:42
2026-08-26 23:01:36,489 INFO peoplein.stream: analysis interval ready start=2026-08-19 15:52:42 end=2026-08-19 15:56:04
2026-08-26 23:01:46,202 INFO peoplein.stream: decoded loby/20260819-155242.mkv: 1010 frames
2026-08-26 23:01:46,208 INFO peoplein.stream: decoded entrance/20260819-155104.mkv: 1010 frames
2026-08-26 23:01:46,210 INFO __main__: analysis interval completed start=2026-08-19 15:52:42 end=2026-08-19 15:56:04 frames=2020 ticks=1010 entered=3 exited=1 people_inside=2
2026-08-26 23:01:46,212 INFO __main__: summary updated end=2026-08-19 15:56:04
2026-08-26 23:01:46,213 INFO peoplein.stream: download started camera=entrance file=20260819-155604.mkv
2026-08-26 23:02:01,463 INFO peoplein.stream: download completed camera=entrance file=20260819-155604.mkv bytes=30992541 interval=2026-08-19 15:56:04..2026-08-19 16:01:04
2026-08-26 23:02:01,464 INFO peoplein.stream: analysis interval ready start=2026-08-19 15:56:04 end=2026-08-19 15:57:42
2026-08-26 23:02:08,573 INFO peoplein.stream: decoded loby/20260819-155242.mkv: 490 frames
2026-08-26 23:02:08,577 INFO peoplein.stream: decoded entrance/20260819-155604.mkv: 490 frames
2026-08-26 23:02:08,581 INFO __main__: analysis interval completed start=2026-08-19 15:56:04 end=2026-08-19 15:57:42 frames=980 ticks=490 entered=3 exited=1 people_inside=2
2026-08-26 23:02:08,583 INFO __main__: summary updated end=2026-08-19 15:57:42
2026-08-26 23:02:08,584 INFO peoplein.stream: download started camera=loby file=20260819-155741.mkv
2026-08-26 23:02:26,310 INFO peoplein.stream: download completed camera=loby file=20260819-155741.mkv bytes=29116899 interval=2026-08-19 15:57:41..2026-08-19 16:02:41
2026-08-26 23:02:26,311 INFO peoplein.stream: analysis interval ready start=2026-08-19 15:57:41 end=2026-08-19 16:01:04
2026-08-26 23:02:35,694 INFO peoplein.stream: decoded entrance/20260819-155604.mkv: 1015 frames
2026-08-26 23:02:35,695 INFO peoplein.stream: decoded loby/20260819-155741.mkv: 1015 frames
2026-08-26 23:02:35,700 INFO __main__: analysis interval completed start=2026-08-19 15:57:41 end=2026-08-19 16:01:04 frames=2030 ticks=1015 entered=3 exited=1 people_inside=2
2026-08-26 23:02:35,702 INFO __main__: summary updated end=2026-08-19 16:01:04
2026-08-26 23:02:35,703 INFO peoplein.stream: download started camera=entrance file=20260819-160104.mkv
2026-08-26 23:02:50,793 INFO peoplein.stream: download completed camera=entrance file=20260819-160104.mkv bytes=29623750 interval=2026-08-19 16:01:04..2026-08-19 16:06:04
2026-08-26 23:02:50,793 INFO peoplein.stream: analysis interval ready start=2026-08-19 16:01:04 end=2026-08-19 16:02:41
2026-08-26 23:02:57,898 INFO peoplein.stream: decoded loby/20260819-155741.mkv: 485 frames
2026-08-26 23:02:57,901 INFO peoplein.stream: decoded entrance/20260819-160104.mkv: 485 frames
2026-08-26 23:02:57,907 INFO __main__: analysis interval completed start=2026-08-19 16:01:04 end=2026-08-19 16:02:41 frames=970 ticks=485 entered=3 exited=1 people_inside=2
2026-08-26 23:02:57,909 INFO __main__: summary updated end=2026-08-19 16:02:41
2026-08-26 23:02:57,910 INFO peoplein.stream: download started camera=loby file=20260819-160241.mkv
2026-08-26 23:03:14,861 INFO peoplein.stream: download completed camera=loby file=20260819-160241.mkv bytes=26823985 interval=2026-08-19 16:02:41..2026-08-19 16:07:41
2026-08-26 23:03:14,862 INFO peoplein.stream: analysis interval ready start=2026-08-19 16:02:41 end=2026-08-19 16:06:04
2026-08-26 23:03:24,142 INFO peoplein.stream: decoded entrance/20260819-160104.mkv: 1015 frames
2026-08-26 23:03:24,142 INFO peoplein.stream: decoded loby/20260819-160241.mkv: 1015 frames
2026-08-26 23:03:24,147 INFO __main__: analysis interval completed start=2026-08-19 16:02:41 end=2026-08-19 16:06:04 frames=2030 ticks=1015 entered=3 exited=1 people_inside=2
2026-08-26 23:03:24,149 INFO __main__: summary updated end=2026-08-19 16:06:04
2026-08-26 23:03:24,150 INFO peoplein.stream: download started camera=entrance file=20260819-160604.mkv
2026-08-26 23:03:43,959 INFO peoplein.stream: download completed camera=entrance file=20260819-160604.mkv bytes=28049119 interval=2026-08-19 16:06:04..2026-08-19 16:11:04
2026-08-26 23:03:43,959 INFO peoplein.stream: analysis interval ready start=2026-08-19 16:06:04 end=2026-08-19 16:07:41
2026-08-26 23:03:50,953 INFO peoplein.stream: decoded loby/20260819-160241.mkv: 485 frames
2026-08-26 23:03:50,955 INFO peoplein.stream: decoded entrance/20260819-160604.mkv: 485 frames
2026-08-26 23:03:50,960 INFO __main__: analysis interval completed start=2026-08-19 16:06:04 end=2026-08-19 16:07:41 frames=970 ticks=485 entered=3 exited=1 people_inside=2
2026-08-26 23:03:50,962 INFO __main__: summary updated end=2026-08-19 16:07:41
2026-08-26 23:03:50,962 INFO peoplein.stream: download started camera=loby file=20260819-160741.mkv
2026-08-26 23:04:09,426 INFO peoplein.stream: download completed camera=loby file=20260819-160741.mkv bytes=27485936 interval=2026-08-19 16:07:41..2026-08-19 16:12:41
2026-08-26 23:04:09,426 INFO peoplein.stream: analysis interval ready start=2026-08-19 16:07:41 end=2026-08-19 16:11:04
2026-08-26 23:04:18,960 INFO peoplein.stream: decoded entrance/20260819-160604.mkv: 1015 frames
2026-08-26 23:04:18,960 INFO peoplein.stream: decoded loby/20260819-160741.mkv: 1015 frames
2026-08-26 23:04:18,968 INFO __main__: analysis interval completed start=2026-08-19 16:07:41 end=2026-08-19 16:11:04 frames=2030 ticks=1015 entered=3 exited=1 people_inside=2
2026-08-26 23:04:18,971 INFO __main__: summary updated end=2026-08-19 16:11:04
2026-08-26 23:04:18,971 INFO peoplein.stream: download started camera=entrance file=20260819-161104.mkv
2026-08-26 23:04:44,650 INFO peoplein.stream: download completed camera=entrance file=20260819-161104.mkv bytes=30196964 interval=2026-08-19 16:11:04..2026-08-19 16:16:04
2026-08-26 23:04:44,650 INFO peoplein.stream: analysis interval ready start=2026-08-19 16:11:04 end=2026-08-19 16:12:41
2026-08-26 23:04:51,645 INFO peoplein.stream: decoded entrance/20260819-161104.mkv: 485 frames
2026-08-26 23:04:51,647 INFO peoplein.stream: decoded loby/20260819-160741.mkv: 485 frames
2026-08-26 23:04:51,652 INFO __main__: analysis interval completed start=2026-08-19 16:11:04 end=2026-08-19 16:12:41 frames=970 ticks=485 entered=3 exited=1 people_inside=2
2026-08-26 23:04:51,655 INFO __main__: summary updated end=2026-08-19 16:12:41
2026-08-26 23:04:51,656 INFO peoplein.stream: download started camera=loby file=20260819-161241.mkv
2026-08-26 23:05:11,486 INFO peoplein.stream: download completed camera=loby file=20260819-161241.mkv bytes=29166111 interval=2026-08-19 16:12:41..2026-08-19 16:17:41
2026-08-26 23:05:11,487 INFO peoplein.stream: analysis interval ready start=2026-08-19 16:12:41 end=2026-08-19 16:16:04
2026-08-26 23:05:21,661 INFO peoplein.stream: decoded entrance/20260819-161104.mkv: 1015 frames
2026-08-26 23:05:21,663 INFO peoplein.stream: decoded loby/20260819-161241.mkv: 1015 frames
2026-08-26 23:05:21,669 INFO __main__: analysis interval completed start=2026-08-19 16:12:41 end=2026-08-19 16:16:04 frames=2030 ticks=1015 entered=3 exited=2 people_inside=1
2026-08-26 23:05:21,672 INFO __main__: summary updated end=2026-08-19 16:16:04
2026-08-26 23:05:21,672 INFO peoplein.stream: download started camera=entrance file=20260819-161604.mkv
2026-08-26 23:05:38,160 INFO peoplein.stream: download completed camera=entrance file=20260819-161604.mkv bytes=30629789 interval=2026-08-19 16:16:04..2026-08-19 16:21:04
2026-08-26 23:05:38,161 INFO peoplein.stream: analysis interval ready start=2026-08-19 16:16:04 end=2026-08-19 16:17:41
2026-08-26 23:05:45,305 INFO peoplein.stream: decoded entrance/20260819-161604.mkv: 485 frames
2026-08-26 23:05:45,306 INFO peoplein.stream: decoded loby/20260819-161241.mkv: 485 frames
2026-08-26 23:05:45,308 INFO __main__: analysis interval completed start=2026-08-19 16:16:04 end=2026-08-19 16:17:41 frames=970 ticks=485 entered=3 exited=2 people_inside=1
2026-08-26 23:05:45,309 INFO __main__: summary updated end=2026-08-19 16:17:41
2026-08-26 23:05:45,310 INFO peoplein.stream: download started camera=loby file=20260819-161741.mkv
2026-08-26 23:06:03,043 INFO peoplein.stream: download completed camera=loby file=20260819-161741.mkv bytes=27385228 interval=2026-08-19 16:17:41..2026-08-19 16:22:41
2026-08-26 23:06:03,044 INFO peoplein.stream: analysis interval ready start=2026-08-19 16:17:41 end=2026-08-19 16:21:04
2026-08-26 23:06:12,635 INFO peoplein.stream: decoded loby/20260819-161741.mkv: 1015 frames
2026-08-26 23:06:12,639 INFO peoplein.stream: decoded entrance/20260819-161604.mkv: 1015 frames
2026-08-26 23:06:12,642 INFO __main__: analysis interval completed start=2026-08-19 16:17:41 end=2026-08-19 16:21:04 frames=2030 ticks=1015 entered=3 exited=2 people_inside=1
2026-08-26 23:06:12,645 INFO __main__: summary updated end=2026-08-19 16:21:04
2026-08-26 23:06:12,645 INFO peoplein.stream: download started camera=entrance file=20260819-162104.mkv
2026-08-26 23:06:33,012 INFO peoplein.stream: download completed camera=entrance file=20260819-162104.mkv bytes=30192692 interval=2026-08-19 16:21:04..2026-08-19 16:26:04
2026-08-26 23:06:33,012 INFO peoplein.stream: analysis interval ready start=2026-08-19 16:21:04 end=2026-08-19 16:22:41
2026-08-26 23:06:40,042 INFO peoplein.stream: decoded loby/20260819-161741.mkv: 485 frames
2026-08-26 23:06:40,047 INFO peoplein.stream: decoded entrance/20260819-162104.mkv: 485 frames
2026-08-26 23:06:40,048 INFO __main__: analysis interval completed start=2026-08-19 16:21:04 end=2026-08-19 16:22:41 frames=970 ticks=485 entered=3 exited=2 people_inside=1
2026-08-26 23:06:40,050 INFO __main__: summary updated end=2026-08-19 16:22:41
2026-08-26 23:06:40,050 INFO peoplein.stream: download started camera=loby file=20260819-162241.mkv
2026-08-26 23:06:56,619 INFO peoplein.stream: download completed camera=loby file=20260819-162241.mkv bytes=25817832 interval=2026-08-19 16:22:41..2026-08-19 16:27:41
2026-08-26 23:06:56,620 INFO peoplein.stream: analysis interval ready start=2026-08-19 16:22:41 end=2026-08-19 16:26:04
2026-08-26 23:07:05,866 INFO peoplein.stream: decoded entrance/20260819-162104.mkv: 1015 frames
2026-08-26 23:07:05,868 INFO peoplein.stream: decoded loby/20260819-162241.mkv: 1015 frames
2026-08-26 23:07:05,873 INFO __main__: analysis interval completed start=2026-08-19 16:22:41 end=2026-08-19 16:26:04 frames=2030 ticks=1015 entered=3 exited=2 people_inside=1
2026-08-26 23:07:05,875 INFO __main__: summary updated end=2026-08-19 16:26:04
2026-08-26 23:07:05,876 INFO peoplein.stream: download started camera=entrance file=20260819-162604.mkv
2026-08-26 23:07:23,869 INFO peoplein.stream: download completed camera=entrance file=20260819-162604.mkv bytes=30782979 interval=2026-08-19 16:26:04..2026-08-19 16:31:04
2026-08-26 23:07:23,869 INFO peoplein.stream: analysis interval ready start=2026-08-19 16:26:04 end=2026-08-19 16:27:41
2026-08-26 23:07:30,863 INFO peoplein.stream: decoded entrance/20260819-162604.mkv: 485 frames
2026-08-26 23:07:30,865 INFO peoplein.stream: decoded loby/20260819-162241.mkv: 485 frames
2026-08-26 23:07:30,869 INFO __main__: analysis interval completed start=2026-08-19 16:26:04 end=2026-08-19 16:27:41 frames=970 ticks=485 entered=3 exited=2 people_inside=1
2026-08-26 23:07:30,871 INFO __main__: summary updated end=2026-08-19 16:27:41
2026-08-26 23:07:30,872 INFO peoplein.stream: download started camera=loby file=20260819-162741.mkv
2026-08-26 23:07:49,639 INFO peoplein.stream: download completed camera=loby file=20260819-162741.mkv bytes=26506283 interval=2026-08-19 16:27:41..2026-08-19 16:32:41
2026-08-26 23:07:49,640 INFO peoplein.stream: analysis interval ready start=2026-08-19 16:27:41 end=2026-08-19 16:31:04
2026-08-26 23:07:59,044 INFO peoplein.stream: decoded entrance/20260819-162604.mkv: 1015 frames
2026-08-26 23:07:59,046 INFO peoplein.stream: decoded loby/20260819-162741.mkv: 1015 frames
2026-08-26 23:07:59,051 INFO __main__: analysis interval completed start=2026-08-19 16:27:41 end=2026-08-19 16:31:04 frames=2030 ticks=1015 entered=3 exited=2 people_inside=1
2026-08-26 23:07:59,053 INFO __main__: summary updated end=2026-08-19 16:31:04
2026-08-26 23:07:59,053 INFO peoplein.stream: download started camera=entrance file=20260819-163104.mkv
2026-08-26 23:08:13,699 INFO peoplein.stream: download completed camera=entrance file=20260819-163104.mkv bytes=29195392 interval=2026-08-19 16:31:04..2026-08-19 16:36:04
2026-08-26 23:08:13,699 INFO peoplein.stream: analysis interval ready start=2026-08-19 16:31:04 end=2026-08-19 16:32:41
2026-08-26 23:08:20,703 INFO peoplein.stream: decoded entrance/20260819-163104.mkv: 485 frames
2026-08-26 23:08:20,706 INFO peoplein.stream: decoded loby/20260819-162741.mkv: 485 frames
2026-08-26 23:08:20,711 INFO __main__: analysis interval completed start=2026-08-19 16:31:04 end=2026-08-19 16:32:41 frames=970 ticks=485 entered=3 exited=2 people_inside=1
2026-08-26 23:08:20,713 INFO __main__: summary updated end=2026-08-19 16:32:41
2026-08-26 23:08:20,714 INFO peoplein.stream: download started camera=loby file=20260819-163240.mkv
2026-08-26 23:08:35,761 INFO peoplein.stream: download completed camera=loby file=20260819-163240.mkv bytes=24378650 interval=2026-08-19 16:32:40..2026-08-19 16:37:40
2026-08-26 23:08:35,761 INFO peoplein.stream: analysis interval ready start=2026-08-19 16:32:40 end=2026-08-19 16:36:04
2026-08-26 23:08:45,011 INFO peoplein.stream: decoded entrance/20260819-163104.mkv: 1020 frames
2026-08-26 23:08:45,014 INFO peoplein.stream: decoded loby/20260819-163240.mkv: 1020 frames
2026-08-26 23:08:45,021 INFO __main__: analysis interval completed start=2026-08-19 16:32:40 end=2026-08-19 16:36:04 frames=2040 ticks=1020 entered=3 exited=2 people_inside=1
2026-08-26 23:08:45,023 INFO __main__: summary updated end=2026-08-19 16:36:04
2026-08-26 23:08:45,023 INFO peoplein.stream: download started camera=entrance file=20260819-163604.mkv
2026-08-26 23:09:04,765 INFO peoplein.stream: download completed camera=entrance file=20260819-163604.mkv bytes=31468337 interval=2026-08-19 16:36:04..2026-08-19 16:41:04
2026-08-26 23:09:04,766 INFO peoplein.stream: analysis interval ready start=2026-08-19 16:36:04 end=2026-08-19 16:37:40
2026-08-26 23:09:11,813 INFO peoplein.stream: decoded loby/20260819-163240.mkv: 480 frames
2026-08-26 23:09:11,814 INFO peoplein.stream: decoded entrance/20260819-163604.mkv: 480 frames
2026-08-26 23:09:11,820 INFO __main__: analysis interval completed start=2026-08-19 16:36:04 end=2026-08-19 16:37:40 frames=960 ticks=480 entered=3 exited=2 people_inside=1
2026-08-26 23:09:11,822 INFO __main__: summary updated end=2026-08-19 16:37:40
2026-08-26 23:09:11,823 INFO peoplein.stream: download started camera=loby file=20260819-163740.mkv
2026-08-26 23:09:27,306 INFO peoplein.stream: download completed camera=loby file=20260819-163740.mkv bytes=25796440 interval=2026-08-19 16:37:40..2026-08-19 16:42:40
2026-08-26 23:09:27,306 INFO peoplein.stream: analysis interval ready start=2026-08-19 16:37:40 end=2026-08-19 16:41:04
2026-08-26 23:09:36,806 INFO peoplein.stream: decoded entrance/20260819-163604.mkv: 1020 frames
2026-08-26 23:09:36,809 INFO peoplein.stream: decoded loby/20260819-163740.mkv: 1020 frames
2026-08-26 23:09:36,814 INFO __main__: analysis interval completed start=2026-08-19 16:37:40 end=2026-08-19 16:41:04 frames=2040 ticks=1020 entered=3 exited=2 people_inside=1
2026-08-26 23:09:36,816 INFO __main__: summary updated end=2026-08-19 16:41:04
2026-08-26 23:09:36,816 INFO peoplein.stream: download started camera=entrance file=20260819-164104.mkv
2026-08-26 23:09:54,789 INFO peoplein.stream: download completed camera=entrance file=20260819-164104.mkv bytes=31540371 interval=2026-08-19 16:41:04..2026-08-19 16:46:04
2026-08-26 23:09:54,790 INFO peoplein.stream: analysis interval ready start=2026-08-19 16:41:04 end=2026-08-19 16:42:40
2026-08-26 23:10:01,755 INFO peoplein.stream: decoded entrance/20260819-164104.mkv: 480 frames
2026-08-26 23:10:01,761 INFO peoplein.stream: decoded loby/20260819-163740.mkv: 480 frames
2026-08-26 23:10:01,763 INFO __main__: analysis interval completed start=2026-08-19 16:41:04 end=2026-08-19 16:42:40 frames=960 ticks=480 entered=3 exited=2 people_inside=1
2026-08-26 23:10:01,765 INFO __main__: summary updated end=2026-08-19 16:42:40
2026-08-26 23:10:01,766 INFO peoplein.stream: download started camera=loby file=20260819-164240.mkv
2026-08-26 23:10:18,682 INFO peoplein.stream: download completed camera=loby file=20260819-164240.mkv bytes=27363313 interval=2026-08-19 16:42:40..2026-08-19 16:47:40
2026-08-26 23:10:18,682 INFO peoplein.stream: analysis interval ready start=2026-08-19 16:42:40 end=2026-08-19 16:46:04
2026-08-26 23:10:27,956 INFO peoplein.stream: decoded loby/20260819-164240.mkv: 1020 frames
2026-08-26 23:10:27,959 INFO peoplein.stream: decoded entrance/20260819-164104.mkv: 1020 frames
2026-08-26 23:10:27,963 INFO __main__: analysis interval completed start=2026-08-19 16:42:40 end=2026-08-19 16:46:04 frames=2040 ticks=1020 entered=3 exited=2 people_inside=1
2026-08-26 23:10:27,965 INFO __main__: summary updated end=2026-08-19 16:46:04
2026-08-26 23:10:27,965 INFO peoplein.stream: download started camera=entrance file=20260819-164604.mkv
2026-08-26 23:10:48,413 INFO peoplein.stream: download completed camera=entrance file=20260819-164604.mkv bytes=31507760 interval=2026-08-19 16:46:04..2026-08-19 16:51:04
2026-08-26 23:10:48,414 INFO peoplein.stream: analysis interval ready start=2026-08-19 16:46:04 end=2026-08-19 16:47:40
2026-08-26 23:10:55,369 INFO peoplein.stream: decoded loby/20260819-164240.mkv: 480 frames
2026-08-26 23:10:55,370 INFO peoplein.stream: decoded entrance/20260819-164604.mkv: 480 frames
2026-08-26 23:10:55,378 INFO __main__: analysis interval completed start=2026-08-19 16:46:04 end=2026-08-19 16:47:40 frames=960 ticks=480 entered=3 exited=2 people_inside=1
2026-08-26 23:10:55,380 INFO __main__: summary updated end=2026-08-19 16:47:40
2026-08-26 23:10:55,381 INFO peoplein.stream: download started camera=loby file=20260819-164740.mkv
2026-08-26 23:11:21,854 INFO peoplein.stream: download completed camera=loby file=20260819-164740.mkv bytes=28267136 interval=2026-08-19 16:47:40..2026-08-19 16:52:40
2026-08-26 23:11:21,854 INFO peoplein.stream: analysis interval ready start=2026-08-19 16:47:40 end=2026-08-19 16:51:04
2026-08-26 23:11:31,200 INFO peoplein.stream: decoded loby/20260819-164740.mkv: 1020 frames
2026-08-26 23:11:31,203 INFO peoplein.stream: decoded entrance/20260819-164604.mkv: 1020 frames
2026-08-26 23:11:31,209 INFO __main__: analysis interval completed start=2026-08-19 16:47:40 end=2026-08-19 16:51:04 frames=2040 ticks=1020 entered=3 exited=2 people_inside=1
2026-08-26 23:11:31,211 INFO __main__: summary updated end=2026-08-19 16:51:04
2026-08-26 23:11:31,211 INFO peoplein.stream: download started camera=entrance file=20260819-165104.mkv
2026-08-26 23:11:52,962 INFO peoplein.stream: download completed camera=entrance file=20260819-165104.mkv bytes=31496967 interval=2026-08-19 16:51:04..2026-08-19 16:56:04
2026-08-26 23:11:52,962 INFO peoplein.stream: analysis interval ready start=2026-08-19 16:51:04 end=2026-08-19 16:52:40
2026-08-26 23:12:00,168 INFO peoplein.stream: decoded loby/20260819-164740.mkv: 480 frames
2026-08-26 23:12:00,170 INFO peoplein.stream: decoded entrance/20260819-165104.mkv: 480 frames
2026-08-26 23:12:00,176 INFO __main__: analysis interval completed start=2026-08-19 16:51:04 end=2026-08-19 16:52:40 frames=960 ticks=480 entered=3 exited=2 people_inside=1
2026-08-26 23:12:00,178 INFO __main__: summary updated end=2026-08-19 16:52:40
2026-08-26 23:12:00,179 INFO peoplein.stream: download started camera=loby file=20260819-165240.mkv
2026-08-26 23:12:17,722 INFO peoplein.stream: download completed camera=loby file=20260819-165240.mkv bytes=28588634 interval=2026-08-19 16:52:40..2026-08-19 16:57:42
2026-08-26 23:12:17,722 INFO peoplein.stream: analysis interval ready start=2026-08-19 16:52:40 end=2026-08-19 16:56:04
2026-08-26 23:12:27,169 INFO peoplein.stream: decoded entrance/20260819-165104.mkv: 1020 frames
2026-08-26 23:12:27,170 INFO peoplein.stream: decoded loby/20260819-165240.mkv: 1020 frames
2026-08-26 23:12:27,180 INFO __main__: analysis interval completed start=2026-08-19 16:52:40 end=2026-08-19 16:56:04 frames=2040 ticks=1020 entered=3 exited=2 people_inside=1
2026-08-26 23:12:27,206 INFO __main__: summary updated end=2026-08-19 16:56:04
2026-08-26 23:12:27,207 INFO peoplein.stream: download started camera=entrance file=20260819-165604.mkv
2026-08-26 23:12:51,158 INFO peoplein.stream: download completed camera=entrance file=20260819-165604.mkv bytes=31538656 interval=2026-08-19 16:56:04..2026-08-19 17:01:04
2026-08-26 23:12:51,158 INFO peoplein.stream: analysis interval ready start=2026-08-19 16:56:04 end=2026-08-19 16:57:42
2026-08-26 23:12:58,472 INFO peoplein.stream: decoded loby/20260819-165240.mkv: 490 frames
2026-08-26 23:12:58,477 INFO peoplein.stream: decoded entrance/20260819-165604.mkv: 490 frames
2026-08-26 23:12:58,482 INFO __main__: analysis interval completed start=2026-08-19 16:56:04 end=2026-08-19 16:57:42 frames=980 ticks=490 entered=3 exited=2 people_inside=1
2026-08-26 23:12:58,484 INFO __main__: summary updated end=2026-08-19 16:57:42
2026-08-26 23:12:58,484 INFO peoplein.stream: download started camera=loby file=20260819-165742.mkv
2026-08-26 23:13:15,527 INFO peoplein.stream: download completed camera=loby file=20260819-165742.mkv bytes=26255702 interval=2026-08-19 16:57:42..2026-08-19 17:02:42
2026-08-26 23:13:15,527 INFO peoplein.stream: analysis interval ready start=2026-08-19 16:57:42 end=2026-08-19 17:01:04
2026-08-26 23:13:25,058 INFO peoplein.stream: decoded loby/20260819-165742.mkv: 1010 frames
2026-08-26 23:13:25,061 INFO peoplein.stream: decoded entrance/20260819-165604.mkv: 1010 frames
2026-08-26 23:13:25,065 INFO __main__: analysis interval completed start=2026-08-19 16:57:42 end=2026-08-19 17:01:04 frames=2020 ticks=1010 entered=3 exited=2 people_inside=1
2026-08-26 23:13:25,068 INFO __main__: summary updated end=2026-08-19 17:01:04
2026-08-26 23:13:25,068 INFO peoplein.stream: download started camera=entrance file=20260819-170104.mkv
2026-08-26 23:13:46,919 INFO peoplein.stream: download completed camera=entrance file=20260819-170104.mkv bytes=31527015 interval=2026-08-19 17:01:04..2026-08-19 17:06:04
2026-08-26 23:13:46,920 INFO peoplein.stream: analysis interval ready start=2026-08-19 17:01:04 end=2026-08-19 17:02:42
2026-08-26 23:13:54,067 INFO peoplein.stream: decoded loby/20260819-165742.mkv: 490 frames
2026-08-26 23:13:54,067 INFO peoplein.stream: decoded entrance/20260819-170104.mkv: 490 frames
2026-08-26 23:13:54,075 INFO __main__: analysis interval completed start=2026-08-19 17:01:04 end=2026-08-19 17:02:42 frames=980 ticks=490 entered=3 exited=2 people_inside=1
2026-08-26 23:13:54,077 INFO __main__: summary updated end=2026-08-19 17:02:42
2026-08-26 23:13:54,077 INFO peoplein.stream: download started camera=loby file=20260819-170242.mkv
2026-08-26 23:14:19,346 INFO peoplein.stream: download completed camera=loby file=20260819-170242.mkv bytes=38238403 interval=2026-08-19 17:02:42..2026-08-19 17:07:42
2026-08-26 23:14:19,347 INFO peoplein.stream: analysis interval ready start=2026-08-19 17:02:42 end=2026-08-19 17:06:04
2026-08-26 23:14:28,985 INFO peoplein.stream: decoded loby/20260819-170242.mkv: 1010 frames
2026-08-26 23:14:28,986 INFO peoplein.stream: decoded entrance/20260819-170104.mkv: 1010 frames
2026-08-26 23:14:28,990 INFO __main__: analysis interval completed start=2026-08-19 17:02:42 end=2026-08-19 17:06:04 frames=2020 ticks=1010 entered=3 exited=2 people_inside=1
2026-08-26 23:14:28,993 INFO __main__: summary updated end=2026-08-19 17:06:04
2026-08-26 23:14:28,993 INFO peoplein.stream: download started camera=entrance file=20260819-170604.mkv
2026-08-26 23:14:49,198 INFO peoplein.stream: download completed camera=entrance file=20260819-170604.mkv bytes=31514730 interval=2026-08-19 17:06:04..2026-08-19 17:11:04
2026-08-26 23:14:49,198 INFO peoplein.stream: analysis interval ready start=2026-08-19 17:06:04 end=2026-08-19 17:07:42
2026-08-26 23:14:56,527 INFO peoplein.stream: decoded loby/20260819-170242.mkv: 490 frames
2026-08-26 23:14:56,528 INFO peoplein.stream: decoded entrance/20260819-170604.mkv: 490 frames
2026-08-26 23:14:56,531 INFO __main__: analysis interval completed start=2026-08-19 17:06:04 end=2026-08-19 17:07:42 frames=980 ticks=490 entered=3 exited=2 people_inside=1
2026-08-26 23:14:56,533 INFO __main__: summary updated end=2026-08-19 17:07:42
2026-08-26 23:14:56,534 INFO peoplein.stream: download started camera=loby file=20260819-170741.mkv
2026-08-26 23:15:24,487 INFO peoplein.stream: download completed camera=loby file=20260819-170741.mkv bytes=40574317 interval=2026-08-19 17:07:41..2026-08-19 17:12:41
2026-08-26 23:15:24,487 INFO peoplein.stream: analysis interval ready start=2026-08-19 17:07:41 end=2026-08-19 17:11:04
2026-08-26 23:15:34,200 INFO peoplein.stream: decoded loby/20260819-170741.mkv: 1015 frames
2026-08-26 23:15:34,203 INFO peoplein.stream: decoded entrance/20260819-170604.mkv: 1015 frames
2026-08-26 23:15:34,209 INFO __main__: analysis interval completed start=2026-08-19 17:07:41 end=2026-08-19 17:11:04 frames=2030 ticks=1015 entered=3 exited=2 people_inside=1
2026-08-26 23:15:34,211 INFO __main__: summary updated end=2026-08-19 17:11:04
2026-08-26 23:15:34,212 INFO peoplein.stream: download started camera=entrance file=20260819-171104.mkv
2026-08-26 23:15:56,802 INFO peoplein.stream: download completed camera=entrance file=20260819-171104.mkv bytes=31515507 interval=2026-08-19 17:11:04..2026-08-19 17:16:04
2026-08-26 23:15:56,802 INFO peoplein.stream: analysis interval ready start=2026-08-19 17:11:04 end=2026-08-19 17:12:41
2026-08-26 23:16:03,996 INFO peoplein.stream: decoded loby/20260819-170741.mkv: 485 frames
2026-08-26 23:16:03,997 INFO peoplein.stream: decoded entrance/20260819-171104.mkv: 485 frames
2026-08-26 23:16:04,003 INFO __main__: analysis interval completed start=2026-08-19 17:11:04 end=2026-08-19 17:12:41 frames=970 ticks=485 entered=3 exited=2 people_inside=1
2026-08-26 23:16:04,005 INFO __main__: summary updated end=2026-08-19 17:12:41
2026-08-26 23:16:04,006 INFO peoplein.stream: download started camera=loby file=20260819-171241.mkv
2026-08-26 23:16:29,958 INFO peoplein.stream: download completed camera=loby file=20260819-171241.mkv bytes=38956385 interval=2026-08-19 17:12:41..2026-08-19 17:17:41
2026-08-26 23:16:29,960 INFO peoplein.stream: analysis interval ready start=2026-08-19 17:12:41 end=2026-08-19 17:16:04
2026-08-26 23:16:39,683 INFO peoplein.stream: decoded entrance/20260819-171104.mkv: 1015 frames
2026-08-26 23:16:39,683 INFO peoplein.stream: decoded loby/20260819-171241.mkv: 1015 frames
2026-08-26 23:16:39,692 INFO __main__: analysis interval completed start=2026-08-19 17:12:41 end=2026-08-19 17:16:04 frames=2030 ticks=1015 entered=3 exited=2 people_inside=1
2026-08-26 23:16:39,695 INFO __main__: summary updated end=2026-08-19 17:16:04
2026-08-26 23:16:39,695 INFO peoplein.stream: download started camera=entrance file=20260819-171604.mkv
2026-08-26 23:16:59,081 INFO peoplein.stream: download completed camera=entrance file=20260819-171604.mkv bytes=31496506 interval=2026-08-19 17:16:04..2026-08-19 17:21:04
2026-08-26 23:16:59,081 INFO peoplein.stream: analysis interval ready start=2026-08-19 17:16:04 end=2026-08-19 17:17:41
2026-08-26 23:17:06,306 INFO peoplein.stream: decoded loby/20260819-171241.mkv: 485 frames
2026-08-26 23:17:06,310 INFO peoplein.stream: decoded entrance/20260819-171604.mkv: 485 frames
2026-08-26 23:17:06,313 INFO __main__: analysis interval completed start=2026-08-19 17:16:04 end=2026-08-19 17:17:41 frames=970 ticks=485 entered=3 exited=2 people_inside=1
2026-08-26 23:17:06,315 INFO __main__: summary updated end=2026-08-19 17:17:41
2026-08-26 23:17:06,316 INFO peoplein.stream: download started camera=loby file=20260819-171741.mkv
2026-08-26 23:17:33,068 INFO peoplein.stream: download completed camera=loby file=20260819-171741.mkv bytes=40494836 interval=2026-08-19 17:17:41..2026-08-19 17:22:41
2026-08-26 23:17:33,068 INFO peoplein.stream: analysis interval ready start=2026-08-19 17:17:41 end=2026-08-19 17:21:04
2026-08-26 23:17:42,691 INFO peoplein.stream: decoded loby/20260819-171741.mkv: 1015 frames
2026-08-26 23:17:42,691 INFO peoplein.stream: decoded entrance/20260819-171604.mkv: 1015 frames
2026-08-26 23:17:42,699 INFO __main__: analysis interval completed start=2026-08-19 17:17:41 end=2026-08-19 17:21:04 frames=2030 ticks=1015 entered=3 exited=2 people_inside=1
2026-08-26 23:17:42,701 INFO __main__: summary updated end=2026-08-19 17:21:04
2026-08-26 23:17:42,702 INFO peoplein.stream: download started camera=entrance file=20260819-172104.mkv
2026-08-26 23:18:02,180 INFO peoplein.stream: download completed camera=entrance file=20260819-172104.mkv bytes=30633920 interval=2026-08-19 17:21:04..2026-08-19 17:26:04
2026-08-26 23:18:02,181 INFO peoplein.stream: analysis interval ready start=2026-08-19 17:21:04 end=2026-08-19 17:22:41
2026-08-26 23:18:09,317 INFO peoplein.stream: decoded loby/20260819-171741.mkv: 485 frames
2026-08-26 23:18:09,317 INFO peoplein.stream: decoded entrance/20260819-172104.mkv: 485 frames
2026-08-26 23:18:09,320 INFO __main__: analysis interval completed start=2026-08-19 17:21:04 end=2026-08-19 17:22:41 frames=970 ticks=485 entered=3 exited=2 people_inside=1
2026-08-26 23:18:09,322 INFO __main__: summary updated end=2026-08-19 17:22:41
2026-08-26 23:18:09,322 INFO peoplein.stream: download started camera=loby file=20260819-172241.mkv
2026-08-26 23:18:32,741 INFO peoplein.stream: download completed camera=loby file=20260819-172241.mkv bytes=35066651 interval=2026-08-19 17:22:41..2026-08-19 17:27:41
2026-08-26 23:18:32,741 INFO peoplein.stream: analysis interval ready start=2026-08-19 17:22:41 end=2026-08-19 17:26:04
2026-08-26 23:18:42,214 INFO peoplein.stream: decoded loby/20260819-172241.mkv: 1015 frames
2026-08-26 23:18:42,216 INFO peoplein.stream: decoded entrance/20260819-172104.mkv: 1015 frames
2026-08-26 23:18:42,222 INFO __main__: analysis interval completed start=2026-08-19 17:22:41 end=2026-08-19 17:26:04 frames=2030 ticks=1015 entered=3 exited=2 people_inside=1
2026-08-26 23:18:42,225 INFO __main__: summary updated end=2026-08-19 17:26:04
2026-08-26 23:18:42,225 INFO peoplein.stream: download started camera=entrance file=20260819-172604.mkv
2026-08-26 23:19:03,348 INFO peoplein.stream: download completed camera=entrance file=20260819-172604.mkv bytes=31520854 interval=2026-08-19 17:26:04..2026-08-19 17:31:04
2026-08-26 23:19:03,349 INFO peoplein.stream: analysis interval ready start=2026-08-19 17:26:04 end=2026-08-19 17:27:41
2026-08-26 23:19:10,546 INFO peoplein.stream: decoded entrance/20260819-172604.mkv: 485 frames
2026-08-26 23:19:10,549 INFO peoplein.stream: decoded loby/20260819-172241.mkv: 485 frames
2026-08-26 23:19:10,555 INFO __main__: analysis interval completed start=2026-08-19 17:26:04 end=2026-08-19 17:27:41 frames=970 ticks=485 entered=3 exited=2 people_inside=1
2026-08-26 23:19:10,557 INFO __main__: summary updated end=2026-08-19 17:27:41
2026-08-26 23:19:10,557 INFO peoplein.stream: download started camera=loby file=20260819-172741.mkv
2026-08-26 23:19:33,589 INFO peoplein.stream: download completed camera=loby file=20260819-172741.mkv bytes=39650587 interval=2026-08-19 17:27:41..2026-08-19 17:32:41
2026-08-26 23:19:33,589 INFO peoplein.stream: analysis interval ready start=2026-08-19 17:27:41 end=2026-08-19 17:31:04
2026-08-26 23:19:43,143 INFO peoplein.stream: decoded loby/20260819-172741.mkv: 1015 frames
2026-08-26 23:19:43,143 INFO peoplein.stream: decoded entrance/20260819-172604.mkv: 1015 frames
2026-08-26 23:19:43,152 INFO __main__: analysis interval completed start=2026-08-19 17:27:41 end=2026-08-19 17:31:04 frames=2030 ticks=1015 entered=3 exited=2 people_inside=1
2026-08-26 23:19:43,154 INFO __main__: summary updated end=2026-08-19 17:31:04
2026-08-26 23:19:43,154 INFO peoplein.stream: download started camera=entrance file=20260819-173104.mkv
2026-08-26 23:20:02,212 INFO peoplein.stream: download completed camera=entrance file=20260819-173104.mkv bytes=31533445 interval=2026-08-19 17:31:04..2026-08-19 17:36:04
2026-08-26 23:20:02,212 INFO peoplein.stream: analysis interval ready start=2026-08-19 17:31:04 end=2026-08-19 17:32:41
2026-08-26 23:20:09,324 INFO peoplein.stream: decoded entrance/20260819-173104.mkv: 485 frames
2026-08-26 23:20:09,325 INFO peoplein.stream: decoded loby/20260819-172741.mkv: 485 frames
2026-08-26 23:20:09,330 INFO __main__: analysis interval completed start=2026-08-19 17:31:04 end=2026-08-19 17:32:41 frames=970 ticks=485 entered=3 exited=2 people_inside=1
2026-08-26 23:20:09,332 INFO __main__: summary updated end=2026-08-19 17:32:41
2026-08-26 23:20:09,332 INFO peoplein.stream: download started camera=loby file=20260819-173241.mkv
2026-08-26 23:20:36,736 INFO peoplein.stream: download completed camera=loby file=20260819-173241.mkv bytes=38960668 interval=2026-08-19 17:32:41..2026-08-19 17:37:41
2026-08-26 23:20:36,736 INFO peoplein.stream: analysis interval ready start=2026-08-19 17:32:41 end=2026-08-19 17:36:04
2026-08-26 23:20:46,284 INFO peoplein.stream: decoded loby/20260819-173241.mkv: 1015 frames
2026-08-26 23:20:46,286 INFO peoplein.stream: decoded entrance/20260819-173104.mkv: 1015 frames
2026-08-26 23:20:46,293 INFO __main__: analysis interval completed start=2026-08-19 17:32:41 end=2026-08-19 17:36:04 frames=2030 ticks=1015 entered=3 exited=2 people_inside=1
2026-08-26 23:20:46,295 INFO __main__: summary updated end=2026-08-19 17:36:04
2026-08-26 23:20:46,295 INFO peoplein.stream: download started camera=entrance file=20260819-173604.mkv
2026-08-26 23:21:05,534 INFO peoplein.stream: download completed camera=entrance file=20260819-173604.mkv bytes=31511682 interval=2026-08-19 17:36:04..2026-08-19 17:41:04
2026-08-26 23:21:05,534 INFO peoplein.stream: analysis interval ready start=2026-08-19 17:36:04 end=2026-08-19 17:37:41
2026-08-26 23:21:12,608 INFO peoplein.stream: decoded entrance/20260819-173604.mkv: 485 frames
2026-08-26 23:21:12,610 INFO peoplein.stream: decoded loby/20260819-173241.mkv: 485 frames
2026-08-26 23:21:12,612 INFO __main__: analysis interval completed start=2026-08-19 17:36:04 end=2026-08-19 17:37:41 frames=970 ticks=485 entered=3 exited=2 people_inside=1
2026-08-26 23:21:12,614 INFO __main__: summary updated end=2026-08-19 17:37:41
2026-08-26 23:21:12,615 INFO peoplein.stream: download started camera=loby file=20260819-173741.mkv
2026-08-26 23:21:37,005 INFO peoplein.stream: download completed camera=loby file=20260819-173741.mkv bytes=38385002 interval=2026-08-19 17:37:41..2026-08-19 17:42:41
2026-08-26 23:21:37,006 INFO peoplein.stream: analysis interval ready start=2026-08-19 17:37:41 end=2026-08-19 17:41:04
2026-08-26 23:21:46,536 INFO peoplein.stream: decoded entrance/20260819-173604.mkv: 1015 frames
2026-08-26 23:21:46,540 INFO peoplein.stream: decoded loby/20260819-173741.mkv: 1015 frames
2026-08-26 23:21:46,545 INFO __main__: analysis interval completed start=2026-08-19 17:37:41 end=2026-08-19 17:41:04 frames=2030 ticks=1015 entered=3 exited=2 people_inside=1
2026-08-26 23:21:46,547 INFO __main__: summary updated end=2026-08-19 17:41:04
2026-08-26 23:21:46,547 INFO peoplein.stream: download started camera=entrance file=20260819-174104.mkv
2026-08-26 23:22:04,388 INFO peoplein.stream: download completed camera=entrance file=20260819-174104.mkv bytes=31517055 interval=2026-08-19 17:41:04..2026-08-19 17:46:04
2026-08-26 23:22:04,388 INFO peoplein.stream: analysis interval ready start=2026-08-19 17:41:04 end=2026-08-19 17:42:41
2026-08-26 23:22:11,520 INFO peoplein.stream: decoded loby/20260819-173741.mkv: 485 frames
2026-08-26 23:22:11,524 INFO peoplein.stream: decoded entrance/20260819-174104.mkv: 485 frames
2026-08-26 23:22:11,530 INFO __main__: analysis interval completed start=2026-08-19 17:41:04 end=2026-08-19 17:42:41 frames=970 ticks=485 entered=3 exited=2 people_inside=1
2026-08-26 23:22:11,532 INFO __main__: summary updated end=2026-08-19 17:42:41
2026-08-26 23:22:11,532 INFO peoplein.stream: download started camera=loby file=20260819-174241.mkv
2026-08-26 23:22:36,572 INFO peoplein.stream: download completed camera=loby file=20260819-174241.mkv bytes=39672227 interval=2026-08-19 17:42:41..2026-08-19 17:47:41
2026-08-26 23:22:36,573 INFO peoplein.stream: analysis interval ready start=2026-08-19 17:42:41 end=2026-08-19 17:46:04
2026-08-26 23:22:46,097 INFO peoplein.stream: decoded entrance/20260819-174104.mkv: 1015 frames
2026-08-26 23:22:46,099 INFO peoplein.stream: decoded loby/20260819-174241.mkv: 1015 frames
2026-08-26 23:22:46,105 INFO __main__: analysis interval completed start=2026-08-19 17:42:41 end=2026-08-19 17:46:04 frames=2030 ticks=1015 entered=3 exited=2 people_inside=1
2026-08-26 23:22:46,108 INFO __main__: summary updated end=2026-08-19 17:46:04
2026-08-26 23:22:46,108 INFO peoplein.stream: download started camera=entrance file=20260819-174604.mkv
2026-08-26 23:23:06,297 INFO peoplein.stream: download completed camera=entrance file=20260819-174604.mkv bytes=31517860 interval=2026-08-19 17:46:04..2026-08-19 17:51:04
2026-08-26 23:23:06,298 INFO peoplein.stream: analysis interval ready start=2026-08-19 17:46:04 end=2026-08-19 17:47:41
2026-08-26 23:23:13,344 INFO peoplein.stream: decoded entrance/20260819-174604.mkv: 485 frames
2026-08-26 23:23:13,344 INFO peoplein.stream: decoded loby/20260819-174241.mkv: 485 frames
2026-08-26 23:23:13,352 INFO __main__: analysis interval completed start=2026-08-19 17:46:04 end=2026-08-19 17:47:41 frames=970 ticks=485 entered=3 exited=2 people_inside=1
2026-08-26 23:23:13,354 INFO __main__: summary updated end=2026-08-19 17:47:41
2026-08-26 23:23:13,355 INFO peoplein.stream: download started camera=loby file=20260819-174740.mkv
2026-08-26 23:23:35,452 INFO peoplein.stream: download completed camera=loby file=20260819-174740.mkv bytes=37929012 interval=2026-08-19 17:47:40..2026-08-19 17:52:40
2026-08-26 23:23:35,452 INFO peoplein.stream: analysis interval ready start=2026-08-19 17:47:40 end=2026-08-19 17:51:04
2026-08-26 23:23:44,842 INFO peoplein.stream: decoded entrance/20260819-174604.mkv: 1020 frames
2026-08-26 23:23:44,849 INFO peoplein.stream: decoded loby/20260819-174740.mkv: 1020 frames
2026-08-26 23:23:44,851 INFO __main__: analysis interval completed start=2026-08-19 17:47:40 end=2026-08-19 17:51:04 frames=2040 ticks=1020 entered=3 exited=2 people_inside=1
2026-08-26 23:23:44,853 INFO __main__: summary updated end=2026-08-19 17:51:04
2026-08-26 23:23:44,853 INFO peoplein.stream: download started camera=entrance file=20260819-175104.mkv
2026-08-26 23:24:02,199 INFO peoplein.stream: download completed camera=entrance file=20260819-175104.mkv bytes=30556142 interval=2026-08-19 17:51:04..2026-08-19 17:56:04
2026-08-26 23:24:02,199 INFO peoplein.stream: analysis interval ready start=2026-08-19 17:51:04 end=2026-08-19 17:52:40
2026-08-26 23:24:09,376 INFO peoplein.stream: decoded loby/20260819-174740.mkv: 480 frames
2026-08-26 23:24:09,379 INFO peoplein.stream: decoded entrance/20260819-175104.mkv: 480 frames
2026-08-26 23:24:09,382 INFO __main__: analysis interval completed start=2026-08-19 17:51:04 end=2026-08-19 17:52:40 frames=960 ticks=480 entered=3 exited=2 people_inside=1
2026-08-26 23:24:09,385 INFO __main__: summary updated end=2026-08-19 17:52:40
2026-08-26 23:24:09,385 INFO peoplein.stream: download started camera=loby file=20260819-175240.mkv
2026-08-26 23:24:26,726 INFO peoplein.stream: download completed camera=loby file=20260819-175240.mkv bytes=27547805 interval=2026-08-19 17:52:40..2026-08-19 17:57:40
2026-08-26 23:24:26,727 INFO peoplein.stream: analysis interval ready start=2026-08-19 17:52:40 end=2026-08-19 17:56:04
2026-08-26 23:24:36,106 INFO peoplein.stream: decoded loby/20260819-175240.mkv: 1020 frames
2026-08-26 23:24:36,109 INFO peoplein.stream: decoded entrance/20260819-175104.mkv: 1020 frames
2026-08-26 23:24:36,112 INFO __main__: analysis interval completed start=2026-08-19 17:52:40 end=2026-08-19 17:56:04 frames=2040 ticks=1020 entered=3 exited=2 people_inside=1
2026-08-26 23:24:36,115 INFO __main__: summary updated end=2026-08-19 17:56:04
2026-08-26 23:24:36,115 INFO peoplein.stream: download started camera=entrance file=20260819-175604.mkv
2026-08-26 23:24:53,770 INFO peoplein.stream: download completed camera=entrance file=20260819-175604.mkv bytes=30625077 interval=2026-08-19 17:56:04..2026-08-19 18:01:04
2026-08-26 23:24:53,770 INFO peoplein.stream: analysis interval ready start=2026-08-19 17:56:04 end=2026-08-19 17:57:40
2026-08-26 23:25:00,680 INFO peoplein.stream: decoded entrance/20260819-175604.mkv: 480 frames
2026-08-26 23:25:00,680 INFO peoplein.stream: decoded loby/20260819-175240.mkv: 480 frames
2026-08-26 23:25:00,689 INFO __main__: analysis interval completed start=2026-08-19 17:56:04 end=2026-08-19 17:57:40 frames=960 ticks=480 entered=3 exited=2 people_inside=1
2026-08-26 23:25:00,691 INFO __main__: summary updated end=2026-08-19 17:57:40
2026-08-26 23:25:00,692 INFO peoplein.stream: download started camera=loby file=20260819-175740.mkv
2026-08-26 23:25:19,349 INFO peoplein.stream: download completed camera=loby file=20260819-175740.mkv bytes=29130383 interval=2026-08-19 17:57:40..2026-08-19 18:02:40
2026-08-26 23:25:19,349 INFO peoplein.stream: analysis interval ready start=2026-08-19 17:57:40 end=2026-08-19 18:01:04
2026-08-26 23:25:28,468 INFO peoplein.stream: decoded entrance/20260819-175604.mkv: 1020 frames
2026-08-26 23:25:28,470 INFO peoplein.stream: decoded loby/20260819-175740.mkv: 1020 frames
2026-08-26 23:25:28,476 INFO __main__: analysis interval completed start=2026-08-19 17:57:40 end=2026-08-19 18:01:04 frames=2040 ticks=1020 entered=3 exited=2 people_inside=1
2026-08-26 23:25:28,478 INFO __main__: summary updated end=2026-08-19 18:01:04
2026-08-26 23:25:28,479 INFO peoplein.stream: download started camera=entrance file=20260819-180104.mkv
2026-08-26 23:25:48,607 INFO peoplein.stream: download completed camera=entrance file=20260819-180104.mkv bytes=31542321 interval=2026-08-19 18:01:04..2026-08-19 18:06:04
2026-08-26 23:25:48,607 INFO peoplein.stream: analysis interval ready start=2026-08-19 18:01:04 end=2026-08-19 18:02:40
2026-08-26 23:25:55,558 INFO peoplein.stream: decoded loby/20260819-175740.mkv: 480 frames
2026-08-26 23:25:55,558 INFO peoplein.stream: decoded entrance/20260819-180104.mkv: 480 frames
2026-08-26 23:25:55,564 INFO __main__: analysis interval completed start=2026-08-19 18:01:04 end=2026-08-19 18:02:40 frames=960 ticks=480 entered=3 exited=2 people_inside=1
2026-08-26 23:25:55,566 INFO __main__: summary updated end=2026-08-19 18:02:40
2026-08-26 23:25:55,566 INFO peoplein.stream: download started camera=loby file=20260819-180240.mkv
2026-08-26 23:26:16,555 INFO peoplein.stream: download completed camera=loby file=20260819-180240.mkv bytes=25143930 interval=2026-08-19 18:02:40..2026-08-19 18:07:40
2026-08-26 23:26:16,556 INFO peoplein.stream: analysis interval ready start=2026-08-19 18:02:40 end=2026-08-19 18:06:04
2026-08-26 23:26:25,906 INFO peoplein.stream: decoded loby/20260819-180240.mkv: 1020 frames
2026-08-26 23:26:25,906 INFO peoplein.stream: decoded entrance/20260819-180104.mkv: 1020 frames
2026-08-26 23:26:25,915 INFO __main__: analysis interval completed start=2026-08-19 18:02:40 end=2026-08-19 18:06:04 frames=2040 ticks=1020 entered=3 exited=2 people_inside=1
2026-08-26 23:26:25,917 INFO __main__: summary updated end=2026-08-19 18:06:04
2026-08-26 23:26:25,918 INFO peoplein.stream: download started camera=entrance file=20260819-180604.mkv
2026-08-26 23:26:44,599 INFO peoplein.stream: download completed camera=entrance file=20260819-180604.mkv bytes=31519424 interval=2026-08-19 18:06:04..2026-08-19 18:11:04
2026-08-26 23:26:44,599 INFO peoplein.stream: analysis interval ready start=2026-08-19 18:06:04 end=2026-08-19 18:07:40
2026-08-26 23:26:51,470 INFO peoplein.stream: decoded loby/20260819-180240.mkv: 480 frames
2026-08-26 23:26:51,475 INFO peoplein.stream: decoded entrance/20260819-180604.mkv: 480 frames
2026-08-26 23:26:51,477 INFO __main__: analysis interval completed start=2026-08-19 18:06:04 end=2026-08-19 18:07:40 frames=960 ticks=480 entered=3 exited=2 people_inside=1
2026-08-26 23:26:51,479 INFO __main__: summary updated end=2026-08-19 18:07:40
2026-08-26 23:26:51,479 INFO peoplein.stream: download started camera=loby file=20260819-180740.mkv
2026-08-26 23:27:08,033 INFO peoplein.stream: download completed camera=loby file=20260819-180740.mkv bytes=26516941 interval=2026-08-19 18:07:40..2026-08-19 18:12:42
2026-08-26 23:27:08,033 INFO peoplein.stream: analysis interval ready start=2026-08-19 18:07:40 end=2026-08-19 18:11:04
2026-08-26 23:27:17,183 INFO peoplein.stream: decoded entrance/20260819-180604.mkv: 1020 frames
2026-08-26 23:27:17,185 INFO peoplein.stream: decoded loby/20260819-180740.mkv: 1020 frames
2026-08-26 23:27:17,193 INFO __main__: analysis interval completed start=2026-08-19 18:07:40 end=2026-08-19 18:11:04 frames=2040 ticks=1020 entered=3 exited=2 people_inside=1
2026-08-26 23:27:17,195 INFO __main__: summary updated end=2026-08-19 18:11:04
2026-08-26 23:27:17,195 INFO peoplein.stream: download started camera=entrance file=20260819-181104.mkv
2026-08-26 23:27:36,278 INFO peoplein.stream: download completed camera=entrance file=20260819-181104.mkv bytes=31520185 interval=2026-08-19 18:11:04..2026-08-19 18:16:04
2026-08-26 23:27:36,279 INFO peoplein.stream: analysis interval ready start=2026-08-19 18:11:04 end=2026-08-19 18:12:42
2026-08-26 23:27:43,317 INFO peoplein.stream: decoded entrance/20260819-181104.mkv: 490 frames
2026-08-26 23:27:43,317 INFO peoplein.stream: decoded loby/20260819-180740.mkv: 490 frames
2026-08-26 23:27:43,326 INFO __main__: analysis interval completed start=2026-08-19 18:11:04 end=2026-08-19 18:12:42 frames=980 ticks=490 entered=3 exited=2 people_inside=1
2026-08-26 23:27:43,328 INFO __main__: summary updated end=2026-08-19 18:12:42
2026-08-26 23:27:43,328 INFO peoplein.stream: download started camera=loby file=20260819-181242.mkv
2026-08-26 23:28:03,655 INFO peoplein.stream: download completed camera=loby file=20260819-181242.mkv bytes=28351539 interval=2026-08-19 18:12:42..2026-08-19 18:17:42
2026-08-26 23:28:03,655 INFO peoplein.stream: analysis interval ready start=2026-08-19 18:12:42 end=2026-08-19 18:16:04
2026-08-26 23:28:12,893 INFO peoplein.stream: decoded entrance/20260819-181104.mkv: 1010 frames
2026-08-26 23:28:12,896 INFO peoplein.stream: decoded loby/20260819-181242.mkv: 1010 frames
2026-08-26 23:28:12,902 INFO __main__: analysis interval completed start=2026-08-19 18:12:42 end=2026-08-19 18:16:04 frames=2020 ticks=1010 entered=3 exited=2 people_inside=1
2026-08-26 23:28:12,903 INFO __main__: summary updated end=2026-08-19 18:16:04
2026-08-26 23:28:12,904 INFO peoplein.stream: download started camera=entrance file=20260819-181604.mkv
2026-08-26 23:28:37,115 INFO peoplein.stream: download completed camera=entrance file=20260819-181604.mkv bytes=31512690 interval=2026-08-19 18:16:04..2026-08-19 18:21:04
2026-08-26 23:28:37,116 INFO peoplein.stream: analysis interval ready start=2026-08-19 18:16:04 end=2026-08-19 18:17:42
2026-08-26 23:28:44,205 INFO peoplein.stream: decoded loby/20260819-181242.mkv: 490 frames
2026-08-26 23:28:44,209 INFO peoplein.stream: decoded entrance/20260819-181604.mkv: 490 frames
2026-08-26 23:28:44,216 INFO __main__: analysis interval completed start=2026-08-19 18:16:04 end=2026-08-19 18:17:42 frames=980 ticks=490 entered=3 exited=2 people_inside=1
2026-08-26 23:28:44,218 INFO __main__: summary updated end=2026-08-19 18:17:42
2026-08-26 23:28:44,218 INFO peoplein.stream: download started camera=loby file=20260819-181742.mkv
2026-08-26 23:29:02,043 INFO peoplein.stream: download completed camera=loby file=20260819-181742.mkv bytes=28118732 interval=2026-08-19 18:17:42..2026-08-19 18:22:42
2026-08-26 23:29:02,043 INFO peoplein.stream: analysis interval ready start=2026-08-19 18:17:42 end=2026-08-19 18:21:04
2026-08-26 23:29:11,383 INFO peoplein.stream: decoded entrance/20260819-181604.mkv: 1010 frames
2026-08-26 23:29:11,383 INFO peoplein.stream: decoded loby/20260819-181742.mkv: 1010 frames
2026-08-26 23:29:11,391 INFO __main__: analysis interval completed start=2026-08-19 18:17:42 end=2026-08-19 18:21:04 frames=2020 ticks=1010 entered=3 exited=2 people_inside=1
2026-08-26 23:29:11,393 INFO __main__: summary updated end=2026-08-19 18:21:04
2026-08-26 23:29:11,394 INFO peoplein.stream: download started camera=entrance file=20260819-182104.mkv
2026-08-26 23:29:29,009 INFO peoplein.stream: download completed camera=entrance file=20260819-182104.mkv bytes=31502732 interval=2026-08-19 18:21:04..2026-08-19 18:26:04
2026-08-26 23:29:29,010 INFO peoplein.stream: analysis interval ready start=2026-08-19 18:21:04 end=2026-08-19 18:22:42
2026-08-26 23:29:36,089 INFO peoplein.stream: decoded entrance/20260819-182104.mkv: 490 frames
2026-08-26 23:29:36,092 INFO peoplein.stream: decoded loby/20260819-181742.mkv: 490 frames
2026-08-26 23:29:36,099 INFO __main__: analysis interval completed start=2026-08-19 18:21:04 end=2026-08-19 18:22:42 frames=980 ticks=490 entered=3 exited=2 people_inside=1
2026-08-26 23:29:36,101 INFO __main__: summary updated end=2026-08-19 18:22:42
2026-08-26 23:29:36,101 INFO peoplein.stream: download started camera=loby file=20260819-182242.mkv
2026-08-26 23:29:53,696 INFO peoplein.stream: download completed camera=loby file=20260819-182242.mkv bytes=25632132 interval=2026-08-19 18:22:42..2026-08-19 18:27:42
2026-08-26 23:29:53,697 INFO peoplein.stream: analysis interval ready start=2026-08-19 18:22:42 end=2026-08-19 18:26:04
2026-08-26 23:30:02,772 INFO peoplein.stream: decoded entrance/20260819-182104.mkv: 1010 frames
2026-08-26 23:30:02,775 INFO peoplein.stream: decoded loby/20260819-182242.mkv: 1010 frames
2026-08-26 23:30:02,781 INFO __main__: analysis interval completed start=2026-08-19 18:22:42 end=2026-08-19 18:26:04 frames=2020 ticks=1010 entered=3 exited=2 people_inside=1
2026-08-26 23:30:02,783 INFO __main__: summary updated end=2026-08-19 18:26:04
2026-08-26 23:30:02,783 INFO peoplein.stream: download started camera=entrance file=20260819-182604.mkv
2026-08-26 23:30:23,695 INFO peoplein.stream: download completed camera=entrance file=20260819-182604.mkv bytes=30575626 interval=2026-08-19 18:26:04..2026-08-19 18:31:04
2026-08-26 23:30:23,695 INFO peoplein.stream: analysis interval ready start=2026-08-19 18:26:04 end=2026-08-19 18:27:42
2026-08-26 23:30:30,760 INFO peoplein.stream: decoded entrance/20260819-182604.mkv: 490 frames
2026-08-26 23:30:30,761 INFO peoplein.stream: decoded loby/20260819-182242.mkv: 490 frames
2026-08-26 23:30:30,766 INFO __main__: analysis interval completed start=2026-08-19 18:26:04 end=2026-08-19 18:27:42 frames=980 ticks=490 entered=3 exited=2 people_inside=1
2026-08-26 23:30:30,768 INFO __main__: summary updated end=2026-08-19 18:27:42
2026-08-26 23:30:30,768 INFO peoplein.stream: download started camera=loby file=20260819-182741.mkv
2026-08-26 23:30:49,201 INFO peoplein.stream: download completed camera=loby file=20260819-182741.mkv bytes=28689588 interval=2026-08-19 18:27:41..2026-08-19 18:32:41
2026-08-26 23:30:49,202 INFO peoplein.stream: analysis interval ready start=2026-08-19 18:27:41 end=2026-08-19 18:31:04
2026-08-26 23:30:58,441 INFO peoplein.stream: decoded loby/20260819-182741.mkv: 1015 frames
2026-08-26 23:30:58,441 INFO peoplein.stream: decoded entrance/20260819-182604.mkv: 1015 frames
2026-08-26 23:30:58,450 INFO __main__: analysis interval completed start=2026-08-19 18:27:41 end=2026-08-19 18:31:04 frames=2030 ticks=1015 entered=3 exited=2 people_inside=1
2026-08-26 23:30:58,452 INFO __main__: summary updated end=2026-08-19 18:31:04
2026-08-26 23:30:58,452 INFO peoplein.stream: download started camera=entrance file=20260819-183104.mkv
2026-08-26 23:31:13,825 INFO peoplein.stream: download completed camera=entrance file=20260819-183104.mkv bytes=23736289 interval=2026-08-19 18:31:04..2026-08-19 18:36:04
2026-08-26 23:31:13,826 INFO peoplein.stream: analysis interval ready start=2026-08-19 18:31:04 end=2026-08-19 18:32:41
2026-08-26 23:31:20,929 INFO peoplein.stream: decoded loby/20260819-182741.mkv: 485 frames
2026-08-26 23:31:20,931 INFO peoplein.stream: decoded entrance/20260819-183104.mkv: 485 frames
2026-08-26 23:31:20,938 INFO __main__: analysis interval completed start=2026-08-19 18:31:04 end=2026-08-19 18:32:41 frames=970 ticks=485 entered=3 exited=2 people_inside=1
2026-08-26 23:31:20,940 INFO __main__: summary updated end=2026-08-19 18:32:41
2026-08-26 23:31:20,940 INFO peoplein.stream: download started camera=loby file=20260819-183241.mkv
2026-08-26 23:31:37,540 INFO peoplein.stream: download completed camera=loby file=20260819-183241.mkv bytes=25413869 interval=2026-08-19 18:32:41..2026-08-19 18:37:41
2026-08-26 23:31:37,540 INFO peoplein.stream: analysis interval ready start=2026-08-19 18:32:41 end=2026-08-19 18:36:04
2026-08-26 23:31:46,808 INFO peoplein.stream: decoded entrance/20260819-183104.mkv: 1015 frames
2026-08-26 23:31:46,810 INFO peoplein.stream: decoded loby/20260819-183241.mkv: 1015 frames
2026-08-26 23:31:46,816 INFO __main__: analysis interval completed start=2026-08-19 18:32:41 end=2026-08-19 18:36:04 frames=2030 ticks=1015 entered=3 exited=2 people_inside=1
2026-08-26 23:31:46,819 INFO __main__: summary updated end=2026-08-19 18:36:04
2026-08-26 23:31:46,819 INFO peoplein.stream: download started camera=entrance file=20260819-183604.mkv
2026-08-26 23:32:01,583 INFO peoplein.stream: download completed camera=entrance file=20260819-183604.mkv bytes=25962507 interval=2026-08-19 18:36:04..2026-08-19 18:41:04
2026-08-26 23:32:01,583 INFO peoplein.stream: analysis interval ready start=2026-08-19 18:36:04 end=2026-08-19 18:37:41
2026-08-26 23:32:08,545 INFO peoplein.stream: decoded loby/20260819-183241.mkv: 485 frames
2026-08-26 23:32:08,548 INFO peoplein.stream: decoded entrance/20260819-183604.mkv: 485 frames
2026-08-26 23:32:08,554 INFO __main__: analysis interval completed start=2026-08-19 18:36:04 end=2026-08-19 18:37:41 frames=970 ticks=485 entered=3 exited=2 people_inside=1
2026-08-26 23:32:08,556 INFO __main__: summary updated end=2026-08-19 18:37:41
2026-08-26 23:32:08,557 INFO peoplein.stream: download started camera=loby file=20260819-183741.mkv
2026-08-26 23:32:26,158 INFO peoplein.stream: download completed camera=loby file=20260819-183741.mkv bytes=28310472 interval=2026-08-19 18:37:41..2026-08-19 18:42:41
2026-08-26 23:32:26,158 INFO peoplein.stream: analysis interval ready start=2026-08-19 18:37:41 end=2026-08-19 18:41:04
2026-08-26 23:32:36,010 INFO peoplein.stream: decoded entrance/20260819-183604.mkv: 1015 frames
2026-08-26 23:32:36,013 INFO peoplein.stream: decoded loby/20260819-183741.mkv: 1015 frames
2026-08-26 23:32:36,020 INFO __main__: analysis interval completed start=2026-08-19 18:37:41 end=2026-08-19 18:41:04 frames=2030 ticks=1015 entered=4 exited=2 people_inside=2
2026-08-26 23:32:36,022 INFO __main__: summary updated end=2026-08-19 18:41:04
2026-08-26 23:32:36,022 INFO peoplein.stream: download started camera=entrance file=20260819-184104.mkv
2026-08-26 23:32:52,828 INFO peoplein.stream: download completed camera=entrance file=20260819-184104.mkv bytes=23998511 interval=2026-08-19 18:41:04..2026-08-19 18:46:04
2026-08-26 23:32:52,829 INFO peoplein.stream: analysis interval ready start=2026-08-19 18:41:04 end=2026-08-19 18:42:41
2026-08-26 23:32:59,920 INFO peoplein.stream: decoded loby/20260819-183741.mkv: 485 frames
2026-08-26 23:32:59,921 INFO peoplein.stream: decoded entrance/20260819-184104.mkv: 485 frames
2026-08-26 23:32:59,928 INFO __main__: analysis interval completed start=2026-08-19 18:41:04 end=2026-08-19 18:42:41 frames=970 ticks=485 entered=4 exited=2 people_inside=2
2026-08-26 23:32:59,930 INFO __main__: summary updated end=2026-08-19 18:42:41
2026-08-26 23:32:59,930 INFO peoplein.stream: download started camera=loby file=20260819-184241.mkv
2026-08-26 23:33:16,790 INFO peoplein.stream: download completed camera=loby file=20260819-184241.mkv bytes=24900526 interval=2026-08-19 18:42:41..2026-08-19 18:47:41
2026-08-26 23:33:16,790 INFO peoplein.stream: analysis interval ready start=2026-08-19 18:42:41 end=2026-08-19 18:46:04
2026-08-26 23:33:26,022 INFO peoplein.stream: decoded loby/20260819-184241.mkv: 1015 frames
2026-08-26 23:33:26,024 INFO peoplein.stream: decoded entrance/20260819-184104.mkv: 1015 frames
2026-08-26 23:33:26,030 INFO __main__: analysis interval completed start=2026-08-19 18:42:41 end=2026-08-19 18:46:04 frames=2030 ticks=1015 entered=4 exited=2 people_inside=2
2026-08-26 23:33:26,032 INFO __main__: summary updated end=2026-08-19 18:46:04
2026-08-26 23:33:26,033 INFO peoplein.stream: download started camera=entrance file=20260819-184604.mkv
2026-08-26 23:33:41,146 INFO peoplein.stream: download completed camera=entrance file=20260819-184604.mkv bytes=24566548 interval=2026-08-19 18:46:04..2026-08-19 18:51:04
2026-08-26 23:33:41,146 INFO peoplein.stream: analysis interval ready start=2026-08-19 18:46:04 end=2026-08-19 18:47:41
2026-08-26 23:33:48,124 INFO peoplein.stream: decoded entrance/20260819-184604.mkv: 485 frames
2026-08-26 23:33:48,126 INFO peoplein.stream: decoded loby/20260819-184241.mkv: 485 frames
2026-08-26 23:33:48,131 INFO __main__: analysis interval completed start=2026-08-19 18:46:04 end=2026-08-19 18:47:41 frames=970 ticks=485 entered=4 exited=2 people_inside=2
2026-08-26 23:33:48,133 INFO __main__: summary updated end=2026-08-19 18:47:41
2026-08-26 23:33:48,133 INFO peoplein.stream: download started camera=loby file=20260819-184741.mkv
2026-08-26 23:34:03,869 INFO peoplein.stream: download completed camera=loby file=20260819-184741.mkv bytes=27282500 interval=2026-08-19 18:47:41..2026-08-19 18:52:41
2026-08-26 23:34:03,869 INFO peoplein.stream: analysis interval ready start=2026-08-19 18:47:41 end=2026-08-19 18:51:04
2026-08-26 23:34:12,780 INFO peoplein.stream: decoded loby/20260819-184741.mkv: 1015 frames
2026-08-26 23:34:12,780 INFO peoplein.stream: decoded entrance/20260819-184604.mkv: 1015 frames
2026-08-26 23:34:12,788 INFO __main__: analysis interval completed start=2026-08-19 18:47:41 end=2026-08-19 18:51:04 frames=2030 ticks=1015 entered=4 exited=2 people_inside=2
2026-08-26 23:34:12,790 INFO __main__: summary updated end=2026-08-19 18:51:04
2026-08-26 23:34:12,791 INFO peoplein.stream: download started camera=entrance file=20260819-185104.mkv
2026-08-26 23:34:32,441 INFO peoplein.stream: download completed camera=entrance file=20260819-185104.mkv bytes=30297703 interval=2026-08-19 18:51:04..2026-08-19 18:56:04
2026-08-26 23:34:32,442 INFO peoplein.stream: analysis interval ready start=2026-08-19 18:51:04 end=2026-08-19 18:52:41
2026-08-26 23:34:39,471 INFO peoplein.stream: decoded loby/20260819-184741.mkv: 485 frames
2026-08-26 23:34:39,475 INFO peoplein.stream: decoded entrance/20260819-185104.mkv: 485 frames
2026-08-26 23:34:39,479 INFO __main__: analysis interval completed start=2026-08-19 18:51:04 end=2026-08-19 18:52:41 frames=970 ticks=485 entered=4 exited=2 people_inside=2
2026-08-26 23:34:39,481 INFO __main__: summary updated end=2026-08-19 18:52:41
2026-08-26 23:34:39,481 INFO peoplein.stream: download started camera=loby file=20260819-185241.mkv
2026-08-26 23:34:57,854 INFO peoplein.stream: download completed camera=loby file=20260819-185241.mkv bytes=26744822 interval=2026-08-19 18:52:41..2026-08-19 18:57:41
2026-08-26 23:34:57,854 INFO peoplein.stream: analysis interval ready start=2026-08-19 18:52:41 end=2026-08-19 18:56:04
2026-08-26 23:35:07,150 INFO peoplein.stream: decoded entrance/20260819-185104.mkv: 1015 frames
2026-08-26 23:35:07,151 INFO peoplein.stream: decoded loby/20260819-185241.mkv: 1015 frames
2026-08-26 23:35:07,158 INFO __main__: analysis interval completed start=2026-08-19 18:52:41 end=2026-08-19 18:56:04 frames=2030 ticks=1015 entered=4 exited=2 people_inside=2
2026-08-26 23:35:07,161 INFO __main__: summary updated end=2026-08-19 18:56:04
2026-08-26 23:35:07,161 INFO peoplein.stream: download started camera=entrance file=20260819-185604.mkv
2026-08-26 23:35:27,427 INFO peoplein.stream: download completed camera=entrance file=20260819-185604.mkv bytes=31522774 interval=2026-08-19 18:56:04..2026-08-19 19:01:04
2026-08-26 23:35:27,427 INFO peoplein.stream: analysis interval ready start=2026-08-19 18:56:04 end=2026-08-19 18:57:41
2026-08-26 23:35:34,422 INFO peoplein.stream: decoded entrance/20260819-185604.mkv: 485 frames
2026-08-26 23:35:34,422 INFO peoplein.stream: decoded loby/20260819-185241.mkv: 485 frames
2026-08-26 23:35:34,428 INFO __main__: analysis interval completed start=2026-08-19 18:56:04 end=2026-08-19 18:57:41 frames=970 ticks=485 entered=4 exited=2 people_inside=2
2026-08-26 23:35:34,431 INFO __main__: summary updated end=2026-08-19 18:57:41
2026-08-26 23:35:34,431 INFO peoplein.stream: download started camera=loby file=20260819-185741.mkv
2026-08-26 23:35:53,525 INFO peoplein.stream: download completed camera=loby file=20260819-185741.mkv bytes=26607348 interval=2026-08-19 18:57:41..2026-08-19 19:02:41
2026-08-26 23:35:53,525 INFO peoplein.stream: analysis interval ready start=2026-08-19 18:57:41 end=2026-08-19 19:01:04
2026-08-26 23:36:02,961 INFO peoplein.stream: decoded loby/20260819-185741.mkv: 1015 frames
2026-08-26 23:36:02,963 INFO peoplein.stream: decoded entrance/20260819-185604.mkv: 1015 frames
2026-08-26 23:36:02,970 INFO __main__: analysis interval completed start=2026-08-19 18:57:41 end=2026-08-19 19:01:04 frames=2030 ticks=1015 entered=4 exited=2 people_inside=2
2026-08-26 23:36:02,972 INFO __main__: summary updated end=2026-08-19 19:01:04
2026-08-26 23:36:02,972 INFO peoplein.stream: download started camera=entrance file=20260819-190104.mkv
2026-08-26 23:36:24,078 INFO peoplein.stream: download completed camera=entrance file=20260819-190104.mkv bytes=31528638 interval=2026-08-19 19:01:04..2026-08-19 19:06:04
2026-08-26 23:36:24,078 INFO peoplein.stream: analysis interval ready start=2026-08-19 19:01:04 end=2026-08-19 19:02:41
2026-08-26 23:36:31,039 INFO peoplein.stream: decoded loby/20260819-185741.mkv: 485 frames
2026-08-26 23:36:31,041 INFO peoplein.stream: decoded entrance/20260819-190104.mkv: 485 frames
2026-08-26 23:36:31,044 INFO __main__: analysis interval completed start=2026-08-19 19:01:04 end=2026-08-19 19:02:41 frames=970 ticks=485 entered=4 exited=2 people_inside=2
2026-08-26 23:36:31,046 INFO __main__: summary updated end=2026-08-19 19:02:41
2026-08-26 23:36:31,047 INFO peoplein.stream: download started camera=loby file=20260819-190240.mkv
2026-08-26 23:36:47,126 INFO peoplein.stream: download completed camera=loby file=20260819-190240.mkv bytes=25191508 interval=2026-08-19 19:02:40..2026-08-19 19:07:40
2026-08-26 23:36:47,127 INFO peoplein.stream: analysis interval ready start=2026-08-19 19:02:40 end=2026-08-19 19:06:04
2026-08-26 23:36:56,370 INFO peoplein.stream: decoded loby/20260819-190240.mkv: 1020 frames
2026-08-26 23:36:56,374 INFO peoplein.stream: decoded entrance/20260819-190104.mkv: 1020 frames
2026-08-26 23:36:56,377 INFO __main__: analysis interval completed start=2026-08-19 19:02:40 end=2026-08-19 19:06:04 frames=2040 ticks=1020 entered=4 exited=2 people_inside=2
2026-08-26 23:36:56,379 INFO __main__: summary updated end=2026-08-19 19:06:04
2026-08-26 23:36:56,379 INFO peoplein.stream: download started camera=entrance file=20260819-190604.mkv
2026-08-26 23:37:15,061 INFO peoplein.stream: download completed camera=entrance file=20260819-190604.mkv bytes=31543972 interval=2026-08-19 19:06:04..2026-08-19 19:11:04
2026-08-26 23:37:15,062 INFO peoplein.stream: analysis interval ready start=2026-08-19 19:06:04 end=2026-08-19 19:07:40
2026-08-26 23:37:22,039 INFO peoplein.stream: decoded loby/20260819-190240.mkv: 480 frames
2026-08-26 23:37:22,044 INFO peoplein.stream: decoded entrance/20260819-190604.mkv: 480 frames
2026-08-26 23:37:22,049 INFO __main__: analysis interval completed start=2026-08-19 19:06:04 end=2026-08-19 19:07:40 frames=960 ticks=480 entered=4 exited=2 people_inside=2
2026-08-26 23:37:22,050 INFO __main__: summary updated end=2026-08-19 19:07:40
2026-08-26 23:37:22,051 INFO peoplein.stream: download started camera=loby file=20260819-190740.mkv
2026-08-26 23:37:42,472 INFO peoplein.stream: download completed camera=loby file=20260819-190740.mkv bytes=30316364 interval=2026-08-19 19:07:40..2026-08-19 19:12:40
2026-08-26 23:37:42,473 INFO peoplein.stream: analysis interval ready start=2026-08-19 19:07:40 end=2026-08-19 19:11:04
2026-08-26 23:37:51,851 INFO peoplein.stream: decoded entrance/20260819-190604.mkv: 1020 frames
2026-08-26 23:37:51,860 INFO peoplein.stream: decoded loby/20260819-190740.mkv: 1020 frames
2026-08-26 23:37:51,860 INFO __main__: analysis interval completed start=2026-08-19 19:07:40 end=2026-08-19 19:11:04 frames=2040 ticks=1020 entered=4 exited=2 people_inside=2
2026-08-26 23:37:51,863 INFO __main__: summary updated end=2026-08-19 19:11:04
2026-08-26 23:37:51,863 INFO peoplein.stream: download started camera=entrance file=20260819-191104.mkv
2026-08-26 23:38:10,919 INFO peoplein.stream: download completed camera=entrance file=20260819-191104.mkv bytes=30699140 interval=2026-08-19 19:11:04..2026-08-19 19:16:04
2026-08-26 23:38:10,919 INFO peoplein.stream: analysis interval ready start=2026-08-19 19:11:04 end=2026-08-19 19:12:40
2026-08-26 23:38:17,751 INFO peoplein.stream: decoded loby/20260819-190740.mkv: 480 frames
2026-08-26 23:38:17,751 INFO peoplein.stream: decoded entrance/20260819-191104.mkv: 480 frames
2026-08-26 23:38:17,758 INFO __main__: analysis interval completed start=2026-08-19 19:11:04 end=2026-08-19 19:12:40 frames=960 ticks=480 entered=4 exited=2 people_inside=2
2026-08-26 23:38:17,760 INFO __main__: summary updated end=2026-08-19 19:12:40
2026-08-26 23:38:17,760 INFO peoplein.stream: download started camera=loby file=20260819-191240.mkv
2026-08-26 23:38:37,092 INFO peoplein.stream: download completed camera=loby file=20260819-191240.mkv bytes=32392573 interval=2026-08-19 19:12:40..2026-08-19 19:17:40
2026-08-26 23:38:37,092 INFO peoplein.stream: analysis interval ready start=2026-08-19 19:12:40 end=2026-08-19 19:16:04
2026-08-26 23:38:46,103 INFO peoplein.stream: decoded entrance/20260819-191104.mkv: 1020 frames
2026-08-26 23:38:46,105 INFO peoplein.stream: decoded loby/20260819-191240.mkv: 1020 frames
2026-08-26 23:38:46,112 INFO __main__: analysis interval completed start=2026-08-19 19:12:40 end=2026-08-19 19:16:04 frames=2040 ticks=1020 entered=4 exited=2 people_inside=2
2026-08-26 23:38:46,115 INFO __main__: summary updated end=2026-08-19 19:16:04
2026-08-26 23:38:46,115 INFO peoplein.stream: download started camera=entrance file=20260819-191604.mkv
2026-08-26 23:39:04,050 INFO peoplein.stream: download completed camera=entrance file=20260819-191604.mkv bytes=31540439 interval=2026-08-19 19:16:04..2026-08-19 19:21:04
2026-08-26 23:39:04,050 INFO peoplein.stream: analysis interval ready start=2026-08-19 19:16:04 end=2026-08-19 19:17:40
2026-08-26 23:39:11,104 INFO peoplein.stream: decoded entrance/20260819-191604.mkv: 480 frames
2026-08-26 23:39:11,107 INFO peoplein.stream: decoded loby/20260819-191240.mkv: 480 frames
2026-08-26 23:39:11,112 INFO __main__: analysis interval completed start=2026-08-19 19:16:04 end=2026-08-19 19:17:40 frames=960 ticks=480 entered=4 exited=2 people_inside=2
2026-08-26 23:39:11,115 INFO __main__: summary updated end=2026-08-19 19:17:40
2026-08-26 23:39:11,115 INFO peoplein.stream: download started camera=loby file=20260819-191740.mkv
2026-08-26 23:39:30,576 INFO peoplein.stream: download completed camera=loby file=20260819-191740.mkv bytes=30679457 interval=2026-08-19 19:17:40..2026-08-19 19:22:40
2026-08-26 23:39:30,577 INFO peoplein.stream: analysis interval ready start=2026-08-19 19:17:40 end=2026-08-19 19:21:04
2026-08-26 23:39:39,900 INFO peoplein.stream: decoded loby/20260819-191740.mkv: 1020 frames
2026-08-26 23:39:39,902 INFO peoplein.stream: decoded entrance/20260819-191604.mkv: 1020 frames
2026-08-26 23:39:39,908 INFO __main__: analysis interval completed start=2026-08-19 19:17:40 end=2026-08-19 19:21:04 frames=2040 ticks=1020 entered=4 exited=2 people_inside=2
2026-08-26 23:39:39,910 INFO __main__: summary updated end=2026-08-19 19:21:04
2026-08-26 23:39:39,911 INFO peoplein.stream: download started camera=entrance file=20260819-192104.mkv
2026-08-26 23:40:05,095 INFO peoplein.stream: download completed camera=entrance file=20260819-192104.mkv bytes=31013138 interval=2026-08-19 19:21:04..2026-08-19 19:26:04
2026-08-26 23:40:05,095 INFO peoplein.stream: analysis interval ready start=2026-08-19 19:21:04 end=2026-08-19 19:22:40
2026-08-26 23:40:12,150 INFO peoplein.stream: decoded entrance/20260819-192104.mkv: 480 frames
2026-08-26 23:40:12,150 INFO peoplein.stream: decoded loby/20260819-191740.mkv: 480 frames
2026-08-26 23:40:12,157 INFO __main__: analysis interval completed start=2026-08-19 19:21:04 end=2026-08-19 19:22:40 frames=960 ticks=480 entered=4 exited=2 people_inside=2
2026-08-26 23:40:12,159 INFO __main__: summary updated end=2026-08-19 19:22:40
2026-08-26 23:40:12,160 INFO peoplein.stream: download started camera=loby file=20260819-192240.mkv
2026-08-26 23:40:36,092 INFO peoplein.stream: download completed camera=loby file=20260819-192240.mkv bytes=34567543 interval=2026-08-19 19:22:40..2026-08-19 19:27:40
2026-08-26 23:40:36,092 INFO peoplein.stream: analysis interval ready start=2026-08-19 19:22:40 end=2026-08-19 19:26:04
2026-08-26 23:40:45,363 INFO peoplein.stream: decoded entrance/20260819-192104.mkv: 1020 frames
2026-08-26 23:40:45,369 INFO peoplein.stream: decoded loby/20260819-192240.mkv: 1020 frames
2026-08-26 23:40:45,372 INFO __main__: analysis interval completed start=2026-08-19 19:22:40 end=2026-08-19 19:26:04 frames=2040 ticks=1020 entered=4 exited=2 people_inside=2
2026-08-26 23:40:45,374 INFO __main__: summary updated end=2026-08-19 19:26:04
2026-08-26 23:40:45,375 INFO peoplein.stream: download started camera=entrance file=20260819-192604.mkv
2026-08-26 23:41:05,601 INFO peoplein.stream: download completed camera=entrance file=20260819-192604.mkv bytes=31800244 interval=2026-08-19 19:26:04..2026-08-19 19:31:04
2026-08-26 23:41:05,601 INFO peoplein.stream: analysis interval ready start=2026-08-19 19:26:04 end=2026-08-19 19:27:40
2026-08-26 23:41:12,671 INFO peoplein.stream: decoded loby/20260819-192240.mkv: 480 frames
2026-08-26 23:41:12,680 INFO peoplein.stream: decoded entrance/20260819-192604.mkv: 480 frames
2026-08-26 23:41:12,680 INFO __main__: analysis interval completed start=2026-08-19 19:26:04 end=2026-08-19 19:27:40 frames=960 ticks=480 entered=4 exited=2 people_inside=2
2026-08-26 23:41:12,682 INFO __main__: summary updated end=2026-08-19 19:27:40
2026-08-26 23:41:12,683 INFO peoplein.stream: download started camera=loby file=20260819-192740.mkv
2026-08-26 23:41:35,827 INFO peoplein.stream: download completed camera=loby file=20260819-192740.mkv bytes=35760258 interval=2026-08-19 19:27:40..2026-08-19 19:32:42
2026-08-26 23:41:35,827 INFO peoplein.stream: analysis interval ready start=2026-08-19 19:27:40 end=2026-08-19 19:31:04
2026-08-26 23:41:44,855 INFO peoplein.stream: decoded entrance/20260819-192604.mkv: 1020 frames
2026-08-26 23:41:44,862 INFO peoplein.stream: decoded loby/20260819-192740.mkv: 1020 frames
2026-08-26 23:41:44,864 INFO __main__: analysis interval completed start=2026-08-19 19:27:40 end=2026-08-19 19:31:04 frames=2040 ticks=1020 entered=4 exited=2 people_inside=2
2026-08-26 23:41:44,866 INFO __main__: summary updated end=2026-08-19 19:31:04
2026-08-26 23:41:44,867 INFO peoplein.stream: download started camera=entrance file=20260819-193104.mkv
2026-08-26 23:42:04,017 INFO peoplein.stream: download completed camera=entrance file=20260819-193104.mkv bytes=32088260 interval=2026-08-19 19:31:04..2026-08-19 19:36:04
2026-08-26 23:42:04,017 INFO peoplein.stream: analysis interval ready start=2026-08-19 19:31:04 end=2026-08-19 19:32:42
2026-08-26 23:42:11,154 INFO peoplein.stream: decoded loby/20260819-192740.mkv: 490 frames
2026-08-26 23:42:11,156 INFO peoplein.stream: decoded entrance/20260819-193104.mkv: 490 frames
2026-08-26 23:42:11,158 INFO __main__: analysis interval completed start=2026-08-19 19:31:04 end=2026-08-19 19:32:42 frames=980 ticks=490 entered=4 exited=2 people_inside=2
2026-08-26 23:42:11,160 INFO __main__: summary updated end=2026-08-19 19:32:42
2026-08-26 23:42:11,160 INFO peoplein.stream: download started camera=loby file=20260819-193242.mkv
2026-08-26 23:42:29,963 INFO peoplein.stream: download completed camera=loby file=20260819-193242.mkv bytes=35019138 interval=2026-08-19 19:32:42..2026-08-19 19:37:42
2026-08-26 23:42:29,964 INFO peoplein.stream: analysis interval ready start=2026-08-19 19:32:42 end=2026-08-19 19:36:04
2026-08-26 23:42:38,790 INFO peoplein.stream: decoded loby/20260819-193242.mkv: 1010 frames
2026-08-26 23:42:38,791 INFO peoplein.stream: decoded entrance/20260819-193104.mkv: 1010 frames
2026-08-26 23:42:38,797 INFO __main__: analysis interval completed start=2026-08-19 19:32:42 end=2026-08-19 19:36:04 frames=2020 ticks=1010 entered=4 exited=2 people_inside=2
2026-08-26 23:42:38,799 INFO __main__: summary updated end=2026-08-19 19:36:04
2026-08-26 23:42:38,800 INFO peoplein.stream: download started camera=entrance file=20260819-193604.mkv
2026-08-26 23:43:00,033 INFO peoplein.stream: download completed camera=entrance file=20260819-193604.mkv bytes=31525845 interval=2026-08-19 19:36:04..2026-08-19 19:41:04
2026-08-26 23:43:00,034 INFO peoplein.stream: analysis interval ready start=2026-08-19 19:36:04 end=2026-08-19 19:37:42
2026-08-26 23:43:07,117 INFO peoplein.stream: decoded loby/20260819-193242.mkv: 490 frames
2026-08-26 23:43:07,129 INFO peoplein.stream: decoded entrance/20260819-193604.mkv: 490 frames
2026-08-26 23:43:07,130 INFO __main__: analysis interval completed start=2026-08-19 19:36:04 end=2026-08-19 19:37:42 frames=980 ticks=490 entered=4 exited=2 people_inside=2
2026-08-26 23:43:07,132 INFO __main__: summary updated end=2026-08-19 19:37:42
2026-08-26 23:43:07,133 INFO peoplein.stream: download started camera=loby file=20260819-193742.mkv
2026-08-26 23:43:30,096 INFO peoplein.stream: download completed camera=loby file=20260819-193742.mkv bytes=32813335 interval=2026-08-19 19:37:42..2026-08-19 19:42:42
2026-08-26 23:43:30,097 INFO peoplein.stream: analysis interval ready start=2026-08-19 19:37:42 end=2026-08-19 19:41:04
2026-08-26 23:43:39,180 INFO peoplein.stream: decoded loby/20260819-193742.mkv: 1010 frames
2026-08-26 23:43:39,181 INFO peoplein.stream: decoded entrance/20260819-193604.mkv: 1010 frames
2026-08-26 23:43:39,188 INFO __main__: analysis interval completed start=2026-08-19 19:37:42 end=2026-08-19 19:41:04 frames=2020 ticks=1010 entered=4 exited=2 people_inside=2
2026-08-26 23:43:39,190 INFO __main__: summary updated end=2026-08-19 19:41:04
2026-08-26 23:43:39,190 INFO peoplein.stream: download started camera=entrance file=20260819-194104.mkv
2026-08-26 23:44:02,966 INFO peoplein.stream: download completed camera=entrance file=20260819-194104.mkv bytes=31522260 interval=2026-08-19 19:41:04..2026-08-19 19:46:04
2026-08-26 23:44:02,966 INFO peoplein.stream: analysis interval ready start=2026-08-19 19:41:04 end=2026-08-19 19:42:42
2026-08-26 23:44:09,988 INFO peoplein.stream: decoded entrance/20260819-194104.mkv: 490 frames
2026-08-26 23:44:09,991 INFO peoplein.stream: decoded loby/20260819-193742.mkv: 490 frames
2026-08-26 23:44:09,996 INFO __main__: analysis interval completed start=2026-08-19 19:41:04 end=2026-08-19 19:42:42 frames=980 ticks=490 entered=4 exited=2 people_inside=2
2026-08-26 23:44:09,999 INFO __main__: summary updated end=2026-08-19 19:42:42
2026-08-26 23:44:09,999 INFO peoplein.stream: download started camera=loby file=20260819-194241.mkv
2026-08-26 23:44:28,655 INFO peoplein.stream: download completed camera=loby file=20260819-194241.mkv bytes=29047527 interval=2026-08-19 19:42:41..2026-08-19 19:47:41
2026-08-26 23:44:28,656 INFO peoplein.stream: analysis interval ready start=2026-08-19 19:42:41 end=2026-08-19 19:46:04
2026-08-26 23:44:37,767 INFO peoplein.stream: decoded entrance/20260819-194104.mkv: 1015 frames
2026-08-26 23:44:37,769 INFO peoplein.stream: decoded loby/20260819-194241.mkv: 1015 frames
2026-08-26 23:44:37,776 INFO __main__: analysis interval completed start=2026-08-19 19:42:41 end=2026-08-19 19:46:04 frames=2030 ticks=1015 entered=4 exited=2 people_inside=2
2026-08-26 23:44:37,778 INFO __main__: summary updated end=2026-08-19 19:46:04
2026-08-26 23:44:37,778 INFO peoplein.stream: download started camera=entrance file=20260819-194604.mkv
2026-08-26 23:44:59,912 INFO peoplein.stream: download completed camera=entrance file=20260819-194604.mkv bytes=31767822 interval=2026-08-19 19:46:04..2026-08-19 19:51:04
2026-08-26 23:44:59,912 INFO peoplein.stream: analysis interval ready start=2026-08-19 19:46:04 end=2026-08-19 19:47:41
2026-08-26 23:45:07,002 INFO peoplein.stream: decoded entrance/20260819-194604.mkv: 485 frames
2026-08-26 23:45:07,002 INFO peoplein.stream: decoded loby/20260819-194241.mkv: 485 frames
2026-08-26 23:45:07,006 INFO __main__: analysis interval completed start=2026-08-19 19:46:04 end=2026-08-19 19:47:41 frames=970 ticks=485 entered=4 exited=2 people_inside=2
2026-08-26 23:45:07,008 INFO __main__: summary updated end=2026-08-19 19:47:41
2026-08-26 23:45:07,009 INFO peoplein.stream: download started camera=loby file=20260819-194741.mkv
2026-08-26 23:45:29,780 INFO peoplein.stream: download completed camera=loby file=20260819-194741.mkv bytes=34628571 interval=2026-08-19 19:47:41..2026-08-19 19:52:41
2026-08-26 23:45:29,781 INFO peoplein.stream: analysis interval ready start=2026-08-19 19:47:41 end=2026-08-19 19:51:04
2026-08-26 23:45:39,046 INFO peoplein.stream: decoded entrance/20260819-194604.mkv: 1015 frames
2026-08-26 23:45:39,048 INFO peoplein.stream: decoded loby/20260819-194741.mkv: 1015 frames
2026-08-26 23:45:39,053 INFO __main__: analysis interval completed start=2026-08-19 19:47:41 end=2026-08-19 19:51:04 frames=2030 ticks=1015 entered=4 exited=2 people_inside=2
2026-08-26 23:45:39,055 INFO __main__: summary updated end=2026-08-19 19:51:04
2026-08-26 23:45:39,056 INFO peoplein.stream: download started camera=entrance file=20260819-195104.mkv
2026-08-26 23:46:00,099 INFO peoplein.stream: download completed camera=entrance file=20260819-195104.mkv bytes=31692280 interval=2026-08-19 19:51:04..2026-08-19 19:56:04
2026-08-26 23:46:00,100 INFO peoplein.stream: analysis interval ready start=2026-08-19 19:51:04 end=2026-08-19 19:52:41
2026-08-26 23:46:07,890 INFO peoplein.stream: decoded loby/20260819-194741.mkv: 485 frames
2026-08-26 23:46:07,894 INFO peoplein.stream: decoded entrance/20260819-195104.mkv: 485 frames
2026-08-26 23:46:07,896 INFO __main__: analysis interval completed start=2026-08-19 19:51:04 end=2026-08-19 19:52:41 frames=970 ticks=485 entered=4 exited=3 people_inside=1
2026-08-26 23:46:07,898 INFO __main__: summary updated end=2026-08-19 19:52:41
2026-08-26 23:46:07,899 INFO peoplein.stream: download started camera=loby file=20260819-195241.mkv
2026-08-26 23:46:28,654 INFO peoplein.stream: download completed camera=loby file=20260819-195241.mkv bytes=35826095 interval=2026-08-19 19:52:41..2026-08-19 19:57:41
2026-08-26 23:46:28,654 INFO peoplein.stream: analysis interval ready start=2026-08-19 19:52:41 end=2026-08-19 19:56:04
2026-08-26 23:46:37,790 INFO peoplein.stream: decoded entrance/20260819-195104.mkv: 1015 frames
2026-08-26 23:46:37,790 INFO peoplein.stream: decoded loby/20260819-195241.mkv: 1015 frames
2026-08-26 23:46:37,797 INFO __main__: analysis interval completed start=2026-08-19 19:52:41 end=2026-08-19 19:56:04 frames=2030 ticks=1015 entered=4 exited=3 people_inside=1
2026-08-26 23:46:37,799 INFO __main__: summary updated end=2026-08-19 19:56:04
2026-08-26 23:46:37,800 INFO peoplein.stream: download started camera=entrance file=20260819-195604.mkv
2026-08-26 23:46:58,986 INFO peoplein.stream: download completed camera=entrance file=20260819-195604.mkv bytes=31550816 interval=2026-08-19 19:56:04..2026-08-19 20:01:04
2026-08-26 23:46:58,987 INFO peoplein.stream: analysis interval ready start=2026-08-19 19:56:04 end=2026-08-19 19:57:41
2026-08-26 23:47:06,113 INFO peoplein.stream: decoded entrance/20260819-195604.mkv: 485 frames
2026-08-26 23:47:06,113 INFO peoplein.stream: decoded loby/20260819-195241.mkv: 485 frames
2026-08-26 23:47:06,118 INFO __main__: analysis interval completed start=2026-08-19 19:56:04 end=2026-08-19 19:57:41 frames=970 ticks=485 entered=4 exited=3 people_inside=1
2026-08-26 23:47:06,121 INFO __main__: summary updated end=2026-08-19 19:57:41
2026-08-26 23:47:06,121 INFO peoplein.stream: download started camera=loby file=20260819-195741.mkv
2026-08-26 23:47:26,685 INFO peoplein.stream: download completed camera=loby file=20260819-195741.mkv bytes=30025183 interval=2026-08-19 19:57:41..2026-08-19 20:02:41
2026-08-26 23:47:26,685 INFO peoplein.stream: analysis interval ready start=2026-08-19 19:57:41 end=2026-08-19 20:01:04
2026-08-26 23:47:35,992 INFO peoplein.stream: decoded loby/20260819-195741.mkv: 1015 frames
2026-08-26 23:47:35,993 INFO peoplein.stream: decoded entrance/20260819-195604.mkv: 1015 frames
2026-08-26 23:47:35,999 INFO __main__: analysis interval completed start=2026-08-19 19:57:41 end=2026-08-19 20:01:04 frames=2030 ticks=1015 entered=4 exited=3 people_inside=1
2026-08-26 23:47:36,001 INFO __main__: summary updated end=2026-08-19 20:01:04
2026-08-26 23:47:36,001 INFO peoplein.stream: download started camera=entrance file=20260819-200104.mkv
2026-08-26 23:47:59,952 INFO peoplein.stream: download completed camera=entrance file=20260819-200104.mkv bytes=31570909 interval=2026-08-19 20:01:04..2026-08-19 20:06:04
2026-08-26 23:47:59,953 INFO peoplein.stream: analysis interval ready start=2026-08-19 20:01:04 end=2026-08-19 20:02:41
2026-08-26 23:48:07,120 INFO peoplein.stream: decoded loby/20260819-195741.mkv: 485 frames
2026-08-26 23:48:07,120 INFO peoplein.stream: decoded entrance/20260819-200104.mkv: 485 frames
2026-08-26 23:48:07,129 INFO __main__: analysis interval completed start=2026-08-19 20:01:04 end=2026-08-19 20:02:41 frames=970 ticks=485 entered=4 exited=3 people_inside=1
2026-08-26 23:48:07,131 INFO __main__: summary updated end=2026-08-19 20:02:41
2026-08-26 23:48:07,132 INFO peoplein.stream: download started camera=loby file=20260819-200241.mkv
2026-08-26 23:48:31,352 INFO peoplein.stream: download completed camera=loby file=20260819-200241.mkv bytes=31215656 interval=2026-08-19 20:02:41..2026-08-19 20:07:41
2026-08-26 23:48:31,352 INFO peoplein.stream: analysis interval ready start=2026-08-19 20:02:41 end=2026-08-19 20:06:04
2026-08-26 23:48:40,957 INFO peoplein.stream: decoded entrance/20260819-200104.mkv: 1015 frames
2026-08-26 23:48:40,960 INFO peoplein.stream: decoded loby/20260819-200241.mkv: 1015 frames
2026-08-26 23:48:40,965 INFO __main__: analysis interval completed start=2026-08-19 20:02:41 end=2026-08-19 20:06:04 frames=2030 ticks=1015 entered=4 exited=3 people_inside=1
2026-08-26 23:48:40,968 INFO __main__: summary updated end=2026-08-19 20:06:04
2026-08-26 23:48:40,968 INFO peoplein.stream: download started camera=entrance file=20260819-200604.mkv
2026-08-26 23:49:00,014 INFO peoplein.stream: download completed camera=entrance file=20260819-200604.mkv bytes=31587378 interval=2026-08-19 20:06:04..2026-08-19 20:11:04
2026-08-26 23:49:00,014 INFO peoplein.stream: analysis interval ready start=2026-08-19 20:06:04 end=2026-08-19 20:07:41
2026-08-26 23:49:07,130 INFO peoplein.stream: decoded entrance/20260819-200604.mkv: 485 frames
2026-08-26 23:49:07,133 INFO peoplein.stream: decoded loby/20260819-200241.mkv: 485 frames
2026-08-26 23:49:07,139 INFO __main__: analysis interval completed start=2026-08-19 20:06:04 end=2026-08-19 20:07:41 frames=970 ticks=485 entered=4 exited=3 people_inside=1
2026-08-26 23:49:07,141 INFO __main__: summary updated end=2026-08-19 20:07:41
2026-08-26 23:49:07,142 INFO peoplein.stream: download started camera=loby file=20260819-200741.mkv
2026-08-26 23:49:26,819 INFO peoplein.stream: download completed camera=loby file=20260819-200741.mkv bytes=30077751 interval=2026-08-19 20:07:41..2026-08-19 20:12:41
2026-08-26 23:49:26,819 INFO peoplein.stream: analysis interval ready start=2026-08-19 20:07:41 end=2026-08-19 20:11:04
2026-08-26 23:49:36,097 INFO peoplein.stream: decoded loby/20260819-200741.mkv: 1015 frames
2026-08-26 23:49:36,100 INFO peoplein.stream: decoded entrance/20260819-200604.mkv: 1015 frames
2026-08-26 23:49:36,104 INFO __main__: analysis interval completed start=2026-08-19 20:07:41 end=2026-08-19 20:11:04 frames=2030 ticks=1015 entered=4 exited=3 people_inside=1
2026-08-26 23:49:36,106 INFO __main__: summary updated end=2026-08-19 20:11:04
2026-08-26 23:49:36,107 INFO peoplein.stream: download started camera=entrance file=20260819-201104.mkv
2026-08-26 23:49:56,897 INFO peoplein.stream: download completed camera=entrance file=20260819-201104.mkv bytes=31562638 interval=2026-08-19 20:11:04..2026-08-19 20:16:04
2026-08-26 23:49:56,898 INFO peoplein.stream: analysis interval ready start=2026-08-19 20:11:04 end=2026-08-19 20:12:41
2026-08-26 23:50:04,014 INFO peoplein.stream: decoded entrance/20260819-201104.mkv: 485 frames
2026-08-26 23:50:04,019 INFO peoplein.stream: decoded loby/20260819-200741.mkv: 485 frames
2026-08-26 23:50:04,024 INFO __main__: analysis interval completed start=2026-08-19 20:11:04 end=2026-08-19 20:12:41 frames=970 ticks=485 entered=4 exited=3 people_inside=1
2026-08-26 23:50:04,026 INFO __main__: summary updated end=2026-08-19 20:12:41
2026-08-26 23:50:04,026 INFO peoplein.stream: download started camera=loby file=20260819-201241.mkv
2026-08-26 23:50:21,860 INFO peoplein.stream: download completed camera=loby file=20260819-201241.mkv bytes=30658857 interval=2026-08-19 20:12:41..2026-08-19 20:17:41
2026-08-26 23:50:21,860 INFO peoplein.stream: analysis interval ready start=2026-08-19 20:12:41 end=2026-08-19 20:16:04
2026-08-26 23:50:31,320 INFO peoplein.stream: decoded loby/20260819-201241.mkv: 1015 frames
2026-08-26 23:50:31,321 INFO peoplein.stream: decoded entrance/20260819-201104.mkv: 1015 frames
2026-08-26 23:50:31,328 INFO __main__: analysis interval completed start=2026-08-19 20:12:41 end=2026-08-19 20:16:04 frames=2030 ticks=1015 entered=4 exited=3 people_inside=1
2026-08-26 23:50:31,330 INFO __main__: summary updated end=2026-08-19 20:16:04
2026-08-26 23:50:31,330 INFO peoplein.stream: download started camera=entrance file=20260819-201604.mkv
2026-08-26 23:50:49,731 INFO peoplein.stream: download completed camera=entrance file=20260819-201604.mkv bytes=31544286 interval=2026-08-19 20:16:04..2026-08-19 20:21:04
2026-08-26 23:50:49,731 INFO peoplein.stream: analysis interval ready start=2026-08-19 20:16:04 end=2026-08-19 20:17:41
2026-08-26 23:50:57,045 INFO peoplein.stream: decoded loby/20260819-201241.mkv: 485 frames
2026-08-26 23:50:57,054 INFO peoplein.stream: decoded entrance/20260819-201604.mkv: 485 frames
2026-08-26 23:50:57,057 INFO __main__: analysis interval completed start=2026-08-19 20:16:04 end=2026-08-19 20:17:41 frames=970 ticks=485 entered=4 exited=3 people_inside=1
2026-08-26 23:50:57,059 INFO __main__: summary updated end=2026-08-19 20:17:41
2026-08-26 23:50:57,060 INFO peoplein.stream: download started camera=loby file=20260819-201740.mkv
2026-08-26 23:51:20,377 INFO peoplein.stream: download completed camera=loby file=20260819-201740.mkv bytes=33177397 interval=2026-08-19 20:17:40..2026-08-19 20:22:40
2026-08-26 23:51:20,377 INFO peoplein.stream: analysis interval ready start=2026-08-19 20:17:40 end=2026-08-19 20:21:04
2026-08-26 23:51:30,182 INFO peoplein.stream: decoded entrance/20260819-201604.mkv: 1020 frames
2026-08-26 23:51:30,188 INFO peoplein.stream: decoded loby/20260819-201740.mkv: 1020 frames
2026-08-26 23:51:30,192 INFO __main__: analysis interval completed start=2026-08-19 20:17:40 end=2026-08-19 20:21:04 frames=2040 ticks=1020 entered=4 exited=3 people_inside=1
2026-08-26 23:51:30,194 INFO __main__: summary updated end=2026-08-19 20:21:04
2026-08-26 23:51:30,194 INFO peoplein.stream: download started camera=entrance file=20260819-202104.mkv
2026-08-26 23:51:51,109 INFO peoplein.stream: download completed camera=entrance file=20260819-202104.mkv bytes=31517094 interval=2026-08-19 20:21:04..2026-08-19 20:26:04
2026-08-26 23:51:51,109 INFO peoplein.stream: analysis interval ready start=2026-08-19 20:21:04 end=2026-08-19 20:22:40
2026-08-26 23:51:58,514 INFO peoplein.stream: decoded loby/20260819-201740.mkv: 480 frames
2026-08-26 23:51:58,514 INFO peoplein.stream: decoded entrance/20260819-202104.mkv: 480 frames
2026-08-26 23:51:58,522 INFO __main__: analysis interval completed start=2026-08-19 20:21:04 end=2026-08-19 20:22:40 frames=960 ticks=480 entered=4 exited=3 people_inside=1
2026-08-26 23:51:58,524 INFO __main__: summary updated end=2026-08-19 20:22:40
2026-08-26 23:51:58,524 INFO peoplein.stream: download started camera=loby file=20260819-202240.mkv
2026-08-26 23:52:23,235 INFO peoplein.stream: download completed camera=loby file=20260819-202240.mkv bytes=31204480 interval=2026-08-19 20:22:40..2026-08-19 20:27:40
2026-08-26 23:52:23,235 INFO peoplein.stream: analysis interval ready start=2026-08-19 20:22:40 end=2026-08-19 20:26:04
2026-08-26 23:52:33,346 INFO peoplein.stream: decoded loby/20260819-202240.mkv: 1020 frames
2026-08-26 23:52:33,346 INFO peoplein.stream: decoded entrance/20260819-202104.mkv: 1020 frames
2026-08-26 23:52:33,354 INFO __main__: analysis interval completed start=2026-08-19 20:22:40 end=2026-08-19 20:26:04 frames=2040 ticks=1020 entered=4 exited=3 people_inside=1
2026-08-26 23:52:33,356 INFO __main__: summary updated end=2026-08-19 20:26:04
2026-08-26 23:52:33,357 INFO peoplein.stream: download started camera=entrance file=20260819-202604.mkv
2026-08-26 23:52:57,765 INFO peoplein.stream: download completed camera=entrance file=20260819-202604.mkv bytes=31541917 interval=2026-08-19 20:26:04..2026-08-19 20:31:04
2026-08-26 23:52:57,765 INFO peoplein.stream: analysis interval ready start=2026-08-19 20:26:04 end=2026-08-19 20:27:40
2026-08-26 23:53:05,039 INFO peoplein.stream: decoded entrance/20260819-202604.mkv: 480 frames
2026-08-26 23:53:05,043 INFO peoplein.stream: decoded loby/20260819-202240.mkv: 480 frames
2026-08-26 23:53:05,050 INFO __main__: analysis interval completed start=2026-08-19 20:26:04 end=2026-08-19 20:27:40 frames=960 ticks=480 entered=4 exited=3 people_inside=1
2026-08-26 23:53:05,052 INFO __main__: summary updated end=2026-08-19 20:27:40
2026-08-26 23:53:05,053 INFO peoplein.stream: download started camera=loby file=20260819-202740.mkv
2026-08-26 23:53:23,334 INFO peoplein.stream: download completed camera=loby file=20260819-202740.mkv bytes=31129518 interval=2026-08-19 20:27:40..2026-08-19 20:32:40
2026-08-26 23:53:23,334 INFO peoplein.stream: analysis interval ready start=2026-08-19 20:27:40 end=2026-08-19 20:31:04
2026-08-26 23:53:33,013 INFO peoplein.stream: decoded entrance/20260819-202604.mkv: 1020 frames
2026-08-26 23:53:33,016 INFO peoplein.stream: decoded loby/20260819-202740.mkv: 1020 frames
2026-08-26 23:53:33,018 INFO __main__: analysis interval completed start=2026-08-19 20:27:40 end=2026-08-19 20:31:04 frames=2040 ticks=1020 entered=4 exited=3 people_inside=1
2026-08-26 23:53:33,021 INFO __main__: summary updated end=2026-08-19 20:31:04
2026-08-26 23:53:33,022 INFO peoplein.stream: download started camera=entrance file=20260819-203104.mkv
2026-08-26 23:53:58,634 INFO peoplein.stream: download completed camera=entrance file=20260819-203104.mkv bytes=31523458 interval=2026-08-19 20:31:04..2026-08-19 20:36:04
2026-08-26 23:53:58,635 INFO peoplein.stream: analysis interval ready start=2026-08-19 20:31:04 end=2026-08-19 20:32:40
2026-08-26 23:54:05,927 INFO peoplein.stream: decoded loby/20260819-202740.mkv: 480 frames
2026-08-26 23:54:05,928 INFO peoplein.stream: decoded entrance/20260819-203104.mkv: 480 frames
2026-08-26 23:54:05,934 INFO __main__: analysis interval completed start=2026-08-19 20:31:04 end=2026-08-19 20:32:40 frames=960 ticks=480 entered=4 exited=3 people_inside=1
2026-08-26 23:54:05,936 INFO __main__: summary updated end=2026-08-19 20:32:40
2026-08-26 23:54:05,937 INFO peoplein.stream: download started camera=loby file=20260819-203240.mkv
2026-08-26 23:54:27,800 INFO peoplein.stream: download completed camera=loby file=20260819-203240.mkv bytes=31409288 interval=2026-08-19 20:32:40..2026-08-19 20:37:40
2026-08-26 23:54:27,800 INFO peoplein.stream: analysis interval ready start=2026-08-19 20:32:40 end=2026-08-19 20:36:04
2026-08-26 23:54:37,702 INFO peoplein.stream: decoded loby/20260819-203240.mkv: 1020 frames
2026-08-26 23:54:37,705 INFO peoplein.stream: decoded entrance/20260819-203104.mkv: 1020 frames
2026-08-26 23:54:37,712 INFO __main__: analysis interval completed start=2026-08-19 20:32:40 end=2026-08-19 20:36:04 frames=2040 ticks=1020 entered=4 exited=3 people_inside=1
2026-08-26 23:54:37,714 INFO __main__: summary updated end=2026-08-19 20:36:04
2026-08-26 23:54:37,715 INFO peoplein.stream: download started camera=entrance file=20260819-203604.mkv
2026-08-26 23:54:56,824 INFO peoplein.stream: download completed camera=entrance file=20260819-203604.mkv bytes=31520597 interval=2026-08-19 20:36:04..2026-08-19 20:41:04
2026-08-26 23:54:56,825 INFO peoplein.stream: analysis interval ready start=2026-08-19 20:36:04 end=2026-08-19 20:37:40
2026-08-26 23:55:04,234 INFO peoplein.stream: decoded entrance/20260819-203604.mkv: 480 frames
2026-08-26 23:55:04,234 INFO peoplein.stream: decoded loby/20260819-203240.mkv: 480 frames
2026-08-26 23:55:04,237 INFO __main__: analysis interval completed start=2026-08-19 20:36:04 end=2026-08-19 20:37:40 frames=960 ticks=480 entered=4 exited=3 people_inside=1
2026-08-26 23:55:04,239 INFO __main__: summary updated end=2026-08-19 20:37:40
2026-08-26 23:55:04,240 INFO peoplein.stream: download started camera=loby file=20260819-203740.mkv
2026-08-26 23:55:25,533 INFO peoplein.stream: download completed camera=loby file=20260819-203740.mkv bytes=30695345 interval=2026-08-19 20:37:40..2026-08-19 20:42:40
2026-08-26 23:55:25,533 INFO peoplein.stream: analysis interval ready start=2026-08-19 20:37:40 end=2026-08-19 20:41:04
2026-08-26 23:55:35,121 INFO peoplein.stream: decoded entrance/20260819-203604.mkv: 1020 frames
2026-08-26 23:55:35,121 INFO peoplein.stream: decoded loby/20260819-203740.mkv: 1020 frames
2026-08-26 23:55:35,127 INFO __main__: analysis interval completed start=2026-08-19 20:37:40 end=2026-08-19 20:41:04 frames=2040 ticks=1020 entered=4 exited=3 people_inside=1
2026-08-26 23:55:35,129 INFO __main__: summary updated end=2026-08-19 20:41:04
2026-08-26 23:55:35,129 INFO peoplein.stream: download started camera=entrance file=20260819-204104.mkv
2026-08-26 23:55:57,181 INFO peoplein.stream: download completed camera=entrance file=20260819-204104.mkv bytes=31971160 interval=2026-08-19 20:41:04..2026-08-19 20:46:04
2026-08-26 23:55:57,182 INFO peoplein.stream: analysis interval ready start=2026-08-19 20:41:04 end=2026-08-19 20:42:40
2026-08-26 23:56:04,380 INFO peoplein.stream: decoded loby/20260819-203740.mkv: 480 frames
2026-08-26 23:56:04,381 INFO peoplein.stream: decoded entrance/20260819-204104.mkv: 480 frames
2026-08-26 23:56:04,389 INFO __main__: analysis interval completed start=2026-08-19 20:41:04 end=2026-08-19 20:42:40 frames=960 ticks=480 entered=4 exited=3 people_inside=1
2026-08-26 23:56:04,391 INFO __main__: summary updated end=2026-08-19 20:42:40
2026-08-26 23:56:04,391 INFO peoplein.stream: download started camera=loby file=20260819-204240.mkv
2026-08-26 23:56:25,173 INFO peoplein.stream: download completed camera=loby file=20260819-204240.mkv bytes=31326768 interval=2026-08-19 20:42:40..2026-08-19 20:47:40
2026-08-26 23:56:25,173 INFO peoplein.stream: analysis interval ready start=2026-08-19 20:42:40 end=2026-08-19 20:46:04
2026-08-26 23:56:34,709 INFO peoplein.stream: decoded loby/20260819-204240.mkv: 1020 frames
2026-08-26 23:56:34,709 INFO peoplein.stream: decoded entrance/20260819-204104.mkv: 1020 frames
2026-08-26 23:56:34,718 INFO __main__: analysis interval completed start=2026-08-19 20:42:40 end=2026-08-19 20:46:04 frames=2040 ticks=1020 entered=4 exited=3 people_inside=1
2026-08-26 23:56:34,720 INFO __main__: summary updated end=2026-08-19 20:46:04
2026-08-26 23:56:34,720 INFO peoplein.stream: download started camera=entrance file=20260819-204604.mkv
2026-08-26 23:56:53,778 INFO peoplein.stream: download completed camera=entrance file=20260819-204604.mkv bytes=32424687 interval=2026-08-19 20:46:04..2026-08-19 20:51:04
2026-08-26 23:56:53,778 INFO peoplein.stream: analysis interval ready start=2026-08-19 20:46:04 end=2026-08-19 20:47:40
2026-08-26 23:57:00,878 INFO peoplein.stream: decoded entrance/20260819-204604.mkv: 480 frames
2026-08-26 23:57:00,879 INFO peoplein.stream: decoded loby/20260819-204240.mkv: 480 frames
2026-08-26 23:57:00,885 INFO __main__: analysis interval completed start=2026-08-19 20:46:04 end=2026-08-19 20:47:40 frames=960 ticks=480 entered=4 exited=3 people_inside=1
2026-08-26 23:57:00,887 INFO __main__: summary updated end=2026-08-19 20:47:40
2026-08-26 23:57:00,887 INFO peoplein.stream: download started camera=loby file=20260819-204740.mkv
2026-08-26 23:57:21,110 INFO peoplein.stream: download completed camera=loby file=20260819-204740.mkv bytes=33843661 interval=2026-08-19 20:47:40..2026-08-19 20:52:40
2026-08-26 23:57:21,110 INFO peoplein.stream: analysis interval ready start=2026-08-19 20:47:40 end=2026-08-19 20:51:04
2026-08-26 23:57:30,872 INFO peoplein.stream: decoded entrance/20260819-204604.mkv: 1020 frames
2026-08-26 23:57:30,874 INFO peoplein.stream: decoded loby/20260819-204740.mkv: 1020 frames
2026-08-26 23:57:30,880 INFO __main__: analysis interval completed start=2026-08-19 20:47:40 end=2026-08-19 20:51:04 frames=2040 ticks=1020 entered=4 exited=3 people_inside=1
2026-08-26 23:57:30,882 INFO __main__: summary updated end=2026-08-19 20:51:04
2026-08-26 23:57:30,883 INFO peoplein.stream: download started camera=entrance file=20260819-205104.mkv
2026-08-26 23:57:50,520 INFO peoplein.stream: download completed camera=entrance file=20260819-205104.mkv bytes=32199573 interval=2026-08-19 20:51:04..2026-08-19 20:56:04
2026-08-26 23:57:50,520 INFO peoplein.stream: analysis interval ready start=2026-08-19 20:51:04 end=2026-08-19 20:52:40
2026-08-26 23:57:57,862 INFO peoplein.stream: decoded loby/20260819-204740.mkv: 480 frames
2026-08-26 23:57:57,864 INFO peoplein.stream: decoded entrance/20260819-205104.mkv: 480 frames
2026-08-26 23:57:57,869 INFO __main__: analysis interval completed start=2026-08-19 20:51:04 end=2026-08-19 20:52:40 frames=960 ticks=480 entered=4 exited=3 people_inside=1
2026-08-26 23:57:57,871 INFO __main__: summary updated end=2026-08-19 20:52:40
2026-08-26 23:57:57,872 INFO peoplein.stream: download started camera=loby file=20260819-205240.mkv
2026-08-26 23:58:22,801 INFO peoplein.stream: download completed camera=loby file=20260819-205240.mkv bytes=38815704 interval=2026-08-19 20:52:40..2026-08-19 20:57:40
2026-08-26 23:58:22,802 INFO peoplein.stream: analysis interval ready start=2026-08-19 20:52:40 end=2026-08-19 20:56:04
2026-08-26 23:58:32,930 INFO peoplein.stream: decoded entrance/20260819-205104.mkv: 1020 frames
2026-08-26 23:58:32,937 INFO peoplein.stream: decoded loby/20260819-205240.mkv: 1020 frames
2026-08-26 23:58:32,940 INFO __main__: analysis interval completed start=2026-08-19 20:52:40 end=2026-08-19 20:56:04 frames=2040 ticks=1020 entered=5 exited=3 people_inside=2
2026-08-26 23:58:32,943 INFO __main__: summary updated end=2026-08-19 20:56:04
2026-08-26 23:58:32,943 INFO peoplein.stream: download started camera=entrance file=20260819-205604.mkv
2026-08-26 23:58:55,555 INFO peoplein.stream: download completed camera=entrance file=20260819-205604.mkv bytes=31962247 interval=2026-08-19 20:56:04..2026-08-19 21:01:04
2026-08-26 23:58:55,555 INFO peoplein.stream: analysis interval ready start=2026-08-19 20:56:04 end=2026-08-19 20:57:40
2026-08-26 23:59:02,879 INFO peoplein.stream: decoded entrance/20260819-205604.mkv: 480 frames
2026-08-26 23:59:02,881 INFO peoplein.stream: decoded loby/20260819-205240.mkv: 480 frames
2026-08-26 23:59:02,887 INFO __main__: analysis interval completed start=2026-08-19 20:56:04 end=2026-08-19 20:57:40 frames=960 ticks=480 entered=5 exited=3 people_inside=2
2026-08-26 23:59:02,889 INFO __main__: summary updated end=2026-08-19 20:57:40
2026-08-26 23:59:02,890 INFO peoplein.stream: download started camera=loby file=20260819-205740.mkv
2026-08-26 23:59:33,691 INFO peoplein.stream: download completed camera=loby file=20260819-205740.mkv bytes=41030590 interval=2026-08-19 20:57:40..2026-08-19 21:02:40
2026-08-26 23:59:33,692 INFO peoplein.stream: analysis interval ready start=2026-08-19 20:57:40 end=2026-08-19 21:01:04
2026-08-26 23:59:43,278 INFO peoplein.stream: decoded entrance/20260819-205604.mkv: 1020 frames
2026-08-26 23:59:43,278 INFO peoplein.stream: decoded loby/20260819-205740.mkv: 1020 frames
2026-08-26 23:59:43,283 INFO __main__: analysis interval completed start=2026-08-19 20:57:40 end=2026-08-19 21:01:04 frames=2040 ticks=1020 entered=5 exited=3 people_inside=2
2026-08-26 23:59:43,284 INFO __main__: summary updated end=2026-08-19 21:01:04
2026-08-26 23:59:43,285 INFO peoplein.stream: download started camera=entrance file=20260819-210104.mkv
2026-08-27 00:00:05,796 INFO peoplein.stream: download completed camera=entrance file=20260819-210104.mkv bytes=31959645 interval=2026-08-19 21:01:04..2026-08-19 21:06:04
2026-08-27 00:00:05,796 INFO peoplein.stream: analysis interval ready start=2026-08-19 21:01:04 end=2026-08-19 21:02:40
2026-08-27 00:00:13,062 INFO peoplein.stream: decoded entrance/20260819-210104.mkv: 480 frames
2026-08-27 00:00:13,062 INFO peoplein.stream: decoded loby/20260819-205740.mkv: 480 frames
2026-08-27 00:00:13,065 INFO __main__: analysis interval completed start=2026-08-19 21:01:04 end=2026-08-19 21:02:40 frames=960 ticks=480 entered=5 exited=3 people_inside=2
2026-08-27 00:00:13,067 INFO __main__: summary updated end=2026-08-19 21:02:40
2026-08-27 00:00:13,067 INFO peoplein.stream: download started camera=loby file=20260819-210241.mkv
2026-08-27 00:00:39,124 INFO peoplein.stream: download completed camera=loby file=20260819-210241.mkv bytes=41357318 interval=2026-08-19 21:02:41..2026-08-19 21:07:41
2026-08-27 00:00:39,125 WARNING peoplein.stream: archive interval skipped start=2026-08-19T21:02:40.000 end=2026-08-19T21:02:41.000 duration_seconds=1.0 reason=camera_archives_do_not_overlap
2026-08-27 00:00:39,125 INFO peoplein.stream: analysis interval ready start=2026-08-19 21:02:41 end=2026-08-19 21:06:04
2026-08-27 00:00:48,285 INFO peoplein.stream: decoded entrance/20260819-210104.mkv: 1015 frames
2026-08-27 00:00:48,286 INFO peoplein.stream: decoded loby/20260819-210241.mkv: 1015 frames
2026-08-27 00:00:48,290 INFO __main__: analysis interval completed start=2026-08-19 21:02:41 end=2026-08-19 21:06:04 frames=2030 ticks=1015 entered=5 exited=3 people_inside=2
2026-08-27 00:00:48,292 INFO __main__: summary updated end=2026-08-19 21:06:04
2026-08-27 00:00:48,293 INFO peoplein.stream: download started camera=entrance file=20260819-210604.mkv
2026-08-27 00:01:10,313 INFO peoplein.stream: download completed camera=entrance file=20260819-210604.mkv bytes=31946476 interval=2026-08-19 21:06:04..2026-08-19 21:11:04
2026-08-27 00:01:10,314 INFO peoplein.stream: analysis interval ready start=2026-08-19 21:06:04 end=2026-08-19 21:07:41
2026-08-27 00:01:17,555 INFO peoplein.stream: decoded entrance/20260819-210604.mkv: 485 frames
2026-08-27 00:01:17,555 INFO peoplein.stream: decoded loby/20260819-210241.mkv: 485 frames
2026-08-27 00:01:17,559 INFO __main__: analysis interval completed start=2026-08-19 21:06:04 end=2026-08-19 21:07:41 frames=970 ticks=485 entered=5 exited=3 people_inside=2
2026-08-27 00:01:17,561 INFO __main__: summary updated end=2026-08-19 21:07:41
2026-08-27 00:01:17,562 INFO peoplein.stream: download started camera=loby file=20260819-210741.mkv
2026-08-27 00:01:46,707 INFO peoplein.stream: download completed camera=loby file=20260819-210741.mkv bytes=39322535 interval=2026-08-19 21:07:41..2026-08-19 21:12:39
2026-08-27 00:01:46,708 INFO peoplein.stream: analysis interval ready start=2026-08-19 21:07:41 end=2026-08-19 21:11:04
2026-08-27 00:01:55,865 INFO peoplein.stream: decoded loby/20260819-210741.mkv: 1015 frames
2026-08-27 00:01:55,866 INFO peoplein.stream: decoded entrance/20260819-210604.mkv: 1015 frames
2026-08-27 00:01:55,871 INFO __main__: analysis interval completed start=2026-08-19 21:07:41 end=2026-08-19 21:11:04 frames=2030 ticks=1015 entered=5 exited=3 people_inside=2
2026-08-27 00:01:55,873 INFO __main__: summary updated end=2026-08-19 21:11:04
2026-08-27 00:01:55,874 INFO peoplein.stream: download started camera=entrance file=20260819-211104.mkv
2026-08-27 00:02:16,620 INFO peoplein.stream: download completed camera=entrance file=20260819-211104.mkv bytes=31931382 interval=2026-08-19 21:11:04..2026-08-19 21:16:04
2026-08-27 00:02:16,621 INFO peoplein.stream: analysis interval ready start=2026-08-19 21:11:04 end=2026-08-19 21:12:39
2026-08-27 00:02:23,857 INFO peoplein.stream: decoded loby/20260819-210741.mkv: 475 frames
2026-08-27 00:02:23,860 INFO peoplein.stream: decoded entrance/20260819-211104.mkv: 475 frames
2026-08-27 00:02:23,860 INFO __main__: analysis interval completed start=2026-08-19 21:11:04 end=2026-08-19 21:12:39 frames=950 ticks=475 entered=5 exited=3 people_inside=2
2026-08-27 00:02:23,862 INFO __main__: summary updated end=2026-08-19 21:12:39
2026-08-27 00:02:23,863 INFO peoplein.stream: download started camera=loby file=20260819-211240.mkv
2026-08-27 00:02:51,005 INFO peoplein.stream: download completed camera=loby file=20260819-211240.mkv bytes=37779139 interval=2026-08-19 21:12:40..2026-08-19 21:17:40
2026-08-27 00:02:51,006 WARNING peoplein.stream: archive interval skipped start=2026-08-19T21:12:39.000 end=2026-08-19T21:12:40.000 duration_seconds=1.0 reason=camera_archives_do_not_overlap
2026-08-27 00:02:51,006 INFO peoplein.stream: analysis interval ready start=2026-08-19 21:12:40 end=2026-08-19 21:16:04
2026-08-27 00:03:00,301 INFO peoplein.stream: decoded entrance/20260819-211104.mkv: 1020 frames
2026-08-27 00:03:00,304 INFO peoplein.stream: decoded loby/20260819-211240.mkv: 1020 frames
2026-08-27 00:03:00,308 INFO __main__: analysis interval completed start=2026-08-19 21:12:40 end=2026-08-19 21:16:04 frames=2040 ticks=1020 entered=5 exited=3 people_inside=2
2026-08-27 00:03:00,310 INFO __main__: summary updated end=2026-08-19 21:16:04
2026-08-27 00:03:00,311 INFO peoplein.stream: download started camera=entrance file=20260819-211604.mkv
2026-08-27 00:03:26,130 INFO peoplein.stream: download completed camera=entrance file=20260819-211604.mkv bytes=31920458 interval=2026-08-19 21:16:04..2026-08-19 21:21:04
2026-08-27 00:03:26,131 INFO peoplein.stream: analysis interval ready start=2026-08-19 21:16:04 end=2026-08-19 21:17:40
2026-08-27 00:03:33,164 INFO peoplein.stream: decoded loby/20260819-211240.mkv: 480 frames
2026-08-27 00:03:33,167 INFO peoplein.stream: decoded entrance/20260819-211604.mkv: 480 frames
2026-08-27 00:03:33,172 INFO __main__: analysis interval completed start=2026-08-19 21:16:04 end=2026-08-19 21:17:40 frames=960 ticks=480 entered=5 exited=3 people_inside=2
2026-08-27 00:03:33,174 INFO __main__: summary updated end=2026-08-19 21:17:40
2026-08-27 00:03:33,174 INFO peoplein.stream: download started camera=loby file=20260819-211740.mkv
2026-08-27 00:03:55,990 INFO peoplein.stream: download completed camera=loby file=20260819-211740.mkv bytes=38722051 interval=2026-08-19 21:17:40..2026-08-19 21:22:40
2026-08-27 00:03:55,991 INFO peoplein.stream: analysis interval ready start=2026-08-19 21:17:40 end=2026-08-19 21:21:04
2026-08-27 00:04:04,987 INFO peoplein.stream: decoded loby/20260819-211740.mkv: 1020 frames
2026-08-27 00:04:04,997 INFO peoplein.stream: decoded entrance/20260819-211604.mkv: 1020 frames
2026-08-27 00:04:04,998 INFO __main__: analysis interval completed start=2026-08-19 21:17:40 end=2026-08-19 21:21:04 frames=2040 ticks=1020 entered=5 exited=3 people_inside=2
2026-08-27 00:04:05,000 INFO __main__: summary updated end=2026-08-19 21:21:04
2026-08-27 00:04:05,000 INFO peoplein.stream: download started camera=entrance file=20260819-212104.mkv
2026-08-27 00:04:24,591 INFO peoplein.stream: download completed camera=entrance file=20260819-212104.mkv bytes=31925473 interval=2026-08-19 21:21:04..2026-08-19 21:26:04
2026-08-27 00:04:24,591 INFO peoplein.stream: analysis interval ready start=2026-08-19 21:21:04 end=2026-08-19 21:22:40
2026-08-27 00:04:31,704 INFO peoplein.stream: decoded entrance/20260819-212104.mkv: 480 frames
2026-08-27 00:04:31,714 INFO peoplein.stream: decoded loby/20260819-211740.mkv: 480 frames
2026-08-27 00:04:31,716 INFO __main__: analysis interval completed start=2026-08-19 21:21:04 end=2026-08-19 21:22:40 frames=960 ticks=480 entered=5 exited=3 people_inside=2
2026-08-27 00:04:31,718 INFO __main__: summary updated end=2026-08-19 21:22:40
2026-08-27 00:04:31,718 INFO peoplein.stream: download started camera=loby file=20260819-212241.mkv
2026-08-27 00:04:56,808 INFO peoplein.stream: download completed camera=loby file=20260819-212241.mkv bytes=39200361 interval=2026-08-19 21:22:41..2026-08-19 21:27:41
2026-08-27 00:04:56,810 WARNING peoplein.stream: archive interval skipped start=2026-08-19T21:22:40.000 end=2026-08-19T21:22:41.000 duration_seconds=1.0 reason=camera_archives_do_not_overlap
2026-08-27 00:04:56,810 INFO peoplein.stream: analysis interval ready start=2026-08-19 21:22:41 end=2026-08-19 21:26:04
2026-08-27 00:05:05,980 INFO peoplein.stream: decoded entrance/20260819-212104.mkv: 1015 frames
2026-08-27 00:05:05,980 INFO peoplein.stream: decoded loby/20260819-212241.mkv: 1015 frames
2026-08-27 00:05:05,985 INFO __main__: analysis interval completed start=2026-08-19 21:22:41 end=2026-08-19 21:26:04 frames=2030 ticks=1015 entered=5 exited=3 people_inside=2
2026-08-27 00:05:05,988 INFO __main__: summary updated end=2026-08-19 21:26:04
2026-08-27 00:05:05,988 INFO peoplein.stream: download started camera=entrance file=20260819-212604.mkv
2026-08-27 00:05:24,084 INFO peoplein.stream: download completed camera=entrance file=20260819-212604.mkv bytes=31940623 interval=2026-08-19 21:26:04..2026-08-19 21:31:04
2026-08-27 00:05:24,084 INFO peoplein.stream: analysis interval ready start=2026-08-19 21:26:04 end=2026-08-19 21:27:41
2026-08-27 00:05:31,138 INFO peoplein.stream: decoded loby/20260819-212241.mkv: 485 frames
2026-08-27 00:05:31,140 INFO peoplein.stream: decoded entrance/20260819-212604.mkv: 485 frames
2026-08-27 00:05:31,144 INFO __main__: analysis interval completed start=2026-08-19 21:26:04 end=2026-08-19 21:27:41 frames=970 ticks=485 entered=5 exited=3 people_inside=2
2026-08-27 00:05:31,146 INFO __main__: summary updated end=2026-08-19 21:27:41
2026-08-27 00:05:31,147 INFO peoplein.stream: download started camera=loby file=20260819-212742.mkv
2026-08-27 00:05:56,495 INFO peoplein.stream: download completed camera=loby file=20260819-212742.mkv bytes=39554360 interval=2026-08-19 21:27:42..2026-08-19 21:32:40
2026-08-27 00:05:56,496 WARNING peoplein.stream: archive interval skipped start=2026-08-19T21:27:41.000 end=2026-08-19T21:27:42.000 duration_seconds=1.0 reason=camera_archives_do_not_overlap
2026-08-27 00:05:56,497 INFO peoplein.stream: analysis interval ready start=2026-08-19 21:27:42 end=2026-08-19 21:31:04
2026-08-27 00:06:05,777 INFO peoplein.stream: decoded loby/20260819-212742.mkv: 1010 frames
2026-08-27 00:06:05,784 INFO peoplein.stream: decoded entrance/20260819-212604.mkv: 1010 frames
2026-08-27 00:06:05,786 INFO __main__: analysis interval completed start=2026-08-19 21:27:42 end=2026-08-19 21:31:04 frames=2020 ticks=1010 entered=5 exited=3 people_inside=2
2026-08-27 00:06:05,788 INFO __main__: summary updated end=2026-08-19 21:31:04
2026-08-27 00:06:05,788 INFO peoplein.stream: download started camera=entrance file=20260819-213104.mkv
2026-08-27 00:06:27,064 INFO peoplein.stream: download completed camera=entrance file=20260819-213104.mkv bytes=31940477 interval=2026-08-19 21:31:04..2026-08-19 21:36:04
2026-08-27 00:06:27,065 INFO peoplein.stream: analysis interval ready start=2026-08-19 21:31:04 end=2026-08-19 21:32:40
2026-08-27 00:06:34,265 INFO peoplein.stream: decoded entrance/20260819-213104.mkv: 480 frames
2026-08-27 00:06:34,266 INFO peoplein.stream: decoded loby/20260819-212742.mkv: 480 frames
2026-08-27 00:06:34,270 INFO __main__: analysis interval completed start=2026-08-19 21:31:04 end=2026-08-19 21:32:40 frames=960 ticks=480 entered=5 exited=3 people_inside=2
2026-08-27 00:06:34,272 INFO __main__: summary updated end=2026-08-19 21:32:40
2026-08-27 00:06:34,272 INFO peoplein.stream: download started camera=loby file=20260819-213240.mkv
2026-08-27 00:06:59,729 INFO peoplein.stream: download completed camera=loby file=20260819-213240.mkv bytes=40408326 interval=2026-08-19 21:32:40..2026-08-19 21:37:40
2026-08-27 00:06:59,730 INFO peoplein.stream: analysis interval ready start=2026-08-19 21:32:40 end=2026-08-19 21:36:04
2026-08-27 00:07:09,121 INFO peoplein.stream: decoded entrance/20260819-213104.mkv: 1020 frames
2026-08-27 00:07:09,122 INFO peoplein.stream: decoded loby/20260819-213240.mkv: 1020 frames
2026-08-27 00:07:09,129 INFO __main__: analysis interval completed start=2026-08-19 21:32:40 end=2026-08-19 21:36:04 frames=2040 ticks=1020 entered=5 exited=3 people_inside=2
2026-08-27 00:07:09,131 INFO __main__: summary updated end=2026-08-19 21:36:04
2026-08-27 00:07:09,132 INFO peoplein.stream: download started camera=entrance file=20260819-213604.mkv
2026-08-27 00:07:29,886 INFO peoplein.stream: download completed camera=entrance file=20260819-213604.mkv bytes=31939103 interval=2026-08-19 21:36:04..2026-08-19 21:41:04
2026-08-27 00:07:29,886 INFO peoplein.stream: analysis interval ready start=2026-08-19 21:36:04 end=2026-08-19 21:37:40
2026-08-27 00:07:37,129 INFO peoplein.stream: decoded loby/20260819-213240.mkv: 480 frames
2026-08-27 00:07:37,138 INFO peoplein.stream: decoded entrance/20260819-213604.mkv: 480 frames
2026-08-27 00:07:37,139 INFO __main__: analysis interval completed start=2026-08-19 21:36:04 end=2026-08-19 21:37:40 frames=960 ticks=480 entered=5 exited=3 people_inside=2
2026-08-27 00:07:37,141 INFO __main__: summary updated end=2026-08-19 21:37:40
2026-08-27 00:07:37,141 INFO peoplein.stream: download started camera=loby file=20260819-213741.mkv
2026-08-27 00:08:05,670 INFO peoplein.stream: download completed camera=loby file=20260819-213741.mkv bytes=40373594 interval=2026-08-19 21:37:41..2026-08-19 21:42:41
2026-08-27 00:08:05,671 WARNING peoplein.stream: archive interval skipped start=2026-08-19T21:37:40.000 end=2026-08-19T21:37:41.000 duration_seconds=1.0 reason=camera_archives_do_not_overlap
2026-08-27 00:08:05,671 INFO peoplein.stream: analysis interval ready start=2026-08-19 21:37:41 end=2026-08-19 21:41:04
2026-08-27 00:08:15,092 INFO peoplein.stream: decoded loby/20260819-213741.mkv: 1015 frames
2026-08-27 00:08:15,098 INFO peoplein.stream: decoded entrance/20260819-213604.mkv: 1015 frames
2026-08-27 00:08:15,100 INFO __main__: analysis interval completed start=2026-08-19 21:37:41 end=2026-08-19 21:41:04 frames=2030 ticks=1015 entered=5 exited=3 people_inside=2
2026-08-27 00:08:15,102 INFO __main__: summary updated end=2026-08-19 21:41:04
2026-08-27 00:08:15,103 INFO peoplein.stream: download started camera=entrance file=20260819-214104.mkv
2026-08-27 00:08:33,416 INFO peoplein.stream: download completed camera=entrance file=20260819-214104.mkv bytes=31940471 interval=2026-08-19 21:41:04..2026-08-19 21:46:04
2026-08-27 00:08:33,417 INFO peoplein.stream: analysis interval ready start=2026-08-19 21:41:04 end=2026-08-19 21:42:41
2026-08-27 00:08:40,808 INFO peoplein.stream: decoded loby/20260819-213741.mkv: 485 frames
2026-08-27 00:08:40,809 INFO peoplein.stream: decoded entrance/20260819-214104.mkv: 485 frames
2026-08-27 00:08:40,813 INFO __main__: analysis interval completed start=2026-08-19 21:41:04 end=2026-08-19 21:42:41 frames=970 ticks=485 entered=5 exited=3 people_inside=2
2026-08-27 00:08:40,815 INFO __main__: summary updated end=2026-08-19 21:42:41
2026-08-27 00:08:40,815 INFO peoplein.stream: download started camera=loby file=20260819-214241.mkv
2026-08-27 00:09:05,828 INFO peoplein.stream: download completed camera=loby file=20260819-214241.mkv bytes=39984643 interval=2026-08-19 21:42:41..2026-08-19 21:47:41
2026-08-27 00:09:05,829 INFO peoplein.stream: analysis interval ready start=2026-08-19 21:42:41 end=2026-08-19 21:46:04
2026-08-27 00:09:15,130 INFO peoplein.stream: decoded loby/20260819-214241.mkv: 1015 frames
2026-08-27 00:09:15,130 INFO peoplein.stream: decoded entrance/20260819-214104.mkv: 1015 frames
2026-08-27 00:09:15,136 INFO __main__: analysis interval completed start=2026-08-19 21:42:41 end=2026-08-19 21:46:04 frames=2030 ticks=1015 entered=5 exited=3 people_inside=2
2026-08-27 00:09:15,138 INFO __main__: summary updated end=2026-08-19 21:46:04
2026-08-27 00:09:15,139 INFO peoplein.stream: download started camera=entrance file=20260819-214604.mkv
2026-08-27 00:09:37,198 INFO peoplein.stream: download completed camera=entrance file=20260819-214604.mkv bytes=31898301 interval=2026-08-19 21:46:04..2026-08-19 21:51:04
2026-08-27 00:09:37,198 INFO peoplein.stream: analysis interval ready start=2026-08-19 21:46:04 end=2026-08-19 21:47:41
2026-08-27 00:09:44,574 INFO peoplein.stream: decoded loby/20260819-214241.mkv: 485 frames
2026-08-27 00:09:44,579 INFO peoplein.stream: decoded entrance/20260819-214604.mkv: 485 frames
2026-08-27 00:09:44,580 INFO __main__: analysis interval completed start=2026-08-19 21:46:04 end=2026-08-19 21:47:41 frames=970 ticks=485 entered=5 exited=3 people_inside=2
2026-08-27 00:09:44,583 INFO __main__: summary updated end=2026-08-19 21:47:41
2026-08-27 00:09:44,583 INFO peoplein.stream: download started camera=loby file=20260819-214742.mkv
2026-08-27 00:10:07,946 INFO peoplein.stream: download completed camera=loby file=20260819-214742.mkv bytes=39505453 interval=2026-08-19 21:47:42..2026-08-19 21:52:40
2026-08-27 00:10:07,947 WARNING peoplein.stream: archive interval skipped start=2026-08-19T21:47:41.000 end=2026-08-19T21:47:42.000 duration_seconds=1.0 reason=camera_archives_do_not_overlap
2026-08-27 00:10:07,947 INFO peoplein.stream: analysis interval ready start=2026-08-19 21:47:42 end=2026-08-19 21:51:04
2026-08-27 00:10:17,549 INFO peoplein.stream: decoded loby/20260819-214742.mkv: 1010 frames
2026-08-27 00:10:17,554 INFO peoplein.stream: decoded entrance/20260819-214604.mkv: 1010 frames
2026-08-27 00:10:17,558 INFO __main__: analysis interval completed start=2026-08-19 21:47:42 end=2026-08-19 21:51:04 frames=2020 ticks=1010 entered=5 exited=3 people_inside=2
2026-08-27 00:10:17,560 INFO __main__: summary updated end=2026-08-19 21:51:04
2026-08-27 00:10:17,560 INFO peoplein.stream: download started camera=entrance file=20260819-215104.mkv
2026-08-27 00:10:35,234 INFO peoplein.stream: download completed camera=entrance file=20260819-215104.mkv bytes=31616272 interval=2026-08-19 21:51:04..2026-08-19 21:56:02
2026-08-27 00:10:35,234 INFO peoplein.stream: analysis interval ready start=2026-08-19 21:51:04 end=2026-08-19 21:52:40
2026-08-27 00:10:43,482 INFO peoplein.stream: decoded entrance/20260819-215104.mkv: 480 frames
2026-08-27 00:10:43,490 INFO peoplein.stream: decoded loby/20260819-214742.mkv: 480 frames
2026-08-27 00:10:43,514 INFO __main__: analysis interval completed start=2026-08-19 21:51:04 end=2026-08-19 21:52:40 frames=960 ticks=480 entered=6 exited=3 people_inside=3
2026-08-27 00:10:43,516 INFO __main__: summary updated end=2026-08-19 21:52:40
2026-08-27 00:10:43,517 INFO peoplein.stream: download started camera=loby file=20260819-215240.mkv
2026-08-27 00:11:04,824 INFO peoplein.stream: download completed camera=loby file=20260819-215240.mkv bytes=39506741 interval=2026-08-19 21:52:40..2026-08-19 21:57:40
2026-08-27 00:11:04,827 INFO peoplein.stream: analysis interval ready start=2026-08-19 21:52:40 end=2026-08-19 21:56:02
2026-08-27 00:11:15,104 INFO peoplein.stream: decoded entrance/20260819-215104.mkv: 1010 frames
2026-08-27 00:11:15,105 INFO peoplein.stream: decoded loby/20260819-215240.mkv: 1010 frames
2026-08-27 00:11:15,112 INFO __main__: analysis interval completed start=2026-08-19 21:52:40 end=2026-08-19 21:56:02 frames=2020 ticks=1010 entered=6 exited=4 people_inside=2
2026-08-27 00:11:15,114 INFO __main__: summary updated end=2026-08-19 21:56:02
2026-08-27 00:11:15,115 INFO peoplein.stream: download started camera=entrance file=20260819-215602.mkv
2026-08-27 00:11:34,140 INFO peoplein.stream: download completed camera=entrance file=20260819-215602.mkv bytes=31926154 interval=2026-08-19 21:56:02..2026-08-19 22:01:02
2026-08-27 00:11:34,141 INFO peoplein.stream: analysis interval ready start=2026-08-19 21:56:02 end=2026-08-19 21:57:40
2026-08-27 00:11:41,414 INFO peoplein.stream: decoded loby/20260819-215240.mkv: 490 frames
2026-08-27 00:11:41,420 INFO peoplein.stream: decoded entrance/20260819-215602.mkv: 490 frames
2026-08-27 00:11:41,422 INFO __main__: analysis interval completed start=2026-08-19 21:56:02 end=2026-08-19 21:57:40 frames=980 ticks=490 entered=6 exited=4 people_inside=2
2026-08-27 00:11:41,424 INFO __main__: summary updated end=2026-08-19 21:57:40
2026-08-27 00:11:41,425 INFO peoplein.stream: download started camera=loby file=20260819-215741.mkv
2026-08-27 00:12:05,694 INFO peoplein.stream: download completed camera=loby file=20260819-215741.mkv bytes=39231588 interval=2026-08-19 21:57:41..2026-08-19 22:02:41
2026-08-27 00:12:05,695 WARNING peoplein.stream: archive interval skipped start=2026-08-19T21:57:40.000 end=2026-08-19T21:57:41.000 duration_seconds=1.0 reason=camera_archives_do_not_overlap
2026-08-27 00:12:05,695 INFO peoplein.stream: analysis interval ready start=2026-08-19 21:57:41 end=2026-08-19 22:01:02
2026-08-27 00:12:14,826 INFO peoplein.stream: decoded entrance/20260819-215602.mkv: 1005 frames
2026-08-27 00:12:14,831 INFO peoplein.stream: decoded loby/20260819-215741.mkv: 1005 frames
2026-08-27 00:12:14,835 INFO __main__: analysis interval completed start=2026-08-19 21:57:41 end=2026-08-19 22:01:02 frames=2010 ticks=1005 entered=6 exited=4 people_inside=2
2026-08-27 00:12:14,837 INFO __main__: summary updated end=2026-08-19 22:01:02
2026-08-27 00:12:14,838 INFO peoplein.stream: download started camera=entrance file=20260819-220102.mkv
2026-08-27 00:12:34,500 INFO peoplein.stream: download completed camera=entrance file=20260819-220102.mkv bytes=31924131 interval=2026-08-19 22:01:02..2026-08-19 22:06:02
2026-08-27 00:12:34,500 INFO peoplein.stream: analysis interval ready start=2026-08-19 22:01:02 end=2026-08-19 22:02:41
2026-08-27 00:12:41,750 INFO peoplein.stream: decoded entrance/20260819-220102.mkv: 495 frames
2026-08-27 00:12:41,755 INFO peoplein.stream: decoded loby/20260819-215741.mkv: 495 frames
2026-08-27 00:12:41,760 INFO __main__: analysis interval completed start=2026-08-19 22:01:02 end=2026-08-19 22:02:41 frames=990 ticks=495 entered=6 exited=4 people_inside=2
2026-08-27 00:12:41,762 INFO __main__: summary updated end=2026-08-19 22:02:41
2026-08-27 00:12:41,763 INFO peoplein.stream: download started camera=loby file=20260819-220241.mkv
2026-08-27 00:13:00,652 INFO peoplein.stream: download completed camera=loby file=20260819-220241.mkv bytes=39314060 interval=2026-08-19 22:02:41..2026-08-19 22:07:41
2026-08-27 00:13:00,652 INFO peoplein.stream: analysis interval ready start=2026-08-19 22:02:41 end=2026-08-19 22:06:02
2026-08-27 00:13:10,151 INFO peoplein.stream: decoded entrance/20260819-220102.mkv: 1005 frames
2026-08-27 00:13:10,153 INFO peoplein.stream: decoded loby/20260819-220241.mkv: 1005 frames
2026-08-27 00:13:10,159 INFO __main__: analysis interval completed start=2026-08-19 22:02:41 end=2026-08-19 22:06:02 frames=2010 ticks=1005 entered=6 exited=4 people_inside=2
2026-08-27 00:13:10,161 INFO __main__: summary updated end=2026-08-19 22:06:02
2026-08-27 00:13:10,161 INFO peoplein.stream: download started camera=entrance file=20260819-220602.mkv
2026-08-27 00:13:34,097 INFO peoplein.stream: download completed camera=entrance file=20260819-220602.mkv bytes=31948959 interval=2026-08-19 22:06:02..2026-08-19 22:11:02
2026-08-27 00:13:34,097 INFO peoplein.stream: analysis interval ready start=2026-08-19 22:06:02 end=2026-08-19 22:07:41
2026-08-27 00:13:41,367 INFO peoplein.stream: decoded entrance/20260819-220602.mkv: 495 frames
2026-08-27 00:13:41,367 INFO peoplein.stream: decoded loby/20260819-220241.mkv: 495 frames
2026-08-27 00:13:41,373 INFO __main__: analysis interval completed start=2026-08-19 22:06:02 end=2026-08-19 22:07:41 frames=990 ticks=495 entered=6 exited=4 people_inside=2
2026-08-27 00:13:41,376 INFO __main__: summary updated end=2026-08-19 22:07:41
2026-08-27 00:13:41,377 INFO peoplein.stream: download started camera=loby file=20260819-220742.mkv
2026-08-27 00:14:03,965 INFO peoplein.stream: download completed camera=loby file=20260819-220742.mkv bytes=39330191 interval=2026-08-19 22:07:42..2026-08-19 22:12:40
2026-08-27 00:14:03,966 WARNING peoplein.stream: archive interval skipped start=2026-08-19T22:07:41.000 end=2026-08-19T22:07:42.000 duration_seconds=1.0 reason=camera_archives_do_not_overlap
2026-08-27 00:14:03,966 INFO peoplein.stream: analysis interval ready start=2026-08-19 22:07:42 end=2026-08-19 22:11:02
2026-08-27 00:14:13,100 INFO peoplein.stream: decoded loby/20260819-220742.mkv: 1000 frames
2026-08-27 00:14:13,102 INFO peoplein.stream: decoded entrance/20260819-220602.mkv: 1000 frames
2026-08-27 00:14:13,106 INFO __main__: analysis interval completed start=2026-08-19 22:07:42 end=2026-08-19 22:11:02 frames=2000 ticks=1000 entered=6 exited=4 people_inside=2
2026-08-27 00:14:13,109 INFO __main__: summary updated end=2026-08-19 22:11:02
2026-08-27 00:14:13,110 INFO peoplein.stream: download started camera=entrance file=20260819-221102.mkv
2026-08-27 00:14:31,562 INFO peoplein.stream: download completed camera=entrance file=20260819-221102.mkv bytes=32001960 interval=2026-08-19 22:11:02..2026-08-19 22:16:02
2026-08-27 00:14:31,562 INFO peoplein.stream: analysis interval ready start=2026-08-19 22:11:02 end=2026-08-19 22:12:40
2026-08-27 00:14:38,780 INFO peoplein.stream: decoded loby/20260819-220742.mkv: 490 frames
2026-08-27 00:14:38,784 INFO peoplein.stream: decoded entrance/20260819-221102.mkv: 490 frames
2026-08-27 00:14:38,786 INFO __main__: analysis interval completed start=2026-08-19 22:11:02 end=2026-08-19 22:12:40 frames=980 ticks=490 entered=6 exited=4 people_inside=2
2026-08-27 00:14:38,788 INFO __main__: summary updated end=2026-08-19 22:12:40
2026-08-27 00:14:38,789 INFO peoplein.stream: download started camera=loby file=20260819-221240.mkv
2026-08-27 00:15:00,537 INFO peoplein.stream: download completed camera=loby file=20260819-221240.mkv bytes=39825713 interval=2026-08-19 22:12:40..2026-08-19 22:17:40
2026-08-27 00:15:00,538 INFO peoplein.stream: analysis interval ready start=2026-08-19 22:12:40 end=2026-08-19 22:16:02
2026-08-27 00:15:09,861 INFO peoplein.stream: decoded loby/20260819-221240.mkv: 1010 frames
2026-08-27 00:15:09,862 INFO peoplein.stream: decoded entrance/20260819-221102.mkv: 1010 frames
2026-08-27 00:15:09,867 INFO __main__: analysis interval completed start=2026-08-19 22:12:40 end=2026-08-19 22:16:02 frames=2020 ticks=1010 entered=6 exited=4 people_inside=2
2026-08-27 00:15:09,869 INFO __main__: summary updated end=2026-08-19 22:16:02
2026-08-27 00:15:09,869 INFO peoplein.stream: download started camera=entrance file=20260819-221602.mkv
2026-08-27 00:15:34,082 INFO peoplein.stream: download completed camera=entrance file=20260819-221602.mkv bytes=31976104 interval=2026-08-19 22:16:02..2026-08-19 22:21:02
2026-08-27 00:15:34,082 INFO peoplein.stream: analysis interval ready start=2026-08-19 22:16:02 end=2026-08-19 22:17:40
2026-08-27 00:15:41,276 INFO peoplein.stream: decoded entrance/20260819-221602.mkv: 490 frames
2026-08-27 00:15:41,279 INFO peoplein.stream: decoded loby/20260819-221240.mkv: 490 frames
2026-08-27 00:15:41,283 INFO __main__: analysis interval completed start=2026-08-19 22:16:02 end=2026-08-19 22:17:40 frames=980 ticks=490 entered=6 exited=4 people_inside=2
2026-08-27 00:15:41,285 INFO __main__: summary updated end=2026-08-19 22:17:40
2026-08-27 00:15:41,286 INFO peoplein.stream: download started camera=loby file=20260819-221741.mkv
2026-08-27 00:16:03,747 INFO peoplein.stream: download completed camera=loby file=20260819-221741.mkv bytes=39891547 interval=2026-08-19 22:17:41..2026-08-19 22:22:41
2026-08-27 00:16:03,747 WARNING peoplein.stream: archive interval skipped start=2026-08-19T22:17:40.000 end=2026-08-19T22:17:41.000 duration_seconds=1.0 reason=camera_archives_do_not_overlap
2026-08-27 00:16:03,747 INFO peoplein.stream: analysis interval ready start=2026-08-19 22:17:41 end=2026-08-19 22:21:02
2026-08-27 00:16:12,934 INFO peoplein.stream: decoded loby/20260819-221741.mkv: 1005 frames
2026-08-27 00:16:12,934 INFO peoplein.stream: decoded entrance/20260819-221602.mkv: 1005 frames
2026-08-27 00:16:12,935 INFO __main__: analysis interval completed start=2026-08-19 22:17:41 end=2026-08-19 22:21:02 frames=2010 ticks=1005 entered=6 exited=4 people_inside=2
2026-08-27 00:16:12,937 INFO __main__: summary updated end=2026-08-19 22:21:02
2026-08-27 00:16:12,938 INFO peoplein.stream: download started camera=entrance file=20260819-222102.mkv
2026-08-27 00:16:34,534 INFO peoplein.stream: download completed camera=entrance file=20260819-222102.mkv bytes=31992443 interval=2026-08-19 22:21:02..2026-08-19 22:26:02
2026-08-27 00:16:34,534 INFO peoplein.stream: analysis interval ready start=2026-08-19 22:21:02 end=2026-08-19 22:22:41
2026-08-27 00:16:41,959 INFO peoplein.stream: decoded entrance/20260819-222102.mkv: 495 frames
2026-08-27 00:16:41,966 INFO peoplein.stream: decoded loby/20260819-221741.mkv: 495 frames
2026-08-27 00:16:41,967 INFO __main__: analysis interval completed start=2026-08-19 22:21:02 end=2026-08-19 22:22:41 frames=990 ticks=495 entered=6 exited=4 people_inside=2
2026-08-27 00:16:41,969 INFO __main__: summary updated end=2026-08-19 22:22:41
2026-08-27 00:16:41,970 INFO peoplein.stream: download started camera=loby file=20260819-222241.mkv
2026-08-27 00:17:03,967 INFO peoplein.stream: download completed camera=loby file=20260819-222241.mkv bytes=39943942 interval=2026-08-19 22:22:41..2026-08-19 22:27:41
2026-08-27 00:17:03,968 INFO peoplein.stream: analysis interval ready start=2026-08-19 22:22:41 end=2026-08-19 22:26:02
2026-08-27 00:17:13,181 INFO peoplein.stream: decoded loby/20260819-222241.mkv: 1005 frames
2026-08-27 00:17:13,185 INFO peoplein.stream: decoded entrance/20260819-222102.mkv: 1005 frames
2026-08-27 00:17:13,186 INFO __main__: analysis interval completed start=2026-08-19 22:22:41 end=2026-08-19 22:26:02 frames=2010 ticks=1005 entered=6 exited=4 people_inside=2
2026-08-27 00:17:13,188 INFO __main__: summary updated end=2026-08-19 22:26:02
2026-08-27 00:17:13,188 INFO peoplein.stream: download started camera=entrance file=20260819-222602.mkv
2026-08-27 00:17:32,926 INFO peoplein.stream: download completed camera=entrance file=20260819-222602.mkv bytes=31994655 interval=2026-08-19 22:26:02..2026-08-19 22:31:02
2026-08-27 00:17:32,927 INFO peoplein.stream: analysis interval ready start=2026-08-19 22:26:02 end=2026-08-19 22:27:41
2026-08-27 00:17:40,170 INFO peoplein.stream: decoded loby/20260819-222241.mkv: 495 frames
2026-08-27 00:17:40,172 INFO peoplein.stream: decoded entrance/20260819-222602.mkv: 495 frames
2026-08-27 00:17:40,175 INFO __main__: analysis interval completed start=2026-08-19 22:26:02 end=2026-08-19 22:27:41 frames=990 ticks=495 entered=6 exited=4 people_inside=2
2026-08-27 00:17:40,178 INFO __main__: summary updated end=2026-08-19 22:27:41
2026-08-27 00:17:40,178 INFO peoplein.stream: download started camera=loby file=20260819-222742.mkv
2026-08-27 00:18:04,464 INFO peoplein.stream: download completed camera=loby file=20260819-222742.mkv bytes=39646886 interval=2026-08-19 22:27:42..2026-08-19 22:32:40
2026-08-27 00:18:04,465 WARNING peoplein.stream: archive interval skipped start=2026-08-19T22:27:41.000 end=2026-08-19T22:27:42.000 duration_seconds=1.0 reason=camera_archives_do_not_overlap
2026-08-27 00:18:04,466 INFO peoplein.stream: analysis interval ready start=2026-08-19 22:27:42 end=2026-08-19 22:31:02
2026-08-27 00:18:13,757 INFO peoplein.stream: decoded loby/20260819-222742.mkv: 1000 frames
2026-08-27 00:18:13,758 INFO peoplein.stream: decoded entrance/20260819-222602.mkv: 1000 frames
2026-08-27 00:18:13,763 INFO __main__: analysis interval completed start=2026-08-19 22:27:42 end=2026-08-19 22:31:02 frames=2000 ticks=1000 entered=6 exited=4 people_inside=2
2026-08-27 00:18:13,766 INFO __main__: summary updated end=2026-08-19 22:31:02
2026-08-27 00:18:13,766 INFO peoplein.stream: download started camera=entrance file=20260819-223102.mkv
2026-08-27 00:18:35,137 INFO peoplein.stream: download completed camera=entrance file=20260819-223102.mkv bytes=32003125 interval=2026-08-19 22:31:02..2026-08-19 22:36:02
2026-08-27 00:18:35,138 INFO peoplein.stream: analysis interval ready start=2026-08-19 22:31:02 end=2026-08-19 22:32:40
2026-08-27 00:18:42,342 INFO peoplein.stream: decoded entrance/20260819-223102.mkv: 490 frames
2026-08-27 00:18:42,342 INFO peoplein.stream: decoded loby/20260819-222742.mkv: 490 frames
2026-08-27 00:18:42,346 INFO __main__: analysis interval completed start=2026-08-19 22:31:02 end=2026-08-19 22:32:40 frames=980 ticks=490 entered=6 exited=4 people_inside=2
2026-08-27 00:18:42,348 INFO __main__: summary updated end=2026-08-19 22:32:40
2026-08-27 00:18:42,348 INFO peoplein.stream: download started camera=loby file=20260819-223240.mkv
2026-08-27 00:19:05,594 INFO peoplein.stream: download completed camera=loby file=20260819-223240.mkv bytes=40078749 interval=2026-08-19 22:32:40..2026-08-19 22:37:40
2026-08-27 00:19:05,594 INFO peoplein.stream: analysis interval ready start=2026-08-19 22:32:40 end=2026-08-19 22:36:02
2026-08-27 00:19:15,010 INFO peoplein.stream: decoded loby/20260819-223240.mkv: 1010 frames
2026-08-27 00:19:15,012 INFO peoplein.stream: decoded entrance/20260819-223102.mkv: 1010 frames
2026-08-27 00:19:15,015 INFO __main__: analysis interval completed start=2026-08-19 22:32:40 end=2026-08-19 22:36:02 frames=2020 ticks=1010 entered=6 exited=4 people_inside=2
2026-08-27 00:19:15,017 INFO __main__: summary updated end=2026-08-19 22:36:02
2026-08-27 00:19:15,017 INFO peoplein.stream: download started camera=entrance file=20260819-223602.mkv
2026-08-27 00:19:42,945 INFO peoplein.stream: download completed camera=entrance file=20260819-223602.mkv bytes=31983405 interval=2026-08-19 22:36:02..2026-08-19 22:41:02
2026-08-27 00:19:42,946 INFO peoplein.stream: analysis interval ready start=2026-08-19 22:36:02 end=2026-08-19 22:37:40
2026-08-27 00:19:50,239 INFO peoplein.stream: decoded loby/20260819-223240.mkv: 490 frames
2026-08-27 00:19:50,242 INFO peoplein.stream: decoded entrance/20260819-223602.mkv: 490 frames
2026-08-27 00:19:50,246 INFO __main__: analysis interval completed start=2026-08-19 22:36:02 end=2026-08-19 22:37:40 frames=980 ticks=490 entered=6 exited=4 people_inside=2
2026-08-27 00:19:50,249 INFO __main__: summary updated end=2026-08-19 22:37:40
2026-08-27 00:19:50,249 INFO peoplein.stream: download started camera=loby file=20260819-223741.mkv
2026-08-27 00:20:16,945 INFO peoplein.stream: download completed camera=loby file=20260819-223741.mkv bytes=40135028 interval=2026-08-19 22:37:41..2026-08-19 22:42:41
2026-08-27 00:20:16,945 WARNING peoplein.stream: archive interval skipped start=2026-08-19T22:37:40.000 end=2026-08-19T22:37:41.000 duration_seconds=1.0 reason=camera_archives_do_not_overlap
2026-08-27 00:20:16,945 INFO peoplein.stream: analysis interval ready start=2026-08-19 22:37:41 end=2026-08-19 22:41:02
2026-08-27 00:20:26,398 INFO peoplein.stream: decoded loby/20260819-223741.mkv: 1005 frames
2026-08-27 00:20:26,402 INFO peoplein.stream: decoded entrance/20260819-223602.mkv: 1005 frames
2026-08-27 00:20:26,404 INFO __main__: analysis interval completed start=2026-08-19 22:37:41 end=2026-08-19 22:41:02 frames=2010 ticks=1005 entered=6 exited=4 people_inside=2
2026-08-27 00:20:26,407 INFO __main__: summary updated end=2026-08-19 22:41:02
2026-08-27 00:20:26,408 INFO peoplein.stream: download started camera=entrance file=20260819-224102.mkv
2026-08-27 00:20:53,372 INFO peoplein.stream: download completed camera=entrance file=20260819-224102.mkv bytes=31983449 interval=2026-08-19 22:41:02..2026-08-19 22:46:02
2026-08-27 00:20:53,372 INFO peoplein.stream: analysis interval ready start=2026-08-19 22:41:02 end=2026-08-19 22:42:41
2026-08-27 00:21:00,520 INFO peoplein.stream: decoded loby/20260819-223741.mkv: 495 frames
2026-08-27 00:21:00,526 INFO peoplein.stream: decoded entrance/20260819-224102.mkv: 495 frames
2026-08-27 00:21:00,526 INFO __main__: analysis interval completed start=2026-08-19 22:41:02 end=2026-08-19 22:42:41 frames=990 ticks=495 entered=6 exited=4 people_inside=2
2026-08-27 00:21:00,529 INFO __main__: summary updated end=2026-08-19 22:42:41
2026-08-27 00:21:00,529 INFO peoplein.stream: download started camera=loby file=20260819-224241.mkv
2026-08-27 00:22:00,653 INFO peoplein.stream: download completed camera=loby file=20260819-224241.mkv bytes=40143758 interval=2026-08-19 22:42:41..2026-08-19 22:47:41
2026-08-27 00:22:00,653 INFO peoplein.stream: analysis interval ready start=2026-08-19 22:42:41 end=2026-08-19 22:46:02
2026-08-27 00:22:09,873 INFO peoplein.stream: decoded loby/20260819-224241.mkv: 1005 frames
2026-08-27 00:22:09,874 INFO peoplein.stream: decoded entrance/20260819-224102.mkv: 1005 frames
2026-08-27 00:22:09,879 INFO __main__: analysis interval completed start=2026-08-19 22:42:41 end=2026-08-19 22:46:02 frames=2010 ticks=1005 entered=6 exited=4 people_inside=2
2026-08-27 00:22:09,881 INFO __main__: summary updated end=2026-08-19 22:46:02
2026-08-27 00:22:09,882 INFO peoplein.stream: download started camera=entrance file=20260819-224602.mkv
2026-08-27 00:23:05,233 INFO peoplein.stream: download completed camera=entrance file=20260819-224602.mkv bytes=31985400 interval=2026-08-19 22:46:02..2026-08-19 22:51:02
2026-08-27 00:23:05,234 INFO peoplein.stream: analysis interval ready start=2026-08-19 22:46:02 end=2026-08-19 22:47:41
2026-08-27 00:23:12,369 INFO peoplein.stream: decoded entrance/20260819-224602.mkv: 495 frames
2026-08-27 00:23:12,369 INFO peoplein.stream: decoded loby/20260819-224241.mkv: 495 frames
2026-08-27 00:23:12,377 INFO __main__: analysis interval completed start=2026-08-19 22:46:02 end=2026-08-19 22:47:41 frames=990 ticks=495 entered=6 exited=4 people_inside=2
2026-08-27 00:23:12,379 INFO __main__: summary updated end=2026-08-19 22:47:41
2026-08-27 00:23:12,380 INFO peoplein.stream: download started camera=loby file=20260819-224742.mkv
2026-08-27 00:24:55,133 INFO peoplein.stream: download completed camera=loby file=20260819-224742.mkv bytes=39823312 interval=2026-08-19 22:47:42..2026-08-19 22:52:40
2026-08-27 00:24:55,134 WARNING peoplein.stream: archive interval skipped start=2026-08-19T22:47:41.000 end=2026-08-19T22:47:42.000 duration_seconds=1.0 reason=camera_archives_do_not_overlap
2026-08-27 00:24:55,134 INFO peoplein.stream: analysis interval ready start=2026-08-19 22:47:42 end=2026-08-19 22:51:02
2026-08-27 00:25:04,270 INFO peoplein.stream: decoded loby/20260819-224742.mkv: 1000 frames
2026-08-27 00:25:04,274 INFO peoplein.stream: decoded entrance/20260819-224602.mkv: 1000 frames
2026-08-27 00:25:04,277 INFO __main__: analysis interval completed start=2026-08-19 22:47:42 end=2026-08-19 22:51:02 frames=2000 ticks=1000 entered=6 exited=4 people_inside=2
2026-08-27 00:25:04,280 INFO __main__: summary updated end=2026-08-19 22:51:02
2026-08-27 00:25:04,280 INFO peoplein.stream: download started camera=entrance file=20260819-225102.mkv
2026-08-27 00:25:34,649 INFO peoplein.stream: download completed camera=entrance file=20260819-225102.mkv bytes=31968288 interval=2026-08-19 22:51:02..2026-08-19 22:56:02
2026-08-27 00:25:34,650 INFO peoplein.stream: analysis interval ready start=2026-08-19 22:51:02 end=2026-08-19 22:52:40
2026-08-27 00:25:41,792 INFO peoplein.stream: decoded loby/20260819-224742.mkv: 490 frames
2026-08-27 00:25:41,794 INFO peoplein.stream: decoded entrance/20260819-225102.mkv: 490 frames
2026-08-27 00:25:41,800 INFO __main__: analysis interval completed start=2026-08-19 22:51:02 end=2026-08-19 22:52:40 frames=980 ticks=490 entered=6 exited=4 people_inside=2
2026-08-27 00:25:41,802 INFO __main__: summary updated end=2026-08-19 22:52:40
2026-08-27 00:25:41,803 INFO peoplein.stream: download started camera=loby file=20260819-225240.mkv
2026-08-27 00:27:16,253 INFO peoplein.stream: download completed camera=loby file=20260819-225240.mkv bytes=40247657 interval=2026-08-19 22:52:40..2026-08-19 22:57:40
2026-08-27 00:27:16,253 INFO peoplein.stream: analysis interval ready start=2026-08-19 22:52:40 end=2026-08-19 22:56:02
2026-08-27 00:27:25,400 INFO peoplein.stream: decoded loby/20260819-225240.mkv: 1010 frames
2026-08-27 00:27:25,407 INFO peoplein.stream: decoded entrance/20260819-225102.mkv: 1010 frames
2026-08-27 00:27:25,410 INFO __main__: analysis interval completed start=2026-08-19 22:52:40 end=2026-08-19 22:56:02 frames=2020 ticks=1010 entered=6 exited=4 people_inside=2
2026-08-27 00:27:25,412 INFO __main__: summary updated end=2026-08-19 22:56:02
2026-08-27 00:27:25,413 INFO peoplein.stream: download started camera=entrance file=20260819-225602.mkv
2026-08-27 00:28:22,405 INFO peoplein.stream: download completed camera=entrance file=20260819-225602.mkv bytes=31983044 interval=2026-08-19 22:56:02..2026-08-19 23:01:02
2026-08-27 00:28:22,406 INFO peoplein.stream: analysis interval ready start=2026-08-19 22:56:02 end=2026-08-19 22:57:40
2026-08-27 00:28:29,631 INFO peoplein.stream: decoded entrance/20260819-225602.mkv: 490 frames
2026-08-27 00:28:29,634 INFO peoplein.stream: decoded loby/20260819-225240.mkv: 490 frames
2026-08-27 00:28:29,639 INFO __main__: analysis interval completed start=2026-08-19 22:56:02 end=2026-08-19 22:57:40 frames=980 ticks=490 entered=6 exited=4 people_inside=2
2026-08-27 00:28:29,641 INFO __main__: summary updated end=2026-08-19 22:57:40
2026-08-27 00:28:29,641 INFO peoplein.stream: download started camera=loby file=20260819-225741.mkv
2026-08-27 00:29:28,695 INFO peoplein.stream: download completed camera=loby file=20260819-225741.mkv bytes=40184917 interval=2026-08-19 22:57:41..2026-08-19 23:02:41
2026-08-27 00:29:28,695 WARNING peoplein.stream: archive interval skipped start=2026-08-19T22:57:40.000 end=2026-08-19T22:57:41.000 duration_seconds=1.0 reason=camera_archives_do_not_overlap
2026-08-27 00:29:28,695 INFO peoplein.stream: analysis interval ready start=2026-08-19 22:57:41 end=2026-08-19 23:01:02
2026-08-27 00:29:37,888 INFO peoplein.stream: decoded entrance/20260819-225602.mkv: 1005 frames
2026-08-27 00:29:37,890 INFO peoplein.stream: decoded loby/20260819-225741.mkv: 1005 frames
2026-08-27 00:29:37,893 INFO __main__: analysis interval completed start=2026-08-19 22:57:41 end=2026-08-19 23:01:02 frames=2010 ticks=1005 entered=6 exited=4 people_inside=2
2026-08-27 00:29:37,895 INFO __main__: summary updated end=2026-08-19 23:01:02
2026-08-27 00:29:37,896 INFO peoplein.stream: download started camera=entrance file=20260819-230102.mkv
2026-08-27 00:30:15,850 INFO peoplein.stream: download completed camera=entrance file=20260819-230102.mkv bytes=31984969 interval=2026-08-19 23:01:02..2026-08-19 23:06:02
2026-08-27 00:30:15,851 INFO peoplein.stream: analysis interval ready start=2026-08-19 23:01:02 end=2026-08-19 23:02:41
2026-08-27 00:30:23,672 INFO peoplein.stream: decoded entrance/20260819-230102.mkv: 495 frames
2026-08-27 00:30:23,672 INFO peoplein.stream: decoded loby/20260819-225741.mkv: 495 frames
2026-08-27 00:30:23,680 INFO __main__: analysis interval completed start=2026-08-19 23:01:02 end=2026-08-19 23:02:41 frames=990 ticks=495 entered=6 exited=4 people_inside=2
2026-08-27 00:30:23,683 INFO __main__: summary updated end=2026-08-19 23:02:41
2026-08-27 00:30:23,683 INFO peoplein.stream: download started camera=loby file=20260819-230241.mkv
2026-08-27 00:31:21,561 INFO peoplein.stream: download completed camera=loby file=20260819-230241.mkv bytes=39652057 interval=2026-08-19 23:02:41..2026-08-19 23:07:39
2026-08-27 00:31:21,561 INFO peoplein.stream: analysis interval ready start=2026-08-19 23:02:41 end=2026-08-19 23:06:02
2026-08-27 00:31:30,931 INFO peoplein.stream: decoded entrance/20260819-230102.mkv: 1005 frames
2026-08-27 00:31:30,934 INFO peoplein.stream: decoded loby/20260819-230241.mkv: 1005 frames
2026-08-27 00:31:30,936 INFO __main__: analysis interval completed start=2026-08-19 23:02:41 end=2026-08-19 23:06:02 frames=2010 ticks=1005 entered=6 exited=4 people_inside=2
2026-08-27 00:31:30,939 INFO __main__: summary updated end=2026-08-19 23:06:02
2026-08-27 00:31:30,939 INFO peoplein.stream: download started camera=entrance file=20260819-230602.mkv
2026-08-27 00:32:15,802 INFO peoplein.stream: download completed camera=entrance file=20260819-230602.mkv bytes=31976967 interval=2026-08-19 23:06:02..2026-08-19 23:11:02
2026-08-27 00:32:15,802 INFO peoplein.stream: analysis interval ready start=2026-08-19 23:06:02 end=2026-08-19 23:07:39
2026-08-27 00:32:22,833 INFO peoplein.stream: decoded loby/20260819-230241.mkv: 485 frames
2026-08-27 00:32:22,833 INFO peoplein.stream: decoded entrance/20260819-230602.mkv: 485 frames
2026-08-27 00:32:22,838 INFO __main__: analysis interval completed start=2026-08-19 23:06:02 end=2026-08-19 23:07:39 frames=970 ticks=485 entered=6 exited=4 people_inside=2
2026-08-27 00:32:22,840 INFO __main__: summary updated end=2026-08-19 23:07:39
2026-08-27 00:32:22,841 INFO peoplein.stream: download started camera=loby file=20260819-230740.mkv
2026-08-27 00:32:53,653 INFO peoplein.stream: download completed camera=loby file=20260819-230740.mkv bytes=39815065 interval=2026-08-19 23:07:40..2026-08-19 23:12:40
2026-08-27 00:32:53,653 WARNING peoplein.stream: archive interval skipped start=2026-08-19T23:07:39.000 end=2026-08-19T23:07:40.000 duration_seconds=1.0 reason=camera_archives_do_not_overlap
2026-08-27 00:32:53,653 INFO peoplein.stream: analysis interval ready start=2026-08-19 23:07:40 end=2026-08-19 23:11:02
2026-08-27 00:33:02,873 INFO peoplein.stream: decoded loby/20260819-230740.mkv: 1010 frames
2026-08-27 00:33:02,880 INFO peoplein.stream: decoded entrance/20260819-230602.mkv: 1010 frames
2026-08-27 00:33:02,882 INFO __main__: analysis interval completed start=2026-08-19 23:07:40 end=2026-08-19 23:11:02 frames=2020 ticks=1010 entered=6 exited=4 people_inside=2
2026-08-27 00:33:02,884 INFO __main__: summary updated end=2026-08-19 23:11:02
2026-08-27 00:33:02,885 INFO peoplein.stream: download started camera=entrance file=20260819-231102.mkv
2026-08-27 00:33:33,967 INFO peoplein.stream: download completed camera=entrance file=20260819-231102.mkv bytes=31991352 interval=2026-08-19 23:11:02..2026-08-19 23:16:02
2026-08-27 00:33:33,968 INFO peoplein.stream: analysis interval ready start=2026-08-19 23:11:02 end=2026-08-19 23:12:40
2026-08-27 00:33:41,080 INFO peoplein.stream: decoded entrance/20260819-231102.mkv: 490 frames
2026-08-27 00:33:41,081 INFO peoplein.stream: decoded loby/20260819-230740.mkv: 490 frames
2026-08-27 00:33:41,084 INFO __main__: analysis interval completed start=2026-08-19 23:11:02 end=2026-08-19 23:12:40 frames=980 ticks=490 entered=6 exited=4 people_inside=2
2026-08-27 00:33:41,086 INFO __main__: summary updated end=2026-08-19 23:12:40
2026-08-27 00:33:41,087 INFO peoplein.stream: download started camera=loby file=20260819-231240.mkv
2026-08-27 00:34:49,879 INFO peoplein.stream: download completed camera=loby file=20260819-231240.mkv bytes=39823168 interval=2026-08-19 23:12:40..2026-08-19 23:17:40
2026-08-27 00:34:49,879 INFO peoplein.stream: analysis interval ready start=2026-08-19 23:12:40 end=2026-08-19 23:16:02
2026-08-27 00:34:58,961 INFO peoplein.stream: decoded entrance/20260819-231102.mkv: 1010 frames
2026-08-27 00:34:58,974 INFO peoplein.stream: decoded loby/20260819-231240.mkv: 1010 frames
2026-08-27 00:34:58,975 INFO __main__: analysis interval completed start=2026-08-19 23:12:40 end=2026-08-19 23:16:02 frames=2020 ticks=1010 entered=6 exited=4 people_inside=2
2026-08-27 00:34:58,978 INFO __main__: summary updated end=2026-08-19 23:16:02
2026-08-27 00:34:58,979 INFO peoplein.stream: download started camera=entrance file=20260819-231602.mkv
2026-08-27 00:35:54,406 INFO peoplein.stream: download completed camera=entrance file=20260819-231602.mkv bytes=31982331 interval=2026-08-19 23:16:02..2026-08-19 23:21:02
2026-08-27 00:35:54,407 INFO peoplein.stream: analysis interval ready start=2026-08-19 23:16:02 end=2026-08-19 23:17:40
2026-08-27 00:36:01,746 INFO peoplein.stream: decoded loby/20260819-231240.mkv: 490 frames
2026-08-27 00:36:01,748 INFO peoplein.stream: decoded entrance/20260819-231602.mkv: 490 frames
2026-08-27 00:36:01,749 INFO __main__: analysis interval completed start=2026-08-19 23:16:02 end=2026-08-19 23:17:40 frames=980 ticks=490 entered=6 exited=4 people_inside=2
2026-08-27 00:36:01,751 INFO __main__: summary updated end=2026-08-19 23:17:40
2026-08-27 00:36:01,752 INFO peoplein.stream: download started camera=loby file=20260819-231741.mkv
2026-08-27 00:37:00,350 INFO peoplein.stream: download completed camera=loby file=20260819-231741.mkv bytes=39901971 interval=2026-08-19 23:17:41..2026-08-19 23:22:41
2026-08-27 00:37:00,353 WARNING peoplein.stream: archive interval skipped start=2026-08-19T23:17:40.000 end=2026-08-19T23:17:41.000 duration_seconds=1.0 reason=camera_archives_do_not_overlap
2026-08-27 00:37:00,353 INFO peoplein.stream: analysis interval ready start=2026-08-19 23:17:41 end=2026-08-19 23:21:02
2026-08-27 00:37:09,663 INFO peoplein.stream: decoded loby/20260819-231741.mkv: 1005 frames
2026-08-27 00:37:09,665 INFO peoplein.stream: decoded entrance/20260819-231602.mkv: 1005 frames
2026-08-27 00:37:09,669 INFO __main__: analysis interval completed start=2026-08-19 23:17:41 end=2026-08-19 23:21:02 frames=2010 ticks=1005 entered=6 exited=4 people_inside=2
2026-08-27 00:37:09,672 INFO __main__: summary updated end=2026-08-19 23:21:02
2026-08-27 00:37:09,672 INFO peoplein.stream: download started camera=entrance file=20260819-232102.mkv
2026-08-27 00:37:51,753 INFO peoplein.stream: download completed camera=entrance file=20260819-232102.mkv bytes=31986121 interval=2026-08-19 23:21:02..2026-08-19 23:26:02
2026-08-27 00:37:51,754 INFO peoplein.stream: analysis interval ready start=2026-08-19 23:21:02 end=2026-08-19 23:22:41
2026-08-27 00:37:58,880 INFO peoplein.stream: decoded entrance/20260819-232102.mkv: 495 frames
2026-08-27 00:37:58,883 INFO peoplein.stream: decoded loby/20260819-231741.mkv: 495 frames
2026-08-27 00:37:58,888 INFO __main__: analysis interval completed start=2026-08-19 23:21:02 end=2026-08-19 23:22:41 frames=990 ticks=495 entered=6 exited=4 people_inside=2
2026-08-27 00:37:58,891 INFO __main__: summary updated end=2026-08-19 23:22:41
2026-08-27 00:37:58,891 INFO peoplein.stream: download started camera=loby file=20260819-232241.mkv
2026-08-27 00:38:43,687 INFO peoplein.stream: download completed camera=loby file=20260819-232241.mkv bytes=39488304 interval=2026-08-19 23:22:41..2026-08-19 23:27:39
2026-08-27 00:38:43,688 INFO peoplein.stream: analysis interval ready start=2026-08-19 23:22:41 end=2026-08-19 23:26:02
2026-08-27 00:38:52,824 INFO peoplein.stream: decoded loby/20260819-232241.mkv: 1005 frames
2026-08-27 00:38:52,827 INFO peoplein.stream: decoded entrance/20260819-232102.mkv: 1005 frames
2026-08-27 00:38:52,829 INFO __main__: analysis interval completed start=2026-08-19 23:22:41 end=2026-08-19 23:26:02 frames=2010 ticks=1005 entered=6 exited=4 people_inside=2
2026-08-27 00:38:52,831 INFO __main__: summary updated end=2026-08-19 23:26:02
2026-08-27 00:38:52,832 INFO peoplein.stream: download started camera=entrance file=20260819-232602.mkv
2026-08-27 00:39:58,292 INFO peoplein.stream: download completed camera=entrance file=20260819-232602.mkv bytes=32010300 interval=2026-08-19 23:26:02..2026-08-19 23:31:02
2026-08-27 00:39:58,292 INFO peoplein.stream: analysis interval ready start=2026-08-19 23:26:02 end=2026-08-19 23:27:39
2026-08-27 00:40:05,528 INFO peoplein.stream: decoded loby/20260819-232241.mkv: 485 frames
2026-08-27 00:40:05,539 INFO peoplein.stream: decoded entrance/20260819-232602.mkv: 485 frames
2026-08-27 00:40:05,539 INFO __main__: analysis interval completed start=2026-08-19 23:26:02 end=2026-08-19 23:27:39 frames=970 ticks=485 entered=6 exited=4 people_inside=2
2026-08-27 00:40:05,541 INFO __main__: summary updated end=2026-08-19 23:27:39
2026-08-27 00:40:05,542 INFO peoplein.stream: download started camera=loby file=20260819-232740.mkv
2026-08-27 00:41:13,800 INFO peoplein.stream: download completed camera=loby file=20260819-232740.mkv bytes=39759253 interval=2026-08-19 23:27:40..2026-08-19 23:32:40
2026-08-27 00:41:13,801 WARNING peoplein.stream: archive interval skipped start=2026-08-19T23:27:39.000 end=2026-08-19T23:27:40.000 duration_seconds=1.0 reason=camera_archives_do_not_overlap
2026-08-27 00:41:13,801 INFO peoplein.stream: analysis interval ready start=2026-08-19 23:27:40 end=2026-08-19 23:31:02
2026-08-27 00:41:23,064 INFO peoplein.stream: decoded loby/20260819-232740.mkv: 1010 frames
2026-08-27 00:41:23,067 INFO peoplein.stream: decoded entrance/20260819-232602.mkv: 1010 frames
2026-08-27 00:41:23,070 INFO __main__: analysis interval completed start=2026-08-19 23:27:40 end=2026-08-19 23:31:02 frames=2020 ticks=1010 entered=6 exited=4 people_inside=2
2026-08-27 00:41:23,073 INFO __main__: summary updated end=2026-08-19 23:31:02
2026-08-27 00:41:23,073 INFO peoplein.stream: download started camera=entrance file=20260819-233102.mkv
2026-08-27 00:42:30,818 INFO peoplein.stream: download completed camera=entrance file=20260819-233102.mkv bytes=32007176 interval=2026-08-19 23:31:02..2026-08-19 23:36:02
2026-08-27 00:42:30,819 INFO peoplein.stream: analysis interval ready start=2026-08-19 23:31:02 end=2026-08-19 23:32:40
2026-08-27 00:42:38,075 INFO peoplein.stream: decoded entrance/20260819-233102.mkv: 490 frames
2026-08-27 00:42:38,078 INFO peoplein.stream: decoded loby/20260819-232740.mkv: 490 frames
2026-08-27 00:42:38,083 INFO __main__: analysis interval completed start=2026-08-19 23:31:02 end=2026-08-19 23:32:40 frames=980 ticks=490 entered=6 exited=4 people_inside=2
2026-08-27 00:42:38,085 INFO __main__: summary updated end=2026-08-19 23:32:40
2026-08-27 00:42:38,086 INFO peoplein.stream: download started camera=loby file=20260819-233240.mkv
2026-08-27 00:44:08,400 INFO peoplein.stream: download completed camera=loby file=20260819-233240.mkv bytes=39843645 interval=2026-08-19 23:32:40..2026-08-19 23:37:40
2026-08-27 00:44:08,401 INFO peoplein.stream: analysis interval ready start=2026-08-19 23:32:40 end=2026-08-19 23:36:02
2026-08-27 00:44:17,483 INFO peoplein.stream: decoded loby/20260819-233240.mkv: 1010 frames
2026-08-27 00:44:17,488 INFO peoplein.stream: decoded entrance/20260819-233102.mkv: 1010 frames
2026-08-27 00:44:17,491 INFO __main__: analysis interval completed start=2026-08-19 23:32:40 end=2026-08-19 23:36:02 frames=2020 ticks=1010 entered=6 exited=4 people_inside=2
2026-08-27 00:44:17,494 INFO __main__: summary updated end=2026-08-19 23:36:02
2026-08-27 00:44:17,494 INFO peoplein.stream: download started camera=entrance file=20260819-233602.mkv
2026-08-27 00:44:42,460 INFO peoplein.stream: download completed camera=entrance file=20260819-233602.mkv bytes=31990866 interval=2026-08-19 23:36:02..2026-08-19 23:41:02
2026-08-27 00:44:42,460 INFO peoplein.stream: analysis interval ready start=2026-08-19 23:36:02 end=2026-08-19 23:37:40
2026-08-27 00:44:49,715 INFO peoplein.stream: decoded loby/20260819-233240.mkv: 490 frames
2026-08-27 00:44:49,722 INFO peoplein.stream: decoded entrance/20260819-233602.mkv: 490 frames
2026-08-27 00:44:49,724 INFO __main__: analysis interval completed start=2026-08-19 23:36:02 end=2026-08-19 23:37:40 frames=980 ticks=490 entered=6 exited=4 people_inside=2
2026-08-27 00:44:49,726 INFO __main__: summary updated end=2026-08-19 23:37:40
2026-08-27 00:44:49,727 INFO peoplein.stream: download started camera=loby file=20260819-233741.mkv
2026-08-27 00:45:12,715 INFO peoplein.stream: download completed camera=loby file=20260819-233741.mkv bytes=39984311 interval=2026-08-19 23:37:41..2026-08-19 23:42:41
2026-08-27 00:45:12,716 WARNING peoplein.stream: archive interval skipped start=2026-08-19T23:37:40.000 end=2026-08-19T23:37:41.000 duration_seconds=1.0 reason=camera_archives_do_not_overlap
2026-08-27 00:45:12,716 INFO peoplein.stream: analysis interval ready start=2026-08-19 23:37:41 end=2026-08-19 23:41:02
2026-08-27 00:45:21,770 INFO peoplein.stream: decoded entrance/20260819-233602.mkv: 1005 frames
2026-08-27 00:45:21,773 INFO peoplein.stream: decoded loby/20260819-233741.mkv: 1005 frames
2026-08-27 00:45:21,776 INFO __main__: analysis interval completed start=2026-08-19 23:37:41 end=2026-08-19 23:41:02 frames=2010 ticks=1005 entered=6 exited=4 people_inside=2
2026-08-27 00:45:21,778 INFO __main__: summary updated end=2026-08-19 23:41:02
2026-08-27 00:45:21,779 INFO peoplein.stream: download started camera=entrance file=20260819-234102.mkv
2026-08-27 00:45:45,798 INFO peoplein.stream: download completed camera=entrance file=20260819-234102.mkv bytes=31987667 interval=2026-08-19 23:41:02..2026-08-19 23:46:02
2026-08-27 00:45:45,798 INFO peoplein.stream: analysis interval ready start=2026-08-19 23:41:02 end=2026-08-19 23:42:41
2026-08-27 00:45:52,990 INFO peoplein.stream: decoded entrance/20260819-234102.mkv: 495 frames
2026-08-27 00:45:52,992 INFO peoplein.stream: decoded loby/20260819-233741.mkv: 495 frames
2026-08-27 00:45:52,996 INFO __main__: analysis interval completed start=2026-08-19 23:41:02 end=2026-08-19 23:42:41 frames=990 ticks=495 entered=6 exited=4 people_inside=2
2026-08-27 00:45:52,998 INFO __main__: summary updated end=2026-08-19 23:42:41
2026-08-27 00:45:52,998 INFO peoplein.stream: download started camera=loby file=20260819-234241.mkv
2026-08-27 00:46:18,028 INFO peoplein.stream: download completed camera=loby file=20260819-234241.mkv bytes=39843942 interval=2026-08-19 23:42:41..2026-08-19 23:47:39
2026-08-27 00:46:18,028 INFO peoplein.stream: analysis interval ready start=2026-08-19 23:42:41 end=2026-08-19 23:46:02
2026-08-27 00:46:27,172 INFO peoplein.stream: decoded entrance/20260819-234102.mkv: 1005 frames
2026-08-27 00:46:27,180 INFO peoplein.stream: decoded loby/20260819-234241.mkv: 1005 frames
2026-08-27 00:46:27,180 INFO __main__: analysis interval completed start=2026-08-19 23:42:41 end=2026-08-19 23:46:02 frames=2010 ticks=1005 entered=6 exited=4 people_inside=2
2026-08-27 00:46:27,183 INFO __main__: summary updated end=2026-08-19 23:46:02
2026-08-27 00:46:27,183 INFO peoplein.stream: download started camera=entrance file=20260819-234602.mkv
2026-08-27 00:46:58,864 INFO peoplein.stream: download completed camera=entrance file=20260819-234602.mkv bytes=32002371 interval=2026-08-19 23:46:02..2026-08-19 23:51:02
2026-08-27 00:46:58,864 INFO peoplein.stream: analysis interval ready start=2026-08-19 23:46:02 end=2026-08-19 23:47:39
2026-08-27 00:47:05,915 INFO peoplein.stream: decoded loby/20260819-234241.mkv: 485 frames
2026-08-27 00:47:05,923 INFO peoplein.stream: decoded entrance/20260819-234602.mkv: 485 frames
2026-08-27 00:47:05,923 INFO __main__: analysis interval completed start=2026-08-19 23:46:02 end=2026-08-19 23:47:39 frames=970 ticks=485 entered=6 exited=4 people_inside=2
2026-08-27 00:47:05,925 INFO __main__: summary updated end=2026-08-19 23:47:39
2026-08-27 00:47:05,925 INFO peoplein.stream: download started camera=loby file=20260819-234740.mkv
2026-08-27 00:48:11,503 INFO peoplein.stream: download completed camera=loby file=20260819-234740.mkv bytes=40150818 interval=2026-08-19 23:47:40..2026-08-19 23:52:40
2026-08-27 00:48:11,504 WARNING peoplein.stream: archive interval skipped start=2026-08-19T23:47:39.000 end=2026-08-19T23:47:40.000 duration_seconds=1.0 reason=camera_archives_do_not_overlap
2026-08-27 00:48:11,504 INFO peoplein.stream: analysis interval ready start=2026-08-19 23:47:40 end=2026-08-19 23:51:02
2026-08-27 00:48:20,622 INFO peoplein.stream: decoded entrance/20260819-234602.mkv: 1010 frames
2026-08-27 00:48:20,622 INFO peoplein.stream: decoded loby/20260819-234740.mkv: 1010 frames
2026-08-27 00:48:20,629 INFO __main__: analysis interval completed start=2026-08-19 23:47:40 end=2026-08-19 23:51:02 frames=2020 ticks=1010 entered=6 exited=4 people_inside=2
2026-08-27 00:48:20,632 INFO __main__: summary updated end=2026-08-19 23:51:02
2026-08-27 00:48:20,632 INFO peoplein.stream: download started camera=entrance file=20260819-235102.mkv
2026-08-27 00:48:45,654 INFO peoplein.stream: download completed camera=entrance file=20260819-235102.mkv bytes=31975285 interval=2026-08-19 23:51:02..2026-08-19 23:56:02
2026-08-27 00:48:45,654 INFO peoplein.stream: analysis interval ready start=2026-08-19 23:51:02 end=2026-08-19 23:52:40
2026-08-27 00:48:52,893 INFO peoplein.stream: decoded loby/20260819-234740.mkv: 490 frames
2026-08-27 00:48:52,895 INFO peoplein.stream: decoded entrance/20260819-235102.mkv: 490 frames
2026-08-27 00:48:52,899 INFO __main__: analysis interval completed start=2026-08-19 23:51:02 end=2026-08-19 23:52:40 frames=980 ticks=490 entered=6 exited=4 people_inside=2
2026-08-27 00:48:52,901 INFO __main__: summary updated end=2026-08-19 23:52:40
2026-08-27 00:48:52,902 INFO peoplein.stream: download started camera=loby file=20260819-235240.mkv
2026-08-27 00:49:27,262 INFO peoplein.stream: download completed camera=loby file=20260819-235240.mkv bytes=40131305 interval=2026-08-19 23:52:40..2026-08-19 23:57:40
2026-08-27 00:49:27,263 INFO peoplein.stream: analysis interval ready start=2026-08-19 23:52:40 end=2026-08-19 23:56:02
2026-08-27 00:49:36,294 INFO peoplein.stream: decoded loby/20260819-235240.mkv: 1010 frames
2026-08-27 00:49:36,297 INFO peoplein.stream: decoded entrance/20260819-235102.mkv: 1010 frames
2026-08-27 00:49:36,303 INFO __main__: analysis interval completed start=2026-08-19 23:52:40 end=2026-08-19 23:56:02 frames=2020 ticks=1010 entered=6 exited=4 people_inside=2
2026-08-27 00:49:36,305 INFO __main__: summary updated end=2026-08-19 23:56:02
2026-08-27 00:49:36,305 INFO peoplein.stream: download started camera=entrance file=20260819-235602.mkv
2026-08-27 00:50:03,665 INFO peoplein.stream: download completed camera=entrance file=20260819-235602.mkv bytes=32007142 interval=2026-08-19 23:56:02..2026-08-20 00:01:02
2026-08-27 00:50:03,665 INFO peoplein.stream: analysis interval ready start=2026-08-19 23:56:02 end=2026-08-19 23:57:40
2026-08-27 00:50:10,831 INFO peoplein.stream: decoded entrance/20260819-235602.mkv: 490 frames
2026-08-27 00:50:10,839 INFO peoplein.stream: decoded loby/20260819-235240.mkv: 490 frames
2026-08-27 00:50:10,841 INFO __main__: analysis interval completed start=2026-08-19 23:56:02 end=2026-08-19 23:57:40 frames=980 ticks=490 entered=6 exited=4 people_inside=2
2026-08-27 00:50:10,843 INFO __main__: summary updated end=2026-08-19 23:57:40
2026-08-27 00:50:10,844 INFO peoplein.stream: download started camera=loby file=20260819-235741.mkv
2026-08-27 00:51:30,778 INFO peoplein.stream: download completed camera=loby file=20260819-235741.mkv bytes=39858206 interval=2026-08-19 23:57:41..2026-08-20 00:02:41
2026-08-27 00:51:30,778 WARNING peoplein.stream: archive interval skipped start=2026-08-19T23:57:40.000 end=2026-08-19T23:57:41.000 duration_seconds=1.0 reason=camera_archives_do_not_overlap
2026-08-27 00:51:30,779 INFO peoplein.stream: analysis interval ready start=2026-08-19 23:57:41 end=2026-08-20 00:01:02
2026-08-27 00:51:40,020 INFO peoplein.stream: decoded entrance/20260819-235602.mkv: 1005 frames
2026-08-27 00:51:40,022 INFO peoplein.stream: decoded loby/20260819-235741.mkv: 1005 frames
2026-08-27 00:51:40,027 INFO __main__: analysis interval completed start=2026-08-19 23:57:41 end=2026-08-20 00:01:02 frames=2010 ticks=1005 entered=6 exited=4 people_inside=2
2026-08-27 00:51:40,030 INFO __main__: summary updated end=2026-08-20 00:01:02
2026-08-27 00:51:40,030 INFO peoplein.stream: download started camera=entrance file=20260820-000102.mkv
2026-08-27 00:52:04,703 INFO peoplein.stream: download completed camera=entrance file=20260820-000102.mkv bytes=31881782 interval=2026-08-20 00:01:02..2026-08-20 00:06:02
2026-08-27 00:52:04,703 INFO peoplein.stream: analysis interval ready start=2026-08-20 00:01:02 end=2026-08-20 00:02:41
2026-08-27 00:52:11,932 INFO peoplein.stream: decoded entrance/20260820-000102.mkv: 495 frames
2026-08-27 00:52:11,935 INFO peoplein.stream: decoded loby/20260819-235741.mkv: 495 frames
2026-08-27 00:52:11,938 INFO __main__: analysis interval completed start=2026-08-20 00:01:02 end=2026-08-20 00:02:41 frames=990 ticks=495 entered=6 exited=4 people_inside=2
2026-08-27 00:52:11,941 INFO __main__: summary updated end=2026-08-20 00:02:41
2026-08-27 00:52:11,941 INFO peoplein.stream: download started camera=loby file=20260820-000241.mkv
2026-08-27 00:52:48,179 INFO peoplein.stream: download completed camera=loby file=20260820-000241.mkv bytes=39432453 interval=2026-08-20 00:02:41..2026-08-20 00:07:39
2026-08-27 00:52:48,180 INFO peoplein.stream: analysis interval ready start=2026-08-20 00:02:41 end=2026-08-20 00:06:02
2026-08-27 00:52:57,953 INFO peoplein.stream: decoded entrance/20260820-000102.mkv: 1005 frames
2026-08-27 00:52:57,964 INFO peoplein.stream: decoded loby/20260820-000241.mkv: 1005 frames
2026-08-27 00:52:57,966 INFO __main__: analysis interval completed start=2026-08-20 00:02:41 end=2026-08-20 00:06:02 frames=2010 ticks=1005 entered=6 exited=5 people_inside=1
2026-08-27 00:52:57,968 INFO __main__: summary updated end=2026-08-20 00:06:02
2026-08-27 00:52:57,969 INFO peoplein.stream: download started camera=entrance file=20260820-000602.mkv
2026-08-27 00:53:17,234 INFO peoplein.stream: download completed camera=entrance file=20260820-000602.mkv bytes=32008659 interval=2026-08-20 00:06:02..2026-08-20 00:11:02
2026-08-27 00:53:17,235 INFO peoplein.stream: analysis interval ready start=2026-08-20 00:06:02 end=2026-08-20 00:07:39
2026-08-27 00:53:24,347 INFO peoplein.stream: decoded loby/20260820-000241.mkv: 485 frames
2026-08-27 00:53:24,349 INFO peoplein.stream: decoded entrance/20260820-000602.mkv: 485 frames
2026-08-27 00:53:24,355 INFO __main__: analysis interval completed start=2026-08-20 00:06:02 end=2026-08-20 00:07:39 frames=970 ticks=485 entered=6 exited=5 people_inside=1
2026-08-27 00:53:24,357 INFO __main__: summary updated end=2026-08-20 00:07:39
2026-08-27 00:53:24,358 INFO peoplein.stream: download started camera=loby file=20260820-000740.mkv
2026-08-27 00:53:49,939 INFO peoplein.stream: download completed camera=loby file=20260820-000740.mkv bytes=39536499 interval=2026-08-20 00:07:40..2026-08-20 00:12:40
2026-08-27 00:53:49,940 WARNING peoplein.stream: archive interval skipped start=2026-08-20T00:07:39.000 end=2026-08-20T00:07:40.000 duration_seconds=1.0 reason=camera_archives_do_not_overlap
2026-08-27 00:53:49,940 INFO peoplein.stream: analysis interval ready start=2026-08-20 00:07:40 end=2026-08-20 00:11:02
2026-08-27 00:53:59,141 INFO peoplein.stream: decoded entrance/20260820-000602.mkv: 1010 frames
2026-08-27 00:53:59,144 INFO peoplein.stream: decoded loby/20260820-000740.mkv: 1010 frames
2026-08-27 00:53:59,145 INFO __main__: analysis interval completed start=2026-08-20 00:07:40 end=2026-08-20 00:11:02 frames=2020 ticks=1010 entered=6 exited=5 people_inside=1
2026-08-27 00:53:59,148 INFO __main__: summary updated end=2026-08-20 00:11:02
2026-08-27 00:53:59,148 INFO peoplein.stream: download started camera=entrance file=20260820-001102.mkv
2026-08-27 00:54:21,348 INFO peoplein.stream: download completed camera=entrance file=20260820-001102.mkv bytes=32029697 interval=2026-08-20 00:11:02..2026-08-20 00:16:02
2026-08-27 00:54:21,348 INFO peoplein.stream: analysis interval ready start=2026-08-20 00:11:02 end=2026-08-20 00:12:40
2026-08-27 00:54:28,516 INFO peoplein.stream: decoded entrance/20260820-001102.mkv: 490 frames
2026-08-27 00:54:28,520 INFO peoplein.stream: decoded loby/20260820-000740.mkv: 490 frames
2026-08-27 00:54:28,525 INFO __main__: analysis interval completed start=2026-08-20 00:11:02 end=2026-08-20 00:12:40 frames=980 ticks=490 entered=6 exited=5 people_inside=1
2026-08-27 00:54:28,527 INFO __main__: summary updated end=2026-08-20 00:12:40
2026-08-27 00:54:28,527 INFO peoplein.stream: download started camera=loby file=20260820-001240.mkv
2026-08-27 00:55:02,952 INFO peoplein.stream: download completed camera=loby file=20260820-001240.mkv bytes=39603570 interval=2026-08-20 00:12:40..2026-08-20 00:17:40
2026-08-27 00:55:02,953 INFO peoplein.stream: analysis interval ready start=2026-08-20 00:12:40 end=2026-08-20 00:16:02
2026-08-27 00:55:12,275 INFO peoplein.stream: decoded loby/20260820-001240.mkv: 1010 frames
2026-08-27 00:55:12,278 INFO peoplein.stream: decoded entrance/20260820-001102.mkv: 1010 frames
2026-08-27 00:55:12,281 INFO __main__: analysis interval completed start=2026-08-20 00:12:40 end=2026-08-20 00:16:02 frames=2020 ticks=1010 entered=6 exited=5 people_inside=1
2026-08-27 00:55:12,283 INFO __main__: summary updated end=2026-08-20 00:16:02
2026-08-27 00:55:12,284 INFO peoplein.stream: download started camera=entrance file=20260820-001602.mkv
2026-08-27 00:55:34,465 INFO peoplein.stream: download completed camera=entrance file=20260820-001602.mkv bytes=32016608 interval=2026-08-20 00:16:02..2026-08-20 00:21:02
2026-08-27 00:55:34,465 INFO peoplein.stream: analysis interval ready start=2026-08-20 00:16:02 end=2026-08-20 00:17:40
2026-08-27 00:55:41,603 INFO peoplein.stream: decoded entrance/20260820-001602.mkv: 490 frames
2026-08-27 00:55:41,604 INFO peoplein.stream: decoded loby/20260820-001240.mkv: 490 frames
2026-08-27 00:55:41,611 INFO __main__: analysis interval completed start=2026-08-20 00:16:02 end=2026-08-20 00:17:40 frames=980 ticks=490 entered=6 exited=5 people_inside=1
2026-08-27 00:55:41,613 INFO __main__: summary updated end=2026-08-20 00:17:40
2026-08-27 00:55:41,614 INFO peoplein.stream: download started camera=loby file=20260820-001741.mkv
2026-08-27 00:56:08,837 INFO peoplein.stream: download completed camera=loby file=20260820-001741.mkv bytes=39695106 interval=2026-08-20 00:17:41..2026-08-20 00:22:41
2026-08-27 00:56:08,838 WARNING peoplein.stream: archive interval skipped start=2026-08-20T00:17:40.000 end=2026-08-20T00:17:41.000 duration_seconds=1.0 reason=camera_archives_do_not_overlap
2026-08-27 00:56:08,838 INFO peoplein.stream: analysis interval ready start=2026-08-20 00:17:41 end=2026-08-20 00:21:02
2026-08-27 00:56:18,014 INFO peoplein.stream: decoded entrance/20260820-001602.mkv: 1005 frames
2026-08-27 00:56:18,014 INFO peoplein.stream: decoded loby/20260820-001741.mkv: 1005 frames
2026-08-27 00:56:18,021 INFO __main__: analysis interval completed start=2026-08-20 00:17:41 end=2026-08-20 00:21:02 frames=2010 ticks=1005 entered=6 exited=5 people_inside=1
2026-08-27 00:56:18,023 INFO __main__: summary updated end=2026-08-20 00:21:02
2026-08-27 00:56:18,024 INFO peoplein.stream: download started camera=entrance file=20260820-002102.mkv
2026-08-27 00:56:44,158 INFO peoplein.stream: download completed camera=entrance file=20260820-002102.mkv bytes=32008089 interval=2026-08-20 00:21:02..2026-08-20 00:26:02
2026-08-27 00:56:44,158 INFO peoplein.stream: analysis interval ready start=2026-08-20 00:21:02 end=2026-08-20 00:22:41
2026-08-27 00:56:51,382 INFO peoplein.stream: decoded entrance/20260820-002102.mkv: 495 frames
2026-08-27 00:56:51,384 INFO peoplein.stream: decoded loby/20260820-001741.mkv: 495 frames
2026-08-27 00:56:51,385 INFO __main__: analysis interval completed start=2026-08-20 00:21:02 end=2026-08-20 00:22:41 frames=990 ticks=495 entered=6 exited=5 people_inside=1
2026-08-27 00:56:51,388 INFO __main__: summary updated end=2026-08-20 00:22:41
2026-08-27 00:56:51,388 INFO peoplein.stream: download started camera=loby file=20260820-002241.mkv
2026-08-27 00:57:21,835 INFO peoplein.stream: download completed camera=loby file=20260820-002241.mkv bytes=39578064 interval=2026-08-20 00:22:41..2026-08-20 00:27:39
2026-08-27 00:57:21,835 INFO peoplein.stream: analysis interval ready start=2026-08-20 00:22:41 end=2026-08-20 00:26:02
2026-08-27 00:57:30,983 INFO peoplein.stream: decoded entrance/20260820-002102.mkv: 1005 frames
2026-08-27 00:57:30,986 INFO peoplein.stream: decoded loby/20260820-002241.mkv: 1005 frames
2026-08-27 00:57:30,990 INFO __main__: analysis interval completed start=2026-08-20 00:22:41 end=2026-08-20 00:26:02 frames=2010 ticks=1005 entered=6 exited=5 people_inside=1
2026-08-27 00:57:30,993 INFO __main__: summary updated end=2026-08-20 00:26:02
2026-08-27 00:57:30,994 INFO peoplein.stream: download started camera=entrance file=20260820-002602.mkv
2026-08-27 00:57:55,523 INFO peoplein.stream: download completed camera=entrance file=20260820-002602.mkv bytes=32014853 interval=2026-08-20 00:26:02..2026-08-20 00:31:02
2026-08-27 00:57:55,523 INFO peoplein.stream: analysis interval ready start=2026-08-20 00:26:02 end=2026-08-20 00:27:39
2026-08-27 00:58:02,682 INFO peoplein.stream: decoded entrance/20260820-002602.mkv: 485 frames
2026-08-27 00:58:02,688 INFO peoplein.stream: decoded loby/20260820-002241.mkv: 485 frames
2026-08-27 00:58:02,691 INFO __main__: analysis interval completed start=2026-08-20 00:26:02 end=2026-08-20 00:27:39 frames=970 ticks=485 entered=6 exited=5 people_inside=1
2026-08-27 00:58:02,693 INFO __main__: summary updated end=2026-08-20 00:27:39
2026-08-27 00:58:02,694 INFO peoplein.stream: download started camera=loby file=20260820-002740.mkv
2026-08-27 00:58:26,931 INFO peoplein.stream: download completed camera=loby file=20260820-002740.mkv bytes=40010838 interval=2026-08-20 00:27:40..2026-08-20 00:32:40
2026-08-27 00:58:26,931 WARNING peoplein.stream: archive interval skipped start=2026-08-20T00:27:39.000 end=2026-08-20T00:27:40.000 duration_seconds=1.0 reason=camera_archives_do_not_overlap
2026-08-27 00:58:26,932 INFO peoplein.stream: analysis interval ready start=2026-08-20 00:27:40 end=2026-08-20 00:31:02
2026-08-27 00:58:36,707 INFO peoplein.stream: decoded entrance/20260820-002602.mkv: 1010 frames
2026-08-27 00:58:36,715 INFO peoplein.stream: decoded loby/20260820-002740.mkv: 1010 frames
2026-08-27 00:58:36,738 INFO __main__: analysis interval completed start=2026-08-20 00:27:40 end=2026-08-20 00:31:02 frames=2020 ticks=1010 entered=6 exited=5 people_inside=1
2026-08-27 00:58:36,741 INFO __main__: summary updated end=2026-08-20 00:31:02
2026-08-27 00:58:36,741 INFO peoplein.stream: download started camera=entrance file=20260820-003102.mkv
2026-08-27 00:59:00,572 INFO peoplein.stream: download completed camera=entrance file=20260820-003102.mkv bytes=31915056 interval=2026-08-20 00:31:02..2026-08-20 00:36:02
2026-08-27 00:59:00,572 INFO peoplein.stream: analysis interval ready start=2026-08-20 00:31:02 end=2026-08-20 00:32:40
2026-08-27 00:59:08,446 INFO peoplein.stream: decoded entrance/20260820-003102.mkv: 490 frames
2026-08-27 00:59:08,455 INFO peoplein.stream: decoded loby/20260820-002740.mkv: 490 frames
2026-08-27 00:59:08,487 INFO __main__: analysis interval completed start=2026-08-20 00:31:02 end=2026-08-20 00:32:40 frames=980 ticks=490 entered=7 exited=5 people_inside=2
2026-08-27 00:59:08,489 INFO __main__: summary updated end=2026-08-20 00:32:40
2026-08-27 00:59:08,490 INFO peoplein.stream: download started camera=loby file=20260820-003240.mkv
2026-08-27 00:59:34,661 INFO peoplein.stream: download completed camera=loby file=20260820-003240.mkv bytes=39794326 interval=2026-08-20 00:32:40..2026-08-20 00:37:40
2026-08-27 00:59:34,661 INFO peoplein.stream: analysis interval ready start=2026-08-20 00:32:40 end=2026-08-20 00:36:02
2026-08-27 00:59:44,990 INFO peoplein.stream: decoded loby/20260820-003240.mkv: 1010 frames
2026-08-27 00:59:44,993 INFO peoplein.stream: decoded entrance/20260820-003102.mkv: 1010 frames
2026-08-27 00:59:44,995 INFO __main__: analysis interval completed start=2026-08-20 00:32:40 end=2026-08-20 00:36:02 frames=2020 ticks=1010 entered=7 exited=6 people_inside=1
2026-08-27 00:59:44,997 INFO __main__: summary updated end=2026-08-20 00:36:02
2026-08-27 00:59:44,997 INFO peoplein.stream: download started camera=entrance file=20260820-003602.mkv
2026-08-27 01:00:19,545 INFO peoplein.stream: download completed camera=entrance file=20260820-003602.mkv bytes=32003763 interval=2026-08-20 00:36:02..2026-08-20 00:41:02
2026-08-27 01:00:19,546 INFO peoplein.stream: analysis interval ready start=2026-08-20 00:36:02 end=2026-08-20 00:37:40
2026-08-27 01:00:27,029 INFO peoplein.stream: decoded entrance/20260820-003602.mkv: 490 frames
2026-08-27 01:00:27,029 INFO peoplein.stream: decoded loby/20260820-003240.mkv: 490 frames
2026-08-27 01:00:27,034 INFO __main__: analysis interval completed start=2026-08-20 00:36:02 end=2026-08-20 00:37:40 frames=980 ticks=490 entered=7 exited=6 people_inside=1
2026-08-27 01:00:27,036 INFO __main__: summary updated end=2026-08-20 00:37:40
2026-08-27 01:00:27,037 INFO peoplein.stream: download started camera=loby file=20260820-003741.mkv
2026-08-27 01:00:52,190 INFO peoplein.stream: download completed camera=loby file=20260820-003741.mkv bytes=39808465 interval=2026-08-20 00:37:41..2026-08-20 00:42:41
2026-08-27 01:00:52,190 WARNING peoplein.stream: archive interval skipped start=2026-08-20T00:37:40.000 end=2026-08-20T00:37:41.000 duration_seconds=1.0 reason=camera_archives_do_not_overlap
2026-08-27 01:00:52,191 INFO peoplein.stream: analysis interval ready start=2026-08-20 00:37:41 end=2026-08-20 00:41:02
2026-08-27 01:01:01,371 INFO peoplein.stream: decoded entrance/20260820-003602.mkv: 1005 frames
2026-08-27 01:01:01,371 INFO peoplein.stream: decoded loby/20260820-003741.mkv: 1005 frames
2026-08-27 01:01:01,376 INFO __main__: analysis interval completed start=2026-08-20 00:37:41 end=2026-08-20 00:41:02 frames=2010 ticks=1005 entered=7 exited=6 people_inside=1
2026-08-27 01:01:01,378 INFO __main__: summary updated end=2026-08-20 00:41:02
2026-08-27 01:01:01,378 INFO peoplein.stream: download started camera=entrance file=20260820-004102.mkv
2026-08-27 01:01:20,372 INFO peoplein.stream: download completed camera=entrance file=20260820-004102.mkv bytes=32008035 interval=2026-08-20 00:41:02..2026-08-20 00:46:02
2026-08-27 01:01:20,373 INFO peoplein.stream: analysis interval ready start=2026-08-20 00:41:02 end=2026-08-20 00:42:41
2026-08-27 01:01:27,662 INFO peoplein.stream: decoded loby/20260820-003741.mkv: 495 frames
2026-08-27 01:01:27,664 INFO peoplein.stream: decoded entrance/20260820-004102.mkv: 495 frames
2026-08-27 01:01:27,671 INFO __main__: analysis interval completed start=2026-08-20 00:41:02 end=2026-08-20 00:42:41 frames=990 ticks=495 entered=7 exited=6 people_inside=1
2026-08-27 01:01:27,673 INFO __main__: summary updated end=2026-08-20 00:42:41
2026-08-27 01:01:27,673 INFO peoplein.stream: download started camera=loby file=20260820-004241.mkv
2026-08-27 01:01:51,108 INFO peoplein.stream: download completed camera=loby file=20260820-004241.mkv bytes=39434409 interval=2026-08-20 00:42:41..2026-08-20 00:47:39
2026-08-27 01:01:51,108 INFO peoplein.stream: analysis interval ready start=2026-08-20 00:42:41 end=2026-08-20 00:46:02
2026-08-27 01:02:00,425 INFO peoplein.stream: decoded loby/20260820-004241.mkv: 1005 frames
2026-08-27 01:02:00,432 INFO peoplein.stream: decoded entrance/20260820-004102.mkv: 1005 frames
2026-08-27 01:02:00,434 INFO __main__: analysis interval completed start=2026-08-20 00:42:41 end=2026-08-20 00:46:02 frames=2010 ticks=1005 entered=7 exited=6 people_inside=1
2026-08-27 01:02:00,437 INFO __main__: summary updated end=2026-08-20 00:46:02
2026-08-27 01:02:00,437 INFO peoplein.stream: download started camera=entrance file=20260820-004602.mkv
2026-08-27 01:02:18,489 INFO peoplein.stream: download completed camera=entrance file=20260820-004602.mkv bytes=31965312 interval=2026-08-20 00:46:02..2026-08-20 00:51:02
2026-08-27 01:02:18,489 INFO peoplein.stream: analysis interval ready start=2026-08-20 00:46:02 end=2026-08-20 00:47:39
2026-08-27 01:02:25,747 INFO peoplein.stream: decoded loby/20260820-004241.mkv: 485 frames
2026-08-27 01:02:25,748 INFO peoplein.stream: decoded entrance/20260820-004602.mkv: 485 frames
2026-08-27 01:02:25,753 INFO __main__: analysis interval completed start=2026-08-20 00:46:02 end=2026-08-20 00:47:39 frames=970 ticks=485 entered=7 exited=6 people_inside=1
2026-08-27 01:02:25,756 INFO __main__: summary updated end=2026-08-20 00:47:39
2026-08-27 01:02:25,756 INFO peoplein.stream: download started camera=loby file=20260820-004740.mkv
2026-08-27 01:02:48,954 INFO peoplein.stream: download completed camera=loby file=20260820-004740.mkv bytes=39726051 interval=2026-08-20 00:47:40..2026-08-20 00:52:40
2026-08-27 01:02:48,954 WARNING peoplein.stream: archive interval skipped start=2026-08-20T00:47:39.000 end=2026-08-20T00:47:40.000 duration_seconds=1.0 reason=camera_archives_do_not_overlap
2026-08-27 01:02:48,954 INFO peoplein.stream: analysis interval ready start=2026-08-20 00:47:40 end=2026-08-20 00:51:02
2026-08-27 01:02:58,022 INFO peoplein.stream: decoded loby/20260820-004740.mkv: 1010 frames
2026-08-27 01:02:58,025 INFO peoplein.stream: decoded entrance/20260820-004602.mkv: 1010 frames
2026-08-27 01:02:58,028 INFO __main__: analysis interval completed start=2026-08-20 00:47:40 end=2026-08-20 00:51:02 frames=2020 ticks=1010 entered=7 exited=6 people_inside=1
2026-08-27 01:02:58,031 INFO __main__: summary updated end=2026-08-20 00:51:02
2026-08-27 01:02:58,031 INFO peoplein.stream: download started camera=entrance file=20260820-005102.mkv
2026-08-27 01:03:17,809 INFO peoplein.stream: download completed camera=entrance file=20260820-005102.mkv bytes=31952153 interval=2026-08-20 00:51:02..2026-08-20 00:56:02
2026-08-27 01:03:17,810 INFO peoplein.stream: analysis interval ready start=2026-08-20 00:51:02 end=2026-08-20 00:52:40
2026-08-27 01:03:25,030 INFO peoplein.stream: decoded entrance/20260820-005102.mkv: 490 frames
2026-08-27 01:03:25,030 INFO peoplein.stream: decoded loby/20260820-004740.mkv: 490 frames
2026-08-27 01:03:25,039 INFO __main__: analysis interval completed start=2026-08-20 00:51:02 end=2026-08-20 00:52:40 frames=980 ticks=490 entered=7 exited=6 people_inside=1
2026-08-27 01:03:25,042 INFO __main__: summary updated end=2026-08-20 00:52:40
2026-08-27 01:03:25,042 INFO peoplein.stream: download started camera=loby file=20260820-005240.mkv
2026-08-27 01:03:54,782 INFO peoplein.stream: download completed camera=loby file=20260820-005240.mkv bytes=39551814 interval=2026-08-20 00:52:40..2026-08-20 00:57:40
2026-08-27 01:03:54,783 INFO peoplein.stream: analysis interval ready start=2026-08-20 00:52:40 end=2026-08-20 00:56:02
2026-08-27 01:04:04,119 INFO peoplein.stream: decoded entrance/20260820-005102.mkv: 1010 frames
2026-08-27 01:04:04,121 INFO peoplein.stream: decoded loby/20260820-005240.mkv: 1010 frames
2026-08-27 01:04:04,127 INFO __main__: analysis interval completed start=2026-08-20 00:52:40 end=2026-08-20 00:56:02 frames=2020 ticks=1010 entered=7 exited=6 people_inside=1
2026-08-27 01:04:04,129 INFO __main__: summary updated end=2026-08-20 00:56:02
2026-08-27 01:04:04,130 INFO peoplein.stream: download started camera=entrance file=20260820-005602.mkv
2026-08-27 01:04:40,005 INFO peoplein.stream: download completed camera=entrance file=20260820-005602.mkv bytes=31965013 interval=2026-08-20 00:56:02..2026-08-20 01:01:02
2026-08-27 01:04:40,006 INFO peoplein.stream: analysis interval ready start=2026-08-20 00:56:02 end=2026-08-20 00:57:40
2026-08-27 01:04:47,144 INFO peoplein.stream: decoded loby/20260820-005240.mkv: 490 frames
2026-08-27 01:04:47,144 INFO peoplein.stream: decoded entrance/20260820-005602.mkv: 490 frames
2026-08-27 01:04:47,149 INFO __main__: analysis interval completed start=2026-08-20 00:56:02 end=2026-08-20 00:57:40 frames=980 ticks=490 entered=7 exited=6 people_inside=1
2026-08-27 01:04:47,151 INFO __main__: summary updated end=2026-08-20 00:57:40
2026-08-27 01:04:47,151 INFO peoplein.stream: download started camera=loby file=20260820-005741.mkv
2026-08-27 01:05:12,829 INFO peoplein.stream: download completed camera=loby file=20260820-005741.mkv bytes=39570302 interval=2026-08-20 00:57:41..2026-08-20 01:02:41
2026-08-27 01:05:12,830 WARNING peoplein.stream: archive interval skipped start=2026-08-20T00:57:40.000 end=2026-08-20T00:57:41.000 duration_seconds=1.0 reason=camera_archives_do_not_overlap
2026-08-27 01:05:12,830 INFO peoplein.stream: analysis interval ready start=2026-08-20 00:57:41 end=2026-08-20 01:01:02
2026-08-27 01:05:21,865 INFO peoplein.stream: decoded loby/20260820-005741.mkv: 1005 frames
2026-08-27 01:05:21,868 INFO peoplein.stream: decoded entrance/20260820-005602.mkv: 1005 frames
2026-08-27 01:05:21,869 INFO __main__: analysis interval completed start=2026-08-20 00:57:41 end=2026-08-20 01:01:02 frames=2010 ticks=1005 entered=7 exited=6 people_inside=1
2026-08-27 01:05:21,871 INFO __main__: summary updated end=2026-08-20 01:01:02
2026-08-27 01:05:21,872 INFO peoplein.stream: download started camera=entrance file=20260820-010102.mkv
2026-08-27 01:05:47,343 INFO peoplein.stream: download completed camera=entrance file=20260820-010102.mkv bytes=31949630 interval=2026-08-20 01:01:02..2026-08-20 01:06:02
2026-08-27 01:05:47,344 INFO peoplein.stream: analysis interval ready start=2026-08-20 01:01:02 end=2026-08-20 01:02:41
2026-08-27 01:05:54,541 INFO peoplein.stream: decoded entrance/20260820-010102.mkv: 495 frames
2026-08-27 01:05:54,546 INFO peoplein.stream: decoded loby/20260820-005741.mkv: 495 frames
2026-08-27 01:05:54,548 INFO __main__: analysis interval completed start=2026-08-20 01:01:02 end=2026-08-20 01:02:41 frames=990 ticks=495 entered=7 exited=6 people_inside=1
2026-08-27 01:05:54,550 INFO __main__: summary updated end=2026-08-20 01:02:41
2026-08-27 01:05:54,551 INFO peoplein.stream: download started camera=loby file=20260820-010241.mkv
2026-08-27 01:06:22,319 INFO peoplein.stream: download completed camera=loby file=20260820-010241.mkv bytes=39281890 interval=2026-08-20 01:02:41..2026-08-20 01:07:39
2026-08-27 01:06:22,320 INFO peoplein.stream: analysis interval ready start=2026-08-20 01:02:41 end=2026-08-20 01:06:02
2026-08-27 01:06:31,313 INFO peoplein.stream: decoded loby/20260820-010241.mkv: 1005 frames
2026-08-27 01:06:31,319 INFO peoplein.stream: decoded entrance/20260820-010102.mkv: 1005 frames
2026-08-27 01:06:31,322 INFO __main__: analysis interval completed start=2026-08-20 01:02:41 end=2026-08-20 01:06:02 frames=2010 ticks=1005 entered=7 exited=6 people_inside=1
2026-08-27 01:06:31,325 INFO __main__: summary updated end=2026-08-20 01:06:02
2026-08-27 01:06:31,325 INFO peoplein.stream: download started camera=entrance file=20260820-010602.mkv
2026-08-27 01:06:52,221 INFO peoplein.stream: download completed camera=entrance file=20260820-010602.mkv bytes=31967313 interval=2026-08-20 01:06:02..2026-08-20 01:11:02
2026-08-27 01:06:52,221 INFO peoplein.stream: analysis interval ready start=2026-08-20 01:06:02 end=2026-08-20 01:07:39
2026-08-27 01:06:59,446 INFO peoplein.stream: decoded entrance/20260820-010602.mkv: 485 frames
2026-08-27 01:06:59,448 INFO peoplein.stream: decoded loby/20260820-010241.mkv: 485 frames
2026-08-27 01:06:59,451 INFO __main__: analysis interval completed start=2026-08-20 01:06:02 end=2026-08-20 01:07:39 frames=970 ticks=485 entered=7 exited=6 people_inside=1
2026-08-27 01:06:59,453 INFO __main__: summary updated end=2026-08-20 01:07:39
2026-08-27 01:06:59,454 INFO peoplein.stream: download started camera=loby file=20260820-010740.mkv
2026-08-27 01:07:26,431 INFO peoplein.stream: download completed camera=loby file=20260820-010740.mkv bytes=39726388 interval=2026-08-20 01:07:40..2026-08-20 01:12:40
2026-08-27 01:07:26,431 WARNING peoplein.stream: archive interval skipped start=2026-08-20T01:07:39.000 end=2026-08-20T01:07:40.000 duration_seconds=1.0 reason=camera_archives_do_not_overlap
2026-08-27 01:07:26,432 INFO peoplein.stream: analysis interval ready start=2026-08-20 01:07:40 end=2026-08-20 01:11:02
2026-08-27 01:07:35,444 INFO peoplein.stream: decoded entrance/20260820-010602.mkv: 1010 frames
2026-08-27 01:07:35,489 INFO peoplein.stream: decoded loby/20260820-010740.mkv: 1010 frames
2026-08-27 01:07:35,492 INFO __main__: analysis interval completed start=2026-08-20 01:07:40 end=2026-08-20 01:11:02 frames=2020 ticks=1010 entered=7 exited=6 people_inside=1
2026-08-27 01:07:35,494 INFO __main__: summary updated end=2026-08-20 01:11:02
2026-08-27 01:07:35,495 INFO peoplein.stream: download started camera=entrance file=20260820-011102.mkv
2026-08-27 01:08:07,420 INFO peoplein.stream: download completed camera=entrance file=20260820-011102.mkv bytes=31940964 interval=2026-08-20 01:11:02..2026-08-20 01:16:02
2026-08-27 01:08:07,420 INFO peoplein.stream: analysis interval ready start=2026-08-20 01:11:02 end=2026-08-20 01:12:40
2026-08-27 01:08:14,646 INFO peoplein.stream: decoded entrance/20260820-011102.mkv: 490 frames
2026-08-27 01:08:14,648 INFO peoplein.stream: decoded loby/20260820-010740.mkv: 490 frames
2026-08-27 01:08:14,653 INFO __main__: analysis interval completed start=2026-08-20 01:11:02 end=2026-08-20 01:12:40 frames=980 ticks=490 entered=7 exited=6 people_inside=1
2026-08-27 01:08:14,656 INFO __main__: summary updated end=2026-08-20 01:12:40
2026-08-27 01:08:14,656 INFO peoplein.stream: download started camera=loby file=20260820-011240.mkv
2026-08-27 01:08:49,212 INFO peoplein.stream: download completed camera=loby file=20260820-011240.mkv bytes=39834608 interval=2026-08-20 01:12:40..2026-08-20 01:17:40
2026-08-27 01:08:49,212 INFO peoplein.stream: analysis interval ready start=2026-08-20 01:12:40 end=2026-08-20 01:16:02
2026-08-27 01:08:58,601 INFO peoplein.stream: decoded loby/20260820-011240.mkv: 1010 frames
2026-08-27 01:08:58,604 INFO peoplein.stream: decoded entrance/20260820-011102.mkv: 1010 frames
2026-08-27 01:08:58,608 INFO __main__: analysis interval completed start=2026-08-20 01:12:40 end=2026-08-20 01:16:02 frames=2020 ticks=1010 entered=7 exited=6 people_inside=1
2026-08-27 01:08:58,611 INFO __main__: summary updated end=2026-08-20 01:16:02
2026-08-27 01:08:58,612 INFO peoplein.stream: download started camera=entrance file=20260820-011602.mkv
2026-08-27 01:09:34,149 INFO peoplein.stream: download completed camera=entrance file=20260820-011602.mkv bytes=31946882 interval=2026-08-20 01:16:02..2026-08-20 01:21:02
2026-08-27 01:09:34,150 INFO peoplein.stream: analysis interval ready start=2026-08-20 01:16:02 end=2026-08-20 01:17:40
2026-08-27 01:09:41,218 INFO peoplein.stream: decoded loby/20260820-011240.mkv: 490 frames
2026-08-27 01:09:41,224 INFO peoplein.stream: decoded entrance/20260820-011602.mkv: 490 frames
2026-08-27 01:09:41,226 INFO __main__: analysis interval completed start=2026-08-20 01:16:02 end=2026-08-20 01:17:40 frames=980 ticks=490 entered=7 exited=6 people_inside=1
2026-08-27 01:09:41,228 INFO __main__: summary updated end=2026-08-20 01:17:40
2026-08-27 01:09:41,229 INFO peoplein.stream: download started camera=loby file=20260820-011741.mkv
2026-08-27 01:10:11,935 INFO peoplein.stream: download completed camera=loby file=20260820-011741.mkv bytes=39848444 interval=2026-08-20 01:17:41..2026-08-20 01:22:41
2026-08-27 01:10:11,936 WARNING peoplein.stream: archive interval skipped start=2026-08-20T01:17:40.000 end=2026-08-20T01:17:41.000 duration_seconds=1.0 reason=camera_archives_do_not_overlap
2026-08-27 01:10:11,936 INFO peoplein.stream: analysis interval ready start=2026-08-20 01:17:41 end=2026-08-20 01:21:02
2026-08-27 01:10:21,053 INFO peoplein.stream: decoded entrance/20260820-011602.mkv: 1005 frames
2026-08-27 01:10:21,053 INFO peoplein.stream: decoded loby/20260820-011741.mkv: 1005 frames
2026-08-27 01:10:21,061 INFO __main__: analysis interval completed start=2026-08-20 01:17:41 end=2026-08-20 01:21:02 frames=2010 ticks=1005 entered=7 exited=6 people_inside=1
2026-08-27 01:10:21,064 INFO __main__: summary updated end=2026-08-20 01:21:02
2026-08-27 01:10:21,064 INFO peoplein.stream: download started camera=entrance file=20260820-012102.mkv
2026-08-27 01:10:52,919 INFO peoplein.stream: download completed camera=entrance file=20260820-012102.mkv bytes=31932611 interval=2026-08-20 01:21:02..2026-08-20 01:26:02
2026-08-27 01:10:52,919 INFO peoplein.stream: analysis interval ready start=2026-08-20 01:21:02 end=2026-08-20 01:22:41
2026-08-27 01:11:00,435 INFO peoplein.stream: decoded entrance/20260820-012102.mkv: 495 frames
2026-08-27 01:11:00,437 INFO peoplein.stream: decoded loby/20260820-011741.mkv: 495 frames
2026-08-27 01:11:00,442 INFO __main__: analysis interval completed start=2026-08-20 01:21:02 end=2026-08-20 01:22:41 frames=990 ticks=495 entered=7 exited=6 people_inside=1
2026-08-27 01:11:00,444 INFO __main__: summary updated end=2026-08-20 01:22:41
2026-08-27 01:11:00,444 INFO peoplein.stream: download started camera=loby file=20260820-012241.mkv
2026-08-27 01:11:37,203 INFO peoplein.stream: download completed camera=loby file=20260820-012241.mkv bytes=39399903 interval=2026-08-20 01:22:41..2026-08-20 01:27:39
2026-08-27 01:11:37,204 INFO peoplein.stream: analysis interval ready start=2026-08-20 01:22:41 end=2026-08-20 01:26:02
2026-08-27 01:11:46,518 INFO peoplein.stream: decoded entrance/20260820-012102.mkv: 1005 frames
2026-08-27 01:11:46,519 INFO peoplein.stream: decoded loby/20260820-012241.mkv: 1005 frames
2026-08-27 01:11:46,527 INFO __main__: analysis interval completed start=2026-08-20 01:22:41 end=2026-08-20 01:26:02 frames=2010 ticks=1005 entered=7 exited=6 people_inside=1
2026-08-27 01:11:46,529 INFO __main__: summary updated end=2026-08-20 01:26:02
2026-08-27 01:11:46,530 INFO peoplein.stream: download started camera=entrance file=20260820-012602.mkv
2026-08-27 01:12:21,348 INFO peoplein.stream: download completed camera=entrance file=20260820-012602.mkv bytes=31948118 interval=2026-08-20 01:26:02..2026-08-20 01:31:02
2026-08-27 01:12:21,349 INFO peoplein.stream: analysis interval ready start=2026-08-20 01:26:02 end=2026-08-20 01:27:39
2026-08-27 01:12:28,430 INFO peoplein.stream: decoded loby/20260820-012241.mkv: 485 frames
2026-08-27 01:12:28,432 INFO peoplein.stream: decoded entrance/20260820-012602.mkv: 485 frames
2026-08-27 01:12:28,436 INFO __main__: analysis interval completed start=2026-08-20 01:26:02 end=2026-08-20 01:27:39 frames=970 ticks=485 entered=7 exited=6 people_inside=1
2026-08-27 01:12:28,439 INFO __main__: summary updated end=2026-08-20 01:27:39
2026-08-27 01:12:28,439 INFO peoplein.stream: download started camera=loby file=20260820-012740.mkv
2026-08-27 01:12:56,061 INFO peoplein.stream: download completed camera=loby file=20260820-012740.mkv bytes=40775257 interval=2026-08-20 01:27:40..2026-08-20 01:32:40
2026-08-27 01:12:56,062 WARNING peoplein.stream: archive interval skipped start=2026-08-20T01:27:39.000 end=2026-08-20T01:27:40.000 duration_seconds=1.0 reason=camera_archives_do_not_overlap
2026-08-27 01:12:56,062 INFO peoplein.stream: analysis interval ready start=2026-08-20 01:27:40 end=2026-08-20 01:31:02
2026-08-27 01:13:05,583 INFO peoplein.stream: decoded entrance/20260820-012602.mkv: 1010 frames
2026-08-27 01:13:05,584 INFO peoplein.stream: decoded loby/20260820-012740.mkv: 1010 frames
2026-08-27 01:13:05,585 INFO __main__: analysis interval completed start=2026-08-20 01:27:40 end=2026-08-20 01:31:02 frames=2020 ticks=1010 entered=7 exited=6 people_inside=1
2026-08-27 01:13:05,587 INFO __main__: summary updated end=2026-08-20 01:31:02
2026-08-27 01:13:05,588 INFO peoplein.stream: download started camera=entrance file=20260820-013102.mkv
2026-08-27 01:13:41,612 INFO peoplein.stream: download completed camera=entrance file=20260820-013102.mkv bytes=31951131 interval=2026-08-20 01:31:02..2026-08-20 01:36:02
2026-08-27 01:13:41,612 INFO peoplein.stream: analysis interval ready start=2026-08-20 01:31:02 end=2026-08-20 01:32:40
2026-08-27 01:13:48,882 INFO peoplein.stream: decoded entrance/20260820-013102.mkv: 490 frames
2026-08-27 01:13:48,887 INFO peoplein.stream: decoded loby/20260820-012740.mkv: 490 frames
2026-08-27 01:13:48,891 INFO __main__: analysis interval completed start=2026-08-20 01:31:02 end=2026-08-20 01:32:40 frames=980 ticks=490 entered=7 exited=6 people_inside=1
2026-08-27 01:13:48,893 INFO __main__: summary updated end=2026-08-20 01:32:40
2026-08-27 01:13:48,893 INFO peoplein.stream: download started camera=loby file=20260820-013240.mkv
2026-08-27 01:14:28,426 INFO peoplein.stream: download completed camera=loby file=20260820-013240.mkv bytes=40695598 interval=2026-08-20 01:32:40..2026-08-20 01:37:40
2026-08-27 01:14:28,426 INFO peoplein.stream: analysis interval ready start=2026-08-20 01:32:40 end=2026-08-20 01:36:02
2026-08-27 01:14:37,607 INFO peoplein.stream: decoded loby/20260820-013240.mkv: 1010 frames
2026-08-27 01:14:37,608 INFO peoplein.stream: decoded entrance/20260820-013102.mkv: 1010 frames
2026-08-27 01:14:37,616 INFO __main__: analysis interval completed start=2026-08-20 01:32:40 end=2026-08-20 01:36:02 frames=2020 ticks=1010 entered=7 exited=6 people_inside=1
2026-08-27 01:14:37,618 INFO __main__: summary updated end=2026-08-20 01:36:02
2026-08-27 01:14:37,619 INFO peoplein.stream: download started camera=entrance file=20260820-013602.mkv
2026-08-27 01:15:14,927 INFO peoplein.stream: download completed camera=entrance file=20260820-013602.mkv bytes=31948446 interval=2026-08-20 01:36:02..2026-08-20 01:41:02
2026-08-27 01:15:14,927 INFO peoplein.stream: analysis interval ready start=2026-08-20 01:36:02 end=2026-08-20 01:37:40
2026-08-27 01:15:22,191 INFO peoplein.stream: decoded entrance/20260820-013602.mkv: 490 frames
2026-08-27 01:15:22,194 INFO peoplein.stream: decoded loby/20260820-013240.mkv: 490 frames
2026-08-27 01:15:22,199 INFO __main__: analysis interval completed start=2026-08-20 01:36:02 end=2026-08-20 01:37:40 frames=980 ticks=490 entered=7 exited=6 people_inside=1
2026-08-27 01:15:22,202 INFO __main__: summary updated end=2026-08-20 01:37:40
2026-08-27 01:15:22,202 INFO peoplein.stream: download started camera=loby file=20260820-013741.mkv
2026-08-27 01:15:48,626 INFO peoplein.stream: download completed camera=loby file=20260820-013741.mkv bytes=40891382 interval=2026-08-20 01:37:41..2026-08-20 01:42:41
2026-08-27 01:15:48,627 WARNING peoplein.stream: archive interval skipped start=2026-08-20T01:37:40.000 end=2026-08-20T01:37:41.000 duration_seconds=1.0 reason=camera_archives_do_not_overlap
2026-08-27 01:15:48,627 INFO peoplein.stream: analysis interval ready start=2026-08-20 01:37:41 end=2026-08-20 01:41:02
2026-08-27 01:15:57,941 INFO peoplein.stream: decoded loby/20260820-013741.mkv: 1005 frames
2026-08-27 01:15:57,943 INFO peoplein.stream: decoded entrance/20260820-013602.mkv: 1005 frames
2026-08-27 01:15:57,948 INFO __main__: analysis interval completed start=2026-08-20 01:37:41 end=2026-08-20 01:41:02 frames=2010 ticks=1005 entered=7 exited=6 people_inside=1
2026-08-27 01:15:57,951 INFO __main__: summary updated end=2026-08-20 01:41:02
2026-08-27 01:15:57,952 INFO peoplein.stream: download started camera=entrance file=20260820-014102.mkv
2026-08-27 01:16:17,721 INFO peoplein.stream: download completed camera=entrance file=20260820-014102.mkv bytes=31961411 interval=2026-08-20 01:41:02..2026-08-20 01:46:02
2026-08-27 01:16:17,721 INFO peoplein.stream: analysis interval ready start=2026-08-20 01:41:02 end=2026-08-20 01:42:41
2026-08-27 01:16:25,192 INFO peoplein.stream: decoded entrance/20260820-014102.mkv: 495 frames
2026-08-27 01:16:25,193 INFO peoplein.stream: decoded loby/20260820-013741.mkv: 495 frames
2026-08-27 01:16:25,200 INFO __main__: analysis interval completed start=2026-08-20 01:41:02 end=2026-08-20 01:42:41 frames=990 ticks=495 entered=7 exited=6 people_inside=1
2026-08-27 01:16:25,203 INFO __main__: summary updated end=2026-08-20 01:42:41
2026-08-27 01:16:25,203 INFO peoplein.stream: download started camera=loby file=20260820-014241.mkv
2026-08-27 01:17:08,359 INFO peoplein.stream: download completed camera=loby file=20260820-014241.mkv bytes=40792037 interval=2026-08-20 01:42:41..2026-08-20 01:47:39
2026-08-27 01:17:08,359 INFO peoplein.stream: analysis interval ready start=2026-08-20 01:42:41 end=2026-08-20 01:46:02
2026-08-27 01:17:17,472 INFO peoplein.stream: decoded loby/20260820-014241.mkv: 1005 frames
2026-08-27 01:17:17,479 INFO peoplein.stream: decoded entrance/20260820-014102.mkv: 1005 frames
2026-08-27 01:17:17,480 INFO __main__: analysis interval completed start=2026-08-20 01:42:41 end=2026-08-20 01:46:02 frames=2010 ticks=1005 entered=7 exited=6 people_inside=1
2026-08-27 01:17:17,482 INFO __main__: summary updated end=2026-08-20 01:46:02
2026-08-27 01:17:17,483 INFO peoplein.stream: download started camera=entrance file=20260820-014602.mkv
2026-08-27 01:17:44,569 INFO peoplein.stream: download completed camera=entrance file=20260820-014602.mkv bytes=31939775 interval=2026-08-20 01:46:02..2026-08-20 01:51:02
2026-08-27 01:17:44,569 INFO peoplein.stream: analysis interval ready start=2026-08-20 01:46:02 end=2026-08-20 01:47:39
2026-08-27 01:17:51,809 INFO peoplein.stream: decoded loby/20260820-014241.mkv: 485 frames
2026-08-27 01:17:51,811 INFO peoplein.stream: decoded entrance/20260820-014602.mkv: 485 frames
2026-08-27 01:17:51,816 INFO __main__: analysis interval completed start=2026-08-20 01:46:02 end=2026-08-20 01:47:39 frames=970 ticks=485 entered=7 exited=6 people_inside=1
2026-08-27 01:17:51,818 INFO __main__: summary updated end=2026-08-20 01:47:39
2026-08-27 01:17:51,819 INFO peoplein.stream: download started camera=loby file=20260820-014740.mkv
2026-08-27 01:18:19,794 INFO peoplein.stream: download completed camera=loby file=20260820-014740.mkv bytes=41070750 interval=2026-08-20 01:47:40..2026-08-20 01:52:40
2026-08-27 01:18:19,794 WARNING peoplein.stream: archive interval skipped start=2026-08-20T01:47:39.000 end=2026-08-20T01:47:40.000 duration_seconds=1.0 reason=camera_archives_do_not_overlap
2026-08-27 01:18:19,794 INFO peoplein.stream: analysis interval ready start=2026-08-20 01:47:40 end=2026-08-20 01:51:02
2026-08-27 01:18:29,229 INFO peoplein.stream: decoded loby/20260820-014740.mkv: 1010 frames
2026-08-27 01:18:29,235 INFO peoplein.stream: decoded entrance/20260820-014602.mkv: 1010 frames
2026-08-27 01:18:29,236 INFO __main__: analysis interval completed start=2026-08-20 01:47:40 end=2026-08-20 01:51:02 frames=2020 ticks=1010 entered=7 exited=6 people_inside=1
2026-08-27 01:18:29,239 INFO __main__: summary updated end=2026-08-20 01:51:02
2026-08-27 01:18:29,239 INFO peoplein.stream: download started camera=entrance file=20260820-015102.mkv
2026-08-27 01:18:47,791 INFO peoplein.stream: download completed camera=entrance file=20260820-015102.mkv bytes=31955970 interval=2026-08-20 01:51:02..2026-08-20 01:56:02
2026-08-27 01:18:47,791 INFO peoplein.stream: analysis interval ready start=2026-08-20 01:51:02 end=2026-08-20 01:52:40
2026-08-27 01:18:55,033 INFO peoplein.stream: decoded entrance/20260820-015102.mkv: 490 frames
2026-08-27 01:18:55,041 INFO peoplein.stream: decoded loby/20260820-014740.mkv: 490 frames
2026-08-27 01:18:55,043 INFO __main__: analysis interval completed start=2026-08-20 01:51:02 end=2026-08-20 01:52:40 frames=980 ticks=490 entered=7 exited=6 people_inside=1
2026-08-27 01:18:55,046 INFO __main__: summary updated end=2026-08-20 01:52:40
2026-08-27 01:18:55,046 INFO peoplein.stream: download started camera=loby file=20260820-015240.mkv
2026-08-27 01:19:32,038 INFO peoplein.stream: download completed camera=loby file=20260820-015240.mkv bytes=40984477 interval=2026-08-20 01:52:40..2026-08-20 01:57:40
2026-08-27 01:19:32,038 INFO peoplein.stream: analysis interval ready start=2026-08-20 01:52:40 end=2026-08-20 01:56:02
2026-08-27 01:19:41,248 INFO peoplein.stream: decoded entrance/20260820-015102.mkv: 1010 frames
2026-08-27 01:19:41,251 INFO peoplein.stream: decoded loby/20260820-015240.mkv: 1010 frames
2026-08-27 01:19:41,257 INFO __main__: analysis interval completed start=2026-08-20 01:52:40 end=2026-08-20 01:56:02 frames=2020 ticks=1010 entered=7 exited=6 people_inside=1
2026-08-27 01:19:41,259 INFO __main__: summary updated end=2026-08-20 01:56:02
2026-08-27 01:19:41,260 INFO peoplein.stream: download started camera=entrance file=20260820-015602.mkv
2026-08-27 01:20:08,091 INFO peoplein.stream: download completed camera=entrance file=20260820-015602.mkv bytes=31952153 interval=2026-08-20 01:56:02..2026-08-20 02:01:02
2026-08-27 01:20:08,092 INFO peoplein.stream: analysis interval ready start=2026-08-20 01:56:02 end=2026-08-20 01:57:40
2026-08-27 01:20:15,470 INFO peoplein.stream: decoded entrance/20260820-015602.mkv: 490 frames
2026-08-27 01:20:15,482 INFO peoplein.stream: decoded loby/20260820-015240.mkv: 490 frames
2026-08-27 01:20:15,483 INFO __main__: analysis interval completed start=2026-08-20 01:56:02 end=2026-08-20 01:57:40 frames=980 ticks=490 entered=7 exited=6 people_inside=1
2026-08-27 01:20:15,485 INFO __main__: summary updated end=2026-08-20 01:57:40
2026-08-27 01:20:15,486 INFO peoplein.stream: download started camera=loby file=20260820-015741.mkv
2026-08-27 01:21:55,648 INFO peoplein.stream: download completed camera=loby file=20260820-015741.mkv bytes=40732719 interval=2026-08-20 01:57:41..2026-08-20 02:02:41
2026-08-27 01:21:55,648 WARNING peoplein.stream: archive interval skipped start=2026-08-20T01:57:40.000 end=2026-08-20T01:57:41.000 duration_seconds=1.0 reason=camera_archives_do_not_overlap
2026-08-27 01:21:55,648 INFO peoplein.stream: analysis interval ready start=2026-08-20 01:57:41 end=2026-08-20 02:01:02
2026-08-27 01:22:04,931 INFO peoplein.stream: decoded loby/20260820-015741.mkv: 1005 frames
2026-08-27 01:22:04,934 INFO peoplein.stream: decoded entrance/20260820-015602.mkv: 1005 frames
2026-08-27 01:22:04,937 INFO __main__: analysis interval completed start=2026-08-20 01:57:41 end=2026-08-20 02:01:02 frames=2010 ticks=1005 entered=7 exited=6 people_inside=1
2026-08-27 01:22:04,939 INFO __main__: summary updated end=2026-08-20 02:01:02
2026-08-27 01:22:04,940 INFO peoplein.stream: download started camera=entrance file=20260820-020102.mkv
2026-08-27 01:22:29,660 INFO peoplein.stream: download completed camera=entrance file=20260820-020102.mkv bytes=31942483 interval=2026-08-20 02:01:02..2026-08-20 02:06:02
2026-08-27 01:22:29,660 INFO peoplein.stream: analysis interval ready start=2026-08-20 02:01:02 end=2026-08-20 02:02:41
2026-08-27 01:22:37,050 INFO peoplein.stream: decoded loby/20260820-015741.mkv: 495 frames
2026-08-27 01:22:37,051 INFO peoplein.stream: decoded entrance/20260820-020102.mkv: 495 frames
2026-08-27 01:22:37,059 INFO __main__: analysis interval completed start=2026-08-20 02:01:02 end=2026-08-20 02:02:41 frames=990 ticks=495 entered=7 exited=6 people_inside=1
2026-08-27 01:22:37,062 INFO __main__: summary updated end=2026-08-20 02:02:41
2026-08-27 01:22:37,062 INFO peoplein.stream: download started camera=loby file=20260820-020241.mkv
2026-08-27 01:23:15,598 INFO peoplein.stream: download completed camera=loby file=20260820-020241.mkv bytes=40379942 interval=2026-08-20 02:02:41..2026-08-20 02:07:39
2026-08-27 01:23:15,598 INFO peoplein.stream: analysis interval ready start=2026-08-20 02:02:41 end=2026-08-20 02:06:02
2026-08-27 01:23:24,929 INFO peoplein.stream: decoded entrance/20260820-020102.mkv: 1005 frames
2026-08-27 01:23:24,931 INFO peoplein.stream: decoded loby/20260820-020241.mkv: 1005 frames
2026-08-27 01:23:24,935 INFO __main__: analysis interval completed start=2026-08-20 02:02:41 end=2026-08-20 02:06:02 frames=2010 ticks=1005 entered=7 exited=6 people_inside=1
2026-08-27 01:23:24,937 INFO __main__: summary updated end=2026-08-20 02:06:02
2026-08-27 01:23:24,938 INFO peoplein.stream: download started camera=entrance file=20260820-020602.mkv
2026-08-27 01:24:10,681 INFO peoplein.stream: download completed camera=entrance file=20260820-020602.mkv bytes=31945678 interval=2026-08-20 02:06:02..2026-08-20 02:11:02
2026-08-27 01:24:10,681 INFO peoplein.stream: analysis interval ready start=2026-08-20 02:06:02 end=2026-08-20 02:07:39
2026-08-27 01:24:17,827 INFO peoplein.stream: decoded loby/20260820-020241.mkv: 485 frames
2026-08-27 01:24:17,834 INFO peoplein.stream: decoded entrance/20260820-020602.mkv: 485 frames
2026-08-27 01:24:17,836 INFO __main__: analysis interval completed start=2026-08-20 02:06:02 end=2026-08-20 02:07:39 frames=970 ticks=485 entered=7 exited=6 people_inside=1
2026-08-27 01:24:17,838 INFO __main__: summary updated end=2026-08-20 02:07:39
2026-08-27 01:24:17,839 INFO peoplein.stream: download started camera=loby file=20260820-020740.mkv
2026-08-27 01:24:56,556 INFO peoplein.stream: download completed camera=loby file=20260820-020740.mkv bytes=40553204 interval=2026-08-20 02:07:40..2026-08-20 02:12:40
2026-08-27 01:24:56,556 WARNING peoplein.stream: archive interval skipped start=2026-08-20T02:07:39.000 end=2026-08-20T02:07:40.000 duration_seconds=1.0 reason=camera_archives_do_not_overlap
2026-08-27 01:24:56,557 INFO peoplein.stream: analysis interval ready start=2026-08-20 02:07:40 end=2026-08-20 02:11:02
2026-08-27 01:25:06,019 INFO peoplein.stream: decoded entrance/20260820-020602.mkv: 1010 frames
2026-08-27 01:25:06,022 INFO peoplein.stream: decoded loby/20260820-020740.mkv: 1010 frames
2026-08-27 01:25:06,025 INFO __main__: analysis interval completed start=2026-08-20 02:07:40 end=2026-08-20 02:11:02 frames=2020 ticks=1010 entered=7 exited=6 people_inside=1
2026-08-27 01:25:06,028 INFO __main__: summary updated end=2026-08-20 02:11:02
2026-08-27 01:25:06,028 INFO peoplein.stream: download started camera=entrance file=20260820-021102.mkv
2026-08-27 01:25:30,550 INFO peoplein.stream: download completed camera=entrance file=20260820-021102.mkv bytes=31956122 interval=2026-08-20 02:11:02..2026-08-20 02:16:02
2026-08-27 01:25:30,550 INFO peoplein.stream: analysis interval ready start=2026-08-20 02:11:02 end=2026-08-20 02:12:40
2026-08-27 01:25:37,752 INFO peoplein.stream: decoded loby/20260820-020740.mkv: 490 frames
2026-08-27 01:25:37,755 INFO peoplein.stream: decoded entrance/20260820-021102.mkv: 490 frames
2026-08-27 01:25:37,755 INFO __main__: analysis interval completed start=2026-08-20 02:11:02 end=2026-08-20 02:12:40 frames=980 ticks=490 entered=7 exited=6 people_inside=1
2026-08-27 01:25:37,757 INFO __main__: summary updated end=2026-08-20 02:12:40
2026-08-27 01:25:37,758 INFO peoplein.stream: download started camera=loby file=20260820-021240.mkv
2026-08-27 01:26:07,422 INFO peoplein.stream: download completed camera=loby file=20260820-021240.mkv bytes=40417910 interval=2026-08-20 02:12:40..2026-08-20 02:17:40
2026-08-27 01:26:07,423 INFO peoplein.stream: analysis interval ready start=2026-08-20 02:12:40 end=2026-08-20 02:16:02
2026-08-27 01:26:16,822 INFO peoplein.stream: decoded entrance/20260820-021102.mkv: 1010 frames
2026-08-27 01:26:16,822 INFO peoplein.stream: decoded loby/20260820-021240.mkv: 1010 frames
2026-08-27 01:26:16,829 INFO __main__: analysis interval completed start=2026-08-20 02:12:40 end=2026-08-20 02:16:02 frames=2020 ticks=1010 entered=7 exited=6 people_inside=1
2026-08-27 01:26:16,832 INFO __main__: summary updated end=2026-08-20 02:16:02
2026-08-27 01:26:16,832 INFO peoplein.stream: download started camera=entrance file=20260820-021602.mkv
2026-08-27 01:26:56,018 INFO peoplein.stream: download completed camera=entrance file=20260820-021602.mkv bytes=31938298 interval=2026-08-20 02:16:02..2026-08-20 02:21:02
2026-08-27 01:26:56,018 INFO peoplein.stream: analysis interval ready start=2026-08-20 02:16:02 end=2026-08-20 02:17:40
2026-08-27 01:27:03,259 INFO peoplein.stream: decoded loby/20260820-021240.mkv: 490 frames
2026-08-27 01:27:03,259 INFO peoplein.stream: decoded entrance/20260820-021602.mkv: 490 frames
2026-08-27 01:27:03,262 INFO __main__: analysis interval completed start=2026-08-20 02:16:02 end=2026-08-20 02:17:40 frames=980 ticks=490 entered=7 exited=6 people_inside=1
2026-08-27 01:27:03,264 INFO __main__: summary updated end=2026-08-20 02:17:40
2026-08-27 01:27:03,264 INFO peoplein.stream: download started camera=loby file=20260820-021741.mkv
2026-08-27 01:28:21,969 INFO peoplein.stream: download completed camera=loby file=20260820-021741.mkv bytes=40367159 interval=2026-08-20 02:17:41..2026-08-20 02:22:41
2026-08-27 01:28:21,971 WARNING peoplein.stream: archive interval skipped start=2026-08-20T02:17:40.000 end=2026-08-20T02:17:41.000 duration_seconds=1.0 reason=camera_archives_do_not_overlap
2026-08-27 01:28:21,971 INFO peoplein.stream: analysis interval ready start=2026-08-20 02:17:41 end=2026-08-20 02:21:02
2026-08-27 01:28:30,953 INFO peoplein.stream: decoded entrance/20260820-021602.mkv: 1005 frames
2026-08-27 01:28:30,956 INFO peoplein.stream: decoded loby/20260820-021741.mkv: 1005 frames
2026-08-27 01:28:30,960 INFO __main__: analysis interval completed start=2026-08-20 02:17:41 end=2026-08-20 02:21:02 frames=2010 ticks=1005 entered=7 exited=6 people_inside=1
2026-08-27 01:28:30,963 INFO __main__: summary updated end=2026-08-20 02:21:02
2026-08-27 01:28:30,964 INFO peoplein.stream: download started camera=entrance file=20260820-022102.mkv
2026-08-27 01:29:00,861 INFO peoplein.stream: download completed camera=entrance file=20260820-022102.mkv bytes=31949461 interval=2026-08-20 02:21:02..2026-08-20 02:26:02
2026-08-27 01:29:00,861 INFO peoplein.stream: analysis interval ready start=2026-08-20 02:21:02 end=2026-08-20 02:22:41
2026-08-27 01:29:08,118 INFO peoplein.stream: decoded loby/20260820-021741.mkv: 495 frames
2026-08-27 01:29:08,121 INFO peoplein.stream: decoded entrance/20260820-022102.mkv: 495 frames
2026-08-27 01:29:08,126 INFO __main__: analysis interval completed start=2026-08-20 02:21:02 end=2026-08-20 02:22:41 frames=990 ticks=495 entered=7 exited=6 people_inside=1
2026-08-27 01:29:08,128 INFO __main__: summary updated end=2026-08-20 02:22:41
2026-08-27 01:29:08,129 INFO peoplein.stream: download started camera=loby file=20260820-022241.mkv
2026-08-27 01:29:27,368 INFO peoplein.stream: download completed camera=loby file=20260820-022241.mkv bytes=40121432 interval=2026-08-20 02:22:41..2026-08-20 02:27:39
2026-08-27 01:29:27,368 INFO peoplein.stream: analysis interval ready start=2026-08-20 02:22:41 end=2026-08-20 02:26:02
2026-08-27 01:29:36,525 INFO peoplein.stream: decoded loby/20260820-022241.mkv: 1005 frames
2026-08-27 01:29:36,528 INFO peoplein.stream: decoded entrance/20260820-022102.mkv: 1005 frames
2026-08-27 01:29:36,529 INFO __main__: analysis interval completed start=2026-08-20 02:22:41 end=2026-08-20 02:26:02 frames=2010 ticks=1005 entered=7 exited=6 people_inside=1
2026-08-27 01:29:36,532 INFO __main__: summary updated end=2026-08-20 02:26:02
2026-08-27 01:29:36,532 INFO peoplein.stream: download started camera=entrance file=20260820-022602.mkv
2026-08-27 01:30:01,975 INFO peoplein.stream: download completed camera=entrance file=20260820-022602.mkv bytes=31945447 interval=2026-08-20 02:26:02..2026-08-20 02:31:02
2026-08-27 01:30:01,976 INFO peoplein.stream: analysis interval ready start=2026-08-20 02:26:02 end=2026-08-20 02:27:39
2026-08-27 01:30:09,113 INFO peoplein.stream: decoded loby/20260820-022241.mkv: 485 frames
2026-08-27 01:30:09,116 INFO peoplein.stream: decoded entrance/20260820-022602.mkv: 485 frames
2026-08-27 01:30:09,121 INFO __main__: analysis interval completed start=2026-08-20 02:26:02 end=2026-08-20 02:27:39 frames=970 ticks=485 entered=7 exited=6 people_inside=1
2026-08-27 01:30:09,123 INFO __main__: summary updated end=2026-08-20 02:27:39
2026-08-27 01:30:09,124 INFO peoplein.stream: download started camera=loby file=20260820-022740.mkv
2026-08-27 01:30:52,274 INFO peoplein.stream: download completed camera=loby file=20260820-022740.mkv bytes=40351179 interval=2026-08-20 02:27:40..2026-08-20 02:32:40
2026-08-27 01:30:52,274 WARNING peoplein.stream: archive interval skipped start=2026-08-20T02:27:39.000 end=2026-08-20T02:27:40.000 duration_seconds=1.0 reason=camera_archives_do_not_overlap
2026-08-27 01:30:52,274 INFO peoplein.stream: analysis interval ready start=2026-08-20 02:27:40 end=2026-08-20 02:31:02
2026-08-27 01:31:01,418 INFO peoplein.stream: decoded entrance/20260820-022602.mkv: 1010 frames
2026-08-27 01:31:01,421 INFO peoplein.stream: decoded loby/20260820-022740.mkv: 1010 frames
2026-08-27 01:31:01,424 INFO __main__: analysis interval completed start=2026-08-20 02:27:40 end=2026-08-20 02:31:02 frames=2020 ticks=1010 entered=7 exited=6 people_inside=1
2026-08-27 01:31:01,426 INFO __main__: summary updated end=2026-08-20 02:31:02
2026-08-27 01:31:01,427 INFO peoplein.stream: download started camera=entrance file=20260820-023102.mkv
2026-08-27 01:31:34,564 INFO peoplein.stream: download completed camera=entrance file=20260820-023102.mkv bytes=31958813 interval=2026-08-20 02:31:02..2026-08-20 02:36:02
2026-08-27 01:31:34,564 INFO peoplein.stream: analysis interval ready start=2026-08-20 02:31:02 end=2026-08-20 02:32:40
2026-08-27 01:31:41,805 INFO peoplein.stream: decoded loby/20260820-022740.mkv: 490 frames
2026-08-27 01:31:41,805 INFO peoplein.stream: decoded entrance/20260820-023102.mkv: 490 frames
2026-08-27 01:31:41,812 INFO __main__: analysis interval completed start=2026-08-20 02:31:02 end=2026-08-20 02:32:40 frames=980 ticks=490 entered=7 exited=6 people_inside=1
2026-08-27 01:31:41,814 INFO __main__: summary updated end=2026-08-20 02:32:40
2026-08-27 01:31:41,815 INFO peoplein.stream: download started camera=loby file=20260820-023240.mkv
2026-08-27 01:32:18,454 INFO peoplein.stream: download completed camera=loby file=20260820-023240.mkv bytes=40392481 interval=2026-08-20 02:32:40..2026-08-20 02:37:40
2026-08-27 01:32:18,454 INFO peoplein.stream: analysis interval ready start=2026-08-20 02:32:40 end=2026-08-20 02:36:02
2026-08-27 01:32:27,637 INFO peoplein.stream: decoded loby/20260820-023240.mkv: 1010 frames
2026-08-27 01:32:27,640 INFO peoplein.stream: decoded entrance/20260820-023102.mkv: 1010 frames
2026-08-27 01:32:27,644 INFO __main__: analysis interval completed start=2026-08-20 02:32:40 end=2026-08-20 02:36:02 frames=2020 ticks=1010 entered=7 exited=6 people_inside=1
2026-08-27 01:32:27,647 INFO __main__: summary updated end=2026-08-20 02:36:02
2026-08-27 01:32:27,647 INFO peoplein.stream: download started camera=entrance file=20260820-023602.mkv
2026-08-27 01:33:36,638 INFO peoplein.stream: download completed camera=entrance file=20260820-023602.mkv bytes=31948127 interval=2026-08-20 02:36:02..2026-08-20 02:41:02
2026-08-27 01:33:36,638 INFO peoplein.stream: analysis interval ready start=2026-08-20 02:36:02 end=2026-08-20 02:37:40
2026-08-27 01:33:43,911 INFO peoplein.stream: decoded loby/20260820-023240.mkv: 490 frames
2026-08-27 01:33:43,914 INFO peoplein.stream: decoded entrance/20260820-023602.mkv: 490 frames
2026-08-27 01:33:43,917 INFO __main__: analysis interval completed start=2026-08-20 02:36:02 end=2026-08-20 02:37:40 frames=980 ticks=490 entered=7 exited=6 people_inside=1
2026-08-27 01:33:43,920 INFO __main__: summary updated end=2026-08-20 02:37:40
2026-08-27 01:33:43,920 INFO peoplein.stream: download started camera=loby file=20260820-023741.mkv
2026-08-27 01:34:29,175 INFO peoplein.stream: download completed camera=loby file=20260820-023741.mkv bytes=40363722 interval=2026-08-20 02:37:41..2026-08-20 02:42:41
2026-08-27 01:34:29,175 WARNING peoplein.stream: archive interval skipped start=2026-08-20T02:37:40.000 end=2026-08-20T02:37:41.000 duration_seconds=1.0 reason=camera_archives_do_not_overlap
2026-08-27 01:34:29,175 INFO peoplein.stream: analysis interval ready start=2026-08-20 02:37:41 end=2026-08-20 02:41:02
2026-08-27 01:34:38,617 INFO peoplein.stream: decoded loby/20260820-023741.mkv: 1005 frames
2026-08-27 01:34:38,622 INFO peoplein.stream: decoded entrance/20260820-023602.mkv: 1005 frames
2026-08-27 01:34:38,623 INFO __main__: analysis interval completed start=2026-08-20 02:37:41 end=2026-08-20 02:41:02 frames=2010 ticks=1005 entered=7 exited=6 people_inside=1
2026-08-27 01:34:38,625 INFO __main__: summary updated end=2026-08-20 02:41:02
2026-08-27 01:34:38,626 INFO peoplein.stream: download started camera=entrance file=20260820-024102.mkv
2026-08-27 01:35:31,143 INFO peoplein.stream: download completed camera=entrance file=20260820-024102.mkv bytes=31938443 interval=2026-08-20 02:41:02..2026-08-20 02:46:02
2026-08-27 01:35:31,143 INFO peoplein.stream: analysis interval ready start=2026-08-20 02:41:02 end=2026-08-20 02:42:41
2026-08-27 01:35:38,341 INFO peoplein.stream: decoded loby/20260820-023741.mkv: 495 frames
2026-08-27 01:35:38,341 INFO peoplein.stream: decoded entrance/20260820-024102.mkv: 495 frames
2026-08-27 01:35:38,347 INFO __main__: analysis interval completed start=2026-08-20 02:41:02 end=2026-08-20 02:42:41 frames=990 ticks=495 entered=7 exited=6 people_inside=1
2026-08-27 01:35:38,349 INFO __main__: summary updated end=2026-08-20 02:42:41
2026-08-27 01:35:38,350 INFO peoplein.stream: download started camera=loby file=20260820-024241.mkv
2026-08-27 01:36:09,535 INFO peoplein.stream: download completed camera=loby file=20260820-024241.mkv bytes=40083894 interval=2026-08-20 02:42:41..2026-08-20 02:47:39
2026-08-27 01:36:09,536 INFO peoplein.stream: analysis interval ready start=2026-08-20 02:42:41 end=2026-08-20 02:46:02
2026-08-27 01:36:18,748 INFO peoplein.stream: decoded entrance/20260820-024102.mkv: 1005 frames
2026-08-27 01:36:18,754 INFO peoplein.stream: decoded loby/20260820-024241.mkv: 1005 frames
2026-08-27 01:36:18,757 INFO __main__: analysis interval completed start=2026-08-20 02:42:41 end=2026-08-20 02:46:02 frames=2010 ticks=1005 entered=7 exited=6 people_inside=1
2026-08-27 01:36:18,759 INFO __main__: summary updated end=2026-08-20 02:46:02
2026-08-27 01:36:18,760 INFO peoplein.stream: download started camera=entrance file=20260820-024602.mkv
2026-08-27 01:36:42,804 INFO peoplein.stream: download completed camera=entrance file=20260820-024602.mkv bytes=31954892 interval=2026-08-20 02:46:02..2026-08-20 02:51:02
2026-08-27 01:36:42,804 INFO peoplein.stream: analysis interval ready start=2026-08-20 02:46:02 end=2026-08-20 02:47:39
2026-08-27 01:36:49,876 INFO peoplein.stream: decoded entrance/20260820-024602.mkv: 485 frames
2026-08-27 01:36:49,876 INFO peoplein.stream: decoded loby/20260820-024241.mkv: 485 frames
2026-08-27 01:36:49,880 INFO __main__: analysis interval completed start=2026-08-20 02:46:02 end=2026-08-20 02:47:39 frames=970 ticks=485 entered=7 exited=6 people_inside=1
2026-08-27 01:36:49,883 INFO __main__: summary updated end=2026-08-20 02:47:39
2026-08-27 01:36:49,884 INFO peoplein.stream: download started camera=loby file=20260820-024740.mkv
2026-08-27 01:37:24,229 INFO peoplein.stream: download completed camera=loby file=20260820-024740.mkv bytes=40336974 interval=2026-08-20 02:47:40..2026-08-20 02:52:40
2026-08-27 01:37:24,229 WARNING peoplein.stream: archive interval skipped start=2026-08-20T02:47:39.000 end=2026-08-20T02:47:40.000 duration_seconds=1.0 reason=camera_archives_do_not_overlap
2026-08-27 01:37:24,230 INFO peoplein.stream: analysis interval ready start=2026-08-20 02:47:40 end=2026-08-20 02:51:02
2026-08-27 01:37:33,553 INFO peoplein.stream: decoded loby/20260820-024740.mkv: 1010 frames
2026-08-27 01:37:33,562 INFO peoplein.stream: decoded entrance/20260820-024602.mkv: 1010 frames
2026-08-27 01:37:33,563 INFO __main__: analysis interval completed start=2026-08-20 02:47:40 end=2026-08-20 02:51:02 frames=2020 ticks=1010 entered=7 exited=6 people_inside=1
2026-08-27 01:37:33,566 INFO __main__: summary updated end=2026-08-20 02:51:02
2026-08-27 01:37:33,567 INFO peoplein.stream: download started camera=entrance file=20260820-025102.mkv
2026-08-27 01:38:03,215 INFO peoplein.stream: download completed camera=entrance file=20260820-025102.mkv bytes=31949410 interval=2026-08-20 02:51:02..2026-08-20 02:56:02
2026-08-27 01:38:03,215 INFO peoplein.stream: analysis interval ready start=2026-08-20 02:51:02 end=2026-08-20 02:52:40
2026-08-27 01:38:10,331 INFO peoplein.stream: decoded entrance/20260820-025102.mkv: 490 frames
2026-08-27 01:38:10,334 INFO peoplein.stream: decoded loby/20260820-024740.mkv: 490 frames
2026-08-27 01:38:10,339 INFO __main__: analysis interval completed start=2026-08-20 02:51:02 end=2026-08-20 02:52:40 frames=980 ticks=490 entered=7 exited=6 people_inside=1
2026-08-27 01:38:10,341 INFO __main__: summary updated end=2026-08-20 02:52:40
2026-08-27 01:38:10,342 INFO peoplein.stream: download started camera=loby file=20260820-025240.mkv
2026-08-27 01:38:53,704 INFO peoplein.stream: download completed camera=loby file=20260820-025240.mkv bytes=40288319 interval=2026-08-20 02:52:40..2026-08-20 02:57:40
2026-08-27 01:38:53,704 INFO peoplein.stream: analysis interval ready start=2026-08-20 02:52:40 end=2026-08-20 02:56:02
2026-08-27 01:39:03,057 INFO peoplein.stream: decoded entrance/20260820-025102.mkv: 1010 frames
2026-08-27 01:39:03,060 INFO peoplein.stream: decoded loby/20260820-025240.mkv: 1010 frames
2026-08-27 01:39:03,066 INFO __main__: analysis interval completed start=2026-08-20 02:52:40 end=2026-08-20 02:56:02 frames=2020 ticks=1010 entered=7 exited=6 people_inside=1
2026-08-27 01:39:03,068 INFO __main__: summary updated end=2026-08-20 02:56:02
2026-08-27 01:39:03,069 INFO peoplein.stream: download started camera=entrance file=20260820-025602.mkv
2026-08-27 01:39:53,906 INFO peoplein.stream: download completed camera=entrance file=20260820-025602.mkv bytes=31940772 interval=2026-08-20 02:56:02..2026-08-20 03:01:02
2026-08-27 01:39:53,906 INFO peoplein.stream: analysis interval ready start=2026-08-20 02:56:02 end=2026-08-20 02:57:40
2026-08-27 01:40:01,108 INFO peoplein.stream: decoded entrance/20260820-025602.mkv: 490 frames
2026-08-27 01:40:01,110 INFO peoplein.stream: decoded loby/20260820-025240.mkv: 490 frames
2026-08-27 01:40:01,114 INFO __main__: analysis interval completed start=2026-08-20 02:56:02 end=2026-08-20 02:57:40 frames=980 ticks=490 entered=7 exited=6 people_inside=1
2026-08-27 01:40:01,116 INFO __main__: summary updated end=2026-08-20 02:57:40
2026-08-27 01:40:01,117 INFO peoplein.stream: download started camera=loby file=20260820-025741.mkv
2026-08-27 01:41:26,508 INFO peoplein.stream: download completed camera=loby file=20260820-025741.mkv bytes=40276793 interval=2026-08-20 02:57:41..2026-08-20 03:02:41
2026-08-27 01:41:26,512 WARNING peoplein.stream: archive interval skipped start=2026-08-20T02:57:40.000 end=2026-08-20T02:57:41.000 duration_seconds=1.0 reason=camera_archives_do_not_overlap
2026-08-27 01:41:26,512 INFO peoplein.stream: analysis interval ready start=2026-08-20 02:57:41 end=2026-08-20 03:01:02
2026-08-27 01:41:35,674 INFO peoplein.stream: decoded entrance/20260820-025602.mkv: 1005 frames
2026-08-27 01:41:35,684 INFO peoplein.stream: decoded loby/20260820-025741.mkv: 1005 frames
2026-08-27 01:41:35,685 INFO __main__: analysis interval completed start=2026-08-20 02:57:41 end=2026-08-20 03:01:02 frames=2010 ticks=1005 entered=7 exited=6 people_inside=1
2026-08-27 01:41:35,688 INFO __main__: summary updated end=2026-08-20 03:01:02
2026-08-27 01:41:35,688 INFO peoplein.stream: download started camera=entrance file=20260820-030102.mkv
2026-08-27 01:42:09,158 INFO peoplein.stream: download completed camera=entrance file=20260820-030102.mkv bytes=31952275 interval=2026-08-20 03:01:02..2026-08-20 03:06:02
2026-08-27 01:42:09,159 INFO peoplein.stream: analysis interval ready start=2026-08-20 03:01:02 end=2026-08-20 03:02:41
2026-08-27 01:42:16,435 INFO peoplein.stream: decoded entrance/20260820-030102.mkv: 495 frames
2026-08-27 01:42:16,441 INFO peoplein.stream: decoded loby/20260820-025741.mkv: 495 frames
2026-08-27 01:42:16,445 INFO __main__: analysis interval completed start=2026-08-20 03:01:02 end=2026-08-20 03:02:41 frames=990 ticks=495 entered=7 exited=6 people_inside=1
2026-08-27 01:42:16,448 INFO __main__: summary updated end=2026-08-20 03:02:41
2026-08-27 01:42:16,449 INFO peoplein.stream: download started camera=loby file=20260820-030241.mkv
2026-08-27 01:42:51,493 INFO peoplein.stream: download completed camera=loby file=20260820-030241.mkv bytes=40035519 interval=2026-08-20 03:02:41..2026-08-20 03:07:39
2026-08-27 01:42:51,494 INFO peoplein.stream: analysis interval ready start=2026-08-20 03:02:41 end=2026-08-20 03:06:02
2026-08-27 01:43:00,612 INFO peoplein.stream: decoded entrance/20260820-030102.mkv: 1005 frames
2026-08-27 01:43:00,616 INFO peoplein.stream: decoded loby/20260820-030241.mkv: 1005 frames
2026-08-27 01:43:00,619 INFO __main__: analysis interval completed start=2026-08-20 03:02:41 end=2026-08-20 03:06:02 frames=2010 ticks=1005 entered=7 exited=6 people_inside=1
2026-08-27 01:43:00,622 INFO __main__: summary updated end=2026-08-20 03:06:02
2026-08-27 01:43:00,622 INFO peoplein.stream: download started camera=entrance file=20260820-030602.mkv
2026-08-27 01:43:56,857 INFO peoplein.stream: download completed camera=entrance file=20260820-030602.mkv bytes=31951505 interval=2026-08-20 03:06:02..2026-08-20 03:11:02
2026-08-27 01:43:56,858 INFO peoplein.stream: analysis interval ready start=2026-08-20 03:06:02 end=2026-08-20 03:07:39
2026-08-27 01:44:04,070 INFO peoplein.stream: decoded entrance/20260820-030602.mkv: 485 frames
2026-08-27 01:44:04,073 INFO peoplein.stream: decoded loby/20260820-030241.mkv: 485 frames
2026-08-27 01:44:04,077 INFO __main__: analysis interval completed start=2026-08-20 03:06:02 end=2026-08-20 03:07:39 frames=970 ticks=485 entered=7 exited=6 people_inside=1
2026-08-27 01:44:04,080 INFO __main__: summary updated end=2026-08-20 03:07:39
2026-08-27 01:44:04,080 INFO peoplein.stream: download started camera=loby file=20260820-030740.mkv
2026-08-27 01:46:07,716 INFO peoplein.stream: download completed camera=loby file=20260820-030740.mkv bytes=40270468 interval=2026-08-20 03:07:40..2026-08-20 03:12:40
2026-08-27 01:46:07,716 WARNING peoplein.stream: archive interval skipped start=2026-08-20T03:07:39.000 end=2026-08-20T03:07:40.000 duration_seconds=1.0 reason=camera_archives_do_not_overlap
2026-08-27 01:46:07,717 INFO peoplein.stream: analysis interval ready start=2026-08-20 03:07:40 end=2026-08-20 03:11:02
2026-08-27 01:46:16,970 INFO peoplein.stream: decoded loby/20260820-030740.mkv: 1010 frames
2026-08-27 01:46:16,974 INFO peoplein.stream: decoded entrance/20260820-030602.mkv: 1010 frames
2026-08-27 01:46:16,981 INFO __main__: analysis interval completed start=2026-08-20 03:07:40 end=2026-08-20 03:11:02 frames=2020 ticks=1010 entered=7 exited=6 people_inside=1
2026-08-27 01:46:16,983 INFO __main__: summary updated end=2026-08-20 03:11:02
2026-08-27 01:46:16,984 INFO peoplein.stream: download started camera=entrance file=20260820-031102.mkv
2026-08-27 01:46:59,301 INFO peoplein.stream: download completed camera=entrance file=20260820-031102.mkv bytes=31944996 interval=2026-08-20 03:11:02..2026-08-20 03:16:02
2026-08-27 01:46:59,301 INFO peoplein.stream: analysis interval ready start=2026-08-20 03:11:02 end=2026-08-20 03:12:40
2026-08-27 01:47:06,535 INFO peoplein.stream: decoded loby/20260820-030740.mkv: 490 frames
2026-08-27 01:47:06,535 INFO peoplein.stream: decoded entrance/20260820-031102.mkv: 490 frames
2026-08-27 01:47:06,539 INFO __main__: analysis interval completed start=2026-08-20 03:11:02 end=2026-08-20 03:12:40 frames=980 ticks=490 entered=7 exited=6 people_inside=1
2026-08-27 01:47:06,542 INFO __main__: summary updated end=2026-08-20 03:12:40
2026-08-27 01:47:06,542 INFO peoplein.stream: download started camera=loby file=20260820-031240.mkv
2026-08-27 01:47:37,427 INFO peoplein.stream: download completed camera=loby file=20260820-031240.mkv bytes=40152074 interval=2026-08-20 03:12:40..2026-08-20 03:17:40
2026-08-27 01:47:37,428 INFO peoplein.stream: analysis interval ready start=2026-08-20 03:12:40 end=2026-08-20 03:16:02
2026-08-27 01:47:46,827 INFO peoplein.stream: decoded entrance/20260820-031102.mkv: 1010 frames
2026-08-27 01:47:46,830 INFO peoplein.stream: decoded loby/20260820-031240.mkv: 1010 frames
2026-08-27 01:47:46,832 INFO __main__: analysis interval completed start=2026-08-20 03:12:40 end=2026-08-20 03:16:02 frames=2020 ticks=1010 entered=7 exited=6 people_inside=1
2026-08-27 01:47:46,835 INFO __main__: summary updated end=2026-08-20 03:16:02
2026-08-27 01:47:46,835 INFO peoplein.stream: download started camera=entrance file=20260820-031602.mkv
2026-08-27 01:48:20,478 INFO peoplein.stream: download completed camera=entrance file=20260820-031602.mkv bytes=31925278 interval=2026-08-20 03:16:02..2026-08-20 03:21:02
2026-08-27 01:48:20,478 INFO peoplein.stream: analysis interval ready start=2026-08-20 03:16:02 end=2026-08-20 03:17:40
2026-08-27 01:48:27,818 INFO peoplein.stream: decoded entrance/20260820-031602.mkv: 490 frames
2026-08-27 01:48:27,824 INFO peoplein.stream: decoded loby/20260820-031240.mkv: 490 frames
2026-08-27 01:48:27,826 INFO __main__: analysis interval completed start=2026-08-20 03:16:02 end=2026-08-20 03:17:40 frames=980 ticks=490 entered=7 exited=6 people_inside=1
2026-08-27 01:48:27,828 INFO __main__: summary updated end=2026-08-20 03:17:40
2026-08-27 01:48:27,829 INFO peoplein.stream: download started camera=loby file=20260820-031741.mkv
2026-08-27 01:49:01,386 INFO peoplein.stream: download completed camera=loby file=20260820-031741.mkv bytes=39900127 interval=2026-08-20 03:17:41..2026-08-20 03:22:39
2026-08-27 01:49:01,386 WARNING peoplein.stream: archive interval skipped start=2026-08-20T03:17:40.000 end=2026-08-20T03:17:41.000 duration_seconds=1.0 reason=camera_archives_do_not_overlap
2026-08-27 01:49:01,387 INFO peoplein.stream: analysis interval ready start=2026-08-20 03:17:41 end=2026-08-20 03:21:02
2026-08-27 01:49:11,120 INFO peoplein.stream: decoded loby/20260820-031741.mkv: 1005 frames
2026-08-27 01:49:11,122 INFO peoplein.stream: decoded entrance/20260820-031602.mkv: 1005 frames
2026-08-27 01:49:11,123 INFO __main__: analysis interval completed start=2026-08-20 03:17:41 end=2026-08-20 03:21:02 frames=2010 ticks=1005 entered=7 exited=6 people_inside=1
2026-08-27 01:49:11,125 INFO __main__: summary updated end=2026-08-20 03:21:02
2026-08-27 01:49:11,126 INFO peoplein.stream: download started camera=entrance file=20260820-032102.mkv
2026-08-27 01:50:25,782 INFO peoplein.stream: download completed camera=entrance file=20260820-032102.mkv bytes=31947711 interval=2026-08-20 03:21:02..2026-08-20 03:26:02
2026-08-27 01:50:25,782 INFO peoplein.stream: analysis interval ready start=2026-08-20 03:21:02 end=2026-08-20 03:22:39
2026-08-27 01:50:32,996 INFO peoplein.stream: decoded entrance/20260820-032102.mkv: 485 frames
2026-08-27 01:50:32,998 INFO peoplein.stream: decoded loby/20260820-031741.mkv: 485 frames
2026-08-27 01:50:33,003 INFO __main__: analysis interval completed start=2026-08-20 03:21:02 end=2026-08-20 03:22:39 frames=970 ticks=485 entered=7 exited=6 people_inside=1
2026-08-27 01:50:33,005 INFO __main__: summary updated end=2026-08-20 03:22:39
2026-08-27 01:50:33,006 INFO peoplein.stream: download started camera=loby file=20260820-032239.mkv
2026-08-27 01:52:17,455 INFO peoplein.stream: download completed camera=loby file=20260820-032239.mkv bytes=40233063 interval=2026-08-20 03:22:39..2026-08-20 03:27:39
2026-08-27 01:52:17,456 INFO peoplein.stream: analysis interval ready start=2026-08-20 03:22:39 end=2026-08-20 03:26:02
2026-08-27 01:52:26,932 INFO peoplein.stream: decoded entrance/20260820-032102.mkv: 1015 frames
2026-08-27 01:52:26,933 INFO peoplein.stream: decoded loby/20260820-032239.mkv: 1015 frames
2026-08-27 01:52:26,937 INFO __main__: analysis interval completed start=2026-08-20 03:22:39 end=2026-08-20 03:26:02 frames=2030 ticks=1015 entered=7 exited=6 people_inside=1
2026-08-27 01:52:26,940 INFO __main__: summary updated end=2026-08-20 03:26:02
2026-08-27 01:52:26,940 INFO peoplein.stream: download started camera=entrance file=20260820-032602.mkv
2026-08-27 01:54:24,294 INFO peoplein.stream: download completed camera=entrance file=20260820-032602.mkv bytes=31943963 interval=2026-08-20 03:26:02..2026-08-20 03:31:02
2026-08-27 01:54:24,294 INFO peoplein.stream: analysis interval ready start=2026-08-20 03:26:02 end=2026-08-20 03:27:39
2026-08-27 01:54:31,533 INFO peoplein.stream: decoded loby/20260820-032239.mkv: 485 frames
2026-08-27 01:54:31,536 INFO peoplein.stream: decoded entrance/20260820-032602.mkv: 485 frames
2026-08-27 01:54:31,540 INFO __main__: analysis interval completed start=2026-08-20 03:26:02 end=2026-08-20 03:27:39 frames=970 ticks=485 entered=7 exited=6 people_inside=1
2026-08-27 01:54:31,543 INFO __main__: summary updated end=2026-08-20 03:27:39
2026-08-27 01:54:31,543 INFO peoplein.stream: download started camera=loby file=20260820-032740.mkv
2026-08-27 01:57:03,287 INFO peoplein.stream: download completed camera=loby file=20260820-032740.mkv bytes=40252241 interval=2026-08-20 03:27:40..2026-08-20 03:32:40
2026-08-27 01:57:03,287 WARNING peoplein.stream: archive interval skipped start=2026-08-20T03:27:39.000 end=2026-08-20T03:27:40.000 duration_seconds=1.0 reason=camera_archives_do_not_overlap
2026-08-27 01:57:03,288 INFO peoplein.stream: analysis interval ready start=2026-08-20 03:27:40 end=2026-08-20 03:31:02
2026-08-27 01:57:12,444 INFO peoplein.stream: decoded loby/20260820-032740.mkv: 1010 frames
2026-08-27 01:57:12,453 INFO peoplein.stream: decoded entrance/20260820-032602.mkv: 1010 frames
2026-08-27 01:57:12,455 INFO __main__: analysis interval completed start=2026-08-20 03:27:40 end=2026-08-20 03:31:02 frames=2020 ticks=1010 entered=7 exited=6 people_inside=1
2026-08-27 01:57:12,457 INFO __main__: summary updated end=2026-08-20 03:31:02
2026-08-27 01:57:12,458 INFO peoplein.stream: download started camera=entrance file=20260820-033102.mkv
2026-08-27 01:58:11,349 INFO peoplein.stream: download completed camera=entrance file=20260820-033102.mkv bytes=31941983 interval=2026-08-20 03:31:02..2026-08-20 03:36:02
2026-08-27 01:58:11,350 INFO peoplein.stream: analysis interval ready start=2026-08-20 03:31:02 end=2026-08-20 03:32:40
2026-08-27 01:58:18,539 INFO peoplein.stream: decoded entrance/20260820-033102.mkv: 490 frames
2026-08-27 01:58:18,541 INFO peoplein.stream: decoded loby/20260820-032740.mkv: 490 frames
2026-08-27 01:58:18,545 INFO __main__: analysis interval completed start=2026-08-20 03:31:02 end=2026-08-20 03:32:40 frames=980 ticks=490 entered=7 exited=6 people_inside=1
2026-08-27 01:58:18,548 INFO __main__: summary updated end=2026-08-20 03:32:40
2026-08-27 01:58:18,548 INFO peoplein.stream: download started camera=loby file=20260820-033240.mkv
2026-08-27 01:58:42,669 INFO peoplein.stream: download completed camera=loby file=20260820-033240.mkv bytes=40337848 interval=2026-08-20 03:32:40..2026-08-20 03:37:40
2026-08-27 01:58:42,669 INFO peoplein.stream: analysis interval ready start=2026-08-20 03:32:40 end=2026-08-20 03:36:02
2026-08-27 01:58:52,033 INFO peoplein.stream: decoded loby/20260820-033240.mkv: 1010 frames
2026-08-27 01:58:52,035 INFO peoplein.stream: decoded entrance/20260820-033102.mkv: 1010 frames
2026-08-27 01:58:52,041 INFO __main__: analysis interval completed start=2026-08-20 03:32:40 end=2026-08-20 03:36:02 frames=2020 ticks=1010 entered=7 exited=6 people_inside=1
2026-08-27 01:58:52,043 INFO __main__: summary updated end=2026-08-20 03:36:02
2026-08-27 01:58:52,044 INFO peoplein.stream: download started camera=entrance file=20260820-033602.mkv
2026-08-27 01:59:17,877 INFO peoplein.stream: download completed camera=entrance file=20260820-033602.mkv bytes=31947468 interval=2026-08-20 03:36:02..2026-08-20 03:41:02
2026-08-27 01:59:17,877 INFO peoplein.stream: analysis interval ready start=2026-08-20 03:36:02 end=2026-08-20 03:37:40
2026-08-27 01:59:25,077 INFO peoplein.stream: decoded loby/20260820-033240.mkv: 490 frames
2026-08-27 01:59:25,082 INFO peoplein.stream: decoded entrance/20260820-033602.mkv: 490 frames
2026-08-27 01:59:25,085 INFO __main__: analysis interval completed start=2026-08-20 03:36:02 end=2026-08-20 03:37:40 frames=980 ticks=490 entered=7 exited=6 people_inside=1
2026-08-27 01:59:25,087 INFO __main__: summary updated end=2026-08-20 03:37:40
2026-08-27 01:59:25,087 INFO peoplein.stream: download started camera=loby file=20260820-033741.mkv
2026-08-27 01:59:51,454 INFO peoplein.stream: download completed camera=loby file=20260820-033741.mkv bytes=40035556 interval=2026-08-20 03:37:41..2026-08-20 03:42:39
2026-08-27 01:59:51,454 WARNING peoplein.stream: archive interval skipped start=2026-08-20T03:37:40.000 end=2026-08-20T03:37:41.000 duration_seconds=1.0 reason=camera_archives_do_not_overlap
2026-08-27 01:59:51,454 INFO peoplein.stream: analysis interval ready start=2026-08-20 03:37:41 end=2026-08-20 03:41:02
2026-08-27 02:00:00,605 INFO peoplein.stream: decoded entrance/20260820-033602.mkv: 1005 frames
2026-08-27 02:00:00,610 INFO peoplein.stream: decoded loby/20260820-033741.mkv: 1005 frames
2026-08-27 02:00:00,610 INFO __main__: analysis interval completed start=2026-08-20 03:37:41 end=2026-08-20 03:41:02 frames=2010 ticks=1005 entered=7 exited=6 people_inside=1
2026-08-27 02:00:00,614 INFO __main__: summary updated end=2026-08-20 03:41:02
2026-08-27 02:00:00,614 INFO peoplein.stream: download started camera=entrance file=20260820-034102.mkv
2026-08-27 02:00:20,774 INFO peoplein.stream: download completed camera=entrance file=20260820-034102.mkv bytes=31955030 interval=2026-08-20 03:41:02..2026-08-20 03:46:02
2026-08-27 02:00:20,774 INFO peoplein.stream: analysis interval ready start=2026-08-20 03:41:02 end=2026-08-20 03:42:39
2026-08-27 02:00:27,964 INFO peoplein.stream: decoded entrance/20260820-034102.mkv: 485 frames
2026-08-27 02:00:27,964 INFO peoplein.stream: decoded loby/20260820-033741.mkv: 485 frames
2026-08-27 02:00:27,970 INFO __main__: analysis interval completed start=2026-08-20 03:41:02 end=2026-08-20 03:42:39 frames=970 ticks=485 entered=7 exited=6 people_inside=1
2026-08-27 02:00:27,972 INFO __main__: summary updated end=2026-08-20 03:42:39
2026-08-27 02:00:27,973 INFO peoplein.stream: download started camera=loby file=20260820-034239.mkv
2026-08-27 02:00:56,806 INFO peoplein.stream: download completed camera=loby file=20260820-034239.mkv bytes=40293444 interval=2026-08-20 03:42:39..2026-08-20 03:47:39
2026-08-27 02:00:56,806 INFO peoplein.stream: analysis interval ready start=2026-08-20 03:42:39 end=2026-08-20 03:46:02
2026-08-27 02:01:05,938 INFO peoplein.stream: decoded entrance/20260820-034102.mkv: 1015 frames
2026-08-27 02:01:05,943 INFO peoplein.stream: decoded loby/20260820-034239.mkv: 1015 frames
2026-08-27 02:01:05,947 INFO __main__: analysis interval completed start=2026-08-20 03:42:39 end=2026-08-20 03:46:02 frames=2030 ticks=1015 entered=7 exited=6 people_inside=1
2026-08-27 02:01:05,949 INFO __main__: summary updated end=2026-08-20 03:46:02
2026-08-27 02:01:05,950 INFO peoplein.stream: download started camera=entrance file=20260820-034602.mkv
2026-08-27 02:01:39,924 INFO peoplein.stream: download completed camera=entrance file=20260820-034602.mkv bytes=31939575 interval=2026-08-20 03:46:02..2026-08-20 03:51:02
2026-08-27 02:01:39,925 INFO peoplein.stream: analysis interval ready start=2026-08-20 03:46:02 end=2026-08-20 03:47:39
2026-08-27 02:01:47,119 INFO peoplein.stream: decoded loby/20260820-034239.mkv: 485 frames
2026-08-27 02:01:47,119 INFO peoplein.stream: decoded entrance/20260820-034602.mkv: 485 frames
2026-08-27 02:01:47,128 INFO __main__: analysis interval completed start=2026-08-20 03:46:02 end=2026-08-20 03:47:39 frames=970 ticks=485 entered=7 exited=6 people_inside=1
2026-08-27 02:01:47,130 INFO __main__: summary updated end=2026-08-20 03:47:39
2026-08-27 02:01:47,131 INFO peoplein.stream: download started camera=loby file=20260820-034740.mkv
2026-08-27 02:02:28,072 INFO peoplein.stream: download completed camera=loby file=20260820-034740.mkv bytes=40395571 interval=2026-08-20 03:47:40..2026-08-20 03:52:40
2026-08-27 02:02:28,073 WARNING peoplein.stream: archive interval skipped start=2026-08-20T03:47:39.000 end=2026-08-20T03:47:40.000 duration_seconds=1.0 reason=camera_archives_do_not_overlap
2026-08-27 02:02:28,073 INFO peoplein.stream: analysis interval ready start=2026-08-20 03:47:40 end=2026-08-20 03:51:02
2026-08-27 02:02:37,393 INFO peoplein.stream: decoded loby/20260820-034740.mkv: 1010 frames
2026-08-27 02:02:37,396 INFO peoplein.stream: decoded entrance/20260820-034602.mkv: 1010 frames
2026-08-27 02:02:37,400 INFO __main__: analysis interval completed start=2026-08-20 03:47:40 end=2026-08-20 03:51:02 frames=2020 ticks=1010 entered=7 exited=6 people_inside=1
2026-08-27 02:02:37,402 INFO __main__: summary updated end=2026-08-20 03:51:02
2026-08-27 02:02:37,403 INFO peoplein.stream: download started camera=entrance file=20260820-035102.mkv
2026-08-27 02:04:03,423 INFO peoplein.stream: download completed camera=entrance file=20260820-035102.mkv bytes=31950168 interval=2026-08-20 03:51:02..2026-08-20 03:56:02
2026-08-27 02:04:03,423 INFO peoplein.stream: analysis interval ready start=2026-08-20 03:51:02 end=2026-08-20 03:52:40
2026-08-27 02:04:10,665 INFO peoplein.stream: decoded entrance/20260820-035102.mkv: 490 frames
2026-08-27 02:04:10,667 INFO peoplein.stream: decoded loby/20260820-034740.mkv: 490 frames
2026-08-27 02:04:10,673 INFO __main__: analysis interval completed start=2026-08-20 03:51:02 end=2026-08-20 03:52:40 frames=980 ticks=490 entered=7 exited=6 people_inside=1
2026-08-27 02:04:10,675 INFO __main__: summary updated end=2026-08-20 03:52:40
2026-08-27 02:04:10,676 INFO peoplein.stream: download started camera=loby file=20260820-035240.mkv
2026-08-27 02:07:11,389 INFO peoplein.stream: download completed camera=loby file=20260820-035240.mkv bytes=40405081 interval=2026-08-20 03:52:40..2026-08-20 03:57:40
2026-08-27 02:07:11,390 INFO peoplein.stream: analysis interval ready start=2026-08-20 03:52:40 end=2026-08-20 03:56:02
2026-08-27 02:07:20,703 INFO peoplein.stream: decoded entrance/20260820-035102.mkv: 1010 frames
2026-08-27 02:07:20,703 INFO peoplein.stream: decoded loby/20260820-035240.mkv: 1010 frames
2026-08-27 02:07:20,712 INFO __main__: analysis interval completed start=2026-08-20 03:52:40 end=2026-08-20 03:56:02 frames=2020 ticks=1010 entered=7 exited=6 people_inside=1
2026-08-27 02:07:20,714 INFO __main__: summary updated end=2026-08-20 03:56:02
2026-08-27 02:07:20,715 INFO peoplein.stream: download started camera=entrance file=20260820-035602.mkv
2026-08-27 02:09:20,989 INFO peoplein.stream: download completed camera=entrance file=20260820-035602.mkv bytes=31957501 interval=2026-08-20 03:56:02..2026-08-20 04:01:02
2026-08-27 02:09:20,989 INFO peoplein.stream: analysis interval ready start=2026-08-20 03:56:02 end=2026-08-20 03:57:40
2026-08-27 02:09:28,225 INFO peoplein.stream: decoded loby/20260820-035240.mkv: 490 frames
2026-08-27 02:09:28,227 INFO peoplein.stream: decoded entrance/20260820-035602.mkv: 490 frames
2026-08-27 02:09:28,229 INFO __main__: analysis interval completed start=2026-08-20 03:56:02 end=2026-08-20 03:57:40 frames=980 ticks=490 entered=7 exited=6 people_inside=1
2026-08-27 02:09:28,231 INFO __main__: summary updated end=2026-08-20 03:57:40
2026-08-27 02:09:28,232 INFO peoplein.stream: download started camera=loby file=20260820-035741.mkv
2026-08-27 02:11:48,647 INFO peoplein.stream: download completed camera=loby file=20260820-035741.mkv bytes=40018584 interval=2026-08-20 03:57:41..2026-08-20 04:02:39
2026-08-27 02:11:48,650 WARNING peoplein.stream: archive interval skipped start=2026-08-20T03:57:40.000 end=2026-08-20T03:57:41.000 duration_seconds=1.0 reason=camera_archives_do_not_overlap
2026-08-27 02:11:48,651 INFO peoplein.stream: analysis interval ready start=2026-08-20 03:57:41 end=2026-08-20 04:01:02
2026-08-27 02:11:58,001 INFO peoplein.stream: decoded entrance/20260820-035602.mkv: 1005 frames
2026-08-27 02:11:58,006 INFO peoplein.stream: decoded loby/20260820-035741.mkv: 1005 frames
2026-08-27 02:11:58,006 INFO __main__: analysis interval completed start=2026-08-20 03:57:41 end=2026-08-20 04:01:02 frames=2010 ticks=1005 entered=7 exited=6 people_inside=1
2026-08-27 02:11:58,010 INFO __main__: summary updated end=2026-08-20 04:01:02
2026-08-27 02:11:58,011 INFO peoplein.stream: download started camera=entrance file=20260820-040102.mkv
2026-08-27 02:13:58,529 INFO peoplein.stream: download completed camera=entrance file=20260820-040102.mkv bytes=31964634 interval=2026-08-20 04:01:02..2026-08-20 04:06:02
2026-08-27 02:13:58,530 INFO peoplein.stream: analysis interval ready start=2026-08-20 04:01:02 end=2026-08-20 04:02:39
2026-08-27 02:14:05,735 INFO peoplein.stream: decoded loby/20260820-035741.mkv: 485 frames
2026-08-27 02:14:05,737 INFO peoplein.stream: decoded entrance/20260820-040102.mkv: 485 frames
2026-08-27 02:14:05,744 INFO __main__: analysis interval completed start=2026-08-20 04:01:02 end=2026-08-20 04:02:39 frames=970 ticks=485 entered=7 exited=6 people_inside=1
2026-08-27 02:14:05,746 INFO __main__: summary updated end=2026-08-20 04:02:39
2026-08-27 02:14:05,746 INFO peoplein.stream: download started camera=loby file=20260820-040239.mkv
2026-08-27 02:15:33,049 INFO peoplein.stream: download completed camera=loby file=20260820-040239.mkv bytes=40367584 interval=2026-08-20 04:02:39..2026-08-20 04:07:39
2026-08-27 02:15:33,049 INFO peoplein.stream: analysis interval ready start=2026-08-20 04:02:39 end=2026-08-20 04:06:02
2026-08-27 02:15:42,391 INFO peoplein.stream: decoded entrance/20260820-040102.mkv: 1015 frames
2026-08-27 02:15:42,393 INFO peoplein.stream: decoded loby/20260820-040239.mkv: 1015 frames
2026-08-27 02:15:42,398 INFO __main__: analysis interval completed start=2026-08-20 04:02:39 end=2026-08-20 04:06:02 frames=2030 ticks=1015 entered=7 exited=6 people_inside=1
2026-08-27 02:15:42,400 INFO __main__: summary updated end=2026-08-20 04:06:02
2026-08-27 02:15:42,401 INFO peoplein.stream: download started camera=entrance file=20260820-040602.mkv
2026-08-27 02:16:42,538 INFO peoplein.stream: download completed camera=entrance file=20260820-040602.mkv bytes=31937966 interval=2026-08-20 04:06:02..2026-08-20 04:11:02
2026-08-27 02:16:42,539 INFO peoplein.stream: analysis interval ready start=2026-08-20 04:06:02 end=2026-08-20 04:07:39
2026-08-27 02:16:49,676 INFO peoplein.stream: decoded loby/20260820-040239.mkv: 485 frames
2026-08-27 02:16:49,679 INFO peoplein.stream: decoded entrance/20260820-040602.mkv: 485 frames
2026-08-27 02:16:49,684 INFO __main__: analysis interval completed start=2026-08-20 04:06:02 end=2026-08-20 04:07:39 frames=970 ticks=485 entered=7 exited=6 people_inside=1
2026-08-27 02:16:49,686 INFO __main__: summary updated end=2026-08-20 04:07:39
2026-08-27 02:16:49,687 INFO peoplein.stream: download started camera=loby file=20260820-040740.mkv
2026-08-27 02:17:58,571 INFO peoplein.stream: download completed camera=loby file=20260820-040740.mkv bytes=40394051 interval=2026-08-20 04:07:40..2026-08-20 04:12:40
2026-08-27 02:17:58,572 WARNING peoplein.stream: archive interval skipped start=2026-08-20T04:07:39.000 end=2026-08-20T04:07:40.000 duration_seconds=1.0 reason=camera_archives_do_not_overlap
2026-08-27 02:17:58,573 INFO peoplein.stream: analysis interval ready start=2026-08-20 04:07:40 end=2026-08-20 04:11:02
2026-08-27 02:18:08,041 INFO peoplein.stream: decoded loby/20260820-040740.mkv: 1010 frames
2026-08-27 02:18:08,046 INFO peoplein.stream: decoded entrance/20260820-040602.mkv: 1010 frames
2026-08-27 02:18:08,049 INFO __main__: analysis interval completed start=2026-08-20 04:07:40 end=2026-08-20 04:11:02 frames=2020 ticks=1010 entered=7 exited=6 people_inside=1
2026-08-27 02:18:08,051 INFO __main__: summary updated end=2026-08-20 04:11:02
2026-08-27 02:18:08,052 INFO peoplein.stream: download started camera=entrance file=20260820-041102.mkv
2026-08-27 02:18:34,225 INFO peoplein.stream: download completed camera=entrance file=20260820-041102.mkv bytes=31951317 interval=2026-08-20 04:11:02..2026-08-20 04:16:02
2026-08-27 02:18:34,226 INFO peoplein.stream: analysis interval ready start=2026-08-20 04:11:02 end=2026-08-20 04:12:40
2026-08-27 02:18:41,428 INFO peoplein.stream: decoded loby/20260820-040740.mkv: 490 frames
2026-08-27 02:18:41,438 INFO peoplein.stream: decoded entrance/20260820-041102.mkv: 490 frames
2026-08-27 02:18:41,438 INFO __main__: analysis interval completed start=2026-08-20 04:11:02 end=2026-08-20 04:12:40 frames=980 ticks=490 entered=7 exited=6 people_inside=1
2026-08-27 02:18:41,440 INFO __main__: summary updated end=2026-08-20 04:12:40
2026-08-27 02:18:41,441 INFO peoplein.stream: download started camera=loby file=20260820-041240.mkv
2026-08-27 02:19:07,908 INFO peoplein.stream: download completed camera=loby file=20260820-041240.mkv bytes=40453082 interval=2026-08-20 04:12:40..2026-08-20 04:17:40
2026-08-27 02:19:07,908 INFO peoplein.stream: analysis interval ready start=2026-08-20 04:12:40 end=2026-08-20 04:16:02
2026-08-27 02:19:17,580 INFO peoplein.stream: decoded entrance/20260820-041102.mkv: 1010 frames
2026-08-27 02:19:17,587 INFO peoplein.stream: decoded loby/20260820-041240.mkv: 1010 frames
2026-08-27 02:19:17,588 INFO __main__: analysis interval completed start=2026-08-20 04:12:40 end=2026-08-20 04:16:02 frames=2020 ticks=1010 entered=7 exited=6 people_inside=1
2026-08-27 02:19:17,591 INFO __main__: summary updated end=2026-08-20 04:16:02
2026-08-27 02:19:17,591 INFO peoplein.stream: download started camera=entrance file=20260820-041602.mkv
2026-08-27 02:19:41,776 INFO peoplein.stream: download completed camera=entrance file=20260820-041602.mkv bytes=31954130 interval=2026-08-20 04:16:02..2026-08-20 04:21:02
2026-08-27 02:19:41,776 INFO peoplein.stream: analysis interval ready start=2026-08-20 04:16:02 end=2026-08-20 04:17:40
2026-08-27 02:19:49,119 INFO peoplein.stream: decoded entrance/20260820-041602.mkv: 490 frames
2026-08-27 02:19:49,124 INFO peoplein.stream: decoded loby/20260820-041240.mkv: 490 frames
2026-08-27 02:19:49,127 INFO __main__: analysis interval completed start=2026-08-20 04:16:02 end=2026-08-20 04:17:40 frames=980 ticks=490 entered=7 exited=6 people_inside=1
2026-08-27 02:19:49,129 INFO __main__: summary updated end=2026-08-20 04:17:40
2026-08-27 02:19:49,129 INFO peoplein.stream: download started camera=loby file=20260820-041741.mkv
2026-08-27 02:20:16,971 INFO peoplein.stream: download completed camera=loby file=20260820-041741.mkv bytes=40295358 interval=2026-08-20 04:17:41..2026-08-20 04:22:39
2026-08-27 02:20:16,971 WARNING peoplein.stream: archive interval skipped start=2026-08-20T04:17:40.000 end=2026-08-20T04:17:41.000 duration_seconds=1.0 reason=camera_archives_do_not_overlap
2026-08-27 02:20:16,971 INFO peoplein.stream: analysis interval ready start=2026-08-20 04:17:41 end=2026-08-20 04:21:02
2026-08-27 02:20:26,614 INFO peoplein.stream: decoded loby/20260820-041741.mkv: 1005 frames
2026-08-27 02:20:26,617 INFO peoplein.stream: decoded entrance/20260820-041602.mkv: 1005 frames
2026-08-27 02:20:26,619 INFO __main__: analysis interval completed start=2026-08-20 04:17:41 end=2026-08-20 04:21:02 frames=2010 ticks=1005 entered=7 exited=6 people_inside=1
2026-08-27 02:20:26,622 INFO __main__: summary updated end=2026-08-20 04:21:02
2026-08-27 02:20:26,622 INFO peoplein.stream: download started camera=entrance file=20260820-042102.mkv
2026-08-27 02:20:44,170 INFO peoplein.stream: download completed camera=entrance file=20260820-042102.mkv bytes=31951119 interval=2026-08-20 04:21:02..2026-08-20 04:26:02
2026-08-27 02:20:44,171 INFO peoplein.stream: analysis interval ready start=2026-08-20 04:21:02 end=2026-08-20 04:22:39
2026-08-27 02:20:51,358 INFO peoplein.stream: decoded loby/20260820-041741.mkv: 485 frames
2026-08-27 02:20:51,361 INFO peoplein.stream: decoded entrance/20260820-042102.mkv: 485 frames
2026-08-27 02:20:51,364 INFO __main__: analysis interval completed start=2026-08-20 04:21:02 end=2026-08-20 04:22:39 frames=970 ticks=485 entered=7 exited=6 people_inside=1
2026-08-27 02:20:51,367 INFO __main__: summary updated end=2026-08-20 04:22:39
2026-08-27 02:20:51,367 INFO peoplein.stream: download started camera=loby file=20260820-042239.mkv
2026-08-27 02:21:15,540 INFO peoplein.stream: download completed camera=loby file=20260820-042239.mkv bytes=40809629 interval=2026-08-20 04:22:39..2026-08-20 04:27:39
2026-08-27 02:21:15,541 INFO peoplein.stream: analysis interval ready start=2026-08-20 04:22:39 end=2026-08-20 04:26:02
2026-08-27 02:21:25,498 INFO peoplein.stream: decoded entrance/20260820-042102.mkv: 1015 frames
2026-08-27 02:21:25,499 INFO peoplein.stream: decoded loby/20260820-042239.mkv: 1015 frames
2026-08-27 02:21:25,505 INFO __main__: analysis interval completed start=2026-08-20 04:22:39 end=2026-08-20 04:26:02 frames=2030 ticks=1015 entered=7 exited=6 people_inside=1
2026-08-27 02:21:25,508 INFO __main__: summary updated end=2026-08-20 04:26:02
2026-08-27 02:21:25,509 INFO peoplein.stream: download started camera=entrance file=20260820-042602.mkv
2026-08-27 02:21:43,032 INFO peoplein.stream: download completed camera=entrance file=20260820-042602.mkv bytes=31966842 interval=2026-08-20 04:26:02..2026-08-20 04:31:02
2026-08-27 02:21:43,032 INFO peoplein.stream: analysis interval ready start=2026-08-20 04:26:02 end=2026-08-20 04:27:39
2026-08-27 02:21:50,394 INFO peoplein.stream: decoded entrance/20260820-042602.mkv: 485 frames
2026-08-27 02:21:50,394 INFO peoplein.stream: decoded loby/20260820-042239.mkv: 485 frames
2026-08-27 02:21:50,403 INFO __main__: analysis interval completed start=2026-08-20 04:26:02 end=2026-08-20 04:27:39 frames=970 ticks=485 entered=7 exited=6 people_inside=1
2026-08-27 02:21:50,405 INFO __main__: summary updated end=2026-08-20 04:27:39
2026-08-27 02:21:50,406 INFO peoplein.stream: download started camera=loby file=20260820-042740.mkv
2026-08-27 02:22:14,578 INFO peoplein.stream: download completed camera=loby file=20260820-042740.mkv bytes=40588705 interval=2026-08-20 04:27:40..2026-08-20 04:32:40
2026-08-27 02:22:14,579 WARNING peoplein.stream: archive interval skipped start=2026-08-20T04:27:39.000 end=2026-08-20T04:27:40.000 duration_seconds=1.0 reason=camera_archives_do_not_overlap
2026-08-27 02:22:14,579 INFO peoplein.stream: analysis interval ready start=2026-08-20 04:27:40 end=2026-08-20 04:31:02
2026-08-27 02:22:24,440 INFO peoplein.stream: decoded entrance/20260820-042602.mkv: 1010 frames
2026-08-27 02:22:24,442 INFO peoplein.stream: decoded loby/20260820-042740.mkv: 1010 frames
2026-08-27 02:22:24,447 INFO __main__: analysis interval completed start=2026-08-20 04:27:40 end=2026-08-20 04:31:02 frames=2020 ticks=1010 entered=7 exited=6 people_inside=1
2026-08-27 02:22:24,450 INFO __main__: summary updated end=2026-08-20 04:31:02
2026-08-27 02:22:24,450 INFO peoplein.stream: download started camera=entrance file=20260820-043102.mkv
2026-08-27 02:22:44,481 INFO peoplein.stream: download completed camera=entrance file=20260820-043102.mkv bytes=31956126 interval=2026-08-20 04:31:02..2026-08-20 04:36:02
2026-08-27 02:22:44,481 INFO peoplein.stream: analysis interval ready start=2026-08-20 04:31:02 end=2026-08-20 04:32:40
2026-08-27 02:22:51,745 INFO peoplein.stream: decoded loby/20260820-042740.mkv: 490 frames
2026-08-27 02:22:51,748 INFO peoplein.stream: decoded entrance/20260820-043102.mkv: 490 frames
2026-08-27 02:22:51,751 INFO __main__: analysis interval completed start=2026-08-20 04:31:02 end=2026-08-20 04:32:40 frames=980 ticks=490 entered=7 exited=6 people_inside=1
2026-08-27 02:22:51,754 INFO __main__: summary updated end=2026-08-20 04:32:40
2026-08-27 02:22:51,755 INFO peoplein.stream: download started camera=loby file=20260820-043240.mkv
2026-08-27 02:23:13,583 INFO peoplein.stream: download completed camera=loby file=20260820-043240.mkv bytes=40051954 interval=2026-08-20 04:32:40..2026-08-20 04:37:40
2026-08-27 02:23:13,584 INFO peoplein.stream: analysis interval ready start=2026-08-20 04:32:40 end=2026-08-20 04:36:02
2026-08-27 02:23:23,134 INFO peoplein.stream: decoded loby/20260820-043240.mkv: 1010 frames
2026-08-27 02:23:23,138 INFO peoplein.stream: decoded entrance/20260820-043102.mkv: 1010 frames
2026-08-27 02:23:23,142 INFO __main__: analysis interval completed start=2026-08-20 04:32:40 end=2026-08-20 04:36:02 frames=2020 ticks=1010 entered=7 exited=6 people_inside=1
2026-08-27 02:23:23,145 INFO __main__: summary updated end=2026-08-20 04:36:02
2026-08-27 02:23:23,145 INFO peoplein.stream: download started camera=entrance file=20260820-043602.mkv
2026-08-27 02:23:39,935 INFO peoplein.stream: download completed camera=entrance file=20260820-043602.mkv bytes=31963008 interval=2026-08-20 04:36:02..2026-08-20 04:41:02
2026-08-27 02:23:39,935 INFO peoplein.stream: analysis interval ready start=2026-08-20 04:36:02 end=2026-08-20 04:37:40
2026-08-27 02:23:47,262 INFO peoplein.stream: decoded loby/20260820-043240.mkv: 490 frames
2026-08-27 02:23:47,269 INFO peoplein.stream: decoded entrance/20260820-043602.mkv: 490 frames
2026-08-27 02:23:47,271 INFO __main__: analysis interval completed start=2026-08-20 04:36:02 end=2026-08-20 04:37:40 frames=980 ticks=490 entered=7 exited=6 people_inside=1
2026-08-27 02:23:47,273 INFO __main__: summary updated end=2026-08-20 04:37:40
2026-08-27 02:23:47,274 INFO peoplein.stream: download started camera=loby file=20260820-043741.mkv
2026-08-27 02:24:07,818 INFO peoplein.stream: download completed camera=loby file=20260820-043741.mkv bytes=38278750 interval=2026-08-20 04:37:41..2026-08-20 04:42:39
2026-08-27 02:24:07,818 WARNING peoplein.stream: archive interval skipped start=2026-08-20T04:37:40.000 end=2026-08-20T04:37:41.000 duration_seconds=1.0 reason=camera_archives_do_not_overlap
2026-08-27 02:24:07,819 INFO peoplein.stream: analysis interval ready start=2026-08-20 04:37:41 end=2026-08-20 04:41:02
2026-08-27 02:24:17,072 INFO peoplein.stream: decoded loby/20260820-043741.mkv: 1005 frames
2026-08-27 02:24:17,075 INFO peoplein.stream: decoded entrance/20260820-043602.mkv: 1005 frames
2026-08-27 02:24:17,079 INFO __main__: analysis interval completed start=2026-08-20 04:37:41 end=2026-08-20 04:41:02 frames=2010 ticks=1005 entered=7 exited=6 people_inside=1
2026-08-27 02:24:17,082 INFO __main__: summary updated end=2026-08-20 04:41:02
2026-08-27 02:24:17,083 INFO peoplein.stream: download started camera=entrance file=20260820-044102.mkv
2026-08-27 02:24:40,566 INFO peoplein.stream: download completed camera=entrance file=20260820-044102.mkv bytes=31982162 interval=2026-08-20 04:41:02..2026-08-20 04:46:02
2026-08-27 02:24:40,566 INFO peoplein.stream: analysis interval ready start=2026-08-20 04:41:02 end=2026-08-20 04:42:39
2026-08-27 02:24:47,594 INFO peoplein.stream: decoded entrance/20260820-044102.mkv: 485 frames
2026-08-27 02:24:47,594 INFO peoplein.stream: decoded loby/20260820-043741.mkv: 485 frames
2026-08-27 02:24:47,602 INFO __main__: analysis interval completed start=2026-08-20 04:41:02 end=2026-08-20 04:42:39 frames=970 ticks=485 entered=7 exited=6 people_inside=1
2026-08-27 02:24:47,604 INFO __main__: summary updated end=2026-08-20 04:42:39
2026-08-27 02:24:47,605 INFO peoplein.stream: download started camera=loby file=20260820-044239.mkv
2026-08-27 02:25:09,933 INFO peoplein.stream: download completed camera=loby file=20260820-044239.mkv bytes=38380106 interval=2026-08-20 04:42:39..2026-08-20 04:47:39
2026-08-27 02:25:09,933 INFO peoplein.stream: analysis interval ready start=2026-08-20 04:42:39 end=2026-08-20 04:46:02
2026-08-27 02:25:19,273 INFO peoplein.stream: decoded loby/20260820-044239.mkv: 1015 frames
2026-08-27 02:25:19,273 INFO peoplein.stream: decoded entrance/20260820-044102.mkv: 1015 frames
2026-08-27 02:25:19,279 INFO __main__: analysis interval completed start=2026-08-20 04:42:39 end=2026-08-20 04:46:02 frames=2030 ticks=1015 entered=7 exited=6 people_inside=1
2026-08-27 02:25:19,281 INFO __main__: summary updated end=2026-08-20 04:46:02
2026-08-27 02:25:19,282 INFO peoplein.stream: download started camera=entrance file=20260820-044602.mkv
2026-08-27 02:25:38,675 INFO peoplein.stream: download completed camera=entrance file=20260820-044602.mkv bytes=31973489 interval=2026-08-20 04:46:02..2026-08-20 04:51:02
2026-08-27 02:25:38,675 INFO peoplein.stream: analysis interval ready start=2026-08-20 04:46:02 end=2026-08-20 04:47:39
2026-08-27 02:25:45,849 INFO peoplein.stream: decoded loby/20260820-044239.mkv: 485 frames
2026-08-27 02:25:45,852 INFO peoplein.stream: decoded entrance/20260820-044602.mkv: 485 frames
2026-08-27 02:25:45,857 INFO __main__: analysis interval completed start=2026-08-20 04:46:02 end=2026-08-20 04:47:39 frames=970 ticks=485 entered=7 exited=6 people_inside=1
2026-08-27 02:25:45,861 INFO __main__: summary updated end=2026-08-20 04:47:39
2026-08-27 02:25:45,861 INFO peoplein.stream: download started camera=loby file=20260820-044740.mkv
2026-08-27 02:26:07,553 INFO peoplein.stream: download completed camera=loby file=20260820-044740.mkv bytes=36329487 interval=2026-08-20 04:47:40..2026-08-20 04:52:40
2026-08-27 02:26:07,554 WARNING peoplein.stream: archive interval skipped start=2026-08-20T04:47:39.000 end=2026-08-20T04:47:40.000 duration_seconds=1.0 reason=camera_archives_do_not_overlap
2026-08-27 02:26:07,554 INFO peoplein.stream: analysis interval ready start=2026-08-20 04:47:40 end=2026-08-20 04:51:02
2026-08-27 02:26:16,789 INFO peoplein.stream: decoded loby/20260820-044740.mkv: 1010 frames
2026-08-27 02:26:16,789 INFO peoplein.stream: decoded entrance/20260820-044602.mkv: 1010 frames
2026-08-27 02:26:16,797 INFO __main__: analysis interval completed start=2026-08-20 04:47:40 end=2026-08-20 04:51:02 frames=2020 ticks=1010 entered=7 exited=6 people_inside=1
2026-08-27 02:26:16,799 INFO __main__: summary updated end=2026-08-20 04:51:02
2026-08-27 02:26:16,799 INFO peoplein.stream: download started camera=entrance file=20260820-045102.mkv
2026-08-27 02:26:38,729 INFO peoplein.stream: download completed camera=entrance file=20260820-045102.mkv bytes=31950348 interval=2026-08-20 04:51:02..2026-08-20 04:56:02
2026-08-27 02:26:38,730 INFO peoplein.stream: analysis interval ready start=2026-08-20 04:51:02 end=2026-08-20 04:52:40
2026-08-27 02:26:45,742 INFO peoplein.stream: decoded loby/20260820-044740.mkv: 490 frames
2026-08-27 02:26:45,745 INFO peoplein.stream: decoded entrance/20260820-045102.mkv: 490 frames
2026-08-27 02:26:45,748 INFO __main__: analysis interval completed start=2026-08-20 04:51:02 end=2026-08-20 04:52:40 frames=980 ticks=490 entered=7 exited=6 people_inside=1
2026-08-27 02:26:45,750 INFO __main__: summary updated end=2026-08-20 04:52:40
2026-08-27 02:26:45,750 INFO peoplein.stream: download started camera=loby file=20260820-045240.mkv
2026-08-27 02:27:06,522 INFO peoplein.stream: download completed camera=loby file=20260820-045240.mkv bytes=36150176 interval=2026-08-20 04:52:40..2026-08-20 04:57:40
2026-08-27 02:27:06,523 INFO peoplein.stream: analysis interval ready start=2026-08-20 04:52:40 end=2026-08-20 04:56:02
2026-08-27 02:27:15,823 INFO peoplein.stream: decoded loby/20260820-045240.mkv: 1010 frames
2026-08-27 02:27:15,823 INFO peoplein.stream: decoded entrance/20260820-045102.mkv: 1010 frames
2026-08-27 02:27:15,830 INFO __main__: analysis interval completed start=2026-08-20 04:52:40 end=2026-08-20 04:56:02 frames=2020 ticks=1010 entered=7 exited=6 people_inside=1
2026-08-27 02:27:15,832 INFO __main__: summary updated end=2026-08-20 04:56:02
2026-08-27 02:27:15,833 INFO peoplein.stream: download started camera=entrance file=20260820-045602.mkv
2026-08-27 02:27:46,377 INFO peoplein.stream: download completed camera=entrance file=20260820-045602.mkv bytes=31955676 interval=2026-08-20 04:56:02..2026-08-20 05:01:02
2026-08-27 02:27:46,377 INFO peoplein.stream: analysis interval ready start=2026-08-20 04:56:02 end=2026-08-20 04:57:40
2026-08-27 02:27:53,503 INFO peoplein.stream: decoded loby/20260820-045240.mkv: 490 frames
2026-08-27 02:27:53,506 INFO peoplein.stream: decoded entrance/20260820-045602.mkv: 490 frames
2026-08-27 02:27:53,508 INFO __main__: analysis interval completed start=2026-08-20 04:56:02 end=2026-08-20 04:57:40 frames=980 ticks=490 entered=7 exited=6 people_inside=1
2026-08-27 02:27:53,510 INFO __main__: summary updated end=2026-08-20 04:57:40
2026-08-27 02:27:53,510 INFO peoplein.stream: download started camera=loby file=20260820-045741.mkv
2026-08-27 02:28:19,900 INFO peoplein.stream: download completed camera=loby file=20260820-045741.mkv bytes=35595181 interval=2026-08-20 04:57:41..2026-08-20 05:02:39
2026-08-27 02:28:19,901 WARNING peoplein.stream: archive interval skipped start=2026-08-20T04:57:40.000 end=2026-08-20T04:57:41.000 duration_seconds=1.0 reason=camera_archives_do_not_overlap
2026-08-27 02:28:19,901 INFO peoplein.stream: analysis interval ready start=2026-08-20 04:57:41 end=2026-08-20 05:01:02
2026-08-27 02:28:29,353 INFO peoplein.stream: decoded loby/20260820-045741.mkv: 1005 frames
2026-08-27 02:28:29,357 INFO peoplein.stream: decoded entrance/20260820-045602.mkv: 1005 frames
2026-08-27 02:28:29,358 INFO __main__: analysis interval completed start=2026-08-20 04:57:41 end=2026-08-20 05:01:02 frames=2010 ticks=1005 entered=7 exited=6 people_inside=1
2026-08-27 02:28:29,360 INFO __main__: summary updated end=2026-08-20 05:01:02
2026-08-27 02:28:29,361 INFO peoplein.stream: download started camera=entrance file=20260820-050102.mkv
2026-08-27 02:28:49,970 INFO peoplein.stream: download completed camera=entrance file=20260820-050102.mkv bytes=31998153 interval=2026-08-20 05:01:02..2026-08-20 05:06:02
2026-08-27 02:28:49,970 INFO peoplein.stream: analysis interval ready start=2026-08-20 05:01:02 end=2026-08-20 05:02:39
2026-08-27 02:28:56,971 INFO peoplein.stream: decoded entrance/20260820-050102.mkv: 485 frames
2026-08-27 02:28:56,971 INFO peoplein.stream: decoded loby/20260820-045741.mkv: 485 frames
2026-08-27 02:28:56,979 INFO __main__: analysis interval completed start=2026-08-20 05:01:02 end=2026-08-20 05:02:39 frames=970 ticks=485 entered=7 exited=6 people_inside=1
2026-08-27 02:28:56,981 INFO __main__: summary updated end=2026-08-20 05:02:39
2026-08-27 02:28:56,982 INFO peoplein.stream: download started camera=loby file=20260820-050239.mkv
2026-08-27 02:29:19,703 INFO peoplein.stream: download completed camera=loby file=20260820-050239.mkv bytes=39545359 interval=2026-08-20 05:02:39..2026-08-20 05:07:39
2026-08-27 02:29:19,704 INFO peoplein.stream: analysis interval ready start=2026-08-20 05:02:39 end=2026-08-20 05:06:02
2026-08-27 02:29:29,364 INFO peoplein.stream: decoded entrance/20260820-050102.mkv: 1015 frames
2026-08-27 02:29:29,364 INFO peoplein.stream: decoded loby/20260820-050239.mkv: 1015 frames
2026-08-27 02:29:29,371 INFO __main__: analysis interval completed start=2026-08-20 05:02:39 end=2026-08-20 05:06:02 frames=2030 ticks=1015 entered=7 exited=6 people_inside=1
2026-08-27 02:29:29,373 INFO __main__: summary updated end=2026-08-20 05:06:02
2026-08-27 02:29:29,374 INFO peoplein.stream: download started camera=entrance file=20260820-050602.mkv
2026-08-27 02:29:47,453 INFO peoplein.stream: download completed camera=entrance file=20260820-050602.mkv bytes=32082689 interval=2026-08-20 05:06:02..2026-08-20 05:11:02
2026-08-27 02:29:47,453 INFO peoplein.stream: analysis interval ready start=2026-08-20 05:06:02 end=2026-08-20 05:07:39
2026-08-27 02:29:54,868 INFO peoplein.stream: decoded loby/20260820-050239.mkv: 485 frames
2026-08-27 02:29:54,875 INFO peoplein.stream: decoded entrance/20260820-050602.mkv: 485 frames
2026-08-27 02:29:54,876 INFO __main__: analysis interval completed start=2026-08-20 05:06:02 end=2026-08-20 05:07:39 frames=970 ticks=485 entered=7 exited=6 people_inside=1
2026-08-27 02:29:54,879 INFO __main__: summary updated end=2026-08-20 05:07:39
2026-08-27 02:29:54,879 INFO peoplein.stream: download started camera=loby file=20260820-050740.mkv
2026-08-27 02:30:17,165 INFO peoplein.stream: download completed camera=loby file=20260820-050740.mkv bytes=39921555 interval=2026-08-20 05:07:40..2026-08-20 05:12:40
2026-08-27 02:30:17,166 WARNING peoplein.stream: archive interval skipped start=2026-08-20T05:07:39.000 end=2026-08-20T05:07:40.000 duration_seconds=1.0 reason=camera_archives_do_not_overlap
2026-08-27 02:30:17,166 INFO peoplein.stream: analysis interval ready start=2026-08-20 05:07:40 end=2026-08-20 05:11:02
2026-08-27 02:30:26,968 INFO peoplein.stream: decoded entrance/20260820-050602.mkv: 1010 frames
2026-08-27 02:30:26,971 INFO peoplein.stream: decoded loby/20260820-050740.mkv: 1010 frames
2026-08-27 02:30:26,973 INFO __main__: analysis interval completed start=2026-08-20 05:07:40 end=2026-08-20 05:11:02 frames=2020 ticks=1010 entered=7 exited=6 people_inside=1
2026-08-27 02:30:26,976 INFO __main__: summary updated end=2026-08-20 05:11:02
2026-08-27 02:30:26,976 INFO peoplein.stream: download started camera=entrance file=20260820-051102.mkv
2026-08-27 02:30:47,157 INFO peoplein.stream: download completed camera=entrance file=20260820-051102.mkv bytes=32204627 interval=2026-08-20 05:11:02..2026-08-20 05:16:02
2026-08-27 02:30:47,157 INFO peoplein.stream: analysis interval ready start=2026-08-20 05:11:02 end=2026-08-20 05:12:40
2026-08-27 02:30:54,583 INFO peoplein.stream: decoded loby/20260820-050740.mkv: 490 frames
2026-08-27 02:30:54,584 INFO peoplein.stream: decoded entrance/20260820-051102.mkv: 490 frames
2026-08-27 02:30:54,593 INFO __main__: analysis interval completed start=2026-08-20 05:11:02 end=2026-08-20 05:12:40 frames=980 ticks=490 entered=7 exited=6 people_inside=1
2026-08-27 02:30:54,595 INFO __main__: summary updated end=2026-08-20 05:12:40
2026-08-27 02:30:54,595 INFO peoplein.stream: download started camera=loby file=20260820-051241.mkv
2026-08-27 02:31:15,536 INFO peoplein.stream: download completed camera=loby file=20260820-051241.mkv bytes=33660746 interval=2026-08-20 05:12:41..2026-08-20 05:17:41
2026-08-27 02:31:15,537 WARNING peoplein.stream: archive interval skipped start=2026-08-20T05:12:40.000 end=2026-08-20T05:12:41.000 duration_seconds=1.0 reason=camera_archives_do_not_overlap
2026-08-27 02:31:15,537 INFO peoplein.stream: analysis interval ready start=2026-08-20 05:12:41 end=2026-08-20 05:16:02
2026-08-27 02:31:25,238 INFO peoplein.stream: decoded loby/20260820-051241.mkv: 1005 frames
2026-08-27 02:31:25,238 INFO peoplein.stream: decoded entrance/20260820-051102.mkv: 1005 frames
2026-08-27 02:31:25,246 INFO __main__: analysis interval completed start=2026-08-20 05:12:41 end=2026-08-20 05:16:02 frames=2010 ticks=1005 entered=7 exited=6 people_inside=1
2026-08-27 02:31:25,248 INFO __main__: summary updated end=2026-08-20 05:16:02
2026-08-27 02:31:25,249 INFO peoplein.stream: download started camera=entrance file=20260820-051602.mkv
2026-08-27 02:31:49,344 INFO peoplein.stream: download completed camera=entrance file=20260820-051602.mkv bytes=32300048 interval=2026-08-20 05:16:02..2026-08-20 05:21:02
2026-08-27 02:31:49,345 INFO peoplein.stream: analysis interval ready start=2026-08-20 05:16:02 end=2026-08-20 05:17:41
2026-08-27 02:31:56,730 INFO peoplein.stream: decoded entrance/20260820-051602.mkv: 495 frames
2026-08-27 02:31:56,731 INFO peoplein.stream: decoded loby/20260820-051241.mkv: 495 frames
2026-08-27 02:31:56,736 INFO __main__: analysis interval completed start=2026-08-20 05:16:02 end=2026-08-20 05:17:41 frames=990 ticks=495 entered=7 exited=6 people_inside=1
2026-08-27 02:31:56,738 INFO __main__: summary updated end=2026-08-20 05:17:41
2026-08-27 02:31:56,739 INFO peoplein.stream: download started camera=loby file=20260820-051741.mkv
2026-08-27 02:32:14,207 INFO peoplein.stream: download completed camera=loby file=20260820-051741.mkv bytes=31695970 interval=2026-08-20 05:17:41..2026-08-20 05:22:41
2026-08-27 02:32:14,207 INFO peoplein.stream: analysis interval ready start=2026-08-20 05:17:41 end=2026-08-20 05:21:02
2026-08-27 02:32:24,005 INFO peoplein.stream: decoded loby/20260820-051741.mkv: 1005 frames
2026-08-27 02:32:24,009 INFO peoplein.stream: decoded entrance/20260820-051602.mkv: 1005 frames
2026-08-27 02:32:24,013 INFO __main__: analysis interval completed start=2026-08-20 05:17:41 end=2026-08-20 05:21:02 frames=2010 ticks=1005 entered=7 exited=6 people_inside=1
2026-08-27 02:32:24,015 INFO __main__: summary updated end=2026-08-20 05:21:02
2026-08-27 02:32:24,016 INFO peoplein.stream: download started camera=entrance file=20260820-052102.mkv
2026-08-27 02:32:46,715 INFO peoplein.stream: download completed camera=entrance file=20260820-052102.mkv bytes=32255776 interval=2026-08-20 05:21:02..2026-08-20 05:26:02
2026-08-27 02:32:46,716 INFO peoplein.stream: analysis interval ready start=2026-08-20 05:21:02 end=2026-08-20 05:22:41
2026-08-27 02:32:54,050 INFO peoplein.stream: decoded entrance/20260820-052102.mkv: 495 frames
2026-08-27 02:32:54,058 INFO peoplein.stream: decoded loby/20260820-051741.mkv: 495 frames
2026-08-27 02:32:54,086 INFO __main__: analysis interval completed start=2026-08-20 05:21:02 end=2026-08-20 05:22:41 frames=990 ticks=495 entered=7 exited=6 people_inside=1
2026-08-27 02:32:54,088 INFO __main__: summary updated end=2026-08-20 05:22:41
2026-08-27 02:32:54,089 INFO peoplein.stream: download started camera=loby file=20260820-052241.mkv
2026-08-27 02:33:12,635 INFO peoplein.stream: download completed camera=loby file=20260820-052241.mkv bytes=30807321 interval=2026-08-20 05:22:41..2026-08-20 05:27:41
2026-08-27 02:33:12,636 INFO peoplein.stream: analysis interval ready start=2026-08-20 05:22:41 end=2026-08-20 05:26:02
2026-08-27 02:33:22,899 INFO peoplein.stream: decoded loby/20260820-052241.mkv: 1005 frames
2026-08-27 02:33:22,904 INFO peoplein.stream: decoded entrance/20260820-052102.mkv: 1005 frames
2026-08-27 02:33:22,910 INFO __main__: analysis interval completed start=2026-08-20 05:22:41 end=2026-08-20 05:26:02 frames=2010 ticks=1005 entered=8 exited=6 people_inside=2
2026-08-27 02:33:22,912 INFO __main__: summary updated end=2026-08-20 05:26:02
2026-08-27 02:33:22,913 INFO peoplein.stream: download started camera=entrance file=20260820-052602.mkv
2026-08-27 02:33:43,035 INFO peoplein.stream: download completed camera=entrance file=20260820-052602.mkv bytes=32169127 interval=2026-08-20 05:26:02..2026-08-20 05:31:02
2026-08-27 02:33:43,036 INFO peoplein.stream: analysis interval ready start=2026-08-20 05:26:02 end=2026-08-20 05:27:41
2026-08-27 02:33:50,278 INFO peoplein.stream: decoded loby/20260820-052241.mkv: 495 frames
2026-08-27 02:33:50,280 INFO peoplein.stream: decoded entrance/20260820-052602.mkv: 495 frames
2026-08-27 02:33:50,284 INFO __main__: analysis interval completed start=2026-08-20 05:26:02 end=2026-08-20 05:27:41 frames=990 ticks=495 entered=8 exited=6 people_inside=2
2026-08-27 02:33:50,287 INFO __main__: summary updated end=2026-08-20 05:27:41
2026-08-27 02:33:50,287 INFO peoplein.stream: download started camera=loby file=20260820-052741.mkv
2026-08-27 02:34:06,869 INFO peoplein.stream: download completed camera=loby file=20260820-052741.mkv bytes=29803284 interval=2026-08-20 05:27:41..2026-08-20 05:32:41
2026-08-27 02:34:06,869 INFO peoplein.stream: analysis interval ready start=2026-08-20 05:27:41 end=2026-08-20 05:31:02
2026-08-27 02:34:16,665 INFO peoplein.stream: decoded loby/20260820-052741.mkv: 1005 frames
2026-08-27 02:34:16,669 INFO peoplein.stream: decoded entrance/20260820-052602.mkv: 1005 frames
2026-08-27 02:34:16,674 INFO __main__: analysis interval completed start=2026-08-20 05:27:41 end=2026-08-20 05:31:02 frames=2010 ticks=1005 entered=8 exited=6 people_inside=2
2026-08-27 02:34:16,676 INFO __main__: summary updated end=2026-08-20 05:31:02
2026-08-27 02:34:16,677 INFO peoplein.stream: download started camera=entrance file=20260820-053102.mkv
2026-08-27 02:34:33,881 INFO peoplein.stream: download completed camera=entrance file=20260820-053102.mkv bytes=32664156 interval=2026-08-20 05:31:02..2026-08-20 05:36:02
2026-08-27 02:34:33,882 INFO peoplein.stream: analysis interval ready start=2026-08-20 05:31:02 end=2026-08-20 05:32:41
2026-08-27 02:34:41,146 INFO peoplein.stream: decoded entrance/20260820-053102.mkv: 495 frames
2026-08-27 02:34:41,148 INFO peoplein.stream: decoded loby/20260820-052741.mkv: 495 frames
2026-08-27 02:34:41,154 INFO __main__: analysis interval completed start=2026-08-20 05:31:02 end=2026-08-20 05:32:41 frames=990 ticks=495 entered=8 exited=6 people_inside=2
2026-08-27 02:34:41,157 INFO __main__: summary updated end=2026-08-20 05:32:41
2026-08-27 02:34:41,158 INFO peoplein.stream: download started camera=loby file=20260820-053241.mkv
2026-08-27 02:34:58,141 INFO peoplein.stream: download completed camera=loby file=20260820-053241.mkv bytes=29586516 interval=2026-08-20 05:32:41..2026-08-20 05:37:41
2026-08-27 02:34:58,141 INFO peoplein.stream: analysis interval ready start=2026-08-20 05:32:41 end=2026-08-20 05:36:02
2026-08-27 02:35:07,791 INFO peoplein.stream: decoded loby/20260820-053241.mkv: 1005 frames
2026-08-27 02:35:07,794 INFO peoplein.stream: decoded entrance/20260820-053102.mkv: 1005 frames
2026-08-27 02:35:07,801 INFO __main__: analysis interval completed start=2026-08-20 05:32:41 end=2026-08-20 05:36:02 frames=2010 ticks=1005 entered=8 exited=6 people_inside=2
2026-08-27 02:35:07,804 INFO __main__: summary updated end=2026-08-20 05:36:02
2026-08-27 02:35:07,804 INFO peoplein.stream: download started camera=entrance file=20260820-053602.mkv
2026-08-27 02:35:20,527 INFO peoplein.stream: download completed camera=entrance file=20260820-053602.mkv bytes=31747130 interval=2026-08-20 05:36:02..2026-08-20 05:41:02
2026-08-27 02:35:20,527 INFO peoplein.stream: analysis interval ready start=2026-08-20 05:36:02 end=2026-08-20 05:37:41
2026-08-27 02:35:27,799 INFO peoplein.stream: decoded loby/20260820-053241.mkv: 495 frames
2026-08-27 02:35:27,800 INFO peoplein.stream: decoded entrance/20260820-053602.mkv: 495 frames
2026-08-27 02:35:27,808 INFO __main__: analysis interval completed start=2026-08-20 05:36:02 end=2026-08-20 05:37:41 frames=990 ticks=495 entered=8 exited=6 people_inside=2
2026-08-27 02:35:27,811 INFO __main__: summary updated end=2026-08-20 05:37:41
2026-08-27 02:35:27,811 INFO peoplein.stream: download started camera=loby file=20260820-053741.mkv
2026-08-27 02:35:39,138 INFO peoplein.stream: download completed camera=loby file=20260820-053741.mkv bytes=29464304 interval=2026-08-20 05:37:41..2026-08-20 05:42:41
2026-08-27 02:35:39,138 INFO peoplein.stream: analysis interval ready start=2026-08-20 05:37:41 end=2026-08-20 05:41:02
2026-08-27 02:35:48,785 INFO peoplein.stream: decoded loby/20260820-053741.mkv: 1005 frames
2026-08-27 02:35:48,788 INFO peoplein.stream: decoded entrance/20260820-053602.mkv: 1005 frames
2026-08-27 02:35:48,793 INFO __main__: analysis interval completed start=2026-08-20 05:37:41 end=2026-08-20 05:41:02 frames=2010 ticks=1005 entered=8 exited=6 people_inside=2
2026-08-27 02:35:48,796 INFO __main__: summary updated end=2026-08-20 05:41:02
2026-08-27 02:35:48,797 INFO peoplein.stream: download started camera=entrance file=20260820-054102.mkv
2026-08-27 02:36:00,844 INFO peoplein.stream: download completed camera=entrance file=20260820-054102.mkv bytes=31542437 interval=2026-08-20 05:41:02..2026-08-20 05:46:02
2026-08-27 02:36:00,845 INFO peoplein.stream: analysis interval ready start=2026-08-20 05:41:02 end=2026-08-20 05:42:41
2026-08-27 02:36:08,149 INFO peoplein.stream: decoded entrance/20260820-054102.mkv: 495 frames
2026-08-27 02:36:08,149 INFO peoplein.stream: decoded loby/20260820-053741.mkv: 495 frames
2026-08-27 02:36:08,158 INFO __main__: analysis interval completed start=2026-08-20 05:41:02 end=2026-08-20 05:42:41 frames=990 ticks=495 entered=8 exited=6 people_inside=2
2026-08-27 02:36:08,161 INFO __main__: summary updated end=2026-08-20 05:42:41
2026-08-27 02:36:08,162 INFO peoplein.stream: download started camera=loby file=20260820-054241.mkv
2026-08-27 02:36:19,982 INFO peoplein.stream: download completed camera=loby file=20260820-054241.mkv bytes=29670333 interval=2026-08-20 05:42:41..2026-08-20 05:47:41
2026-08-27 02:36:19,983 INFO peoplein.stream: analysis interval ready start=2026-08-20 05:42:41 end=2026-08-20 05:46:02
2026-08-27 02:36:29,601 INFO peoplein.stream: decoded entrance/20260820-054102.mkv: 1005 frames
2026-08-27 02:36:29,601 INFO peoplein.stream: decoded loby/20260820-054241.mkv: 1005 frames
2026-08-27 02:36:29,607 INFO __main__: analysis interval completed start=2026-08-20 05:42:41 end=2026-08-20 05:46:02 frames=2010 ticks=1005 entered=8 exited=6 people_inside=2
2026-08-27 02:36:29,610 INFO __main__: summary updated end=2026-08-20 05:46:02
2026-08-27 02:36:29,610 INFO peoplein.stream: download started camera=entrance file=20260820-054602.mkv
2026-08-27 02:36:43,222 INFO peoplein.stream: download completed camera=entrance file=20260820-054602.mkv bytes=31590053 interval=2026-08-20 05:46:02..2026-08-20 05:51:02
2026-08-27 02:36:43,223 INFO peoplein.stream: analysis interval ready start=2026-08-20 05:46:02 end=2026-08-20 05:47:41
2026-08-27 02:36:50,545 INFO peoplein.stream: decoded loby/20260820-054241.mkv: 495 frames
2026-08-27 02:36:50,545 INFO peoplein.stream: decoded entrance/20260820-054602.mkv: 495 frames
2026-08-27 02:36:50,551 INFO __main__: analysis interval completed start=2026-08-20 05:46:02 end=2026-08-20 05:47:41 frames=990 ticks=495 entered=8 exited=6 people_inside=2
2026-08-27 02:36:50,554 INFO __main__: summary updated end=2026-08-20 05:47:41
2026-08-27 02:36:50,554 INFO peoplein.stream: download started camera=loby file=20260820-054741.mkv
2026-08-27 02:37:02,468 INFO peoplein.stream: download completed camera=loby file=20260820-054741.mkv bytes=31170562 interval=2026-08-20 05:47:41..2026-08-20 05:52:41
2026-08-27 02:37:02,468 INFO peoplein.stream: analysis interval ready start=2026-08-20 05:47:41 end=2026-08-20 05:51:02
2026-08-27 02:37:11,999 INFO peoplein.stream: decoded entrance/20260820-054602.mkv: 1005 frames
2026-08-27 02:37:12,000 INFO peoplein.stream: decoded loby/20260820-054741.mkv: 1005 frames
2026-08-27 02:37:12,008 INFO __main__: analysis interval completed start=2026-08-20 05:47:41 end=2026-08-20 05:51:02 frames=2010 ticks=1005 entered=8 exited=6 people_inside=2
2026-08-27 02:37:12,012 INFO __main__: summary updated end=2026-08-20 05:51:02
2026-08-27 02:37:12,012 INFO peoplein.stream: download started camera=entrance file=20260820-055102.mkv
2026-08-27 02:37:23,984 INFO peoplein.stream: download completed camera=entrance file=20260820-055102.mkv bytes=31619999 interval=2026-08-20 05:51:02..2026-08-20 05:56:02
2026-08-27 02:37:23,984 INFO peoplein.stream: analysis interval ready start=2026-08-20 05:51:02 end=2026-08-20 05:52:41
2026-08-27 02:37:31,933 INFO peoplein.stream: decoded loby/20260820-054741.mkv: 495 frames
2026-08-27 02:37:31,936 INFO peoplein.stream: decoded entrance/20260820-055102.mkv: 495 frames
2026-08-27 02:37:31,943 INFO __main__: analysis interval completed start=2026-08-20 05:51:02 end=2026-08-20 05:52:41 frames=990 ticks=495 entered=8 exited=7 people_inside=1
2026-08-27 02:37:31,945 INFO __main__: summary updated end=2026-08-20 05:52:41
2026-08-27 02:37:31,946 INFO peoplein.stream: download started camera=loby file=20260820-055240.mkv
2026-08-27 02:37:43,558 INFO peoplein.stream: download completed camera=loby file=20260820-055240.mkv bytes=28791740 interval=2026-08-20 05:52:40..2026-08-20 05:57:40
2026-08-27 02:37:43,558 INFO peoplein.stream: analysis interval ready start=2026-08-20 05:52:40 end=2026-08-20 05:56:02
2026-08-27 02:37:53,142 INFO peoplein.stream: decoded entrance/20260820-055102.mkv: 1010 frames
2026-08-27 02:37:53,147 INFO peoplein.stream: decoded loby/20260820-055240.mkv: 1010 frames
2026-08-27 02:37:53,154 INFO __main__: analysis interval completed start=2026-08-20 05:52:40 end=2026-08-20 05:56:02 frames=2020 ticks=1010 entered=8 exited=7 people_inside=1
2026-08-27 02:37:53,156 INFO __main__: summary updated end=2026-08-20 05:56:02
2026-08-27 02:37:53,157 INFO peoplein.stream: download started camera=entrance file=20260820-055602.mkv
2026-08-27 02:38:05,527 INFO peoplein.stream: download completed camera=entrance file=20260820-055602.mkv bytes=31551512 interval=2026-08-20 05:56:02..2026-08-20 06:01:02
2026-08-27 02:38:05,528 INFO peoplein.stream: analysis interval ready start=2026-08-20 05:56:02 end=2026-08-20 05:57:40
2026-08-27 02:38:12,842 INFO peoplein.stream: decoded entrance/20260820-055602.mkv: 490 frames
2026-08-27 02:38:12,843 INFO peoplein.stream: decoded loby/20260820-055240.mkv: 490 frames
2026-08-27 02:38:12,852 INFO __main__: analysis interval completed start=2026-08-20 05:56:02 end=2026-08-20 05:57:40 frames=980 ticks=490 entered=8 exited=7 people_inside=1
2026-08-27 02:38:12,855 INFO __main__: summary updated end=2026-08-20 05:57:40
2026-08-27 02:38:12,855 INFO peoplein.stream: download started camera=loby file=20260820-055740.mkv
2026-08-27 02:38:26,656 INFO peoplein.stream: download completed camera=loby file=20260820-055740.mkv bytes=29526878 interval=2026-08-20 05:57:40..2026-08-20 06:02:40
2026-08-27 02:38:26,656 INFO peoplein.stream: analysis interval ready start=2026-08-20 05:57:40 end=2026-08-20 06:01:02
2026-08-27 02:38:36,228 INFO peoplein.stream: decoded loby/20260820-055740.mkv: 1010 frames
2026-08-27 02:38:36,228 INFO peoplein.stream: decoded entrance/20260820-055602.mkv: 1010 frames
2026-08-27 02:38:36,238 INFO __main__: analysis interval completed start=2026-08-20 05:57:40 end=2026-08-20 06:01:02 frames=2020 ticks=1010 entered=8 exited=7 people_inside=1
2026-08-27 02:38:36,241 INFO __main__: summary updated end=2026-08-20 06:01:02
2026-08-27 02:38:36,241 INFO peoplein.stream: download started camera=entrance file=20260820-060102.mkv
2026-08-27 02:38:48,983 INFO peoplein.stream: download completed camera=entrance file=20260820-060102.mkv bytes=31523354 interval=2026-08-20 06:01:02..2026-08-20 06:06:02
2026-08-27 02:38:48,984 INFO peoplein.stream: analysis interval ready start=2026-08-20 06:01:02 end=2026-08-20 06:02:40
2026-08-27 02:38:56,261 INFO peoplein.stream: decoded entrance/20260820-060102.mkv: 490 frames
2026-08-27 02:38:56,261 INFO peoplein.stream: decoded loby/20260820-055740.mkv: 490 frames
2026-08-27 02:38:56,270 INFO __main__: analysis interval completed start=2026-08-20 06:01:02 end=2026-08-20 06:02:40 frames=980 ticks=490 entered=8 exited=7 people_inside=1
2026-08-27 02:38:56,272 INFO __main__: summary updated end=2026-08-20 06:02:40
2026-08-27 02:38:56,272 INFO peoplein.stream: download started camera=loby file=20260820-060240.mkv
2026-08-27 02:39:07,390 INFO peoplein.stream: download completed camera=loby file=20260820-060240.mkv bytes=28443802 interval=2026-08-20 06:02:40..2026-08-20 06:07:40
2026-08-27 02:39:07,391 INFO peoplein.stream: analysis interval ready start=2026-08-20 06:02:40 end=2026-08-20 06:06:02
2026-08-27 02:39:16,831 INFO peoplein.stream: decoded loby/20260820-060240.mkv: 1010 frames
2026-08-27 02:39:16,834 INFO peoplein.stream: decoded entrance/20260820-060102.mkv: 1010 frames
2026-08-27 02:39:16,838 INFO __main__: analysis interval completed start=2026-08-20 06:02:40 end=2026-08-20 06:06:02 frames=2020 ticks=1010 entered=8 exited=7 people_inside=1
2026-08-27 02:39:16,841 INFO __main__: summary updated end=2026-08-20 06:06:02
2026-08-27 02:39:16,841 INFO peoplein.stream: download started camera=entrance file=20260820-060602.mkv
2026-08-27 02:39:29,304 INFO peoplein.stream: download completed camera=entrance file=20260820-060602.mkv bytes=31516712 interval=2026-08-20 06:06:02..2026-08-20 06:11:02
2026-08-27 02:39:29,305 INFO peoplein.stream: analysis interval ready start=2026-08-20 06:06:02 end=2026-08-20 06:07:40
2026-08-27 02:39:36,719 INFO peoplein.stream: decoded entrance/20260820-060602.mkv: 490 frames
2026-08-27 02:39:36,723 INFO peoplein.stream: decoded loby/20260820-060240.mkv: 490 frames
2026-08-27 02:39:36,729 INFO __main__: analysis interval completed start=2026-08-20 06:06:02 end=2026-08-20 06:07:40 frames=980 ticks=490 entered=8 exited=7 people_inside=1
2026-08-27 02:39:36,732 INFO __main__: summary updated end=2026-08-20 06:07:40
2026-08-27 02:39:36,732 INFO peoplein.stream: download started camera=loby file=20260820-060740.mkv
2026-08-27 02:39:47,644 INFO peoplein.stream: download completed camera=loby file=20260820-060740.mkv bytes=27594319 interval=2026-08-20 06:07:40..2026-08-20 06:12:40
2026-08-27 02:39:47,645 INFO peoplein.stream: analysis interval ready start=2026-08-20 06:07:40 end=2026-08-20 06:11:02
2026-08-27 02:39:57,234 INFO peoplein.stream: decoded entrance/20260820-060602.mkv: 1010 frames
2026-08-27 02:39:57,237 INFO peoplein.stream: decoded loby/20260820-060740.mkv: 1010 frames
2026-08-27 02:39:57,243 INFO __main__: analysis interval completed start=2026-08-20 06:07:40 end=2026-08-20 06:11:02 frames=2020 ticks=1010 entered=8 exited=7 people_inside=1
2026-08-27 02:39:57,245 INFO __main__: summary updated end=2026-08-20 06:11:02
2026-08-27 02:39:57,246 INFO peoplein.stream: download started camera=entrance file=20260820-061102.mkv
2026-08-27 02:40:11,465 INFO peoplein.stream: download completed camera=entrance file=20260820-061102.mkv bytes=31509081 interval=2026-08-20 06:11:02..2026-08-20 06:16:02
2026-08-27 02:40:11,465 INFO peoplein.stream: analysis interval ready start=2026-08-20 06:11:02 end=2026-08-20 06:12:40
2026-08-27 02:40:18,552 INFO peoplein.stream: decoded loby/20260820-060740.mkv: 490 frames
2026-08-27 02:40:18,557 INFO peoplein.stream: decoded entrance/20260820-061102.mkv: 490 frames
2026-08-27 02:40:18,559 INFO __main__: analysis interval completed start=2026-08-20 06:11:02 end=2026-08-20 06:12:40 frames=980 ticks=490 entered=8 exited=7 people_inside=1
2026-08-27 02:40:18,562 INFO __main__: summary updated end=2026-08-20 06:12:40
2026-08-27 02:40:18,563 INFO peoplein.stream: download started camera=loby file=20260820-061240.mkv
2026-08-27 02:40:29,561 INFO peoplein.stream: download completed camera=loby file=20260820-061240.mkv bytes=27347492 interval=2026-08-20 06:12:40..2026-08-20 06:17:40
2026-08-27 02:40:29,561 INFO peoplein.stream: analysis interval ready start=2026-08-20 06:12:40 end=2026-08-20 06:16:02
2026-08-27 02:40:39,064 INFO peoplein.stream: decoded entrance/20260820-061102.mkv: 1010 frames
2026-08-27 02:40:39,064 INFO peoplein.stream: decoded loby/20260820-061240.mkv: 1010 frames
2026-08-27 02:40:39,073 INFO __main__: analysis interval completed start=2026-08-20 06:12:40 end=2026-08-20 06:16:02 frames=2020 ticks=1010 entered=8 exited=7 people_inside=1
2026-08-27 02:40:39,076 INFO __main__: summary updated end=2026-08-20 06:16:02
2026-08-27 02:40:39,076 INFO peoplein.stream: download started camera=entrance file=20260820-061602.mkv
2026-08-27 02:40:52,381 INFO peoplein.stream: download completed camera=entrance file=20260820-061602.mkv bytes=31513991 interval=2026-08-20 06:16:02..2026-08-20 06:21:02
2026-08-27 02:40:52,382 INFO peoplein.stream: analysis interval ready start=2026-08-20 06:16:02 end=2026-08-20 06:17:40
2026-08-27 02:40:59,611 INFO peoplein.stream: decoded entrance/20260820-061602.mkv: 490 frames
2026-08-27 02:40:59,613 INFO peoplein.stream: decoded loby/20260820-061240.mkv: 490 frames
2026-08-27 02:40:59,620 INFO __main__: analysis interval completed start=2026-08-20 06:16:02 end=2026-08-20 06:17:40 frames=980 ticks=490 entered=8 exited=7 people_inside=1
2026-08-27 02:40:59,623 INFO __main__: summary updated end=2026-08-20 06:17:40
2026-08-27 02:40:59,623 INFO peoplein.stream: download started camera=loby file=20260820-061740.mkv
2026-08-27 02:41:10,455 INFO peoplein.stream: download completed camera=loby file=20260820-061740.mkv bytes=27327439 interval=2026-08-20 06:17:40..2026-08-20 06:22:40
2026-08-27 02:41:10,455 INFO peoplein.stream: analysis interval ready start=2026-08-20 06:17:40 end=2026-08-20 06:21:02
2026-08-27 02:41:20,040 INFO peoplein.stream: decoded entrance/20260820-061602.mkv: 1010 frames
2026-08-27 02:41:20,041 INFO peoplein.stream: decoded loby/20260820-061740.mkv: 1010 frames
2026-08-27 02:41:20,050 INFO __main__: analysis interval completed start=2026-08-20 06:17:40 end=2026-08-20 06:21:02 frames=2020 ticks=1010 entered=8 exited=7 people_inside=1
2026-08-27 02:41:20,053 INFO __main__: summary updated end=2026-08-20 06:21:02
2026-08-27 02:41:20,053 INFO peoplein.stream: download started camera=entrance file=20260820-062102.mkv
2026-08-27 02:41:31,725 INFO peoplein.stream: download completed camera=entrance file=20260820-062102.mkv bytes=31510201 interval=2026-08-20 06:21:02..2026-08-20 06:26:02
2026-08-27 02:41:31,725 INFO peoplein.stream: analysis interval ready start=2026-08-20 06:21:02 end=2026-08-20 06:22:40
2026-08-27 02:41:38,852 INFO peoplein.stream: decoded entrance/20260820-062102.mkv: 490 frames
2026-08-27 02:41:38,852 INFO peoplein.stream: decoded loby/20260820-061740.mkv: 490 frames
2026-08-27 02:41:38,861 INFO __main__: analysis interval completed start=2026-08-20 06:21:02 end=2026-08-20 06:22:40 frames=980 ticks=490 entered=8 exited=7 people_inside=1
2026-08-27 02:41:38,864 INFO __main__: summary updated end=2026-08-20 06:22:40
2026-08-27 02:41:38,864 INFO peoplein.stream: download started camera=loby file=20260820-062240.mkv
2026-08-27 02:41:49,796 INFO peoplein.stream: download completed camera=loby file=20260820-062240.mkv bytes=27217291 interval=2026-08-20 06:22:40..2026-08-20 06:27:40
2026-08-27 02:41:49,796 INFO peoplein.stream: analysis interval ready start=2026-08-20 06:22:40 end=2026-08-20 06:26:02
2026-08-27 02:41:59,483 INFO peoplein.stream: decoded loby/20260820-062240.mkv: 1010 frames
2026-08-27 02:41:59,486 INFO peoplein.stream: decoded entrance/20260820-062102.mkv: 1010 frames
2026-08-27 02:41:59,489 INFO __main__: analysis interval completed start=2026-08-20 06:22:40 end=2026-08-20 06:26:02 frames=2020 ticks=1010 entered=8 exited=7 people_inside=1
2026-08-27 02:41:59,492 INFO __main__: summary updated end=2026-08-20 06:26:02
2026-08-27 02:41:59,492 INFO peoplein.stream: download started camera=entrance file=20260820-062602.mkv
2026-08-27 02:42:12,431 INFO peoplein.stream: download completed camera=entrance file=20260820-062602.mkv bytes=31515033 interval=2026-08-20 06:26:02..2026-08-20 06:31:02
2026-08-27 02:42:12,432 INFO peoplein.stream: analysis interval ready start=2026-08-20 06:26:02 end=2026-08-20 06:27:40
2026-08-27 02:42:19,690 INFO peoplein.stream: decoded loby/20260820-062240.mkv: 490 frames
2026-08-27 02:42:19,690 INFO peoplein.stream: decoded entrance/20260820-062602.mkv: 490 frames
2026-08-27 02:42:19,698 INFO __main__: analysis interval completed start=2026-08-20 06:26:02 end=2026-08-20 06:27:40 frames=980 ticks=490 entered=8 exited=7 people_inside=1
2026-08-27 02:42:19,700 INFO __main__: summary updated end=2026-08-20 06:27:40
2026-08-27 02:42:19,701 INFO peoplein.stream: download started camera=loby file=20260820-062740.mkv
2026-08-27 02:42:30,509 INFO peoplein.stream: download completed camera=loby file=20260820-062740.mkv bytes=27940896 interval=2026-08-20 06:27:40..2026-08-20 06:32:40
2026-08-27 02:42:30,510 INFO peoplein.stream: analysis interval ready start=2026-08-20 06:27:40 end=2026-08-20 06:31:02
2026-08-27 02:42:40,237 INFO peoplein.stream: decoded entrance/20260820-062602.mkv: 1010 frames
2026-08-27 02:42:40,240 INFO peoplein.stream: decoded loby/20260820-062740.mkv: 1010 frames
2026-08-27 02:42:40,246 INFO __main__: analysis interval completed start=2026-08-20 06:27:40 end=2026-08-20 06:31:02 frames=2020 ticks=1010 entered=8 exited=7 people_inside=1
2026-08-27 02:42:40,249 INFO __main__: summary updated end=2026-08-20 06:31:02
2026-08-27 02:42:40,249 INFO peoplein.stream: download started camera=entrance file=20260820-063102.mkv
2026-08-27 02:42:53,276 INFO peoplein.stream: download completed camera=entrance file=20260820-063102.mkv bytes=31511445 interval=2026-08-20 06:31:02..2026-08-20 06:36:02
2026-08-27 02:42:53,277 INFO peoplein.stream: analysis interval ready start=2026-08-20 06:31:02 end=2026-08-20 06:32:40
2026-08-27 02:43:00,525 INFO peoplein.stream: decoded loby/20260820-062740.mkv: 490 frames
2026-08-27 02:43:00,529 INFO peoplein.stream: decoded entrance/20260820-063102.mkv: 490 frames
2026-08-27 02:43:00,533 INFO __main__: analysis interval completed start=2026-08-20 06:31:02 end=2026-08-20 06:32:40 frames=980 ticks=490 entered=8 exited=7 people_inside=1
2026-08-27 02:43:00,535 INFO __main__: summary updated end=2026-08-20 06:32:40
2026-08-27 02:43:00,535 INFO peoplein.stream: download started camera=loby file=20260820-063239.mkv
2026-08-27 02:43:12,189 INFO peoplein.stream: download completed camera=loby file=20260820-063239.mkv bytes=27461665 interval=2026-08-20 06:32:39..2026-08-20 06:37:39
2026-08-27 02:43:12,191 INFO peoplein.stream: analysis interval ready start=2026-08-20 06:32:39 end=2026-08-20 06:36:02
2026-08-27 02:43:21,818 INFO peoplein.stream: decoded loby/20260820-063239.mkv: 1015 frames
2026-08-27 02:43:21,820 INFO peoplein.stream: decoded entrance/20260820-063102.mkv: 1015 frames
2026-08-27 02:43:21,826 INFO __main__: analysis interval completed start=2026-08-20 06:32:39 end=2026-08-20 06:36:02 frames=2030 ticks=1015 entered=8 exited=7 people_inside=1
2026-08-27 02:43:21,829 INFO __main__: summary updated end=2026-08-20 06:36:02
2026-08-27 02:43:21,829 INFO peoplein.stream: download started camera=entrance file=20260820-063602.mkv
2026-08-27 02:43:35,367 INFO peoplein.stream: download completed camera=entrance file=20260820-063602.mkv bytes=31495204 interval=2026-08-20 06:36:02..2026-08-20 06:41:02
2026-08-27 02:43:35,367 INFO peoplein.stream: analysis interval ready start=2026-08-20 06:36:02 end=2026-08-20 06:37:39
2026-08-27 02:43:42,537 INFO peoplein.stream: decoded loby/20260820-063239.mkv: 485 frames
2026-08-27 02:43:42,537 INFO peoplein.stream: decoded entrance/20260820-063602.mkv: 485 frames
2026-08-27 02:43:42,545 INFO __main__: analysis interval completed start=2026-08-20 06:36:02 end=2026-08-20 06:37:39 frames=970 ticks=485 entered=8 exited=7 people_inside=1
2026-08-27 02:43:42,548 INFO __main__: summary updated end=2026-08-20 06:37:39
2026-08-27 02:43:42,548 INFO peoplein.stream: download started camera=loby file=20260820-063739.mkv
2026-08-27 02:43:53,295 INFO peoplein.stream: download completed camera=loby file=20260820-063739.mkv bytes=27721194 interval=2026-08-20 06:37:39..2026-08-20 06:42:41
2026-08-27 02:43:53,295 INFO peoplein.stream: analysis interval ready start=2026-08-20 06:37:39 end=2026-08-20 06:41:02
2026-08-27 02:44:02,904 INFO peoplein.stream: decoded loby/20260820-063739.mkv: 1015 frames
2026-08-27 02:44:02,906 INFO peoplein.stream: decoded entrance/20260820-063602.mkv: 1015 frames
2026-08-27 02:44:02,912 INFO __main__: analysis interval completed start=2026-08-20 06:37:39 end=2026-08-20 06:41:02 frames=2030 ticks=1015 entered=8 exited=7 people_inside=1
2026-08-27 02:44:02,914 INFO __main__: summary updated end=2026-08-20 06:41:02
2026-08-27 02:44:02,915 INFO peoplein.stream: download started camera=entrance file=20260820-064102.mkv
2026-08-27 02:44:14,339 INFO peoplein.stream: download completed camera=entrance file=20260820-064102.mkv bytes=31196045 interval=2026-08-20 06:41:02..2026-08-20 06:46:02
2026-08-27 02:44:14,340 INFO peoplein.stream: analysis interval ready start=2026-08-20 06:41:02 end=2026-08-20 06:42:41
2026-08-27 02:44:21,638 INFO peoplein.stream: decoded entrance/20260820-064102.mkv: 495 frames
2026-08-27 02:44:21,638 INFO peoplein.stream: decoded loby/20260820-063739.mkv: 495 frames
2026-08-27 02:44:21,644 INFO __main__: analysis interval completed start=2026-08-20 06:41:02 end=2026-08-20 06:42:41 frames=990 ticks=495 entered=8 exited=7 people_inside=1
2026-08-27 02:44:21,647 INFO __main__: summary updated end=2026-08-20 06:42:41
2026-08-27 02:44:21,647 INFO peoplein.stream: download started camera=loby file=20260820-064241.mkv
2026-08-27 02:44:32,549 INFO peoplein.stream: download completed camera=loby file=20260820-064241.mkv bytes=27599527 interval=2026-08-20 06:42:41..2026-08-20 06:47:41
2026-08-27 02:44:32,549 INFO peoplein.stream: analysis interval ready start=2026-08-20 06:42:41 end=2026-08-20 06:46:02
2026-08-27 02:44:42,240 INFO peoplein.stream: decoded loby/20260820-064241.mkv: 1005 frames
2026-08-27 02:44:42,242 INFO peoplein.stream: decoded entrance/20260820-064102.mkv: 1005 frames
2026-08-27 02:44:42,247 INFO __main__: analysis interval completed start=2026-08-20 06:42:41 end=2026-08-20 06:46:02 frames=2010 ticks=1005 entered=8 exited=7 people_inside=1
2026-08-27 02:44:42,250 INFO __main__: summary updated end=2026-08-20 06:46:02
2026-08-27 02:44:42,250 INFO peoplein.stream: download started camera=entrance file=20260820-064602.mkv
2026-08-27 02:44:54,213 INFO peoplein.stream: download completed camera=entrance file=20260820-064602.mkv bytes=30229546 interval=2026-08-20 06:46:02..2026-08-20 06:51:02
2026-08-27 02:44:54,213 INFO peoplein.stream: analysis interval ready start=2026-08-20 06:46:02 end=2026-08-20 06:47:41
2026-08-27 02:45:01,468 INFO peoplein.stream: decoded entrance/20260820-064602.mkv: 495 frames
2026-08-27 02:45:01,468 INFO peoplein.stream: decoded loby/20260820-064241.mkv: 495 frames
2026-08-27 02:45:01,478 INFO __main__: analysis interval completed start=2026-08-20 06:46:02 end=2026-08-20 06:47:41 frames=990 ticks=495 entered=8 exited=7 people_inside=1
2026-08-27 02:45:01,480 INFO __main__: summary updated end=2026-08-20 06:47:41
2026-08-27 02:45:01,481 INFO peoplein.stream: download started camera=loby file=20260820-064741.mkv
2026-08-27 02:45:12,262 INFO peoplein.stream: download completed camera=loby file=20260820-064741.mkv bytes=27265542 interval=2026-08-20 06:47:41..2026-08-20 06:52:41
2026-08-27 02:45:12,262 INFO peoplein.stream: analysis interval ready start=2026-08-20 06:47:41 end=2026-08-20 06:51:02
2026-08-27 02:45:21,781 INFO peoplein.stream: decoded loby/20260820-064741.mkv: 1005 frames
2026-08-27 02:45:21,786 INFO peoplein.stream: decoded entrance/20260820-064602.mkv: 1005 frames
2026-08-27 02:45:21,790 INFO __main__: analysis interval completed start=2026-08-20 06:47:41 end=2026-08-20 06:51:02 frames=2010 ticks=1005 entered=8 exited=7 people_inside=1
2026-08-27 02:45:21,792 INFO __main__: summary updated end=2026-08-20 06:51:02
2026-08-27 02:45:21,793 INFO peoplein.stream: download started camera=entrance file=20260820-065102.mkv
2026-08-27 02:45:33,910 INFO peoplein.stream: download completed camera=entrance file=20260820-065102.mkv bytes=29006642 interval=2026-08-20 06:51:02..2026-08-20 06:56:02
2026-08-27 02:45:33,911 INFO peoplein.stream: analysis interval ready start=2026-08-20 06:51:02 end=2026-08-20 06:52:41
2026-08-27 02:45:41,135 INFO peoplein.stream: decoded loby/20260820-064741.mkv: 495 frames
2026-08-27 02:45:41,135 INFO peoplein.stream: decoded entrance/20260820-065102.mkv: 495 frames
2026-08-27 02:45:41,144 INFO __main__: analysis interval completed start=2026-08-20 06:51:02 end=2026-08-20 06:52:41 frames=990 ticks=495 entered=8 exited=7 people_inside=1
2026-08-27 02:45:41,147 INFO __main__: summary updated end=2026-08-20 06:52:41
2026-08-27 02:45:41,148 INFO peoplein.stream: download started camera=loby file=20260820-065241.mkv
2026-08-27 02:45:53,168 INFO peoplein.stream: download completed camera=loby file=20260820-065241.mkv bytes=27472520 interval=2026-08-20 06:52:41..2026-08-20 06:57:41
2026-08-27 02:45:53,169 INFO peoplein.stream: analysis interval ready start=2026-08-20 06:52:41 end=2026-08-20 06:56:02
2026-08-27 02:46:02,790 INFO peoplein.stream: decoded loby/20260820-065241.mkv: 1005 frames
2026-08-27 02:46:02,790 INFO peoplein.stream: decoded entrance/20260820-065102.mkv: 1005 frames
2026-08-27 02:46:02,797 INFO __main__: analysis interval completed start=2026-08-20 06:52:41 end=2026-08-20 06:56:02 frames=2010 ticks=1005 entered=8 exited=7 people_inside=1
2026-08-27 02:46:02,800 INFO __main__: summary updated end=2026-08-20 06:56:02
2026-08-27 02:46:02,800 INFO peoplein.stream: download started camera=entrance file=20260820-065602.mkv
2026-08-27 02:46:13,746 INFO peoplein.stream: download completed camera=entrance file=20260820-065602.mkv bytes=28149517 interval=2026-08-20 06:56:02..2026-08-20 07:01:02
2026-08-27 02:46:13,746 INFO peoplein.stream: analysis interval ready start=2026-08-20 06:56:02 end=2026-08-20 06:57:41
2026-08-27 02:46:21,085 INFO peoplein.stream: decoded entrance/20260820-065602.mkv: 495 frames
2026-08-27 02:46:21,085 INFO peoplein.stream: decoded loby/20260820-065241.mkv: 495 frames
2026-08-27 02:46:21,094 INFO __main__: analysis interval completed start=2026-08-20 06:56:02 end=2026-08-20 06:57:41 frames=990 ticks=495 entered=8 exited=7 people_inside=1
2026-08-27 02:46:21,097 INFO __main__: summary updated end=2026-08-20 06:57:41
2026-08-27 02:46:21,097 INFO peoplein.stream: download started camera=loby file=20260820-065741.mkv
2026-08-27 02:46:31,862 INFO peoplein.stream: download completed camera=loby file=20260820-065741.mkv bytes=27631921 interval=2026-08-20 06:57:41..2026-08-20 07:02:41
2026-08-27 02:46:31,863 INFO peoplein.stream: analysis interval ready start=2026-08-20 06:57:41 end=2026-08-20 07:01:02
2026-08-27 02:46:41,561 INFO peoplein.stream: decoded loby/20260820-065741.mkv: 1005 frames
2026-08-27 02:46:41,562 INFO peoplein.stream: decoded entrance/20260820-065602.mkv: 1005 frames
2026-08-27 02:46:41,568 INFO __main__: analysis interval completed start=2026-08-20 06:57:41 end=2026-08-20 07:01:02 frames=2010 ticks=1005 entered=8 exited=7 people_inside=1
2026-08-27 02:46:41,571 INFO __main__: summary updated end=2026-08-20 07:01:02
2026-08-27 02:46:41,572 INFO peoplein.stream: download started camera=entrance file=20260820-070102.mkv
2026-08-27 02:46:51,866 INFO peoplein.stream: download completed camera=entrance file=20260820-070102.mkv bytes=27100953 interval=2026-08-20 07:01:02..2026-08-20 07:06:02
2026-08-27 02:46:51,866 INFO peoplein.stream: analysis interval ready start=2026-08-20 07:01:02 end=2026-08-20 07:02:41
2026-08-27 02:46:59,194 INFO peoplein.stream: decoded loby/20260820-065741.mkv: 495 frames
2026-08-27 02:46:59,194 INFO peoplein.stream: decoded entrance/20260820-070102.mkv: 495 frames
2026-08-27 02:46:59,201 INFO __main__: analysis interval completed start=2026-08-20 07:01:02 end=2026-08-20 07:02:41 frames=990 ticks=495 entered=8 exited=7 people_inside=1
2026-08-27 02:46:59,204 INFO __main__: summary updated end=2026-08-20 07:02:41
2026-08-27 02:46:59,205 INFO peoplein.stream: download started camera=loby file=20260820-070241.mkv
2026-08-27 02:47:10,010 INFO peoplein.stream: download completed camera=loby file=20260820-070241.mkv bytes=27297579 interval=2026-08-20 07:02:41..2026-08-20 07:07:41
2026-08-27 02:47:10,010 INFO peoplein.stream: analysis interval ready start=2026-08-20 07:02:41 end=2026-08-20 07:06:02
2026-08-27 02:47:19,657 INFO peoplein.stream: decoded entrance/20260820-070102.mkv: 1005 frames
2026-08-27 02:47:19,657 INFO peoplein.stream: decoded loby/20260820-070241.mkv: 1005 frames
2026-08-27 02:47:19,666 INFO __main__: analysis interval completed start=2026-08-20 07:02:41 end=2026-08-20 07:06:02 frames=2010 ticks=1005 entered=8 exited=7 people_inside=1
2026-08-27 02:47:19,668 INFO __main__: summary updated end=2026-08-20 07:06:02
2026-08-27 02:47:19,669 INFO peoplein.stream: download started camera=entrance file=20260820-070602.mkv
2026-08-27 02:47:30,427 INFO peoplein.stream: download completed camera=entrance file=20260820-070602.mkv bytes=26249675 interval=2026-08-20 07:06:02..2026-08-20 07:11:02
2026-08-27 02:47:30,428 INFO peoplein.stream: analysis interval ready start=2026-08-20 07:06:02 end=2026-08-20 07:07:41
2026-08-27 02:47:37,694 INFO peoplein.stream: decoded entrance/20260820-070602.mkv: 495 frames
2026-08-27 02:47:37,695 INFO peoplein.stream: decoded loby/20260820-070241.mkv: 495 frames
2026-08-27 02:47:37,704 INFO __main__: analysis interval completed start=2026-08-20 07:06:02 end=2026-08-20 07:07:41 frames=990 ticks=495 entered=8 exited=7 people_inside=1
2026-08-27 02:47:37,708 INFO __main__: summary updated end=2026-08-20 07:07:41
2026-08-27 02:47:37,709 INFO peoplein.stream: download started camera=loby file=20260820-070741.mkv
2026-08-27 02:47:48,547 INFO peoplein.stream: download completed camera=loby file=20260820-070741.mkv bytes=27224184 interval=2026-08-20 07:07:41..2026-08-20 07:12:41
2026-08-27 02:47:48,548 INFO peoplein.stream: analysis interval ready start=2026-08-20 07:07:41 end=2026-08-20 07:11:02
2026-08-27 02:47:58,205 INFO peoplein.stream: decoded loby/20260820-070741.mkv: 1005 frames
2026-08-27 02:47:58,208 INFO peoplein.stream: decoded entrance/20260820-070602.mkv: 1005 frames
2026-08-27 02:47:58,215 INFO __main__: analysis interval completed start=2026-08-20 07:07:41 end=2026-08-20 07:11:02 frames=2010 ticks=1005 entered=8 exited=7 people_inside=1
2026-08-27 02:47:58,217 INFO __main__: summary updated end=2026-08-20 07:11:02
2026-08-27 02:47:58,217 INFO peoplein.stream: download started camera=entrance file=20260820-071102.mkv
2026-08-27 02:48:08,495 INFO peoplein.stream: download completed camera=entrance file=20260820-071102.mkv bytes=25332283 interval=2026-08-20 07:11:02..2026-08-20 07:16:02
2026-08-27 02:48:08,496 INFO peoplein.stream: analysis interval ready start=2026-08-20 07:11:02 end=2026-08-20 07:12:41
2026-08-27 02:48:15,741 INFO peoplein.stream: decoded loby/20260820-070741.mkv: 495 frames
2026-08-27 02:48:15,745 INFO peoplein.stream: decoded entrance/20260820-071102.mkv: 495 frames
2026-08-27 02:48:15,751 INFO __main__: analysis interval completed start=2026-08-20 07:11:02 end=2026-08-20 07:12:41 frames=990 ticks=495 entered=8 exited=7 people_inside=1
2026-08-27 02:48:15,754 INFO __main__: summary updated end=2026-08-20 07:12:41
2026-08-27 02:48:15,754 INFO peoplein.stream: download started camera=loby file=20260820-071240.mkv
2026-08-27 02:48:26,146 INFO peoplein.stream: download completed camera=loby file=20260820-071240.mkv bytes=27166797 interval=2026-08-20 07:12:40..2026-08-20 07:17:40
2026-08-27 02:48:26,146 INFO peoplein.stream: analysis interval ready start=2026-08-20 07:12:40 end=2026-08-20 07:16:02
2026-08-27 02:48:35,757 INFO peoplein.stream: decoded loby/20260820-071240.mkv: 1010 frames
2026-08-27 02:48:35,760 INFO peoplein.stream: decoded entrance/20260820-071102.mkv: 1010 frames
2026-08-27 02:48:35,766 INFO __main__: analysis interval completed start=2026-08-20 07:12:40 end=2026-08-20 07:16:02 frames=2020 ticks=1010 entered=8 exited=7 people_inside=1
2026-08-27 02:48:35,768 INFO __main__: summary updated end=2026-08-20 07:16:02
2026-08-27 02:48:35,768 INFO peoplein.stream: download started camera=entrance file=20260820-071602.mkv
2026-08-27 02:48:46,314 INFO peoplein.stream: download completed camera=entrance file=20260820-071602.mkv bytes=24684113 interval=2026-08-20 07:16:02..2026-08-20 07:21:02
2026-08-27 02:48:46,315 INFO peoplein.stream: analysis interval ready start=2026-08-20 07:16:02 end=2026-08-20 07:17:40
2026-08-27 02:48:53,816 INFO peoplein.stream: decoded loby/20260820-071240.mkv: 490 frames
2026-08-27 02:48:53,816 INFO peoplein.stream: decoded entrance/20260820-071602.mkv: 490 frames
2026-08-27 02:48:53,825 INFO __main__: analysis interval completed start=2026-08-20 07:16:02 end=2026-08-20 07:17:40 frames=980 ticks=490 entered=8 exited=7 people_inside=1
2026-08-27 02:48:53,962 INFO __main__: summary updated end=2026-08-20 07:17:40
2026-08-27 02:48:53,964 INFO peoplein.stream: download started camera=loby file=20260820-071740.mkv
2026-08-27 02:49:07,792 INFO peoplein.stream: download completed camera=loby file=20260820-071740.mkv bytes=27194124 interval=2026-08-20 07:17:40..2026-08-20 07:22:40
2026-08-27 02:49:07,793 INFO peoplein.stream: analysis interval ready start=2026-08-20 07:17:40 end=2026-08-20 07:21:02
2026-08-27 02:49:17,431 INFO peoplein.stream: decoded loby/20260820-071740.mkv: 1010 frames
2026-08-27 02:49:17,431 INFO peoplein.stream: decoded entrance/20260820-071602.mkv: 1010 frames
2026-08-27 02:49:17,439 INFO __main__: analysis interval completed start=2026-08-20 07:17:40 end=2026-08-20 07:21:02 frames=2020 ticks=1010 entered=8 exited=7 people_inside=1
2026-08-27 02:49:17,442 INFO __main__: summary updated end=2026-08-20 07:21:02
2026-08-27 02:49:17,443 INFO peoplein.stream: download started camera=entrance file=20260820-072102.mkv
2026-08-27 02:49:27,057 INFO peoplein.stream: download completed camera=entrance file=20260820-072102.mkv bytes=24203469 interval=2026-08-20 07:21:02..2026-08-20 07:26:02
2026-08-27 02:49:27,058 INFO peoplein.stream: analysis interval ready start=2026-08-20 07:21:02 end=2026-08-20 07:22:40
2026-08-27 02:49:34,391 INFO peoplein.stream: decoded loby/20260820-071740.mkv: 490 frames
2026-08-27 02:49:34,396 INFO peoplein.stream: decoded entrance/20260820-072102.mkv: 490 frames
2026-08-27 02:49:34,402 INFO __main__: analysis interval completed start=2026-08-20 07:21:02 end=2026-08-20 07:22:40 frames=980 ticks=490 entered=8 exited=7 people_inside=1
2026-08-27 02:49:34,405 INFO __main__: summary updated end=2026-08-20 07:22:40
2026-08-27 02:49:34,407 INFO peoplein.stream: download started camera=loby file=20260820-072240.mkv
2026-08-27 02:49:45,515 INFO peoplein.stream: download completed camera=loby file=20260820-072240.mkv bytes=27185551 interval=2026-08-20 07:22:40..2026-08-20 07:27:40
2026-08-27 02:49:45,516 INFO peoplein.stream: analysis interval ready start=2026-08-20 07:22:40 end=2026-08-20 07:26:02
2026-08-27 02:49:55,376 INFO peoplein.stream: decoded entrance/20260820-072102.mkv: 1010 frames
2026-08-27 02:49:55,376 INFO peoplein.stream: decoded loby/20260820-072240.mkv: 1010 frames
2026-08-27 02:49:55,386 INFO __main__: analysis interval completed start=2026-08-20 07:22:40 end=2026-08-20 07:26:02 frames=2020 ticks=1010 entered=8 exited=7 people_inside=1
2026-08-27 02:49:55,389 INFO __main__: summary updated end=2026-08-20 07:26:02
2026-08-27 02:49:55,390 INFO peoplein.stream: download started camera=entrance file=20260820-072602.mkv
2026-08-27 02:50:05,199 INFO peoplein.stream: download completed camera=entrance file=20260820-072602.mkv bytes=23778791 interval=2026-08-20 07:26:02..2026-08-20 07:31:02
2026-08-27 02:50:05,199 INFO peoplein.stream: analysis interval ready start=2026-08-20 07:26:02 end=2026-08-20 07:27:40
2026-08-27 02:50:12,425 INFO peoplein.stream: decoded entrance/20260820-072602.mkv: 490 frames
2026-08-27 02:50:12,431 INFO peoplein.stream: decoded loby/20260820-072240.mkv: 490 frames
2026-08-27 02:50:12,434 INFO __main__: analysis interval completed start=2026-08-20 07:26:02 end=2026-08-20 07:27:40 frames=980 ticks=490 entered=8 exited=7 people_inside=1
2026-08-27 02:50:12,436 INFO __main__: summary updated end=2026-08-20 07:27:40
2026-08-27 02:50:12,437 INFO peoplein.stream: download started camera=loby file=20260820-072740.mkv
2026-08-27 02:50:23,223 INFO peoplein.stream: download completed camera=loby file=20260820-072740.mkv bytes=27362152 interval=2026-08-20 07:27:40..2026-08-20 07:32:40
2026-08-27 02:50:23,223 INFO peoplein.stream: analysis interval ready start=2026-08-20 07:27:40 end=2026-08-20 07:31:02
2026-08-27 02:50:32,874 INFO peoplein.stream: decoded entrance/20260820-072602.mkv: 1010 frames
2026-08-27 02:50:32,874 INFO peoplein.stream: decoded loby/20260820-072740.mkv: 1010 frames
2026-08-27 02:50:32,883 INFO __main__: analysis interval completed start=2026-08-20 07:27:40 end=2026-08-20 07:31:02 frames=2020 ticks=1010 entered=8 exited=7 people_inside=1
2026-08-27 02:50:32,886 INFO __main__: summary updated end=2026-08-20 07:31:02
2026-08-27 02:50:32,887 INFO peoplein.stream: download started camera=entrance file=20260820-073102.mkv
2026-08-27 02:50:42,562 INFO peoplein.stream: download completed camera=entrance file=20260820-073102.mkv bytes=23162751 interval=2026-08-20 07:31:02..2026-08-20 07:36:02
2026-08-27 02:50:42,562 INFO peoplein.stream: analysis interval ready start=2026-08-20 07:31:02 end=2026-08-20 07:32:40
2026-08-27 02:50:49,830 INFO peoplein.stream: decoded entrance/20260820-073102.mkv: 490 frames
2026-08-27 02:50:49,830 INFO peoplein.stream: decoded loby/20260820-072740.mkv: 490 frames
2026-08-27 02:50:49,839 INFO __main__: analysis interval completed start=2026-08-20 07:31:02 end=2026-08-20 07:32:40 frames=980 ticks=490 entered=8 exited=7 people_inside=1
2026-08-27 02:50:49,842 INFO __main__: summary updated end=2026-08-20 07:32:40
2026-08-27 02:50:49,843 INFO peoplein.stream: download started camera=loby file=20260820-073240.mkv
2026-08-27 02:51:01,791 INFO peoplein.stream: download completed camera=loby file=20260820-073240.mkv bytes=27366201 interval=2026-08-20 07:32:40..2026-08-20 07:37:40
2026-08-27 02:51:01,791 INFO peoplein.stream: analysis interval ready start=2026-08-20 07:32:40 end=2026-08-20 07:36:02
2026-08-27 02:51:11,362 INFO peoplein.stream: decoded entrance/20260820-073102.mkv: 1010 frames
2026-08-27 02:51:11,362 INFO peoplein.stream: decoded loby/20260820-073240.mkv: 1010 frames
2026-08-27 02:51:11,372 INFO __main__: analysis interval completed start=2026-08-20 07:32:40 end=2026-08-20 07:36:02 frames=2020 ticks=1010 entered=8 exited=7 people_inside=1
2026-08-27 02:51:11,375 INFO __main__: summary updated end=2026-08-20 07:36:02
2026-08-27 02:51:11,376 INFO peoplein.stream: download started camera=entrance file=20260820-073602.mkv
2026-08-27 02:51:21,008 INFO peoplein.stream: download completed camera=entrance file=20260820-073602.mkv bytes=22484616 interval=2026-08-20 07:36:02..2026-08-20 07:41:02
2026-08-27 02:51:21,008 INFO peoplein.stream: analysis interval ready start=2026-08-20 07:36:02 end=2026-08-20 07:37:40
2026-08-27 02:51:28,154 INFO peoplein.stream: decoded loby/20260820-073240.mkv: 490 frames
2026-08-27 02:51:28,156 INFO peoplein.stream: decoded entrance/20260820-073602.mkv: 490 frames
2026-08-27 02:51:28,163 INFO __main__: analysis interval completed start=2026-08-20 07:36:02 end=2026-08-20 07:37:40 frames=980 ticks=490 entered=8 exited=7 people_inside=1
2026-08-27 02:51:28,165 INFO __main__: summary updated end=2026-08-20 07:37:40
2026-08-27 02:51:28,166 INFO peoplein.stream: download started camera=loby file=20260820-073740.mkv
2026-08-27 02:51:39,240 INFO peoplein.stream: download completed camera=loby file=20260820-073740.mkv bytes=27528830 interval=2026-08-20 07:37:40..2026-08-20 07:42:40
2026-08-27 02:51:39,240 INFO peoplein.stream: analysis interval ready start=2026-08-20 07:37:40 end=2026-08-20 07:41:02
2026-08-27 02:51:48,651 INFO peoplein.stream: decoded loby/20260820-073740.mkv: 1010 frames
2026-08-27 02:51:48,655 INFO peoplein.stream: decoded entrance/20260820-073602.mkv: 1010 frames
2026-08-27 02:51:48,660 INFO __main__: analysis interval completed start=2026-08-20 07:37:40 end=2026-08-20 07:41:02 frames=2020 ticks=1010 entered=8 exited=7 people_inside=1
2026-08-27 02:51:48,663 INFO __main__: summary updated end=2026-08-20 07:41:02
2026-08-27 02:51:48,663 INFO peoplein.stream: download started camera=entrance file=20260820-074102.mkv
2026-08-27 02:51:57,927 INFO peoplein.stream: download completed camera=entrance file=20260820-074102.mkv bytes=22219611 interval=2026-08-20 07:41:02..2026-08-20 07:46:02
2026-08-27 02:51:57,927 INFO peoplein.stream: analysis interval ready start=2026-08-20 07:41:02 end=2026-08-20 07:42:40
2026-08-27 02:52:05,124 INFO peoplein.stream: decoded loby/20260820-073740.mkv: 490 frames
2026-08-27 02:52:05,124 INFO peoplein.stream: decoded entrance/20260820-074102.mkv: 490 frames
2026-08-27 02:52:05,133 INFO __main__: analysis interval completed start=2026-08-20 07:41:02 end=2026-08-20 07:42:40 frames=980 ticks=490 entered=8 exited=7 people_inside=1
2026-08-27 02:52:05,136 INFO __main__: summary updated end=2026-08-20 07:42:40
2026-08-27 02:52:05,136 INFO peoplein.stream: download started camera=loby file=20260820-074240.mkv
2026-08-27 02:52:16,357 INFO peoplein.stream: download completed camera=loby file=20260820-074240.mkv bytes=27437454 interval=2026-08-20 07:42:40..2026-08-20 07:47:40
2026-08-27 02:52:16,357 INFO peoplein.stream: analysis interval ready start=2026-08-20 07:42:40 end=2026-08-20 07:46:02
2026-08-27 02:52:25,905 INFO peoplein.stream: decoded entrance/20260820-074102.mkv: 1010 frames
2026-08-27 02:52:25,905 INFO peoplein.stream: decoded loby/20260820-074240.mkv: 1010 frames
2026-08-27 02:52:25,915 INFO __main__: analysis interval completed start=2026-08-20 07:42:40 end=2026-08-20 07:46:02 frames=2020 ticks=1010 entered=8 exited=7 people_inside=1
2026-08-27 02:52:25,918 INFO __main__: summary updated end=2026-08-20 07:46:02
2026-08-27 02:52:25,918 INFO peoplein.stream: download started camera=entrance file=20260820-074602.mkv
2026-08-27 02:52:34,791 INFO peoplein.stream: download completed camera=entrance file=20260820-074602.mkv bytes=21896281 interval=2026-08-20 07:46:02..2026-08-20 07:51:02
2026-08-27 02:52:34,791 INFO peoplein.stream: analysis interval ready start=2026-08-20 07:46:02 end=2026-08-20 07:47:40
2026-08-27 02:52:41,929 INFO peoplein.stream: decoded loby/20260820-074240.mkv: 490 frames
2026-08-27 02:52:41,929 INFO peoplein.stream: decoded entrance/20260820-074602.mkv: 490 frames
2026-08-27 02:52:41,938 INFO __main__: analysis interval completed start=2026-08-20 07:46:02 end=2026-08-20 07:47:40 frames=980 ticks=490 entered=8 exited=7 people_inside=1
2026-08-27 02:52:41,940 INFO __main__: summary updated end=2026-08-20 07:47:40
2026-08-27 02:52:41,941 INFO peoplein.stream: download started camera=loby file=20260820-074739.mkv
2026-08-27 02:52:53,002 INFO peoplein.stream: download completed camera=loby file=20260820-074739.mkv bytes=28157486 interval=2026-08-20 07:47:39..2026-08-20 07:52:39
2026-08-27 02:52:53,003 INFO peoplein.stream: analysis interval ready start=2026-08-20 07:47:39 end=2026-08-20 07:51:02
2026-08-27 02:53:02,613 INFO peoplein.stream: decoded loby/20260820-074739.mkv: 1015 frames
2026-08-27 02:53:02,616 INFO peoplein.stream: decoded entrance/20260820-074602.mkv: 1015 frames
2026-08-27 02:53:02,623 INFO __main__: analysis interval completed start=2026-08-20 07:47:39 end=2026-08-20 07:51:02 frames=2030 ticks=1015 entered=8 exited=7 people_inside=1
2026-08-27 02:53:02,625 INFO __main__: summary updated end=2026-08-20 07:51:02
2026-08-27 02:53:02,626 INFO peoplein.stream: download started camera=entrance file=20260820-075102.mkv
2026-08-27 02:53:11,722 INFO peoplein.stream: download completed camera=entrance file=20260820-075102.mkv bytes=21636031 interval=2026-08-20 07:51:02..2026-08-20 07:56:02
2026-08-27 02:53:11,723 INFO peoplein.stream: analysis interval ready start=2026-08-20 07:51:02 end=2026-08-20 07:52:39
2026-08-27 02:53:18,916 INFO peoplein.stream: decoded loby/20260820-074739.mkv: 485 frames
2026-08-27 02:53:18,917 INFO peoplein.stream: decoded entrance/20260820-075102.mkv: 485 frames
2026-08-27 02:53:18,920 INFO __main__: analysis interval completed start=2026-08-20 07:51:02 end=2026-08-20 07:52:39 frames=970 ticks=485 entered=8 exited=7 people_inside=1
2026-08-27 02:53:18,922 INFO __main__: summary updated end=2026-08-20 07:52:39
2026-08-27 02:53:18,922 INFO peoplein.stream: download started camera=loby file=20260820-075239.mkv
2026-08-27 02:53:30,448 INFO peoplein.stream: download completed camera=loby file=20260820-075239.mkv bytes=28218411 interval=2026-08-20 07:52:39..2026-08-20 07:57:39
2026-08-27 02:53:30,449 INFO peoplein.stream: analysis interval ready start=2026-08-20 07:52:39 end=2026-08-20 07:56:02
2026-08-27 02:53:40,107 INFO peoplein.stream: decoded loby/20260820-075239.mkv: 1015 frames
2026-08-27 02:53:40,108 INFO peoplein.stream: decoded entrance/20260820-075102.mkv: 1015 frames
2026-08-27 02:53:40,114 INFO __main__: analysis interval completed start=2026-08-20 07:52:39 end=2026-08-20 07:56:02 frames=2030 ticks=1015 entered=8 exited=7 people_inside=1
2026-08-27 02:53:40,117 INFO __main__: summary updated end=2026-08-20 07:56:02
2026-08-27 02:53:40,118 INFO peoplein.stream: download started camera=entrance file=20260820-075602.mkv
2026-08-27 02:53:49,096 INFO peoplein.stream: download completed camera=entrance file=20260820-075602.mkv bytes=22043559 interval=2026-08-20 07:56:02..2026-08-20 08:01:02
2026-08-27 02:53:49,096 INFO peoplein.stream: analysis interval ready start=2026-08-20 07:56:02 end=2026-08-20 07:57:39
2026-08-27 02:53:56,149 INFO peoplein.stream: decoded entrance/20260820-075602.mkv: 485 frames
2026-08-27 02:53:56,151 INFO peoplein.stream: decoded loby/20260820-075239.mkv: 485 frames
2026-08-27 02:53:56,159 INFO __main__: analysis interval completed start=2026-08-20 07:56:02 end=2026-08-20 07:57:39 frames=970 ticks=485 entered=8 exited=7 people_inside=1
2026-08-27 02:53:56,161 INFO __main__: summary updated end=2026-08-20 07:57:39
2026-08-27 02:53:56,161 INFO peoplein.stream: download started camera=loby file=20260820-075739.mkv
2026-08-27 02:54:08,637 INFO peoplein.stream: download completed camera=loby file=20260820-075739.mkv bytes=28341925 interval=2026-08-20 07:57:39..2026-08-20 08:02:41
2026-08-27 02:54:08,638 INFO peoplein.stream: analysis interval ready start=2026-08-20 07:57:39 end=2026-08-20 08:01:02
2026-08-27 02:54:18,266 INFO peoplein.stream: decoded entrance/20260820-075602.mkv: 1015 frames
2026-08-27 02:54:18,266 INFO peoplein.stream: decoded loby/20260820-075739.mkv: 1015 frames
2026-08-27 02:54:18,275 INFO __main__: analysis interval completed start=2026-08-20 07:57:39 end=2026-08-20 08:01:02 frames=2030 ticks=1015 entered=8 exited=7 people_inside=1
2026-08-27 02:54:18,278 INFO __main__: summary updated end=2026-08-20 08:01:02
2026-08-27 02:54:18,279 INFO peoplein.stream: download started camera=entrance file=20260820-080102.mkv
2026-08-27 02:54:27,799 INFO peoplein.stream: download completed camera=entrance file=20260820-080102.mkv bytes=22115336 interval=2026-08-20 08:01:02..2026-08-20 08:06:02
2026-08-27 02:54:27,799 INFO peoplein.stream: analysis interval ready start=2026-08-20 08:01:02 end=2026-08-20 08:02:41
2026-08-27 02:54:35,129 INFO peoplein.stream: decoded loby/20260820-075739.mkv: 495 frames
2026-08-27 02:54:35,131 INFO peoplein.stream: decoded entrance/20260820-080102.mkv: 495 frames
2026-08-27 02:54:35,138 INFO __main__: analysis interval completed start=2026-08-20 08:01:02 end=2026-08-20 08:02:41 frames=990 ticks=495 entered=8 exited=7 people_inside=1
2026-08-27 02:54:35,140 INFO __main__: summary updated end=2026-08-20 08:02:41
2026-08-27 02:54:35,141 INFO peoplein.stream: download started camera=loby file=20260820-080241.mkv
2026-08-27 02:54:46,530 INFO peoplein.stream: download completed camera=loby file=20260820-080241.mkv bytes=28103606 interval=2026-08-20 08:02:41..2026-08-20 08:07:41
2026-08-27 02:54:46,531 INFO peoplein.stream: analysis interval ready start=2026-08-20 08:02:41 end=2026-08-20 08:06:02
2026-08-27 02:54:56,478 INFO peoplein.stream: decoded entrance/20260820-080102.mkv: 1005 frames
2026-08-27 02:54:56,478 INFO peoplein.stream: decoded loby/20260820-080241.mkv: 1005 frames
2026-08-27 02:54:56,488 INFO __main__: analysis interval completed start=2026-08-20 08:02:41 end=2026-08-20 08:06:02 frames=2010 ticks=1005 entered=8 exited=7 people_inside=1
2026-08-27 02:54:56,491 INFO __main__: summary updated end=2026-08-20 08:06:02
2026-08-27 02:54:56,494 INFO peoplein.stream: download started camera=entrance file=20260820-080602.mkv
2026-08-27 02:55:05,324 INFO peoplein.stream: download completed camera=entrance file=20260820-080602.mkv bytes=21754032 interval=2026-08-20 08:06:02..2026-08-20 08:11:02
2026-08-27 02:55:05,324 INFO peoplein.stream: analysis interval ready start=2026-08-20 08:06:02 end=2026-08-20 08:07:41
2026-08-27 02:55:12,530 INFO peoplein.stream: decoded loby/20260820-080241.mkv: 495 frames
2026-08-27 02:55:12,536 INFO peoplein.stream: decoded entrance/20260820-080602.mkv: 495 frames
2026-08-27 02:55:12,539 INFO __main__: analysis interval completed start=2026-08-20 08:06:02 end=2026-08-20 08:07:41 frames=990 ticks=495 entered=8 exited=7 people_inside=1
2026-08-27 02:55:12,541 INFO __main__: summary updated end=2026-08-20 08:07:41
2026-08-27 02:55:12,542 INFO peoplein.stream: download started camera=loby file=20260820-080741.mkv
2026-08-27 02:55:23,379 INFO peoplein.stream: download completed camera=loby file=20260820-080741.mkv bytes=27652782 interval=2026-08-20 08:07:41..2026-08-20 08:12:41
2026-08-27 02:55:23,379 INFO peoplein.stream: analysis interval ready start=2026-08-20 08:07:41 end=2026-08-20 08:11:02
2026-08-27 02:55:32,828 INFO peoplein.stream: decoded loby/20260820-080741.mkv: 1005 frames
2026-08-27 02:55:32,832 INFO peoplein.stream: decoded entrance/20260820-080602.mkv: 1005 frames
2026-08-27 02:55:32,838 INFO __main__: analysis interval completed start=2026-08-20 08:07:41 end=2026-08-20 08:11:02 frames=2010 ticks=1005 entered=8 exited=7 people_inside=1
2026-08-27 02:55:32,840 INFO __main__: summary updated end=2026-08-20 08:11:02
2026-08-27 02:55:32,841 INFO peoplein.stream: download started camera=entrance file=20260820-081102.mkv
2026-08-27 02:55:41,507 INFO peoplein.stream: download completed camera=entrance file=20260820-081102.mkv bytes=21629685 interval=2026-08-20 08:11:02..2026-08-20 08:16:02
2026-08-27 02:55:41,508 INFO peoplein.stream: analysis interval ready start=2026-08-20 08:11:02 end=2026-08-20 08:12:41
2026-08-27 02:55:48,815 INFO peoplein.stream: decoded loby/20260820-080741.mkv: 495 frames
2026-08-27 02:55:48,817 INFO peoplein.stream: decoded entrance/20260820-081102.mkv: 495 frames
2026-08-27 02:55:48,823 INFO __main__: analysis interval completed start=2026-08-20 08:11:02 end=2026-08-20 08:12:41 frames=990 ticks=495 entered=8 exited=7 people_inside=1
2026-08-27 02:55:48,826 INFO __main__: summary updated end=2026-08-20 08:12:41
2026-08-27 02:55:48,826 INFO peoplein.stream: download started camera=loby file=20260820-081241.mkv
2026-08-27 02:56:00,299 INFO peoplein.stream: download completed camera=loby file=20260820-081241.mkv bytes=27994263 interval=2026-08-20 08:12:41..2026-08-20 08:17:41
2026-08-27 02:56:00,299 INFO peoplein.stream: analysis interval ready start=2026-08-20 08:12:41 end=2026-08-20 08:16:02
2026-08-27 02:56:09,889 INFO peoplein.stream: decoded loby/20260820-081241.mkv: 1005 frames
2026-08-27 02:56:09,891 INFO peoplein.stream: decoded entrance/20260820-081102.mkv: 1005 frames
2026-08-27 02:56:09,898 INFO __main__: analysis interval completed start=2026-08-20 08:12:41 end=2026-08-20 08:16:02 frames=2010 ticks=1005 entered=8 exited=7 people_inside=1
2026-08-27 02:56:09,900 INFO __main__: summary updated end=2026-08-20 08:16:02
2026-08-27 02:56:09,901 INFO peoplein.stream: download started camera=entrance file=20260820-081602.mkv
2026-08-27 02:56:18,139 INFO peoplein.stream: download completed camera=entrance file=20260820-081602.mkv bytes=21413737 interval=2026-08-20 08:16:02..2026-08-20 08:21:02
2026-08-27 02:56:18,140 INFO peoplein.stream: analysis interval ready start=2026-08-20 08:16:02 end=2026-08-20 08:17:41
2026-08-27 02:56:25,320 INFO peoplein.stream: decoded entrance/20260820-081602.mkv: 495 frames
2026-08-27 02:56:25,322 INFO peoplein.stream: decoded loby/20260820-081241.mkv: 495 frames
2026-08-27 02:56:25,328 INFO __main__: analysis interval completed start=2026-08-20 08:16:02 end=2026-08-20 08:17:41 frames=990 ticks=495 entered=8 exited=7 people_inside=1
2026-08-27 02:56:25,331 INFO __main__: summary updated end=2026-08-20 08:17:41
2026-08-27 02:56:25,331 INFO peoplein.stream: download started camera=loby file=20260820-081741.mkv
2026-08-27 02:56:36,154 INFO peoplein.stream: download completed camera=loby file=20260820-081741.mkv bytes=27647702 interval=2026-08-20 08:17:41..2026-08-20 08:22:41
2026-08-27 02:56:36,154 INFO peoplein.stream: analysis interval ready start=2026-08-20 08:17:41 end=2026-08-20 08:21:02
2026-08-27 02:56:45,622 INFO peoplein.stream: decoded loby/20260820-081741.mkv: 1005 frames
2026-08-27 02:56:45,626 INFO peoplein.stream: decoded entrance/20260820-081602.mkv: 1005 frames
2026-08-27 02:56:45,631 INFO __main__: analysis interval completed start=2026-08-20 08:17:41 end=2026-08-20 08:21:02 frames=2010 ticks=1005 entered=8 exited=7 people_inside=1
2026-08-27 02:56:45,634 INFO __main__: summary updated end=2026-08-20 08:21:02
2026-08-27 02:56:45,635 INFO peoplein.stream: download started camera=entrance file=20260820-082102.mkv
2026-08-27 02:56:54,215 INFO peoplein.stream: download completed camera=entrance file=20260820-082102.mkv bytes=20885004 interval=2026-08-20 08:21:02..2026-08-20 08:26:02
2026-08-27 02:56:54,216 INFO peoplein.stream: analysis interval ready start=2026-08-20 08:21:02 end=2026-08-20 08:22:41
2026-08-27 02:57:01,446 INFO peoplein.stream: decoded entrance/20260820-082102.mkv: 495 frames
2026-08-27 02:57:01,449 INFO peoplein.stream: decoded loby/20260820-081741.mkv: 495 frames
2026-08-27 02:57:01,455 INFO __main__: analysis interval completed start=2026-08-20 08:21:02 end=2026-08-20 08:22:41 frames=990 ticks=495 entered=8 exited=7 people_inside=1
2026-08-27 02:57:01,458 INFO __main__: summary updated end=2026-08-20 08:22:41
2026-08-27 02:57:01,458 INFO peoplein.stream: download started camera=loby file=20260820-082241.mkv
2026-08-27 02:57:13,870 INFO peoplein.stream: download completed camera=loby file=20260820-082241.mkv bytes=28107831 interval=2026-08-20 08:22:41..2026-08-20 08:27:41
2026-08-27 02:57:13,870 INFO peoplein.stream: analysis interval ready start=2026-08-20 08:22:41 end=2026-08-20 08:26:02
2026-08-27 02:57:23,237 INFO peoplein.stream: decoded loby/20260820-082241.mkv: 1005 frames
2026-08-27 02:57:23,244 INFO peoplein.stream: decoded entrance/20260820-082102.mkv: 1005 frames
2026-08-27 02:57:23,248 INFO __main__: analysis interval completed start=2026-08-20 08:22:41 end=2026-08-20 08:26:02 frames=2010 ticks=1005 entered=8 exited=7 people_inside=1
2026-08-27 02:57:23,250 INFO __main__: summary updated end=2026-08-20 08:26:02
2026-08-27 02:57:23,251 INFO peoplein.stream: download started camera=entrance file=20260820-082602.mkv
2026-08-27 02:57:31,643 INFO peoplein.stream: download completed camera=entrance file=20260820-082602.mkv bytes=20789878 interval=2026-08-20 08:26:02..2026-08-20 08:31:02
2026-08-27 02:57:31,643 INFO peoplein.stream: analysis interval ready start=2026-08-20 08:26:02 end=2026-08-20 08:27:41
2026-08-27 02:57:38,764 INFO peoplein.stream: decoded loby/20260820-082241.mkv: 495 frames
2026-08-27 02:57:38,767 INFO peoplein.stream: decoded entrance/20260820-082602.mkv: 495 frames
2026-08-27 02:57:38,773 INFO __main__: analysis interval completed start=2026-08-20 08:26:02 end=2026-08-20 08:27:41 frames=990 ticks=495 entered=8 exited=7 people_inside=1
2026-08-27 02:57:38,776 INFO __main__: summary updated end=2026-08-20 08:27:41
2026-08-27 02:57:38,776 INFO peoplein.stream: download started camera=loby file=20260820-082740.mkv
2026-08-27 02:57:49,457 INFO peoplein.stream: download completed camera=loby file=20260820-082740.mkv bytes=28112093 interval=2026-08-20 08:27:40..2026-08-20 08:32:40
2026-08-27 02:57:49,457 INFO peoplein.stream: analysis interval ready start=2026-08-20 08:27:40 end=2026-08-20 08:31:02
2026-08-27 02:57:58,820 INFO peoplein.stream: decoded entrance/20260820-082602.mkv: 1010 frames
2026-08-27 02:57:58,822 INFO peoplein.stream: decoded loby/20260820-082740.mkv: 1010 frames
2026-08-27 02:57:58,830 INFO __main__: analysis interval completed start=2026-08-20 08:27:40 end=2026-08-20 08:31:02 frames=2020 ticks=1010 entered=8 exited=7 people_inside=1
2026-08-27 02:57:58,832 INFO __main__: summary updated end=2026-08-20 08:31:02
2026-08-27 02:57:58,833 INFO peoplein.stream: download started camera=entrance file=20260820-083102.mkv
2026-08-27 02:58:07,319 INFO peoplein.stream: download completed camera=entrance file=20260820-083102.mkv bytes=20652008 interval=2026-08-20 08:31:02..2026-08-20 08:36:02
2026-08-27 02:58:07,319 INFO peoplein.stream: analysis interval ready start=2026-08-20 08:31:02 end=2026-08-20 08:32:40
2026-08-27 02:58:14,452 INFO peoplein.stream: decoded loby/20260820-082740.mkv: 490 frames
2026-08-27 02:58:14,454 INFO peoplein.stream: decoded entrance/20260820-083102.mkv: 490 frames
2026-08-27 02:58:14,460 INFO __main__: analysis interval completed start=2026-08-20 08:31:02 end=2026-08-20 08:32:40 frames=980 ticks=490 entered=8 exited=7 people_inside=1
2026-08-27 02:58:14,462 INFO __main__: summary updated end=2026-08-20 08:32:40
2026-08-27 02:58:14,463 INFO peoplein.stream: download started camera=loby file=20260820-083240.mkv
2026-08-27 02:58:24,896 INFO peoplein.stream: download completed camera=loby file=20260820-083240.mkv bytes=28004811 interval=2026-08-20 08:32:40..2026-08-20 08:37:40
2026-08-27 02:58:24,896 INFO peoplein.stream: analysis interval ready start=2026-08-20 08:32:40 end=2026-08-20 08:36:02
2026-08-27 02:58:34,372 INFO peoplein.stream: decoded entrance/20260820-083102.mkv: 1010 frames
2026-08-27 02:58:34,373 INFO peoplein.stream: decoded loby/20260820-083240.mkv: 1010 frames
2026-08-27 02:58:34,380 INFO __main__: analysis interval completed start=2026-08-20 08:32:40 end=2026-08-20 08:36:02 frames=2020 ticks=1010 entered=8 exited=7 people_inside=1
2026-08-27 02:58:34,382 INFO __main__: summary updated end=2026-08-20 08:36:02
2026-08-27 02:58:34,383 INFO peoplein.stream: download started camera=entrance file=20260820-083602.mkv
2026-08-27 02:58:47,850 INFO peoplein.stream: download completed camera=entrance file=20260820-083602.mkv bytes=20801499 interval=2026-08-20 08:36:02..2026-08-20 08:41:02
2026-08-27 02:58:47,851 INFO peoplein.stream: analysis interval ready start=2026-08-20 08:36:02 end=2026-08-20 08:37:40
2026-08-27 02:58:54,937 INFO peoplein.stream: decoded entrance/20260820-083602.mkv: 490 frames
2026-08-27 02:58:54,940 INFO peoplein.stream: decoded loby/20260820-083240.mkv: 490 frames
2026-08-27 02:58:54,946 INFO __main__: analysis interval completed start=2026-08-20 08:36:02 end=2026-08-20 08:37:40 frames=980 ticks=490 entered=8 exited=7 people_inside=1
2026-08-27 02:58:54,949 INFO __main__: summary updated end=2026-08-20 08:37:40
2026-08-27 02:58:54,950 INFO peoplein.stream: download started camera=loby file=20260820-083740.mkv
2026-08-27 02:59:11,039 INFO peoplein.stream: download completed camera=loby file=20260820-083740.mkv bytes=27972463 interval=2026-08-20 08:37:40..2026-08-20 08:42:40
2026-08-27 02:59:11,040 INFO peoplein.stream: analysis interval ready start=2026-08-20 08:37:40 end=2026-08-20 08:41:02
2026-08-27 02:59:20,639 INFO peoplein.stream: decoded entrance/20260820-083602.mkv: 1010 frames
2026-08-27 02:59:20,641 INFO peoplein.stream: decoded loby/20260820-083740.mkv: 1010 frames
2026-08-27 02:59:20,648 INFO __main__: analysis interval completed start=2026-08-20 08:37:40 end=2026-08-20 08:41:02 frames=2020 ticks=1010 entered=8 exited=7 people_inside=1
2026-08-27 02:59:20,651 INFO __main__: summary updated end=2026-08-20 08:41:02
2026-08-27 02:59:20,651 INFO peoplein.stream: download started camera=entrance file=20260820-084102.mkv
2026-08-27 02:59:29,416 INFO peoplein.stream: download completed camera=entrance file=20260820-084102.mkv bytes=20579481 interval=2026-08-20 08:41:02..2026-08-20 08:46:02
2026-08-27 02:59:29,417 INFO peoplein.stream: analysis interval ready start=2026-08-20 08:41:02 end=2026-08-20 08:42:40
2026-08-27 02:59:36,675 INFO peoplein.stream: decoded loby/20260820-083740.mkv: 490 frames
2026-08-27 02:59:36,675 INFO peoplein.stream: decoded entrance/20260820-084102.mkv: 490 frames
2026-08-27 02:59:36,677 INFO __main__: analysis interval completed start=2026-08-20 08:41:02 end=2026-08-20 08:42:40 frames=980 ticks=490 entered=8 exited=7 people_inside=1
2026-08-27 02:59:36,679 INFO __main__: summary updated end=2026-08-20 08:42:40
2026-08-27 02:59:36,680 INFO peoplein.stream: download started camera=loby file=20260820-084240.mkv
2026-08-27 02:59:47,277 INFO peoplein.stream: download completed camera=loby file=20260820-084240.mkv bytes=27713153 interval=2026-08-20 08:42:40..2026-08-20 08:47:40
2026-08-27 02:59:47,278 INFO peoplein.stream: analysis interval ready start=2026-08-20 08:42:40 end=2026-08-20 08:46:02
2026-08-27 02:59:56,587 INFO peoplein.stream: decoded entrance/20260820-084102.mkv: 1010 frames
2026-08-27 02:59:56,591 INFO peoplein.stream: decoded loby/20260820-084240.mkv: 1010 frames
2026-08-27 02:59:56,596 INFO __main__: analysis interval completed start=2026-08-20 08:42:40 end=2026-08-20 08:46:02 frames=2020 ticks=1010 entered=8 exited=7 people_inside=1
2026-08-27 02:59:56,598 INFO __main__: summary updated end=2026-08-20 08:46:02
2026-08-27 02:59:56,599 INFO peoplein.stream: download started camera=entrance file=20260820-084602.mkv
2026-08-27 03:00:05,931 INFO peoplein.stream: download completed camera=entrance file=20260820-084602.mkv bytes=20638814 interval=2026-08-20 08:46:02..2026-08-20 08:51:02
2026-08-27 03:00:05,931 INFO peoplein.stream: analysis interval ready start=2026-08-20 08:46:02 end=2026-08-20 08:47:40
2026-08-27 03:00:13,170 INFO peoplein.stream: decoded entrance/20260820-084602.mkv: 490 frames
2026-08-27 03:00:13,170 INFO peoplein.stream: decoded loby/20260820-084240.mkv: 490 frames
2026-08-27 03:00:13,176 INFO __main__: analysis interval completed start=2026-08-20 08:46:02 end=2026-08-20 08:47:40 frames=980 ticks=490 entered=8 exited=7 people_inside=1
2026-08-27 03:00:13,179 INFO __main__: summary updated end=2026-08-20 08:47:40
2026-08-27 03:00:13,180 INFO peoplein.stream: download started camera=loby file=20260820-084740.mkv
2026-08-27 03:00:25,009 INFO peoplein.stream: download completed camera=loby file=20260820-084740.mkv bytes=28128715 interval=2026-08-20 08:47:40..2026-08-20 08:52:40
2026-08-27 03:00:25,010 INFO peoplein.stream: analysis interval ready start=2026-08-20 08:47:40 end=2026-08-20 08:51:02
2026-08-27 03:00:34,995 INFO peoplein.stream: decoded loby/20260820-084740.mkv: 1010 frames
2026-08-27 03:00:35,000 INFO peoplein.stream: decoded entrance/20260820-084602.mkv: 1010 frames
2026-08-27 03:00:35,005 INFO __main__: analysis interval completed start=2026-08-20 08:47:40 end=2026-08-20 08:51:02 frames=2020 ticks=1010 entered=8 exited=7 people_inside=1
2026-08-27 03:00:35,007 INFO __main__: summary updated end=2026-08-20 08:51:02
2026-08-27 03:00:35,008 INFO peoplein.stream: download started camera=entrance file=20260820-085102.mkv
2026-08-27 03:00:43,655 INFO peoplein.stream: download completed camera=entrance file=20260820-085102.mkv bytes=20366569 interval=2026-08-20 08:51:02..2026-08-20 08:56:02
2026-08-27 03:00:43,655 INFO peoplein.stream: analysis interval ready start=2026-08-20 08:51:02 end=2026-08-20 08:52:40
2026-08-27 03:00:50,977 INFO peoplein.stream: decoded loby/20260820-084740.mkv: 490 frames
2026-08-27 03:00:50,980 INFO peoplein.stream: decoded entrance/20260820-085102.mkv: 490 frames
2026-08-27 03:00:50,983 INFO __main__: analysis interval completed start=2026-08-20 08:51:02 end=2026-08-20 08:52:40 frames=980 ticks=490 entered=8 exited=7 people_inside=1
2026-08-27 03:00:50,985 INFO __main__: summary updated end=2026-08-20 08:52:40
2026-08-27 03:00:50,985 INFO peoplein.stream: download started camera=loby file=20260820-085240.mkv
2026-08-27 03:01:00,876 INFO peoplein.stream: download completed camera=loby file=20260820-085240.mkv bytes=28195307 interval=2026-08-20 08:52:40..2026-08-20 08:57:40
2026-08-27 03:01:00,876 INFO peoplein.stream: analysis interval ready start=2026-08-20 08:52:40 end=2026-08-20 08:56:02
2026-08-27 03:01:10,470 INFO peoplein.stream: decoded entrance/20260820-085102.mkv: 1010 frames
2026-08-27 03:01:10,472 INFO peoplein.stream: decoded loby/20260820-085240.mkv: 1010 frames
2026-08-27 03:01:10,479 INFO __main__: analysis interval completed start=2026-08-20 08:52:40 end=2026-08-20 08:56:02 frames=2020 ticks=1010 entered=8 exited=7 people_inside=1
2026-08-27 03:01:10,482 INFO __main__: summary updated end=2026-08-20 08:56:02
2026-08-27 03:01:10,482 INFO peoplein.stream: download started camera=entrance file=20260820-085602.mkv
2026-08-27 03:01:19,902 INFO peoplein.stream: download completed camera=entrance file=20260820-085602.mkv bytes=20054360 interval=2026-08-20 08:56:02..2026-08-20 09:01:02
2026-08-27 03:01:19,902 INFO peoplein.stream: analysis interval ready start=2026-08-20 08:56:02 end=2026-08-20 08:57:40
2026-08-27 03:01:27,097 INFO peoplein.stream: decoded loby/20260820-085240.mkv: 490 frames
2026-08-27 03:01:27,101 INFO peoplein.stream: decoded entrance/20260820-085602.mkv: 490 frames
2026-08-27 03:01:27,107 INFO __main__: analysis interval completed start=2026-08-20 08:56:02 end=2026-08-20 08:57:40 frames=980 ticks=490 entered=8 exited=7 people_inside=1
2026-08-27 03:01:27,109 INFO __main__: summary updated end=2026-08-20 08:57:40
2026-08-27 03:01:27,110 INFO peoplein.stream: download started camera=loby file=20260820-085739.mkv
2026-08-27 03:01:38,313 INFO peoplein.stream: download completed camera=loby file=20260820-085739.mkv bytes=27912469 interval=2026-08-20 08:57:39..2026-08-20 09:02:39
2026-08-27 03:01:38,313 INFO peoplein.stream: analysis interval ready start=2026-08-20 08:57:39 end=2026-08-20 09:01:02
2026-08-27 03:01:48,224 INFO peoplein.stream: decoded loby/20260820-085739.mkv: 1015 frames
2026-08-27 03:01:48,226 INFO peoplein.stream: decoded entrance/20260820-085602.mkv: 1015 frames
2026-08-27 03:01:48,232 INFO __main__: analysis interval completed start=2026-08-20 08:57:39 end=2026-08-20 09:01:02 frames=2030 ticks=1015 entered=8 exited=7 people_inside=1
2026-08-27 03:01:48,235 INFO __main__: summary updated end=2026-08-20 09:01:02
2026-08-27 03:01:48,236 INFO peoplein.stream: download started camera=entrance file=20260820-090102.mkv
2026-08-27 03:01:56,015 INFO peoplein.stream: download completed camera=entrance file=20260820-090102.mkv bytes=19544986 interval=2026-08-20 09:01:02..2026-08-20 09:06:02
2026-08-27 03:01:56,016 INFO peoplein.stream: analysis interval ready start=2026-08-20 09:01:02 end=2026-08-20 09:02:39
2026-08-27 03:02:03,257 INFO peoplein.stream: decoded entrance/20260820-090102.mkv: 485 frames
2026-08-27 03:02:03,259 INFO peoplein.stream: decoded loby/20260820-085739.mkv: 485 frames
2026-08-27 03:02:03,265 INFO __main__: analysis interval completed start=2026-08-20 09:01:02 end=2026-08-20 09:02:39 frames=970 ticks=485 entered=8 exited=7 people_inside=1
2026-08-27 03:02:03,267 INFO __main__: summary updated end=2026-08-20 09:02:39
2026-08-27 03:02:03,268 INFO peoplein.stream: download started camera=loby file=20260820-090239.mkv
2026-08-27 03:02:14,864 INFO peoplein.stream: download completed camera=loby file=20260820-090239.mkv bytes=28088540 interval=2026-08-20 09:02:39..2026-08-20 09:07:39
2026-08-27 03:02:14,864 INFO peoplein.stream: analysis interval ready start=2026-08-20 09:02:39 end=2026-08-20 09:06:02
2026-08-27 03:02:24,716 INFO peoplein.stream: decoded entrance/20260820-090102.mkv: 1015 frames
2026-08-27 03:02:24,717 INFO peoplein.stream: decoded loby/20260820-090239.mkv: 1015 frames
2026-08-27 03:02:24,723 INFO __main__: analysis interval completed start=2026-08-20 09:02:39 end=2026-08-20 09:06:02 frames=2030 ticks=1015 entered=8 exited=7 people_inside=1
2026-08-27 03:02:24,726 INFO __main__: summary updated end=2026-08-20 09:06:02
2026-08-27 03:02:24,726 INFO peoplein.stream: download started camera=entrance file=20260820-090602.mkv
2026-08-27 03:02:33,742 INFO peoplein.stream: download completed camera=entrance file=20260820-090602.mkv bytes=20044162 interval=2026-08-20 09:06:02..2026-08-20 09:11:02
2026-08-27 03:02:33,742 INFO peoplein.stream: analysis interval ready start=2026-08-20 09:06:02 end=2026-08-20 09:07:39
2026-08-27 03:02:41,070 INFO peoplein.stream: decoded entrance/20260820-090602.mkv: 485 frames
2026-08-27 03:02:41,073 INFO peoplein.stream: decoded loby/20260820-090239.mkv: 485 frames
2026-08-27 03:02:41,078 INFO __main__: analysis interval completed start=2026-08-20 09:06:02 end=2026-08-20 09:07:39 frames=970 ticks=485 entered=8 exited=7 people_inside=1
2026-08-27 03:02:41,081 INFO __main__: summary updated end=2026-08-20 09:07:39
2026-08-27 03:02:41,081 INFO peoplein.stream: download started camera=loby file=20260820-090739.mkv
2026-08-27 03:02:51,928 INFO peoplein.stream: download completed camera=loby file=20260820-090739.mkv bytes=29743219 interval=2026-08-20 09:07:39..2026-08-20 09:12:41
2026-08-27 03:02:51,928 INFO peoplein.stream: analysis interval ready start=2026-08-20 09:07:39 end=2026-08-20 09:11:02
2026-08-27 03:03:01,885 INFO peoplein.stream: decoded entrance/20260820-090602.mkv: 1015 frames
2026-08-27 03:03:01,885 INFO peoplein.stream: decoded loby/20260820-090739.mkv: 1015 frames
2026-08-27 03:03:01,893 INFO __main__: analysis interval completed start=2026-08-20 09:07:39 end=2026-08-20 09:11:02 frames=2030 ticks=1015 entered=8 exited=7 people_inside=1
2026-08-27 03:03:01,896 INFO __main__: summary updated end=2026-08-20 09:11:02
2026-08-27 03:03:01,896 INFO peoplein.stream: download started camera=entrance file=20260820-091102.mkv
2026-08-27 03:03:10,037 INFO peoplein.stream: download completed camera=entrance file=20260820-091102.mkv bytes=19876173 interval=2026-08-20 09:11:02..2026-08-20 09:16:02
2026-08-27 03:03:10,037 INFO peoplein.stream: analysis interval ready start=2026-08-20 09:11:02 end=2026-08-20 09:12:41
2026-08-27 03:03:17,557 INFO peoplein.stream: decoded entrance/20260820-091102.mkv: 495 frames
2026-08-27 03:03:17,561 INFO peoplein.stream: decoded loby/20260820-090739.mkv: 495 frames
2026-08-27 03:03:17,566 INFO __main__: analysis interval completed start=2026-08-20 09:11:02 end=2026-08-20 09:12:41 frames=990 ticks=495 entered=8 exited=7 people_inside=1
2026-08-27 03:03:17,568 INFO __main__: summary updated end=2026-08-20 09:12:41
2026-08-27 03:03:17,569 INFO peoplein.stream: download started camera=loby file=20260820-091241.mkv
2026-08-27 03:03:29,107 INFO peoplein.stream: download completed camera=loby file=20260820-091241.mkv bytes=28519176 interval=2026-08-20 09:12:41..2026-08-20 09:17:41
2026-08-27 03:03:29,107 INFO peoplein.stream: analysis interval ready start=2026-08-20 09:12:41 end=2026-08-20 09:16:02
2026-08-27 03:03:38,755 INFO peoplein.stream: decoded entrance/20260820-091102.mkv: 1005 frames
2026-08-27 03:03:38,756 INFO peoplein.stream: decoded loby/20260820-091241.mkv: 1005 frames
2026-08-27 03:03:38,765 INFO __main__: analysis interval completed start=2026-08-20 09:12:41 end=2026-08-20 09:16:02 frames=2010 ticks=1005 entered=8 exited=7 people_inside=1
2026-08-27 03:03:38,768 INFO __main__: summary updated end=2026-08-20 09:16:02
2026-08-27 03:03:38,768 INFO peoplein.stream: download started camera=entrance file=20260820-091602.mkv
2026-08-27 03:03:46,841 INFO peoplein.stream: download completed camera=entrance file=20260820-091602.mkv bytes=19458903 interval=2026-08-20 09:16:02..2026-08-20 09:21:02
2026-08-27 03:03:46,841 INFO peoplein.stream: analysis interval ready start=2026-08-20 09:16:02 end=2026-08-20 09:17:41
2026-08-27 03:03:54,103 INFO peoplein.stream: decoded entrance/20260820-091602.mkv: 495 frames
2026-08-27 03:03:54,105 INFO peoplein.stream: decoded loby/20260820-091241.mkv: 495 frames
2026-08-27 03:03:54,111 INFO __main__: analysis interval completed start=2026-08-20 09:16:02 end=2026-08-20 09:17:41 frames=990 ticks=495 entered=8 exited=7 people_inside=1
2026-08-27 03:03:54,114 INFO __main__: summary updated end=2026-08-20 09:17:41
2026-08-27 03:03:54,115 INFO peoplein.stream: download started camera=loby file=20260820-091741.mkv
2026-08-27 03:04:05,740 INFO peoplein.stream: download completed camera=loby file=20260820-091741.mkv bytes=27849892 interval=2026-08-20 09:17:41..2026-08-20 09:22:41
2026-08-27 03:04:05,741 INFO peoplein.stream: analysis interval ready start=2026-08-20 09:17:41 end=2026-08-20 09:21:02
2026-08-27 03:04:15,371 INFO peoplein.stream: decoded entrance/20260820-091602.mkv: 1005 frames
2026-08-27 03:04:15,375 INFO peoplein.stream: decoded loby/20260820-091741.mkv: 1005 frames
2026-08-27 03:04:15,380 INFO __main__: analysis interval completed start=2026-08-20 09:17:41 end=2026-08-20 09:21:02 frames=2010 ticks=1005 entered=8 exited=7 people_inside=1
2026-08-27 03:04:15,382 INFO __main__: summary updated end=2026-08-20 09:21:02
2026-08-27 03:04:15,383 INFO peoplein.stream: download started camera=entrance file=20260820-092102.mkv
2026-08-27 03:04:25,770 INFO peoplein.stream: download completed camera=entrance file=20260820-092102.mkv bytes=19159232 interval=2026-08-20 09:21:02..2026-08-20 09:26:02
2026-08-27 03:04:25,771 INFO peoplein.stream: analysis interval ready start=2026-08-20 09:21:02 end=2026-08-20 09:22:41
2026-08-27 03:04:33,015 INFO peoplein.stream: decoded loby/20260820-091741.mkv: 495 frames
2026-08-27 03:04:33,018 INFO peoplein.stream: decoded entrance/20260820-092102.mkv: 495 frames
2026-08-27 03:04:33,024 INFO __main__: analysis interval completed start=2026-08-20 09:21:02 end=2026-08-20 09:22:41 frames=990 ticks=495 entered=8 exited=7 people_inside=1
2026-08-27 03:04:33,027 INFO __main__: summary updated end=2026-08-20 09:22:41
2026-08-27 03:04:33,027 INFO peoplein.stream: download started camera=loby file=20260820-092241.mkv
2026-08-27 03:04:44,844 INFO peoplein.stream: download completed camera=loby file=20260820-092241.mkv bytes=28430932 interval=2026-08-20 09:22:41..2026-08-20 09:27:41
2026-08-27 03:04:44,844 INFO peoplein.stream: analysis interval ready start=2026-08-20 09:22:41 end=2026-08-20 09:26:02
2026-08-27 03:04:54,700 INFO peoplein.stream: decoded entrance/20260820-092102.mkv: 1005 frames
2026-08-27 03:04:54,704 INFO peoplein.stream: decoded loby/20260820-092241.mkv: 1005 frames
2026-08-27 03:04:54,709 INFO __main__: analysis interval completed start=2026-08-20 09:22:41 end=2026-08-20 09:26:02 frames=2010 ticks=1005 entered=8 exited=7 people_inside=1
2026-08-27 03:04:54,712 INFO __main__: summary updated end=2026-08-20 09:26:02
2026-08-27 03:04:54,712 INFO peoplein.stream: download started camera=entrance file=20260820-092602.mkv
2026-08-27 03:05:03,248 INFO peoplein.stream: download completed camera=entrance file=20260820-092602.mkv bytes=19369633 interval=2026-08-20 09:26:02..2026-08-20 09:31:02
2026-08-27 03:05:03,248 INFO peoplein.stream: analysis interval ready start=2026-08-20 09:26:02 end=2026-08-20 09:27:41
2026-08-27 03:05:10,570 INFO peoplein.stream: decoded entrance/20260820-092602.mkv: 495 frames
2026-08-27 03:05:10,570 INFO peoplein.stream: decoded loby/20260820-092241.mkv: 495 frames
2026-08-27 03:05:10,577 INFO __main__: analysis interval completed start=2026-08-20 09:26:02 end=2026-08-20 09:27:41 frames=990 ticks=495 entered=8 exited=7 people_inside=1
2026-08-27 03:05:10,579 INFO __main__: summary updated end=2026-08-20 09:27:41
2026-08-27 03:05:10,580 INFO peoplein.stream: download started camera=loby file=20260820-092741.mkv
2026-08-27 03:05:21,405 INFO peoplein.stream: download completed camera=loby file=20260820-092741.mkv bytes=28130693 interval=2026-08-20 09:27:41..2026-08-20 09:32:41
2026-08-27 03:05:21,405 INFO peoplein.stream: analysis interval ready start=2026-08-20 09:27:41 end=2026-08-20 09:31:02
2026-08-27 03:05:30,937 INFO peoplein.stream: decoded entrance/20260820-092602.mkv: 1005 frames
2026-08-27 03:05:30,938 INFO peoplein.stream: decoded loby/20260820-092741.mkv: 1005 frames
2026-08-27 03:05:30,943 INFO __main__: analysis interval completed start=2026-08-20 09:27:41 end=2026-08-20 09:31:02 frames=2010 ticks=1005 entered=8 exited=7 people_inside=1
2026-08-27 03:05:30,946 INFO __main__: summary updated end=2026-08-20 09:31:02
2026-08-27 03:05:30,946 INFO peoplein.stream: download started camera=entrance file=20260820-093102.mkv
2026-08-27 03:05:38,687 INFO peoplein.stream: download completed camera=entrance file=20260820-093102.mkv bytes=19461547 interval=2026-08-20 09:31:02..2026-08-20 09:36:02
2026-08-27 03:05:38,687 INFO peoplein.stream: analysis interval ready start=2026-08-20 09:31:02 end=2026-08-20 09:32:41
2026-08-27 03:05:45,956 INFO peoplein.stream: decoded loby/20260820-092741.mkv: 495 frames
2026-08-27 03:05:45,956 INFO peoplein.stream: decoded entrance/20260820-093102.mkv: 495 frames
2026-08-27 03:05:45,966 INFO __main__: analysis interval completed start=2026-08-20 09:31:02 end=2026-08-20 09:32:41 frames=990 ticks=495 entered=8 exited=7 people_inside=1
2026-08-27 03:05:45,968 INFO __main__: summary updated end=2026-08-20 09:32:41
2026-08-27 03:05:45,991 INFO peoplein.stream: download started camera=loby file=20260820-093241.mkv
2026-08-27 03:05:58,369 INFO peoplein.stream: download completed camera=loby file=20260820-093241.mkv bytes=28158950 interval=2026-08-20 09:32:41..2026-08-20 09:37:41
2026-08-27 03:05:58,369 INFO peoplein.stream: analysis interval ready start=2026-08-20 09:32:41 end=2026-08-20 09:36:02
2026-08-27 03:06:07,903 INFO peoplein.stream: decoded loby/20260820-093241.mkv: 1005 frames
2026-08-27 03:06:07,906 INFO peoplein.stream: decoded entrance/20260820-093102.mkv: 1005 frames
2026-08-27 03:06:07,912 INFO __main__: analysis interval completed start=2026-08-20 09:32:41 end=2026-08-20 09:36:02 frames=2010 ticks=1005 entered=8 exited=7 people_inside=1
2026-08-27 03:06:07,915 INFO __main__: summary updated end=2026-08-20 09:36:02
2026-08-27 03:06:07,916 INFO peoplein.stream: download started camera=entrance file=20260820-093602.mkv
2026-08-27 03:06:20,608 INFO peoplein.stream: download completed camera=entrance file=20260820-093602.mkv bytes=19513194 interval=2026-08-20 09:36:02..2026-08-20 09:41:02
2026-08-27 03:06:20,609 INFO peoplein.stream: analysis interval ready start=2026-08-20 09:36:02 end=2026-08-20 09:37:41
2026-08-27 03:06:27,862 INFO peoplein.stream: decoded loby/20260820-093241.mkv: 495 frames
2026-08-27 03:06:27,863 INFO peoplein.stream: decoded entrance/20260820-093602.mkv: 495 frames
2026-08-27 03:06:27,869 INFO __main__: analysis interval completed start=2026-08-20 09:36:02 end=2026-08-20 09:37:41 frames=990 ticks=495 entered=8 exited=7 people_inside=1
2026-08-27 03:06:27,871 INFO __main__: summary updated end=2026-08-20 09:37:41
2026-08-27 03:06:27,872 INFO peoplein.stream: download started camera=loby file=20260820-093740.mkv
2026-08-27 03:06:56,393 INFO peoplein.stream: download completed camera=loby file=20260820-093740.mkv bytes=27876855 interval=2026-08-20 09:37:40..2026-08-20 09:42:40
2026-08-27 03:06:56,393 INFO peoplein.stream: analysis interval ready start=2026-08-20 09:37:40 end=2026-08-20 09:41:02
2026-08-27 03:07:06,067 INFO peoplein.stream: decoded loby/20260820-093740.mkv: 1010 frames
2026-08-27 03:07:06,070 INFO peoplein.stream: decoded entrance/20260820-093602.mkv: 1010 frames
2026-08-27 03:07:06,076 INFO __main__: analysis interval completed start=2026-08-20 09:37:40 end=2026-08-20 09:41:02 frames=2020 ticks=1010 entered=8 exited=7 people_inside=1
2026-08-27 03:07:06,079 INFO __main__: summary updated end=2026-08-20 09:41:02
2026-08-27 03:07:06,080 INFO peoplein.stream: download started camera=entrance file=20260820-094102.mkv
2026-08-27 03:08:17,431 INFO peoplein.stream: download completed camera=entrance file=20260820-094102.mkv bytes=19618880 interval=2026-08-20 09:41:02..2026-08-20 09:46:02
2026-08-27 03:08:17,432 INFO peoplein.stream: analysis interval ready start=2026-08-20 09:41:02 end=2026-08-20 09:42:40
2026-08-27 03:08:24,486 INFO peoplein.stream: decoded entrance/20260820-094102.mkv: 490 frames
2026-08-27 03:08:24,487 INFO peoplein.stream: decoded loby/20260820-093740.mkv: 490 frames
2026-08-27 03:08:24,495 INFO __main__: analysis interval completed start=2026-08-20 09:41:02 end=2026-08-20 09:42:40 frames=980 ticks=490 entered=8 exited=7 people_inside=1
2026-08-27 03:08:24,497 INFO __main__: summary updated end=2026-08-20 09:42:40
2026-08-27 03:08:24,498 INFO peoplein.stream: download started camera=loby file=20260820-094240.mkv
2026-08-27 03:08:54,646 INFO peoplein.stream: download completed camera=loby file=20260820-094240.mkv bytes=28593794 interval=2026-08-20 09:42:40..2026-08-20 09:47:40
2026-08-27 03:08:54,646 INFO peoplein.stream: analysis interval ready start=2026-08-20 09:42:40 end=2026-08-20 09:46:02
2026-08-27 03:09:03,848 INFO peoplein.stream: decoded entrance/20260820-094102.mkv: 1010 frames
2026-08-27 03:09:03,850 INFO peoplein.stream: decoded loby/20260820-094240.mkv: 1010 frames
2026-08-27 03:09:03,857 INFO __main__: analysis interval completed start=2026-08-20 09:42:40 end=2026-08-20 09:46:02 frames=2020 ticks=1010 entered=8 exited=7 people_inside=1
2026-08-27 03:09:03,859 INFO __main__: summary updated end=2026-08-20 09:46:02
2026-08-27 03:09:03,860 INFO peoplein.stream: download started camera=entrance file=20260820-094602.mkv
2026-08-27 03:10:02,717 INFO peoplein.stream: download completed camera=entrance file=20260820-094602.mkv bytes=19806769 interval=2026-08-20 09:46:02..2026-08-20 09:51:02
2026-08-27 03:10:02,718 INFO peoplein.stream: analysis interval ready start=2026-08-20 09:46:02 end=2026-08-20 09:47:40
2026-08-27 03:10:09,899 INFO peoplein.stream: decoded loby/20260820-094240.mkv: 490 frames
2026-08-27 03:10:09,904 INFO peoplein.stream: decoded entrance/20260820-094602.mkv: 490 frames
2026-08-27 03:10:09,905 INFO __main__: analysis interval completed start=2026-08-20 09:46:02 end=2026-08-20 09:47:40 frames=980 ticks=490 entered=8 exited=7 people_inside=1
2026-08-27 03:10:09,907 INFO __main__: summary updated end=2026-08-20 09:47:40
2026-08-27 03:10:09,908 INFO peoplein.stream: download started camera=loby file=20260820-094740.mkv
2026-08-27 03:10:41,099 INFO peoplein.stream: download completed camera=loby file=20260820-094740.mkv bytes=28014039 interval=2026-08-20 09:47:40..2026-08-20 09:52:40
2026-08-27 03:10:41,099 INFO peoplein.stream: analysis interval ready start=2026-08-20 09:47:40 end=2026-08-20 09:51:02
2026-08-27 03:10:50,496 INFO peoplein.stream: decoded entrance/20260820-094602.mkv: 1010 frames
2026-08-27 03:10:50,500 INFO peoplein.stream: decoded loby/20260820-094740.mkv: 1010 frames
2026-08-27 03:10:50,505 INFO __main__: analysis interval completed start=2026-08-20 09:47:40 end=2026-08-20 09:51:02 frames=2020 ticks=1010 entered=8 exited=7 people_inside=1
2026-08-27 03:10:50,507 INFO __main__: summary updated end=2026-08-20 09:51:02
2026-08-27 03:10:50,507 INFO peoplein.stream: download started camera=entrance file=20260820-095102.mkv
2026-08-27 03:11:24,383 INFO peoplein.stream: download completed camera=entrance file=20260820-095102.mkv bytes=19886734 interval=2026-08-20 09:51:02..2026-08-20 09:56:02
2026-08-27 03:11:24,383 INFO peoplein.stream: analysis interval ready start=2026-08-20 09:51:02 end=2026-08-20 09:52:40
2026-08-27 03:11:31,624 INFO peoplein.stream: decoded entrance/20260820-095102.mkv: 490 frames
2026-08-27 03:11:31,626 INFO peoplein.stream: decoded loby/20260820-094740.mkv: 490 frames
2026-08-27 03:11:31,631 INFO __main__: analysis interval completed start=2026-08-20 09:51:02 end=2026-08-20 09:52:40 frames=980 ticks=490 entered=8 exited=7 people_inside=1
2026-08-27 03:11:31,633 INFO __main__: summary updated end=2026-08-20 09:52:40
2026-08-27 03:11:31,634 INFO peoplein.stream: download started camera=loby file=20260820-095240.mkv
2026-08-27 03:12:39,134 INFO peoplein.stream: download completed camera=loby file=20260820-095240.mkv bytes=27998889 interval=2026-08-20 09:52:40..2026-08-20 09:57:40
2026-08-27 03:12:39,135 INFO peoplein.stream: analysis interval ready start=2026-08-20 09:52:40 end=2026-08-20 09:56:02
2026-08-27 03:12:48,699 INFO peoplein.stream: decoded loby/20260820-095240.mkv: 1010 frames
2026-08-27 03:12:48,700 INFO peoplein.stream: decoded entrance/20260820-095102.mkv: 1010 frames
2026-08-27 03:12:48,708 INFO __main__: analysis interval completed start=2026-08-20 09:52:40 end=2026-08-20 09:56:02 frames=2020 ticks=1010 entered=8 exited=7 people_inside=1
2026-08-27 03:12:48,710 INFO __main__: summary updated end=2026-08-20 09:56:02
2026-08-27 03:12:48,711 INFO peoplein.stream: download started camera=entrance file=20260820-095602.mkv
2026-08-27 03:12:57,539 INFO peoplein.stream: download completed camera=entrance file=20260820-095602.mkv bytes=19959349 interval=2026-08-20 09:56:02..2026-08-20 10:01:02
2026-08-27 03:12:57,539 INFO peoplein.stream: analysis interval ready start=2026-08-20 09:56:02 end=2026-08-20 09:57:40
2026-08-27 03:13:04,712 INFO peoplein.stream: decoded loby/20260820-095240.mkv: 490 frames
2026-08-27 03:13:04,719 INFO peoplein.stream: decoded entrance/20260820-095602.mkv: 490 frames
2026-08-27 03:13:04,723 INFO __main__: analysis interval completed start=2026-08-20 09:56:02 end=2026-08-20 09:57:40 frames=980 ticks=490 entered=8 exited=7 people_inside=1
2026-08-27 03:13:04,725 INFO __main__: summary updated end=2026-08-20 09:57:40
2026-08-27 03:13:04,726 INFO peoplein.stream: download started camera=loby file=20260820-095740.mkv
2026-08-27 03:13:16,402 INFO peoplein.stream: download completed camera=loby file=20260820-095740.mkv bytes=28529423 interval=2026-08-20 09:57:40..2026-08-20 10:02:40
2026-08-27 03:13:16,403 INFO peoplein.stream: analysis interval ready start=2026-08-20 09:57:40 end=2026-08-20 10:01:02
2026-08-27 03:13:25,849 INFO peoplein.stream: decoded loby/20260820-095740.mkv: 1010 frames
2026-08-27 03:13:25,849 INFO peoplein.stream: decoded entrance/20260820-095602.mkv: 1010 frames
2026-08-27 03:13:25,859 INFO __main__: analysis interval completed start=2026-08-20 09:57:40 end=2026-08-20 10:01:02 frames=2020 ticks=1010 entered=8 exited=7 people_inside=1
2026-08-27 03:13:25,861 INFO __main__: summary updated end=2026-08-20 10:01:02
2026-08-27 03:13:25,862 INFO peoplein.stream: download started camera=entrance file=20260820-100102.mkv
2026-08-27 03:14:13,930 INFO peoplein.stream: download completed camera=entrance file=20260820-100102.mkv bytes=19932404 interval=2026-08-20 10:01:02..2026-08-20 10:06:02
2026-08-27 03:14:13,930 INFO peoplein.stream: analysis interval ready start=2026-08-20 10:01:02 end=2026-08-20 10:02:40
2026-08-27 03:14:21,050 INFO peoplein.stream: decoded entrance/20260820-100102.mkv: 490 frames
2026-08-27 03:14:21,053 INFO peoplein.stream: decoded loby/20260820-095740.mkv: 490 frames
2026-08-27 03:14:21,056 INFO __main__: analysis interval completed start=2026-08-20 10:01:02 end=2026-08-20 10:02:40 frames=980 ticks=490 entered=8 exited=7 people_inside=1
2026-08-27 03:14:21,058 INFO __main__: summary updated end=2026-08-20 10:02:40
2026-08-27 03:14:21,059 INFO peoplein.stream: download started camera=loby file=20260820-100240.mkv
2026-08-27 03:15:18,395 INFO peoplein.stream: download completed camera=loby file=20260820-100240.mkv bytes=27944409 interval=2026-08-20 10:02:40..2026-08-20 10:07:40
2026-08-27 03:15:18,395 INFO peoplein.stream: analysis interval ready start=2026-08-20 10:02:40 end=2026-08-20 10:06:02
2026-08-27 03:15:27,825 INFO peoplein.stream: decoded entrance/20260820-100102.mkv: 1010 frames
2026-08-27 03:15:27,825 INFO peoplein.stream: decoded loby/20260820-100240.mkv: 1010 frames
2026-08-27 03:15:27,834 INFO __main__: analysis interval completed start=2026-08-20 10:02:40 end=2026-08-20 10:06:02 frames=2020 ticks=1010 entered=8 exited=7 people_inside=1
2026-08-27 03:15:27,836 INFO __main__: summary updated end=2026-08-20 10:06:02
2026-08-27 03:15:27,837 INFO peoplein.stream: download started camera=entrance file=20260820-100602.mkv
2026-08-27 03:15:39,229 INFO peoplein.stream: download completed camera=entrance file=20260820-100602.mkv bytes=20115799 interval=2026-08-20 10:06:02..2026-08-20 10:11:02
2026-08-27 03:15:39,229 INFO peoplein.stream: analysis interval ready start=2026-08-20 10:06:02 end=2026-08-20 10:07:40
2026-08-27 03:15:46,464 INFO peoplein.stream: decoded entrance/20260820-100602.mkv: 490 frames
2026-08-27 03:15:46,467 INFO peoplein.stream: decoded loby/20260820-100240.mkv: 490 frames
2026-08-27 03:15:46,472 INFO __main__: analysis interval completed start=2026-08-20 10:06:02 end=2026-08-20 10:07:40 frames=980 ticks=490 entered=8 exited=7 people_inside=1
2026-08-27 03:15:46,474 INFO __main__: summary updated end=2026-08-20 10:07:40
2026-08-27 03:15:46,474 INFO peoplein.stream: download started camera=loby file=20260820-100740.mkv
2026-08-27 03:16:54,950 INFO peoplein.stream: download completed camera=loby file=20260820-100740.mkv bytes=28204169 interval=2026-08-20 10:07:40..2026-08-20 10:12:40
2026-08-27 03:16:54,951 INFO peoplein.stream: analysis interval ready start=2026-08-20 10:07:40 end=2026-08-20 10:11:02
2026-08-27 03:17:04,303 INFO peoplein.stream: decoded loby/20260820-100740.mkv: 1010 frames
2026-08-27 03:17:04,305 INFO peoplein.stream: decoded entrance/20260820-100602.mkv: 1010 frames
2026-08-27 03:17:04,311 INFO __main__: analysis interval completed start=2026-08-20 10:07:40 end=2026-08-20 10:11:02 frames=2020 ticks=1010 entered=8 exited=7 people_inside=1
2026-08-27 03:17:04,313 INFO __main__: summary updated end=2026-08-20 10:11:02
2026-08-27 03:17:04,314 INFO peoplein.stream: download started camera=entrance file=20260820-101102.mkv
2026-08-27 03:17:13,908 INFO peoplein.stream: download completed camera=entrance file=20260820-101102.mkv bytes=19783498 interval=2026-08-20 10:11:02..2026-08-20 10:16:02
2026-08-27 03:17:13,909 INFO peoplein.stream: analysis interval ready start=2026-08-20 10:11:02 end=2026-08-20 10:12:40
2026-08-27 03:17:20,947 INFO peoplein.stream: decoded loby/20260820-100740.mkv: 490 frames
2026-08-27 03:17:20,950 INFO peoplein.stream: decoded entrance/20260820-101102.mkv: 490 frames
2026-08-27 03:17:20,956 INFO __main__: analysis interval completed start=2026-08-20 10:11:02 end=2026-08-20 10:12:40 frames=980 ticks=490 entered=8 exited=7 people_inside=1
2026-08-27 03:17:20,959 INFO __main__: summary updated end=2026-08-20 10:12:40
2026-08-27 03:17:20,959 INFO peoplein.stream: download started camera=loby file=20260820-101239.mkv
2026-08-27 03:18:12,294 INFO peoplein.stream: download completed camera=loby file=20260820-101239.mkv bytes=27954111 interval=2026-08-20 10:12:39..2026-08-20 10:17:39
2026-08-27 03:18:12,294 INFO peoplein.stream: analysis interval ready start=2026-08-20 10:12:39 end=2026-08-20 10:16:02
2026-08-27 03:18:21,507 INFO peoplein.stream: decoded loby/20260820-101239.mkv: 1015 frames
2026-08-27 03:18:21,510 INFO peoplein.stream: decoded entrance/20260820-101102.mkv: 1015 frames
2026-08-27 03:18:21,517 INFO __main__: analysis interval completed start=2026-08-20 10:12:39 end=2026-08-20 10:16:02 frames=2030 ticks=1015 entered=8 exited=7 people_inside=1
2026-08-27 03:18:21,519 INFO __main__: summary updated end=2026-08-20 10:16:02
2026-08-27 03:18:21,520 INFO peoplein.stream: download started camera=entrance file=20260820-101602.mkv
2026-08-27 03:19:10,215 INFO peoplein.stream: download completed camera=entrance file=20260820-101602.mkv bytes=19944921 interval=2026-08-20 10:16:02..2026-08-20 10:21:02
2026-08-27 03:19:10,215 INFO peoplein.stream: analysis interval ready start=2026-08-20 10:16:02 end=2026-08-20 10:17:39
2026-08-27 03:19:17,214 INFO peoplein.stream: decoded entrance/20260820-101602.mkv: 485 frames
2026-08-27 03:19:17,217 INFO peoplein.stream: decoded loby/20260820-101239.mkv: 485 frames
2026-08-27 03:19:17,225 INFO __main__: analysis interval completed start=2026-08-20 10:16:02 end=2026-08-20 10:17:39 frames=970 ticks=485 entered=8 exited=7 people_inside=1
2026-08-27 03:19:17,227 INFO __main__: summary updated end=2026-08-20 10:17:39
2026-08-27 03:19:17,228 INFO peoplein.stream: download started camera=loby file=20260820-101739.mkv
2026-08-27 03:19:51,596 INFO peoplein.stream: download completed camera=loby file=20260820-101739.mkv bytes=27907850 interval=2026-08-20 10:17:39..2026-08-20 10:22:39
2026-08-27 03:19:51,596 INFO peoplein.stream: analysis interval ready start=2026-08-20 10:17:39 end=2026-08-20 10:21:02
2026-08-27 03:20:00,781 INFO peoplein.stream: decoded entrance/20260820-101602.mkv: 1015 frames
2026-08-27 03:20:00,785 INFO peoplein.stream: decoded loby/20260820-101739.mkv: 1015 frames
2026-08-27 03:20:00,790 INFO __main__: analysis interval completed start=2026-08-20 10:17:39 end=2026-08-20 10:21:02 frames=2030 ticks=1015 entered=8 exited=7 people_inside=1
2026-08-27 03:20:00,792 INFO __main__: summary updated end=2026-08-20 10:21:02
2026-08-27 03:20:00,792 INFO peoplein.stream: download started camera=entrance file=20260820-102102.mkv
2026-08-27 03:20:35,524 INFO peoplein.stream: download completed camera=entrance file=20260820-102102.mkv bytes=20088490 interval=2026-08-20 10:21:02..2026-08-20 10:26:02
2026-08-27 03:20:35,524 INFO peoplein.stream: analysis interval ready start=2026-08-20 10:21:02 end=2026-08-20 10:22:39
2026-08-27 03:20:42,587 INFO peoplein.stream: decoded loby/20260820-101739.mkv: 485 frames
2026-08-27 03:20:42,588 INFO peoplein.stream: decoded entrance/20260820-102102.mkv: 485 frames
2026-08-27 03:20:42,594 INFO __main__: analysis interval completed start=2026-08-20 10:21:02 end=2026-08-20 10:22:39 frames=970 ticks=485 entered=8 exited=7 people_inside=1
2026-08-27 03:20:42,597 INFO __main__: summary updated end=2026-08-20 10:22:39
2026-08-27 03:20:42,598 INFO peoplein.stream: download started camera=loby file=20260820-102239.mkv
2026-08-27 03:21:07,926 INFO peoplein.stream: download completed camera=loby file=20260820-102239.mkv bytes=27985397 interval=2026-08-20 10:22:39..2026-08-20 10:27:39
2026-08-27 03:21:07,926 INFO peoplein.stream: analysis interval ready start=2026-08-20 10:22:39 end=2026-08-20 10:26:02
2026-08-27 03:21:17,284 INFO peoplein.stream: decoded loby/20260820-102239.mkv: 1015 frames
2026-08-27 03:21:17,287 INFO peoplein.stream: decoded entrance/20260820-102102.mkv: 1015 frames
2026-08-27 03:21:17,293 INFO __main__: analysis interval completed start=2026-08-20 10:22:39 end=2026-08-20 10:26:02 frames=2030 ticks=1015 entered=8 exited=7 people_inside=1
2026-08-27 03:21:17,295 INFO __main__: summary updated end=2026-08-20 10:26:02
2026-08-27 03:21:17,296 INFO peoplein.stream: download started camera=entrance file=20260820-102602.mkv
2026-08-27 03:22:10,239 INFO peoplein.stream: download completed camera=entrance file=20260820-102602.mkv bytes=20132602 interval=2026-08-20 10:26:02..2026-08-20 10:31:02
2026-08-27 03:22:10,239 INFO peoplein.stream: analysis interval ready start=2026-08-20 10:26:02 end=2026-08-20 10:27:39
2026-08-27 03:22:17,372 INFO peoplein.stream: decoded loby/20260820-102239.mkv: 485 frames
2026-08-27 03:22:17,381 INFO peoplein.stream: decoded entrance/20260820-102602.mkv: 485 frames
2026-08-27 03:22:17,383 INFO __main__: analysis interval completed start=2026-08-20 10:26:02 end=2026-08-20 10:27:39 frames=970 ticks=485 entered=8 exited=7 people_inside=1
2026-08-27 03:22:17,386 INFO __main__: summary updated end=2026-08-20 10:27:39
2026-08-27 03:22:17,386 INFO peoplein.stream: download started camera=loby file=20260820-102739.mkv
2026-08-27 03:22:33,176 INFO peoplein.stream: download completed camera=loby file=20260820-102739.mkv bytes=28531350 interval=2026-08-20 10:27:39..2026-08-20 10:32:41
2026-08-27 03:22:33,177 INFO peoplein.stream: analysis interval ready start=2026-08-20 10:27:39 end=2026-08-20 10:31:02
2026-08-27 03:22:42,342 INFO peoplein.stream: decoded entrance/20260820-102602.mkv: 1015 frames
2026-08-27 03:22:42,344 INFO peoplein.stream: decoded loby/20260820-102739.mkv: 1015 frames
2026-08-27 03:22:42,350 INFO __main__: analysis interval completed start=2026-08-20 10:27:39 end=2026-08-20 10:31:02 frames=2030 ticks=1015 entered=8 exited=7 people_inside=1
2026-08-27 03:22:42,352 INFO __main__: summary updated end=2026-08-20 10:31:02
2026-08-27 03:22:42,353 INFO peoplein.stream: download started camera=entrance file=20260820-103102.mkv
2026-08-27 03:23:23,969 INFO peoplein.stream: download completed camera=entrance file=20260820-103102.mkv bytes=20679722 interval=2026-08-20 10:31:02..2026-08-20 10:36:02
2026-08-27 03:23:23,970 INFO peoplein.stream: analysis interval ready start=2026-08-20 10:31:02 end=2026-08-20 10:32:41
2026-08-27 03:23:31,107 INFO peoplein.stream: decoded entrance/20260820-103102.mkv: 495 frames
2026-08-27 03:23:31,108 INFO peoplein.stream: decoded loby/20260820-102739.mkv: 495 frames
2026-08-27 03:23:31,115 INFO __main__: analysis interval completed start=2026-08-20 10:31:02 end=2026-08-20 10:32:41 frames=990 ticks=495 entered=8 exited=7 people_inside=1
2026-08-27 03:23:31,117 INFO __main__: summary updated end=2026-08-20 10:32:41
2026-08-27 03:23:31,118 INFO peoplein.stream: download started camera=loby file=20260820-103241.mkv
2026-08-27 03:23:47,985 INFO peoplein.stream: download completed camera=loby file=20260820-103241.mkv bytes=29813835 interval=2026-08-20 10:32:41..2026-08-20 10:37:41
2026-08-27 03:23:47,986 INFO peoplein.stream: analysis interval ready start=2026-08-20 10:32:41 end=2026-08-20 10:36:02
2026-08-27 03:23:57,611 INFO peoplein.stream: decoded loby/20260820-103241.mkv: 1005 frames
2026-08-27 03:23:57,615 INFO peoplein.stream: decoded entrance/20260820-103102.mkv: 1005 frames
2026-08-27 03:23:57,620 INFO __main__: analysis interval completed start=2026-08-20 10:32:41 end=2026-08-20 10:36:02 frames=2010 ticks=1005 entered=8 exited=7 people_inside=1
2026-08-27 03:23:57,623 INFO __main__: summary updated end=2026-08-20 10:36:02
2026-08-27 03:23:57,623 INFO peoplein.stream: download started camera=entrance file=20260820-103602.mkv
2026-08-27 03:25:05,538 INFO peoplein.stream: download completed camera=entrance file=20260820-103602.mkv bytes=21488797 interval=2026-08-20 10:36:02..2026-08-20 10:41:02
2026-08-27 03:25:05,539 INFO peoplein.stream: analysis interval ready start=2026-08-20 10:36:02 end=2026-08-20 10:37:41
2026-08-27 03:25:13,291 INFO peoplein.stream: decoded entrance/20260820-103602.mkv: 495 frames
2026-08-27 03:25:13,291 INFO peoplein.stream: decoded loby/20260820-103241.mkv: 495 frames
2026-08-27 03:25:13,299 INFO __main__: analysis interval completed start=2026-08-20 10:36:02 end=2026-08-20 10:37:41 frames=990 ticks=495 entered=9 exited=7 people_inside=2
2026-08-27 03:25:13,301 INFO __main__: summary updated end=2026-08-20 10:37:41
2026-08-27 03:25:13,302 INFO peoplein.stream: download started camera=loby file=20260820-103741.mkv
2026-08-27 03:26:05,813 INFO peoplein.stream: download completed camera=loby file=20260820-103741.mkv bytes=29184213 interval=2026-08-20 10:37:41..2026-08-20 10:42:41
2026-08-27 03:26:05,813 INFO peoplein.stream: analysis interval ready start=2026-08-20 10:37:41 end=2026-08-20 10:41:02
2026-08-27 03:26:15,308 INFO peoplein.stream: decoded loby/20260820-103741.mkv: 1005 frames
2026-08-27 03:26:15,312 INFO peoplein.stream: decoded entrance/20260820-103602.mkv: 1005 frames
2026-08-27 03:26:15,315 INFO __main__: analysis interval completed start=2026-08-20 10:37:41 end=2026-08-20 10:41:02 frames=2010 ticks=1005 entered=9 exited=7 people_inside=2
2026-08-27 03:26:15,318 INFO __main__: summary updated end=2026-08-20 10:41:02
2026-08-27 03:26:15,318 INFO peoplein.stream: download started camera=entrance file=20260820-104102.mkv
2026-08-27 03:26:29,030 INFO peoplein.stream: download completed camera=entrance file=20260820-104102.mkv bytes=21019587 interval=2026-08-20 10:41:02..2026-08-20 10:46:02
2026-08-27 03:26:29,030 INFO peoplein.stream: analysis interval ready start=2026-08-20 10:41:02 end=2026-08-20 10:42:41
2026-08-27 03:26:36,295 INFO peoplein.stream: decoded entrance/20260820-104102.mkv: 495 frames
2026-08-27 03:26:36,296 INFO peoplein.stream: decoded loby/20260820-103741.mkv: 495 frames
2026-08-27 03:26:36,304 INFO __main__: analysis interval completed start=2026-08-20 10:41:02 end=2026-08-20 10:42:41 frames=990 ticks=495 entered=9 exited=7 people_inside=2
2026-08-27 03:26:36,306 INFO __main__: summary updated end=2026-08-20 10:42:41
2026-08-27 03:26:36,307 INFO peoplein.stream: download started camera=loby file=20260820-104241.mkv
2026-08-27 03:27:28,725 INFO peoplein.stream: download completed camera=loby file=20260820-104241.mkv bytes=27668177 interval=2026-08-20 10:42:41..2026-08-20 10:47:41
2026-08-27 03:27:28,726 INFO peoplein.stream: analysis interval ready start=2026-08-20 10:42:41 end=2026-08-20 10:46:02
2026-08-27 03:27:38,058 INFO peoplein.stream: decoded loby/20260820-104241.mkv: 1005 frames
2026-08-27 03:27:38,061 INFO peoplein.stream: decoded entrance/20260820-104102.mkv: 1005 frames
2026-08-27 03:27:38,068 INFO __main__: analysis interval completed start=2026-08-20 10:42:41 end=2026-08-20 10:46:02 frames=2010 ticks=1005 entered=9 exited=7 people_inside=2
2026-08-27 03:27:38,070 INFO __main__: summary updated end=2026-08-20 10:46:02
2026-08-27 03:27:38,070 INFO peoplein.stream: download started camera=entrance file=20260820-104602.mkv
2026-08-27 03:28:36,089 INFO peoplein.stream: download completed camera=entrance file=20260820-104602.mkv bytes=21103672 interval=2026-08-20 10:46:02..2026-08-20 10:51:02
2026-08-27 03:28:36,090 INFO peoplein.stream: analysis interval ready start=2026-08-20 10:46:02 end=2026-08-20 10:47:41
2026-08-27 03:28:43,074 INFO peoplein.stream: decoded loby/20260820-104241.mkv: 495 frames
2026-08-27 03:28:43,074 INFO peoplein.stream: decoded entrance/20260820-104602.mkv: 495 frames
2026-08-27 03:28:43,083 INFO __main__: analysis interval completed start=2026-08-20 10:46:02 end=2026-08-20 10:47:41 frames=990 ticks=495 entered=9 exited=7 people_inside=2
2026-08-27 03:28:43,085 INFO __main__: summary updated end=2026-08-20 10:47:41
2026-08-27 03:28:43,086 INFO peoplein.stream: download started camera=loby file=20260820-104741.mkv
2026-08-27 03:28:56,949 INFO peoplein.stream: download completed camera=loby file=20260820-104741.mkv bytes=27694742 interval=2026-08-20 10:47:41..2026-08-20 10:52:41
2026-08-27 03:28:56,949 INFO peoplein.stream: analysis interval ready start=2026-08-20 10:47:41 end=2026-08-20 10:51:02
2026-08-27 03:29:06,342 INFO peoplein.stream: decoded entrance/20260820-104602.mkv: 1005 frames
2026-08-27 03:29:06,344 INFO peoplein.stream: decoded loby/20260820-104741.mkv: 1005 frames
2026-08-27 03:29:06,351 INFO __main__: analysis interval completed start=2026-08-20 10:47:41 end=2026-08-20 10:51:02 frames=2010 ticks=1005 entered=9 exited=7 people_inside=2
2026-08-27 03:29:06,353 INFO __main__: summary updated end=2026-08-20 10:51:02
2026-08-27 03:29:06,354 INFO peoplein.stream: download started camera=entrance file=20260820-105102.mkv
2026-08-27 03:29:58,644 INFO peoplein.stream: download completed camera=entrance file=20260820-105102.mkv bytes=21018325 interval=2026-08-20 10:51:02..2026-08-20 10:56:02
2026-08-27 03:29:58,645 INFO peoplein.stream: analysis interval ready start=2026-08-20 10:51:02 end=2026-08-20 10:52:41
2026-08-27 03:30:05,655 INFO peoplein.stream: decoded loby/20260820-104741.mkv: 495 frames
2026-08-27 03:30:05,658 INFO peoplein.stream: decoded entrance/20260820-105102.mkv: 495 frames
2026-08-27 03:30:05,665 INFO __main__: analysis interval completed start=2026-08-20 10:51:02 end=2026-08-20 10:52:41 frames=990 ticks=495 entered=9 exited=7 people_inside=2
2026-08-27 03:30:05,667 INFO __main__: summary updated end=2026-08-20 10:52:41
2026-08-27 03:30:05,667 INFO peoplein.stream: download started camera=loby file=20260820-105240.mkv
2026-08-27 03:30:53,779 INFO peoplein.stream: download completed camera=loby file=20260820-105240.mkv bytes=28163051 interval=2026-08-20 10:52:40..2026-08-20 10:57:40
2026-08-27 03:30:53,779 INFO peoplein.stream: analysis interval ready start=2026-08-20 10:52:40 end=2026-08-20 10:56:02
2026-08-27 03:31:03,082 INFO peoplein.stream: decoded entrance/20260820-105102.mkv: 1010 frames
2026-08-27 03:31:03,086 INFO peoplein.stream: decoded loby/20260820-105240.mkv: 1010 frames
2026-08-27 03:31:03,092 INFO __main__: analysis interval completed start=2026-08-20 10:52:40 end=2026-08-20 10:56:02 frames=2020 ticks=1010 entered=9 exited=7 people_inside=2
2026-08-27 03:31:03,095 INFO __main__: summary updated end=2026-08-20 10:56:02
2026-08-27 03:31:03,095 INFO peoplein.stream: download started camera=entrance file=20260820-105602.mkv
2026-08-27 03:31:38,494 INFO peoplein.stream: download completed camera=entrance file=20260820-105602.mkv bytes=21920536 interval=2026-08-20 10:56:02..2026-08-20 11:01:02
2026-08-27 03:31:38,494 INFO peoplein.stream: analysis interval ready start=2026-08-20 10:56:02 end=2026-08-20 10:57:40
2026-08-27 03:31:45,666 INFO peoplein.stream: decoded loby/20260820-105240.mkv: 490 frames
2026-08-27 03:31:45,666 INFO peoplein.stream: decoded entrance/20260820-105602.mkv: 490 frames
2026-08-27 03:31:45,675 INFO __main__: analysis interval completed start=2026-08-20 10:56:02 end=2026-08-20 10:57:40 frames=980 ticks=490 entered=9 exited=7 people_inside=2
2026-08-27 03:31:45,678 INFO __main__: summary updated end=2026-08-20 10:57:40
2026-08-27 03:31:45,678 INFO peoplein.stream: download started camera=loby file=20260820-105740.mkv
2026-08-27 03:32:27,240 INFO peoplein.stream: download completed camera=loby file=20260820-105740.mkv bytes=29922354 interval=2026-08-20 10:57:40..2026-08-20 11:02:40
2026-08-27 03:32:27,241 INFO peoplein.stream: analysis interval ready start=2026-08-20 10:57:40 end=2026-08-20 11:01:02
2026-08-27 03:32:37,282 INFO peoplein.stream: decoded entrance/20260820-105602.mkv: 1010 frames
2026-08-27 03:32:37,286 INFO peoplein.stream: decoded loby/20260820-105740.mkv: 1010 frames
2026-08-27 03:32:37,291 INFO __main__: analysis interval completed start=2026-08-20 10:57:40 end=2026-08-20 11:01:02 frames=2020 ticks=1010 entered=9 exited=8 people_inside=1
2026-08-27 03:32:37,294 INFO __main__: summary updated end=2026-08-20 11:01:02
2026-08-27 03:32:37,295 INFO peoplein.stream: download started camera=entrance file=20260820-110102.mkv
2026-08-27 03:33:34,039 INFO peoplein.stream: download completed camera=entrance file=20260820-110102.mkv bytes=20980888 interval=2026-08-20 11:01:02..2026-08-20 11:06:02
2026-08-27 03:33:34,039 INFO peoplein.stream: analysis interval ready start=2026-08-20 11:01:02 end=2026-08-20 11:02:40
2026-08-27 03:33:41,145 INFO peoplein.stream: decoded loby/20260820-105740.mkv: 490 frames
2026-08-27 03:33:41,145 INFO peoplein.stream: decoded entrance/20260820-110102.mkv: 490 frames
2026-08-27 03:33:41,151 INFO __main__: analysis interval completed start=2026-08-20 11:01:02 end=2026-08-20 11:02:40 frames=980 ticks=490 entered=9 exited=8 people_inside=1
2026-08-27 03:33:41,154 INFO __main__: summary updated end=2026-08-20 11:02:40
2026-08-27 03:33:41,154 INFO peoplein.stream: download started camera=loby file=20260820-110240.mkv
2026-08-27 03:34:02,112 INFO peoplein.stream: download completed camera=loby file=20260820-110240.mkv bytes=28950756 interval=2026-08-20 11:02:40..2026-08-20 11:07:40
2026-08-27 03:34:02,112 INFO peoplein.stream: analysis interval ready start=2026-08-20 11:02:40 end=2026-08-20 11:06:02
2026-08-27 03:34:11,613 INFO peoplein.stream: decoded entrance/20260820-110102.mkv: 1010 frames
2026-08-27 03:34:11,616 INFO peoplein.stream: decoded loby/20260820-110240.mkv: 1010 frames
2026-08-27 03:34:11,620 INFO __main__: analysis interval completed start=2026-08-20 11:02:40 end=2026-08-20 11:06:02 frames=2020 ticks=1010 entered=9 exited=8 people_inside=1
2026-08-27 03:34:11,622 INFO __main__: summary updated end=2026-08-20 11:06:02
2026-08-27 03:34:11,623 INFO peoplein.stream: download started camera=entrance file=20260820-110602.mkv
2026-08-27 03:34:20,564 INFO peoplein.stream: download completed camera=entrance file=20260820-110602.mkv bytes=20880356 interval=2026-08-20 11:06:02..2026-08-20 11:11:02
2026-08-27 03:34:20,564 INFO peoplein.stream: analysis interval ready start=2026-08-20 11:06:02 end=2026-08-20 11:07:40
2026-08-27 03:34:27,754 INFO peoplein.stream: decoded loby/20260820-110240.mkv: 490 frames
2026-08-27 03:34:27,756 INFO peoplein.stream: decoded entrance/20260820-110602.mkv: 490 frames
2026-08-27 03:34:27,763 INFO __main__: analysis interval completed start=2026-08-20 11:06:02 end=2026-08-20 11:07:40 frames=980 ticks=490 entered=9 exited=8 people_inside=1
2026-08-27 03:34:27,766 INFO __main__: summary updated end=2026-08-20 11:07:40
2026-08-27 03:34:27,767 INFO peoplein.stream: download started camera=loby file=20260820-110740.mkv
2026-08-27 03:34:45,593 INFO peoplein.stream: download completed camera=loby file=20260820-110740.mkv bytes=28283146 interval=2026-08-20 11:07:40..2026-08-20 11:12:40
2026-08-27 03:34:45,593 INFO peoplein.stream: analysis interval ready start=2026-08-20 11:07:40 end=2026-08-20 11:11:02
2026-08-27 03:34:55,188 INFO peoplein.stream: decoded entrance/20260820-110602.mkv: 1010 frames
2026-08-27 03:34:55,192 INFO peoplein.stream: decoded loby/20260820-110740.mkv: 1010 frames
2026-08-27 03:34:55,199 INFO __main__: analysis interval completed start=2026-08-20 11:07:40 end=2026-08-20 11:11:02 frames=2020 ticks=1010 entered=9 exited=8 people_inside=1
2026-08-27 03:34:55,202 INFO __main__: summary updated end=2026-08-20 11:11:02
2026-08-27 03:34:55,202 INFO peoplein.stream: download started camera=entrance file=20260820-111102.mkv
2026-08-27 03:35:04,419 INFO peoplein.stream: download completed camera=entrance file=20260820-111102.mkv bytes=20582780 interval=2026-08-20 11:11:02..2026-08-20 11:16:02
2026-08-27 03:35:04,419 INFO peoplein.stream: analysis interval ready start=2026-08-20 11:11:02 end=2026-08-20 11:12:40
2026-08-27 03:35:11,672 INFO peoplein.stream: decoded loby/20260820-110740.mkv: 490 frames
2026-08-27 03:35:11,676 INFO peoplein.stream: decoded entrance/20260820-111102.mkv: 490 frames
2026-08-27 03:35:11,681 INFO __main__: analysis interval completed start=2026-08-20 11:11:02 end=2026-08-20 11:12:40 frames=980 ticks=490 entered=9 exited=8 people_inside=1
2026-08-27 03:35:11,683 INFO __main__: summary updated end=2026-08-20 11:12:40
2026-08-27 03:35:11,684 INFO peoplein.stream: download started camera=loby file=20260820-111240.mkv
2026-08-27 03:35:25,831 INFO peoplein.stream: download completed camera=loby file=20260820-111240.mkv bytes=28322383 interval=2026-08-20 11:12:40..2026-08-20 11:17:40
2026-08-27 03:35:25,831 INFO peoplein.stream: analysis interval ready start=2026-08-20 11:12:40 end=2026-08-20 11:16:02
2026-08-27 03:35:35,499 INFO peoplein.stream: decoded loby/20260820-111240.mkv: 1010 frames
2026-08-27 03:35:35,505 INFO peoplein.stream: decoded entrance/20260820-111102.mkv: 1010 frames
2026-08-27 03:35:35,508 INFO __main__: analysis interval completed start=2026-08-20 11:12:40 end=2026-08-20 11:16:02 frames=2020 ticks=1010 entered=9 exited=8 people_inside=1
2026-08-27 03:35:35,510 INFO __main__: summary updated end=2026-08-20 11:16:02
2026-08-27 03:35:35,511 INFO peoplein.stream: download started camera=entrance file=20260820-111602.mkv
2026-08-27 03:35:47,480 INFO peoplein.stream: download completed camera=entrance file=20260820-111602.mkv bytes=20872849 interval=2026-08-20 11:16:02..2026-08-20 11:21:02
2026-08-27 03:35:47,481 INFO peoplein.stream: analysis interval ready start=2026-08-20 11:16:02 end=2026-08-20 11:17:40
2026-08-27 03:35:54,619 INFO peoplein.stream: decoded entrance/20260820-111602.mkv: 490 frames
2026-08-27 03:35:54,623 INFO peoplein.stream: decoded loby/20260820-111240.mkv: 490 frames
2026-08-27 03:35:54,629 INFO __main__: analysis interval completed start=2026-08-20 11:16:02 end=2026-08-20 11:17:40 frames=980 ticks=490 entered=9 exited=8 people_inside=1
2026-08-27 03:35:54,632 INFO __main__: summary updated end=2026-08-20 11:17:40
2026-08-27 03:35:54,632 INFO peoplein.stream: download started camera=loby file=20260820-111740.mkv
2026-08-27 03:36:07,886 INFO peoplein.stream: download completed camera=loby file=20260820-111740.mkv bytes=28526221 interval=2026-08-20 11:17:40..2026-08-20 11:22:40
2026-08-27 03:36:07,887 INFO peoplein.stream: analysis interval ready start=2026-08-20 11:17:40 end=2026-08-20 11:21:02
2026-08-27 03:36:17,392 INFO peoplein.stream: decoded loby/20260820-111740.mkv: 1010 frames
2026-08-27 03:36:17,395 INFO peoplein.stream: decoded entrance/20260820-111602.mkv: 1010 frames
2026-08-27 03:36:17,401 INFO __main__: analysis interval completed start=2026-08-20 11:17:40 end=2026-08-20 11:21:02 frames=2020 ticks=1010 entered=9 exited=8 people_inside=1
2026-08-27 03:36:17,404 INFO __main__: summary updated end=2026-08-20 11:21:02
2026-08-27 03:36:17,405 INFO peoplein.stream: download started camera=entrance file=20260820-112102.mkv
2026-08-27 03:36:26,615 INFO peoplein.stream: download completed camera=entrance file=20260820-112102.mkv bytes=20368770 interval=2026-08-20 11:21:02..2026-08-20 11:26:02
2026-08-27 03:36:26,616 INFO peoplein.stream: analysis interval ready start=2026-08-20 11:21:02 end=2026-08-20 11:22:40
2026-08-27 03:36:33,799 INFO peoplein.stream: decoded loby/20260820-111740.mkv: 490 frames
2026-08-27 03:36:33,802 INFO peoplein.stream: decoded entrance/20260820-112102.mkv: 490 frames
2026-08-27 03:36:33,808 INFO __main__: analysis interval completed start=2026-08-20 11:21:02 end=2026-08-20 11:22:40 frames=980 ticks=490 entered=9 exited=8 people_inside=1
2026-08-27 03:36:33,811 INFO __main__: summary updated end=2026-08-20 11:22:40
2026-08-27 03:36:33,812 INFO peoplein.stream: download started camera=loby file=20260820-112240.mkv
2026-08-27 03:36:46,613 INFO peoplein.stream: download completed camera=loby file=20260820-112240.mkv bytes=28462856 interval=2026-08-20 11:22:40..2026-08-20 11:27:40
2026-08-27 03:36:46,613 INFO peoplein.stream: analysis interval ready start=2026-08-20 11:22:40 end=2026-08-20 11:26:02
2026-08-27 03:36:56,041 INFO peoplein.stream: decoded entrance/20260820-112102.mkv: 1010 frames
2026-08-27 03:36:56,047 INFO peoplein.stream: decoded loby/20260820-112240.mkv: 1010 frames
2026-08-27 03:36:56,050 INFO __main__: analysis interval completed start=2026-08-20 11:22:40 end=2026-08-20 11:26:02 frames=2020 ticks=1010 entered=9 exited=8 people_inside=1
2026-08-27 03:36:56,052 INFO __main__: summary updated end=2026-08-20 11:26:02
2026-08-27 03:36:56,052 INFO peoplein.stream: download started camera=entrance file=20260820-112602.mkv
2026-08-27 03:37:33,286 INFO peoplein.stream: download completed camera=entrance file=20260820-112602.mkv bytes=20805441 interval=2026-08-20 11:26:02..2026-08-20 11:31:02
2026-08-27 03:37:33,286 INFO peoplein.stream: analysis interval ready start=2026-08-20 11:26:02 end=2026-08-20 11:27:40
2026-08-27 03:37:40,408 INFO peoplein.stream: decoded entrance/20260820-112602.mkv: 490 frames
2026-08-27 03:37:40,412 INFO peoplein.stream: decoded loby/20260820-112240.mkv: 490 frames
2026-08-27 03:37:40,419 INFO __main__: analysis interval completed start=2026-08-20 11:26:02 end=2026-08-20 11:27:40 frames=980 ticks=490 entered=9 exited=8 people_inside=1
2026-08-27 03:37:40,421 INFO __main__: summary updated end=2026-08-20 11:27:40
2026-08-27 03:37:40,422 INFO peoplein.stream: download started camera=loby file=20260820-112740.mkv
2026-08-27 03:38:34,195 INFO peoplein.stream: download completed camera=loby file=20260820-112740.mkv bytes=29591958 interval=2026-08-20 11:27:40..2026-08-20 11:32:40
2026-08-27 03:38:34,195 INFO peoplein.stream: analysis interval ready start=2026-08-20 11:27:40 end=2026-08-20 11:31:02
2026-08-27 03:38:43,542 INFO peoplein.stream: decoded loby/20260820-112740.mkv: 1010 frames
2026-08-27 03:38:43,543 INFO peoplein.stream: decoded entrance/20260820-112602.mkv: 1010 frames
2026-08-27 03:38:43,549 INFO __main__: analysis interval completed start=2026-08-20 11:27:40 end=2026-08-20 11:31:02 frames=2020 ticks=1010 entered=9 exited=8 people_inside=1
2026-08-27 03:38:43,552 INFO __main__: summary updated end=2026-08-20 11:31:02
2026-08-27 03:38:43,552 INFO peoplein.stream: download started camera=entrance file=20260820-113102.mkv
2026-08-27 03:39:30,025 INFO peoplein.stream: download completed camera=entrance file=20260820-113102.mkv bytes=20387217 interval=2026-08-20 11:31:02..2026-08-20 11:36:02
2026-08-27 03:39:30,025 INFO peoplein.stream: analysis interval ready start=2026-08-20 11:31:02 end=2026-08-20 11:32:40
2026-08-27 03:39:37,160 INFO peoplein.stream: decoded loby/20260820-112740.mkv: 490 frames
2026-08-27 03:39:37,160 INFO peoplein.stream: decoded entrance/20260820-113102.mkv: 490 frames
2026-08-27 03:39:37,167 INFO __main__: analysis interval completed start=2026-08-20 11:31:02 end=2026-08-20 11:32:40 frames=980 ticks=490 entered=9 exited=8 people_inside=1
2026-08-27 03:39:37,169 INFO __main__: summary updated end=2026-08-20 11:32:40
2026-08-27 03:39:37,170 INFO peoplein.stream: download started camera=loby file=20260820-113239.mkv
2026-08-27 03:41:01,569 INFO peoplein.stream: download completed camera=loby file=20260820-113239.mkv bytes=28360599 interval=2026-08-20 11:32:39..2026-08-20 11:37:39
2026-08-27 03:41:01,569 INFO peoplein.stream: analysis interval ready start=2026-08-20 11:32:39 end=2026-08-20 11:36:02
2026-08-27 03:41:10,870 INFO peoplein.stream: decoded entrance/20260820-113102.mkv: 1015 frames
2026-08-27 03:41:10,870 INFO peoplein.stream: decoded loby/20260820-113239.mkv: 1015 frames
2026-08-27 03:41:10,879 INFO __main__: analysis interval completed start=2026-08-20 11:32:39 end=2026-08-20 11:36:02 frames=2030 ticks=1015 entered=9 exited=8 people_inside=1
2026-08-27 03:41:10,881 INFO __main__: summary updated end=2026-08-20 11:36:02
2026-08-27 03:41:10,882 INFO peoplein.stream: download started camera=entrance file=20260820-113602.mkv
2026-08-27 03:42:04,034 INFO peoplein.stream: download completed camera=entrance file=20260820-113602.mkv bytes=20367483 interval=2026-08-20 11:36:02..2026-08-20 11:41:02
2026-08-27 03:42:04,034 INFO peoplein.stream: analysis interval ready start=2026-08-20 11:36:02 end=2026-08-20 11:37:39
2026-08-27 03:42:11,036 INFO peoplein.stream: decoded loby/20260820-113239.mkv: 485 frames
2026-08-27 03:42:11,040 INFO peoplein.stream: decoded entrance/20260820-113602.mkv: 485 frames
2026-08-27 03:42:11,043 INFO __main__: analysis interval completed start=2026-08-20 11:36:02 end=2026-08-20 11:37:39 frames=970 ticks=485 entered=9 exited=8 people_inside=1
2026-08-27 03:42:11,045 INFO __main__: summary updated end=2026-08-20 11:37:39
2026-08-27 03:42:11,046 INFO peoplein.stream: download started camera=loby file=20260820-113739.mkv
2026-08-27 03:43:20,609 INFO peoplein.stream: download completed camera=loby file=20260820-113739.mkv bytes=28583288 interval=2026-08-20 11:37:39..2026-08-20 11:42:39
2026-08-27 03:43:20,610 INFO peoplein.stream: analysis interval ready start=2026-08-20 11:37:39 end=2026-08-20 11:41:02
2026-08-27 03:43:30,160 INFO peoplein.stream: decoded loby/20260820-113739.mkv: 1015 frames
2026-08-27 03:43:30,162 INFO peoplein.stream: decoded entrance/20260820-113602.mkv: 1015 frames
2026-08-27 03:43:30,168 INFO __main__: analysis interval completed start=2026-08-20 11:37:39 end=2026-08-20 11:41:02 frames=2030 ticks=1015 entered=9 exited=8 people_inside=1
2026-08-27 03:43:30,171 INFO __main__: summary updated end=2026-08-20 11:41:02
2026-08-27 03:43:30,171 INFO peoplein.stream: download started camera=entrance file=20260820-114102.mkv
2026-08-27 03:44:09,263 INFO peoplein.stream: download completed camera=entrance file=20260820-114102.mkv bytes=20413857 interval=2026-08-20 11:41:02..2026-08-20 11:46:02
2026-08-27 03:44:09,263 INFO peoplein.stream: analysis interval ready start=2026-08-20 11:41:02 end=2026-08-20 11:42:39
2026-08-27 03:44:16,313 INFO peoplein.stream: decoded loby/20260820-113739.mkv: 485 frames
2026-08-27 03:44:16,317 INFO peoplein.stream: decoded entrance/20260820-114102.mkv: 485 frames
2026-08-27 03:44:16,320 INFO __main__: analysis interval completed start=2026-08-20 11:41:02 end=2026-08-20 11:42:39 frames=970 ticks=485 entered=9 exited=8 people_inside=1
2026-08-27 03:44:16,323 INFO __main__: summary updated end=2026-08-20 11:42:39
2026-08-27 03:44:16,324 INFO peoplein.stream: download started camera=loby file=20260820-114239.mkv
2026-08-27 03:45:10,462 INFO peoplein.stream: download completed camera=loby file=20260820-114239.mkv bytes=28681197 interval=2026-08-20 11:42:39..2026-08-20 11:47:39
2026-08-27 03:45:10,462 INFO peoplein.stream: analysis interval ready start=2026-08-20 11:42:39 end=2026-08-20 11:46:02
2026-08-27 03:45:20,008 INFO peoplein.stream: decoded entrance/20260820-114102.mkv: 1015 frames
2026-08-27 03:45:20,013 INFO peoplein.stream: decoded loby/20260820-114239.mkv: 1015 frames
2026-08-27 03:45:20,016 INFO __main__: analysis interval completed start=2026-08-20 11:42:39 end=2026-08-20 11:46:02 frames=2030 ticks=1015 entered=9 exited=8 people_inside=1
2026-08-27 03:45:20,019 INFO __main__: summary updated end=2026-08-20 11:46:02
2026-08-27 03:45:20,020 INFO peoplein.stream: download started camera=entrance file=20260820-114602.mkv
2026-08-27 03:45:54,374 INFO peoplein.stream: download completed camera=entrance file=20260820-114602.mkv bytes=20092519 interval=2026-08-20 11:46:02..2026-08-20 11:51:02
2026-08-27 03:45:54,374 INFO peoplein.stream: analysis interval ready start=2026-08-20 11:46:02 end=2026-08-20 11:47:39
2026-08-27 03:46:01,383 INFO peoplein.stream: decoded entrance/20260820-114602.mkv: 485 frames
2026-08-27 03:46:01,384 INFO peoplein.stream: decoded loby/20260820-114239.mkv: 485 frames
2026-08-27 03:46:01,390 INFO __main__: analysis interval completed start=2026-08-20 11:46:02 end=2026-08-20 11:47:39 frames=970 ticks=485 entered=9 exited=8 people_inside=1
2026-08-27 03:46:01,393 INFO __main__: summary updated end=2026-08-20 11:47:39
2026-08-27 03:46:01,393 INFO peoplein.stream: download started camera=loby file=20260820-114739.mkv
2026-08-27 03:47:05,661 INFO peoplein.stream: download completed camera=loby file=20260820-114739.mkv bytes=28594470 interval=2026-08-20 11:47:39..2026-08-20 11:52:41
2026-08-27 03:47:05,662 INFO peoplein.stream: analysis interval ready start=2026-08-20 11:47:39 end=2026-08-20 11:51:02
2026-08-27 03:47:15,016 INFO peoplein.stream: decoded entrance/20260820-114602.mkv: 1015 frames
2026-08-27 03:47:15,018 INFO peoplein.stream: decoded loby/20260820-114739.mkv: 1015 frames
2026-08-27 03:47:15,022 INFO __main__: analysis interval completed start=2026-08-20 11:47:39 end=2026-08-20 11:51:02 frames=2030 ticks=1015 entered=9 exited=8 people_inside=1
2026-08-27 03:47:15,025 INFO __main__: summary updated end=2026-08-20 11:51:02
2026-08-27 03:47:15,025 INFO peoplein.stream: download started camera=entrance file=20260820-115102.mkv
2026-08-27 03:47:54,220 INFO peoplein.stream: download completed camera=entrance file=20260820-115102.mkv bytes=20486317 interval=2026-08-20 11:51:02..2026-08-20 11:56:02
2026-08-27 03:47:54,221 INFO peoplein.stream: analysis interval ready start=2026-08-20 11:51:02 end=2026-08-20 11:52:41
2026-08-27 03:48:01,293 INFO peoplein.stream: decoded loby/20260820-114739.mkv: 495 frames
2026-08-27 03:48:01,293 INFO peoplein.stream: decoded entrance/20260820-115102.mkv: 495 frames
2026-08-27 03:48:01,302 INFO __main__: analysis interval completed start=2026-08-20 11:51:02 end=2026-08-20 11:52:41 frames=990 ticks=495 entered=9 exited=8 people_inside=1
2026-08-27 03:48:01,304 INFO __main__: summary updated end=2026-08-20 11:52:41
2026-08-27 03:48:01,305 INFO peoplein.stream: download started camera=loby file=20260820-115241.mkv
2026-08-27 03:48:19,623 INFO peoplein.stream: download completed camera=loby file=20260820-115241.mkv bytes=28516435 interval=2026-08-20 11:52:41..2026-08-20 11:57:41
2026-08-27 03:48:19,625 INFO peoplein.stream: analysis interval ready start=2026-08-20 11:52:41 end=2026-08-20 11:56:02
2026-08-27 03:48:28,937 INFO peoplein.stream: decoded loby/20260820-115241.mkv: 1005 frames
2026-08-27 03:48:28,937 INFO peoplein.stream: decoded entrance/20260820-115102.mkv: 1005 frames
2026-08-27 03:48:28,944 INFO __main__: analysis interval completed start=2026-08-20 11:52:41 end=2026-08-20 11:56:02 frames=2010 ticks=1005 entered=9 exited=8 people_inside=1
2026-08-27 03:48:28,946 INFO __main__: summary updated end=2026-08-20 11:56:02
2026-08-27 03:48:28,947 INFO peoplein.stream: download started camera=entrance file=20260820-115602.mkv
2026-08-27 03:48:39,499 INFO peoplein.stream: download completed camera=entrance file=20260820-115602.mkv bytes=21189044 interval=2026-08-20 11:56:02..2026-08-20 12:01:02
2026-08-27 03:48:39,499 INFO peoplein.stream: analysis interval ready start=2026-08-20 11:56:02 end=2026-08-20 11:57:41
2026-08-27 03:48:46,668 INFO peoplein.stream: decoded loby/20260820-115241.mkv: 495 frames
2026-08-27 03:48:46,668 INFO peoplein.stream: decoded entrance/20260820-115602.mkv: 495 frames
2026-08-27 03:48:46,677 INFO __main__: analysis interval completed start=2026-08-20 11:56:02 end=2026-08-20 11:57:41 frames=990 ticks=495 entered=9 exited=8 people_inside=1
2026-08-27 03:48:46,679 INFO __main__: summary updated end=2026-08-20 11:57:41
2026-08-27 03:48:46,679 INFO peoplein.stream: download started camera=loby file=20260820-115741.mkv
2026-08-27 03:49:00,784 INFO peoplein.stream: download completed camera=loby file=20260820-115741.mkv bytes=31170869 interval=2026-08-20 11:57:41..2026-08-20 12:02:41
2026-08-27 03:49:00,785 INFO peoplein.stream: analysis interval ready start=2026-08-20 11:57:41 end=2026-08-20 12:01:02
2026-08-27 03:49:11,009 INFO peoplein.stream: decoded entrance/20260820-115602.mkv: 1005 frames
2026-08-27 03:49:11,016 INFO peoplein.stream: decoded loby/20260820-115741.mkv: 1005 frames
2026-08-27 03:49:11,040 INFO __main__: analysis interval completed start=2026-08-20 11:57:41 end=2026-08-20 12:01:02 frames=2010 ticks=1005 entered=10 exited=8 people_inside=2
2026-08-27 03:49:11,043 INFO __main__: summary updated end=2026-08-20 12:01:02
2026-08-27 03:49:11,043 INFO peoplein.stream: download started camera=entrance file=20260820-120102.mkv
2026-08-27 03:49:19,999 INFO peoplein.stream: download completed camera=entrance file=20260820-120102.mkv bytes=21252958 interval=2026-08-20 12:01:02..2026-08-20 12:06:02
2026-08-27 03:49:20,000 INFO peoplein.stream: analysis interval ready start=2026-08-20 12:01:02 end=2026-08-20 12:02:41
2026-08-27 03:49:27,235 INFO peoplein.stream: decoded entrance/20260820-120102.mkv: 495 frames
2026-08-27 03:49:27,235 INFO peoplein.stream: decoded loby/20260820-115741.mkv: 495 frames
2026-08-27 03:49:27,243 INFO __main__: analysis interval completed start=2026-08-20 12:01:02 end=2026-08-20 12:02:41 frames=990 ticks=495 entered=10 exited=8 people_inside=2
2026-08-27 03:49:27,246 INFO __main__: summary updated end=2026-08-20 12:02:41
2026-08-27 03:49:27,246 INFO peoplein.stream: download started camera=loby file=20260820-120241.mkv
2026-08-27 03:49:40,389 INFO peoplein.stream: download completed camera=loby file=20260820-120241.mkv bytes=29087591 interval=2026-08-20 12:02:41..2026-08-20 12:07:41
2026-08-27 03:49:40,389 INFO peoplein.stream: analysis interval ready start=2026-08-20 12:02:41 end=2026-08-20 12:06:02
2026-08-27 03:49:49,933 INFO peoplein.stream: decoded loby/20260820-120241.mkv: 1005 frames
2026-08-27 03:49:49,933 INFO peoplein.stream: decoded entrance/20260820-120102.mkv: 1005 frames
2026-08-27 03:49:49,942 INFO __main__: analysis interval completed start=2026-08-20 12:02:41 end=2026-08-20 12:06:02 frames=2010 ticks=1005 entered=10 exited=8 people_inside=2
2026-08-27 03:49:49,944 INFO __main__: summary updated end=2026-08-20 12:06:02
2026-08-27 03:49:49,945 INFO peoplein.stream: download started camera=entrance file=20260820-120602.mkv
2026-08-27 03:49:58,803 INFO peoplein.stream: download completed camera=entrance file=20260820-120602.mkv bytes=20839543 interval=2026-08-20 12:06:02..2026-08-20 12:11:02
2026-08-27 03:49:58,804 INFO peoplein.stream: analysis interval ready start=2026-08-20 12:06:02 end=2026-08-20 12:07:41
2026-08-27 03:50:05,963 INFO peoplein.stream: decoded entrance/20260820-120602.mkv: 495 frames
2026-08-27 03:50:05,965 INFO peoplein.stream: decoded loby/20260820-120241.mkv: 495 frames
2026-08-27 03:50:05,971 INFO __main__: analysis interval completed start=2026-08-20 12:06:02 end=2026-08-20 12:07:41 frames=990 ticks=495 entered=10 exited=8 people_inside=2
2026-08-27 03:50:05,974 INFO __main__: summary updated end=2026-08-20 12:07:41
2026-08-27 03:50:05,974 INFO peoplein.stream: download started camera=loby file=20260820-120740.mkv
2026-08-27 03:50:17,398 INFO peoplein.stream: download completed camera=loby file=20260820-120740.mkv bytes=28468607 interval=2026-08-20 12:07:40..2026-08-20 12:12:40
2026-08-27 03:50:17,399 INFO peoplein.stream: analysis interval ready start=2026-08-20 12:07:40 end=2026-08-20 12:11:02
2026-08-27 03:50:26,918 INFO peoplein.stream: decoded entrance/20260820-120602.mkv: 1010 frames
2026-08-27 03:50:26,920 INFO peoplein.stream: decoded loby/20260820-120740.mkv: 1010 frames
2026-08-27 03:50:26,926 INFO __main__: analysis interval completed start=2026-08-20 12:07:40 end=2026-08-20 12:11:02 frames=2020 ticks=1010 entered=10 exited=8 people_inside=2
2026-08-27 03:50:26,929 INFO __main__: summary updated end=2026-08-20 12:11:02
2026-08-27 03:50:26,929 INFO peoplein.stream: download started camera=entrance file=20260820-121102.mkv
2026-08-27 03:50:36,155 INFO peoplein.stream: download completed camera=entrance file=20260820-121102.mkv bytes=20624795 interval=2026-08-20 12:11:02..2026-08-20 12:16:02
2026-08-27 03:50:36,155 INFO peoplein.stream: analysis interval ready start=2026-08-20 12:11:02 end=2026-08-20 12:12:40
2026-08-27 03:50:43,333 INFO peoplein.stream: decoded loby/20260820-120740.mkv: 490 frames
2026-08-27 03:50:43,338 INFO peoplein.stream: decoded entrance/20260820-121102.mkv: 490 frames
2026-08-27 03:50:43,341 INFO __main__: analysis interval completed start=2026-08-20 12:11:02 end=2026-08-20 12:12:40 frames=980 ticks=490 entered=10 exited=8 people_inside=2
2026-08-27 03:50:43,343 INFO __main__: summary updated end=2026-08-20 12:12:40
2026-08-27 03:50:43,344 INFO peoplein.stream: download started camera=loby file=20260820-121240.mkv
2026-08-27 03:50:57,437 INFO peoplein.stream: download completed camera=loby file=20260820-121240.mkv bytes=29114967 interval=2026-08-20 12:12:40..2026-08-20 12:17:40
2026-08-27 03:50:57,437 INFO peoplein.stream: analysis interval ready start=2026-08-20 12:12:40 end=2026-08-20 12:16:02
2026-08-27 03:51:06,750 INFO peoplein.stream: decoded loby/20260820-121240.mkv: 1010 frames
2026-08-27 03:51:06,750 INFO peoplein.stream: decoded entrance/20260820-121102.mkv: 1010 frames
2026-08-27 03:51:06,756 INFO __main__: analysis interval completed start=2026-08-20 12:12:40 end=2026-08-20 12:16:02 frames=2020 ticks=1010 entered=10 exited=8 people_inside=2
2026-08-27 03:51:06,759 INFO __main__: summary updated end=2026-08-20 12:16:02
2026-08-27 03:51:06,760 INFO peoplein.stream: download started camera=entrance file=20260820-121602.mkv
2026-08-27 03:51:19,362 INFO peoplein.stream: download completed camera=entrance file=20260820-121602.mkv bytes=20622049 interval=2026-08-20 12:16:02..2026-08-20 12:21:02
2026-08-27 03:51:19,362 INFO peoplein.stream: analysis interval ready start=2026-08-20 12:16:02 end=2026-08-20 12:17:40
2026-08-27 03:51:26,432 INFO peoplein.stream: decoded loby/20260820-121240.mkv: 490 frames
2026-08-27 03:51:26,439 INFO peoplein.stream: decoded entrance/20260820-121602.mkv: 490 frames
2026-08-27 03:51:26,443 INFO __main__: analysis interval completed start=2026-08-20 12:16:02 end=2026-08-20 12:17:40 frames=980 ticks=490 entered=10 exited=8 people_inside=2
2026-08-27 03:51:26,445 INFO __main__: summary updated end=2026-08-20 12:17:40
2026-08-27 03:51:26,445 INFO peoplein.stream: download started camera=loby file=20260820-121740.mkv
2026-08-27 03:51:39,313 INFO peoplein.stream: download completed camera=loby file=20260820-121740.mkv bytes=29375610 interval=2026-08-20 12:17:40..2026-08-20 12:22:40
2026-08-27 03:51:39,313 INFO peoplein.stream: analysis interval ready start=2026-08-20 12:17:40 end=2026-08-20 12:21:02
2026-08-27 03:51:48,847 INFO peoplein.stream: decoded entrance/20260820-121602.mkv: 1010 frames
2026-08-27 03:51:48,849 INFO peoplein.stream: decoded loby/20260820-121740.mkv: 1010 frames
2026-08-27 03:51:48,857 INFO __main__: analysis interval completed start=2026-08-20 12:17:40 end=2026-08-20 12:21:02 frames=2020 ticks=1010 entered=10 exited=8 people_inside=2
2026-08-27 03:51:48,860 INFO __main__: summary updated end=2026-08-20 12:21:02
2026-08-27 03:51:48,860 INFO peoplein.stream: download started camera=entrance file=20260820-122102.mkv
2026-08-27 03:51:58,305 INFO peoplein.stream: download completed camera=entrance file=20260820-122102.mkv bytes=20435790 interval=2026-08-20 12:21:02..2026-08-20 12:26:02
2026-08-27 03:51:58,306 INFO peoplein.stream: analysis interval ready start=2026-08-20 12:21:02 end=2026-08-20 12:22:40
2026-08-27 03:52:05,495 INFO peoplein.stream: decoded entrance/20260820-122102.mkv: 490 frames
2026-08-27 03:52:05,495 INFO peoplein.stream: decoded loby/20260820-121740.mkv: 490 frames
2026-08-27 03:52:05,499 INFO __main__: analysis interval completed start=2026-08-20 12:21:02 end=2026-08-20 12:22:40 frames=980 ticks=490 entered=10 exited=8 people_inside=2
2026-08-27 03:52:05,502 INFO __main__: summary updated end=2026-08-20 12:22:40
2026-08-27 03:52:05,502 INFO peoplein.stream: download started camera=loby file=20260820-122240.mkv
2026-08-27 03:52:17,835 INFO peoplein.stream: download completed camera=loby file=20260820-122240.mkv bytes=29509356 interval=2026-08-20 12:22:40..2026-08-20 12:27:40
2026-08-27 03:52:17,835 INFO peoplein.stream: analysis interval ready start=2026-08-20 12:22:40 end=2026-08-20 12:26:02
2026-08-27 03:52:27,313 INFO peoplein.stream: decoded loby/20260820-122240.mkv: 1010 frames
2026-08-27 03:52:27,316 INFO peoplein.stream: decoded entrance/20260820-122102.mkv: 1010 frames
2026-08-27 03:52:27,322 INFO __main__: analysis interval completed start=2026-08-20 12:22:40 end=2026-08-20 12:26:02 frames=2020 ticks=1010 entered=10 exited=8 people_inside=2
2026-08-27 03:52:27,325 INFO __main__: summary updated end=2026-08-20 12:26:02
2026-08-27 03:52:27,325 INFO peoplein.stream: download started camera=entrance file=20260820-122602.mkv
2026-08-27 03:52:37,039 INFO peoplein.stream: download completed camera=entrance file=20260820-122602.mkv bytes=20350052 interval=2026-08-20 12:26:02..2026-08-20 12:31:02
2026-08-27 03:52:37,039 INFO peoplein.stream: analysis interval ready start=2026-08-20 12:26:02 end=2026-08-20 12:27:40
2026-08-27 03:52:44,258 INFO peoplein.stream: decoded loby/20260820-122240.mkv: 490 frames
2026-08-27 03:52:44,260 INFO peoplein.stream: decoded entrance/20260820-122602.mkv: 490 frames
2026-08-27 03:52:44,267 INFO __main__: analysis interval completed start=2026-08-20 12:26:02 end=2026-08-20 12:27:40 frames=980 ticks=490 entered=10 exited=8 people_inside=2
2026-08-27 03:52:44,269 INFO __main__: summary updated end=2026-08-20 12:27:40
2026-08-27 03:52:44,270 INFO peoplein.stream: download started camera=loby file=20260820-122740.mkv
2026-08-27 03:52:57,975 INFO peoplein.stream: download completed camera=loby file=20260820-122740.mkv bytes=29342892 interval=2026-08-20 12:27:40..2026-08-20 12:32:40
2026-08-27 03:52:57,976 INFO peoplein.stream: analysis interval ready start=2026-08-20 12:27:40 end=2026-08-20 12:31:02
2026-08-27 03:53:07,556 INFO peoplein.stream: decoded entrance/20260820-122602.mkv: 1010 frames
2026-08-27 03:53:07,556 INFO peoplein.stream: decoded loby/20260820-122740.mkv: 1010 frames
2026-08-27 03:53:07,566 INFO __main__: analysis interval completed start=2026-08-20 12:27:40 end=2026-08-20 12:31:02 frames=2020 ticks=1010 entered=10 exited=8 people_inside=2
2026-08-27 03:53:07,568 INFO __main__: summary updated end=2026-08-20 12:31:02
2026-08-27 03:53:07,569 INFO peoplein.stream: download started camera=entrance file=20260820-123102.mkv
2026-08-27 03:53:17,120 INFO peoplein.stream: download completed camera=entrance file=20260820-123102.mkv bytes=21211984 interval=2026-08-20 12:31:02..2026-08-20 12:36:02
2026-08-27 03:53:17,120 INFO peoplein.stream: analysis interval ready start=2026-08-20 12:31:02 end=2026-08-20 12:32:40
2026-08-27 03:53:24,233 INFO peoplein.stream: decoded loby/20260820-122740.mkv: 490 frames
2026-08-27 03:53:24,235 INFO peoplein.stream: decoded entrance/20260820-123102.mkv: 490 frames
2026-08-27 03:53:24,242 INFO __main__: analysis interval completed start=2026-08-20 12:31:02 end=2026-08-20 12:32:40 frames=980 ticks=490 entered=10 exited=8 people_inside=2
2026-08-27 03:53:24,244 INFO __main__: summary updated end=2026-08-20 12:32:40
2026-08-27 03:53:24,245 INFO peoplein.stream: download started camera=loby file=20260820-123240.mkv
2026-08-27 03:53:38,864 INFO peoplein.stream: download completed camera=loby file=20260820-123240.mkv bytes=29607457 interval=2026-08-20 12:32:40..2026-08-20 12:37:40
2026-08-27 03:53:38,865 INFO peoplein.stream: analysis interval ready start=2026-08-20 12:32:40 end=2026-08-20 12:36:02
2026-08-27 03:53:48,321 INFO peoplein.stream: decoded loby/20260820-123240.mkv: 1010 frames
2026-08-27 03:53:48,324 INFO peoplein.stream: decoded entrance/20260820-123102.mkv: 1010 frames
2026-08-27 03:53:48,330 INFO __main__: analysis interval completed start=2026-08-20 12:32:40 end=2026-08-20 12:36:02 frames=2020 ticks=1010 entered=10 exited=8 people_inside=2
2026-08-27 03:53:48,332 INFO __main__: summary updated end=2026-08-20 12:36:02
2026-08-27 03:53:48,332 INFO peoplein.stream: download started camera=entrance file=20260820-123602.mkv
2026-08-27 03:54:04,730 INFO peoplein.stream: download completed camera=entrance file=20260820-123602.mkv bytes=24072604 interval=2026-08-20 12:36:02..2026-08-20 12:41:02
2026-08-27 03:54:04,731 INFO peoplein.stream: analysis interval ready start=2026-08-20 12:36:02 end=2026-08-20 12:37:40
2026-08-27 03:54:12,203 INFO peoplein.stream: decoded entrance/20260820-123602.mkv: 490 frames
2026-08-27 03:54:12,211 INFO peoplein.stream: decoded loby/20260820-123240.mkv: 490 frames
2026-08-27 03:54:12,237 INFO __main__: analysis interval completed start=2026-08-20 12:36:02 end=2026-08-20 12:37:40 frames=980 ticks=490 entered=11 exited=8 people_inside=3
2026-08-27 03:54:12,239 INFO __main__: summary updated end=2026-08-20 12:37:40
2026-08-27 03:54:12,239 INFO peoplein.stream: download started camera=loby file=20260820-123740.mkv
2026-08-27 03:54:32,189 INFO peoplein.stream: download completed camera=loby file=20260820-123740.mkv bytes=29643630 interval=2026-08-20 12:37:40..2026-08-20 12:42:40
2026-08-27 03:54:32,189 INFO peoplein.stream: analysis interval ready start=2026-08-20 12:37:40 end=2026-08-20 12:41:02
2026-08-27 03:54:42,057 INFO peoplein.stream: decoded entrance/20260820-123602.mkv: 1010 frames
2026-08-27 03:54:42,069 INFO peoplein.stream: decoded loby/20260820-123740.mkv: 1010 frames
2026-08-27 03:54:42,070 INFO __main__: analysis interval completed start=2026-08-20 12:37:40 end=2026-08-20 12:41:02 frames=2020 ticks=1010 entered=11 exited=9 people_inside=2
2026-08-27 03:54:42,072 INFO __main__: summary updated end=2026-08-20 12:41:02
2026-08-27 03:54:42,073 INFO peoplein.stream: download started camera=entrance file=20260820-124102.mkv
2026-08-27 03:54:56,014 INFO peoplein.stream: download completed camera=entrance file=20260820-124102.mkv bytes=22927666 interval=2026-08-20 12:41:02..2026-08-20 12:46:02
2026-08-27 03:54:56,014 INFO peoplein.stream: analysis interval ready start=2026-08-20 12:41:02 end=2026-08-20 12:42:40
2026-08-27 03:55:03,105 INFO peoplein.stream: decoded entrance/20260820-124102.mkv: 490 frames
2026-08-27 03:55:03,107 INFO peoplein.stream: decoded loby/20260820-123740.mkv: 490 frames
2026-08-27 03:55:03,114 INFO __main__: analysis interval completed start=2026-08-20 12:41:02 end=2026-08-20 12:42:40 frames=980 ticks=490 entered=11 exited=9 people_inside=2
2026-08-27 03:55:03,117 INFO __main__: summary updated end=2026-08-20 12:42:40
2026-08-27 03:55:03,117 INFO peoplein.stream: download started camera=loby file=20260820-124240.mkv
2026-08-27 03:55:19,934 INFO peoplein.stream: download completed camera=loby file=20260820-124240.mkv bytes=29397547 interval=2026-08-20 12:42:40..2026-08-20 12:47:40
2026-08-27 03:55:19,934 INFO peoplein.stream: analysis interval ready start=2026-08-20 12:42:40 end=2026-08-20 12:46:02
2026-08-27 03:55:29,399 INFO peoplein.stream: decoded entrance/20260820-124102.mkv: 1010 frames
2026-08-27 03:55:29,404 INFO peoplein.stream: decoded loby/20260820-124240.mkv: 1010 frames
2026-08-27 03:55:29,408 INFO __main__: analysis interval completed start=2026-08-20 12:42:40 end=2026-08-20 12:46:02 frames=2020 ticks=1010 entered=11 exited=9 people_inside=2
2026-08-27 03:55:29,410 INFO __main__: summary updated end=2026-08-20 12:46:02
2026-08-27 03:55:29,411 INFO peoplein.stream: download started camera=entrance file=20260820-124602.mkv
2026-08-27 03:55:39,509 INFO peoplein.stream: download completed camera=entrance file=20260820-124602.mkv bytes=24809233 interval=2026-08-20 12:46:02..2026-08-20 12:51:02
2026-08-27 03:55:39,509 INFO peoplein.stream: analysis interval ready start=2026-08-20 12:46:02 end=2026-08-20 12:47:40
2026-08-27 03:55:46,841 INFO peoplein.stream: decoded entrance/20260820-124602.mkv: 490 frames
2026-08-27 03:55:46,848 INFO peoplein.stream: decoded loby/20260820-124240.mkv: 490 frames
2026-08-27 03:55:46,851 INFO __main__: analysis interval completed start=2026-08-20 12:46:02 end=2026-08-20 12:47:40 frames=980 ticks=490 entered=11 exited=9 people_inside=2
2026-08-27 03:55:46,854 INFO __main__: summary updated end=2026-08-20 12:47:40
2026-08-27 03:55:46,854 INFO peoplein.stream: download started camera=loby file=20260820-124739.mkv
2026-08-27 03:55:59,100 INFO peoplein.stream: download completed camera=loby file=20260820-124739.mkv bytes=29207460 interval=2026-08-20 12:47:39..2026-08-20 12:52:39
2026-08-27 03:55:59,101 INFO peoplein.stream: analysis interval ready start=2026-08-20 12:47:39 end=2026-08-20 12:51:02
2026-08-27 03:56:08,662 INFO peoplein.stream: decoded loby/20260820-124739.mkv: 1015 frames
2026-08-27 03:56:08,666 INFO peoplein.stream: decoded entrance/20260820-124602.mkv: 1015 frames
2026-08-27 03:56:08,671 INFO __main__: analysis interval completed start=2026-08-20 12:47:39 end=2026-08-20 12:51:02 frames=2030 ticks=1015 entered=11 exited=9 people_inside=2
2026-08-27 03:56:08,673 INFO __main__: summary updated end=2026-08-20 12:51:02
2026-08-27 03:56:08,674 INFO peoplein.stream: download started camera=entrance file=20260820-125102.mkv
2026-08-27 03:56:19,213 INFO peoplein.stream: download completed camera=entrance file=20260820-125102.mkv bytes=24075199 interval=2026-08-20 12:51:02..2026-08-20 12:56:02
2026-08-27 03:56:19,214 INFO peoplein.stream: analysis interval ready start=2026-08-20 12:51:02 end=2026-08-20 12:52:39
2026-08-27 03:56:26,502 INFO peoplein.stream: decoded loby/20260820-124739.mkv: 485 frames
2026-08-27 03:56:26,502 INFO peoplein.stream: decoded entrance/20260820-125102.mkv: 485 frames
2026-08-27 03:56:26,510 INFO __main__: analysis interval completed start=2026-08-20 12:51:02 end=2026-08-20 12:52:39 frames=970 ticks=485 entered=11 exited=9 people_inside=2
2026-08-27 03:56:26,513 INFO __main__: summary updated end=2026-08-20 12:52:39
2026-08-27 03:56:26,513 INFO peoplein.stream: download started camera=loby file=20260820-125239.mkv
2026-08-27 03:56:38,185 INFO peoplein.stream: download completed camera=loby file=20260820-125239.mkv bytes=28915318 interval=2026-08-20 12:52:39..2026-08-20 12:57:39
2026-08-27 03:56:38,186 INFO peoplein.stream: analysis interval ready start=2026-08-20 12:52:39 end=2026-08-20 12:56:02
2026-08-27 03:56:47,709 INFO peoplein.stream: decoded loby/20260820-125239.mkv: 1015 frames
2026-08-27 03:56:47,713 INFO peoplein.stream: decoded entrance/20260820-125102.mkv: 1015 frames
2026-08-27 03:56:47,719 INFO __main__: analysis interval completed start=2026-08-20 12:52:39 end=2026-08-20 12:56:02 frames=2030 ticks=1015 entered=11 exited=9 people_inside=2
2026-08-27 03:56:47,722 INFO __main__: summary updated end=2026-08-20 12:56:02
2026-08-27 03:56:47,723 INFO peoplein.stream: download started camera=entrance file=20260820-125602.mkv
2026-08-27 03:57:02,013 INFO peoplein.stream: download completed camera=entrance file=20260820-125602.mkv bytes=26475837 interval=2026-08-20 12:56:02..2026-08-20 13:01:02
2026-08-27 03:57:02,014 INFO peoplein.stream: analysis interval ready start=2026-08-20 12:56:02 end=2026-08-20 12:57:39
2026-08-27 03:57:09,170 INFO peoplein.stream: decoded loby/20260820-125239.mkv: 485 frames
2026-08-27 03:57:09,173 INFO peoplein.stream: decoded entrance/20260820-125602.mkv: 485 frames
2026-08-27 03:57:09,177 INFO __main__: analysis interval completed start=2026-08-20 12:56:02 end=2026-08-20 12:57:39 frames=970 ticks=485 entered=11 exited=9 people_inside=2
2026-08-27 03:57:09,179 INFO __main__: summary updated end=2026-08-20 12:57:39
2026-08-27 03:57:09,180 INFO peoplein.stream: download started camera=loby file=20260820-125739.mkv
2026-08-27 03:57:21,725 INFO peoplein.stream: download completed camera=loby file=20260820-125739.mkv bytes=28863948 interval=2026-08-20 12:57:39..2026-08-20 13:02:39
2026-08-27 03:57:21,726 INFO peoplein.stream: analysis interval ready start=2026-08-20 12:57:39 end=2026-08-20 13:01:02
2026-08-27 03:57:31,239 INFO peoplein.stream: decoded entrance/20260820-125602.mkv: 1015 frames
2026-08-27 03:57:31,239 INFO peoplein.stream: decoded loby/20260820-125739.mkv: 1015 frames
2026-08-27 03:57:31,248 INFO __main__: analysis interval completed start=2026-08-20 12:57:39 end=2026-08-20 13:01:02 frames=2030 ticks=1015 entered=11 exited=9 people_inside=2
2026-08-27 03:57:31,250 INFO __main__: summary updated end=2026-08-20 13:01:02
2026-08-27 03:57:31,251 INFO peoplein.stream: download started camera=entrance file=20260820-130102.mkv
2026-08-27 03:57:43,123 INFO peoplein.stream: download completed camera=entrance file=20260820-130102.mkv bytes=27591868 interval=2026-08-20 13:01:02..2026-08-20 13:06:02
2026-08-27 03:57:43,124 INFO peoplein.stream: analysis interval ready start=2026-08-20 13:01:02 end=2026-08-20 13:02:39
2026-08-27 03:57:50,348 INFO peoplein.stream: decoded entrance/20260820-130102.mkv: 485 frames
2026-08-27 03:57:50,348 INFO peoplein.stream: decoded loby/20260820-125739.mkv: 485 frames
2026-08-27 03:57:50,357 INFO __main__: analysis interval completed start=2026-08-20 13:01:02 end=2026-08-20 13:02:39 frames=970 ticks=485 entered=11 exited=9 people_inside=2
2026-08-27 03:57:50,359 INFO __main__: summary updated end=2026-08-20 13:02:39
2026-08-27 03:57:50,360 INFO peoplein.stream: download started camera=loby file=20260820-130239.mkv
2026-08-27 03:58:02,466 INFO peoplein.stream: download completed camera=loby file=20260820-130239.mkv bytes=29823899 interval=2026-08-20 13:02:39..2026-08-20 13:07:41
2026-08-27 03:58:02,467 INFO peoplein.stream: analysis interval ready start=2026-08-20 13:02:39 end=2026-08-20 13:06:02
2026-08-27 03:58:12,062 INFO peoplein.stream: decoded loby/20260820-130239.mkv: 1015 frames
2026-08-27 03:58:12,064 INFO peoplein.stream: decoded entrance/20260820-130102.mkv: 1015 frames
2026-08-27 03:58:12,069 INFO __main__: analysis interval completed start=2026-08-20 13:02:39 end=2026-08-20 13:06:02 frames=2030 ticks=1015 entered=11 exited=9 people_inside=2
2026-08-27 03:58:12,072 INFO __main__: summary updated end=2026-08-20 13:06:02
2026-08-27 03:58:12,072 INFO peoplein.stream: download started camera=entrance file=20260820-130602.mkv
2026-08-27 03:58:26,657 INFO peoplein.stream: download completed camera=entrance file=20260820-130602.mkv bytes=29851698 interval=2026-08-20 13:06:02..2026-08-20 13:11:02
2026-08-27 03:58:26,658 INFO peoplein.stream: analysis interval ready start=2026-08-20 13:06:02 end=2026-08-20 13:07:41
2026-08-27 03:58:33,960 INFO peoplein.stream: decoded loby/20260820-130239.mkv: 495 frames
2026-08-27 03:58:33,963 INFO peoplein.stream: decoded entrance/20260820-130602.mkv: 495 frames
2026-08-27 03:58:33,969 INFO __main__: analysis interval completed start=2026-08-20 13:06:02 end=2026-08-20 13:07:41 frames=990 ticks=495 entered=11 exited=9 people_inside=2
2026-08-27 03:58:33,971 INFO __main__: summary updated end=2026-08-20 13:07:41
2026-08-27 03:58:33,971 INFO peoplein.stream: download started camera=loby file=20260820-130741.mkv
2026-08-27 03:58:46,611 INFO peoplein.stream: download completed camera=loby file=20260820-130741.mkv bytes=29893605 interval=2026-08-20 13:07:41..2026-08-20 13:12:41
2026-08-27 03:58:46,611 INFO peoplein.stream: analysis interval ready start=2026-08-20 13:07:41 end=2026-08-20 13:11:02
2026-08-27 03:58:56,598 INFO peoplein.stream: decoded loby/20260820-130741.mkv: 1005 frames
2026-08-27 03:58:56,603 INFO peoplein.stream: decoded entrance/20260820-130602.mkv: 1005 frames
2026-08-27 03:58:56,608 INFO __main__: analysis interval completed start=2026-08-20 13:07:41 end=2026-08-20 13:11:02 frames=2010 ticks=1005 entered=11 exited=9 people_inside=2
2026-08-27 03:58:56,610 INFO __main__: summary updated end=2026-08-20 13:11:02
2026-08-27 03:58:56,611 INFO peoplein.stream: download started camera=entrance file=20260820-131102.mkv
2026-08-27 03:59:10,183 INFO peoplein.stream: download completed camera=entrance file=20260820-131102.mkv bytes=28640202 interval=2026-08-20 13:11:02..2026-08-20 13:16:02
2026-08-27 03:59:10,183 INFO peoplein.stream: analysis interval ready start=2026-08-20 13:11:02 end=2026-08-20 13:12:41
2026-08-27 03:59:17,532 INFO peoplein.stream: decoded entrance/20260820-131102.mkv: 495 frames
2026-08-27 03:59:17,532 INFO peoplein.stream: decoded loby/20260820-130741.mkv: 495 frames
2026-08-27 03:59:17,540 INFO __main__: analysis interval completed start=2026-08-20 13:11:02 end=2026-08-20 13:12:41 frames=990 ticks=495 entered=11 exited=9 people_inside=2
2026-08-27 03:59:17,542 INFO __main__: summary updated end=2026-08-20 13:12:41
2026-08-27 03:59:17,542 INFO peoplein.stream: download started camera=loby file=20260820-131241.mkv
2026-08-27 03:59:29,490 INFO peoplein.stream: download completed camera=loby file=20260820-131241.mkv bytes=28784741 interval=2026-08-20 13:12:41..2026-08-20 13:17:41
2026-08-27 03:59:29,490 INFO peoplein.stream: analysis interval ready start=2026-08-20 13:12:41 end=2026-08-20 13:16:02
2026-08-27 03:59:39,005 INFO peoplein.stream: decoded loby/20260820-131241.mkv: 1005 frames
2026-08-27 03:59:39,008 INFO peoplein.stream: decoded entrance/20260820-131102.mkv: 1005 frames
2026-08-27 03:59:39,014 INFO __main__: analysis interval completed start=2026-08-20 13:12:41 end=2026-08-20 13:16:02 frames=2010 ticks=1005 entered=11 exited=9 people_inside=2
2026-08-27 03:59:39,017 INFO __main__: summary updated end=2026-08-20 13:16:02
2026-08-27 03:59:39,017 INFO peoplein.stream: download started camera=entrance file=20260820-131602.mkv
2026-08-27 03:59:52,253 INFO peoplein.stream: download completed camera=entrance file=20260820-131602.mkv bytes=28970247 interval=2026-08-20 13:16:02..2026-08-20 13:21:02
2026-08-27 03:59:52,253 INFO peoplein.stream: analysis interval ready start=2026-08-20 13:16:02 end=2026-08-20 13:17:41
2026-08-27 03:59:59,652 INFO peoplein.stream: decoded loby/20260820-131241.mkv: 495 frames
2026-08-27 03:59:59,658 INFO peoplein.stream: decoded entrance/20260820-131602.mkv: 495 frames
2026-08-27 03:59:59,660 INFO __main__: analysis interval completed start=2026-08-20 13:16:02 end=2026-08-20 13:17:41 frames=990 ticks=495 entered=11 exited=9 people_inside=2
2026-08-27 03:59:59,663 INFO __main__: summary updated end=2026-08-20 13:17:41
2026-08-27 03:59:59,663 INFO peoplein.stream: download started camera=loby file=20260820-131741.mkv
2026-08-27 04:00:11,225 INFO peoplein.stream: download completed camera=loby file=20260820-131741.mkv bytes=29114069 interval=2026-08-20 13:17:41..2026-08-20 13:22:41
2026-08-27 04:00:11,225 INFO peoplein.stream: analysis interval ready start=2026-08-20 13:17:41 end=2026-08-20 13:21:02
2026-08-27 04:00:21,490 INFO peoplein.stream: decoded entrance/20260820-131602.mkv: 1005 frames
2026-08-27 04:00:21,491 INFO peoplein.stream: decoded loby/20260820-131741.mkv: 1005 frames
2026-08-27 04:00:21,499 INFO __main__: analysis interval completed start=2026-08-20 13:17:41 end=2026-08-20 13:21:02 frames=2010 ticks=1005 entered=12 exited=9 people_inside=3
2026-08-27 04:00:21,501 INFO __main__: summary updated end=2026-08-20 13:21:02
2026-08-27 04:00:21,502 INFO peoplein.stream: download started camera=entrance file=20260820-132102.mkv
2026-08-27 04:00:33,881 INFO peoplein.stream: download completed camera=entrance file=20260820-132102.mkv bytes=27995599 interval=2026-08-20 13:21:02..2026-08-20 13:26:02
2026-08-27 04:00:33,882 INFO peoplein.stream: analysis interval ready start=2026-08-20 13:21:02 end=2026-08-20 13:22:41
2026-08-27 04:00:41,243 INFO peoplein.stream: decoded entrance/20260820-132102.mkv: 495 frames
2026-08-27 04:00:41,243 INFO peoplein.stream: decoded loby/20260820-131741.mkv: 495 frames
2026-08-27 04:00:41,247 INFO __main__: analysis interval completed start=2026-08-20 13:21:02 end=2026-08-20 13:22:41 frames=990 ticks=495 entered=12 exited=9 people_inside=3
2026-08-27 04:00:41,250 INFO __main__: summary updated end=2026-08-20 13:22:41
2026-08-27 04:00:41,250 INFO peoplein.stream: download started camera=loby file=20260820-132241.mkv
2026-08-27 04:00:54,280 INFO peoplein.stream: download completed camera=loby file=20260820-132241.mkv bytes=29534854 interval=2026-08-20 13:22:41..2026-08-20 13:27:41
2026-08-27 04:00:54,280 INFO peoplein.stream: analysis interval ready start=2026-08-20 13:22:41 end=2026-08-20 13:26:02
2026-08-27 04:01:03,720 INFO peoplein.stream: decoded entrance/20260820-132102.mkv: 1005 frames
2026-08-27 04:01:03,722 INFO peoplein.stream: decoded loby/20260820-132241.mkv: 1005 frames
2026-08-27 04:01:03,729 INFO __main__: analysis interval completed start=2026-08-20 13:22:41 end=2026-08-20 13:26:02 frames=2010 ticks=1005 entered=12 exited=9 people_inside=3
2026-08-27 04:01:03,732 INFO __main__: summary updated end=2026-08-20 13:26:02
2026-08-27 04:01:03,733 INFO peoplein.stream: download started camera=entrance file=20260820-132602.mkv
2026-08-27 04:01:15,900 INFO peoplein.stream: download completed camera=entrance file=20260820-132602.mkv bytes=28792506 interval=2026-08-20 13:26:02..2026-08-20 13:31:02
2026-08-27 04:01:15,900 INFO peoplein.stream: analysis interval ready start=2026-08-20 13:26:02 end=2026-08-20 13:27:41
2026-08-27 04:01:23,211 INFO peoplein.stream: decoded entrance/20260820-132602.mkv: 495 frames
2026-08-27 04:01:23,213 INFO peoplein.stream: decoded loby/20260820-132241.mkv: 495 frames
2026-08-27 04:01:23,218 INFO __main__: analysis interval completed start=2026-08-20 13:26:02 end=2026-08-20 13:27:41 frames=990 ticks=495 entered=12 exited=9 people_inside=3
2026-08-27 04:01:23,222 INFO __main__: summary updated end=2026-08-20 13:27:41
2026-08-27 04:01:23,222 INFO peoplein.stream: download started camera=loby file=20260820-132740.mkv
2026-08-27 04:01:38,734 INFO peoplein.stream: download completed camera=loby file=20260820-132740.mkv bytes=31457450 interval=2026-08-20 13:27:40..2026-08-20 13:32:40
2026-08-27 04:01:38,734 INFO peoplein.stream: analysis interval ready start=2026-08-20 13:27:40 end=2026-08-20 13:31:02
2026-08-27 04:01:48,550 INFO peoplein.stream: decoded entrance/20260820-132602.mkv: 1010 frames
2026-08-27 04:01:48,558 INFO peoplein.stream: decoded loby/20260820-132740.mkv: 1010 frames
2026-08-27 04:01:48,583 INFO __main__: analysis interval completed start=2026-08-20 13:27:40 end=2026-08-20 13:31:02 frames=2020 ticks=1010 entered=12 exited=9 people_inside=3
2026-08-27 04:01:48,585 INFO __main__: summary updated end=2026-08-20 13:31:02
2026-08-27 04:01:48,586 INFO peoplein.stream: download started camera=entrance file=20260820-133102.mkv
2026-08-27 04:01:59,722 INFO peoplein.stream: download completed camera=entrance file=20260820-133102.mkv bytes=25344623 interval=2026-08-20 13:31:02..2026-08-20 13:36:02
2026-08-27 04:01:59,723 INFO peoplein.stream: analysis interval ready start=2026-08-20 13:31:02 end=2026-08-20 13:32:40
2026-08-27 04:02:07,455 INFO peoplein.stream: decoded entrance/20260820-133102.mkv: 490 frames
2026-08-27 04:02:07,460 INFO peoplein.stream: decoded loby/20260820-132740.mkv: 490 frames
2026-08-27 04:02:07,490 INFO __main__: analysis interval completed start=2026-08-20 13:31:02 end=2026-08-20 13:32:40 frames=980 ticks=490 entered=12 exited=9 people_inside=3
2026-08-27 04:02:07,493 INFO __main__: summary updated end=2026-08-20 13:32:40
2026-08-27 04:02:07,494 INFO peoplein.stream: download started camera=loby file=20260820-133240.mkv
2026-08-27 04:02:22,040 INFO peoplein.stream: download completed camera=loby file=20260820-133240.mkv bytes=30617784 interval=2026-08-20 13:32:40..2026-08-20 13:37:40
2026-08-27 04:02:22,040 INFO peoplein.stream: analysis interval ready start=2026-08-20 13:32:40 end=2026-08-20 13:36:02
2026-08-27 04:02:31,702 INFO peoplein.stream: decoded loby/20260820-133240.mkv: 1010 frames
2026-08-27 04:02:31,706 INFO peoplein.stream: decoded entrance/20260820-133102.mkv: 1010 frames
2026-08-27 04:02:31,713 INFO __main__: analysis interval completed start=2026-08-20 13:32:40 end=2026-08-20 13:36:02 frames=2020 ticks=1010 entered=12 exited=9 people_inside=3
2026-08-27 04:02:31,715 INFO __main__: summary updated end=2026-08-20 13:36:02
2026-08-27 04:02:31,716 INFO peoplein.stream: download started camera=entrance file=20260820-133602.mkv
2026-08-27 04:02:49,387 INFO peoplein.stream: download completed camera=entrance file=20260820-133602.mkv bytes=25302530 interval=2026-08-20 13:36:02..2026-08-20 13:41:02
2026-08-27 04:02:49,387 INFO peoplein.stream: analysis interval ready start=2026-08-20 13:36:02 end=2026-08-20 13:37:40
2026-08-27 04:02:57,143 INFO peoplein.stream: decoded loby/20260820-133240.mkv: 490 frames
2026-08-27 04:02:57,143 INFO peoplein.stream: decoded entrance/20260820-133602.mkv: 490 frames
2026-08-27 04:02:57,148 INFO __main__: analysis interval completed start=2026-08-20 13:36:02 end=2026-08-20 13:37:40 frames=980 ticks=490 entered=13 exited=9 people_inside=4
2026-08-27 04:02:57,151 INFO __main__: summary updated end=2026-08-20 13:37:40
2026-08-27 04:02:57,151 INFO peoplein.stream: download started camera=loby file=20260820-133740.mkv
2026-08-27 04:03:12,903 INFO peoplein.stream: download completed camera=loby file=20260820-133740.mkv bytes=27951334 interval=2026-08-20 13:37:40..2026-08-20 13:42:40
2026-08-27 04:03:12,904 INFO peoplein.stream: analysis interval ready start=2026-08-20 13:37:40 end=2026-08-20 13:41:02
2026-08-27 04:03:22,288 INFO peoplein.stream: decoded loby/20260820-133740.mkv: 1010 frames
2026-08-27 04:03:22,292 INFO peoplein.stream: decoded entrance/20260820-133602.mkv: 1010 frames
2026-08-27 04:03:22,297 INFO __main__: analysis interval completed start=2026-08-20 13:37:40 end=2026-08-20 13:41:02 frames=2020 ticks=1010 entered=13 exited=9 people_inside=4
2026-08-27 04:03:22,299 INFO __main__: summary updated end=2026-08-20 13:41:02
2026-08-27 04:03:22,300 INFO peoplein.stream: download started camera=entrance file=20260820-134102.mkv
2026-08-27 04:03:34,246 INFO peoplein.stream: download completed camera=entrance file=20260820-134102.mkv bytes=24426013 interval=2026-08-20 13:41:02..2026-08-20 13:46:02
2026-08-27 04:03:34,246 INFO peoplein.stream: analysis interval ready start=2026-08-20 13:41:02 end=2026-08-20 13:42:40
2026-08-27 04:03:41,482 INFO peoplein.stream: decoded loby/20260820-133740.mkv: 490 frames
2026-08-27 04:03:41,483 INFO peoplein.stream: decoded entrance/20260820-134102.mkv: 490 frames
2026-08-27 04:03:41,490 INFO __main__: analysis interval completed start=2026-08-20 13:41:02 end=2026-08-20 13:42:40 frames=980 ticks=490 entered=13 exited=9 people_inside=4
2026-08-27 04:03:41,494 INFO __main__: summary updated end=2026-08-20 13:42:40
2026-08-27 04:03:41,494 INFO peoplein.stream: download started camera=loby file=20260820-134240.mkv
2026-08-27 04:03:56,469 INFO peoplein.stream: download completed camera=loby file=20260820-134240.mkv bytes=31653758 interval=2026-08-20 13:42:40..2026-08-20 13:47:40
2026-08-27 04:03:56,469 INFO peoplein.stream: analysis interval ready start=2026-08-20 13:42:40 end=2026-08-20 13:46:02
2026-08-27 04:04:05,702 INFO peoplein.stream: decoded loby/20260820-134240.mkv: 1010 frames
2026-08-27 04:04:05,704 INFO peoplein.stream: decoded entrance/20260820-134102.mkv: 1010 frames
2026-08-27 04:04:05,711 INFO __main__: analysis interval completed start=2026-08-20 13:42:40 end=2026-08-20 13:46:02 frames=2020 ticks=1010 entered=13 exited=9 people_inside=4
2026-08-27 04:04:05,715 INFO __main__: summary updated end=2026-08-20 13:46:02
2026-08-27 04:04:05,716 INFO peoplein.stream: download started camera=entrance file=20260820-134602.mkv
2026-08-27 04:04:17,847 INFO peoplein.stream: download completed camera=entrance file=20260820-134602.mkv bytes=25983644 interval=2026-08-20 13:46:02..2026-08-20 13:51:02
2026-08-27 04:04:17,847 INFO peoplein.stream: analysis interval ready start=2026-08-20 13:46:02 end=2026-08-20 13:47:40
2026-08-27 04:04:25,216 INFO peoplein.stream: decoded entrance/20260820-134602.mkv: 490 frames
2026-08-27 04:04:25,216 INFO peoplein.stream: decoded loby/20260820-134240.mkv: 490 frames
2026-08-27 04:04:25,222 INFO __main__: analysis interval completed start=2026-08-20 13:46:02 end=2026-08-20 13:47:40 frames=980 ticks=490 entered=13 exited=9 people_inside=4
2026-08-27 04:04:25,224 INFO __main__: summary updated end=2026-08-20 13:47:40
2026-08-27 04:04:25,225 INFO peoplein.stream: download started camera=loby file=20260820-134740.mkv
2026-08-27 04:04:39,654 INFO peoplein.stream: download completed camera=loby file=20260820-134740.mkv bytes=34241887 interval=2026-08-20 13:47:40..2026-08-20 13:52:40
2026-08-27 04:04:39,654 INFO peoplein.stream: analysis interval ready start=2026-08-20 13:47:40 end=2026-08-20 13:51:02
2026-08-27 04:04:49,228 INFO peoplein.stream: decoded entrance/20260820-134602.mkv: 1010 frames
2026-08-27 04:04:49,232 INFO peoplein.stream: decoded loby/20260820-134740.mkv: 1010 frames
2026-08-27 04:04:49,236 INFO __main__: analysis interval completed start=2026-08-20 13:47:40 end=2026-08-20 13:51:02 frames=2020 ticks=1010 entered=13 exited=9 people_inside=4
2026-08-27 04:04:49,239 INFO __main__: summary updated end=2026-08-20 13:51:02
2026-08-27 04:04:49,239 INFO peoplein.stream: download started camera=entrance file=20260820-135102.mkv
2026-08-27 04:05:01,976 INFO peoplein.stream: download completed camera=entrance file=20260820-135102.mkv bytes=29441895 interval=2026-08-20 13:51:02..2026-08-20 13:56:02
2026-08-27 04:05:01,976 INFO peoplein.stream: analysis interval ready start=2026-08-20 13:51:02 end=2026-08-20 13:52:40
2026-08-27 04:05:09,216 INFO peoplein.stream: decoded loby/20260820-134740.mkv: 490 frames
2026-08-27 04:05:09,219 INFO peoplein.stream: decoded entrance/20260820-135102.mkv: 490 frames
2026-08-27 04:05:09,226 INFO __main__: analysis interval completed start=2026-08-20 13:51:02 end=2026-08-20 13:52:40 frames=980 ticks=490 entered=13 exited=9 people_inside=4
2026-08-27 04:05:09,229 INFO __main__: summary updated end=2026-08-20 13:52:40
2026-08-27 04:05:09,230 INFO peoplein.stream: download started camera=loby file=20260820-135240.mkv
2026-08-27 04:05:25,267 INFO peoplein.stream: download completed camera=loby file=20260820-135240.mkv bytes=33684438 interval=2026-08-20 13:52:40..2026-08-20 13:57:40
2026-08-27 04:05:25,267 INFO peoplein.stream: analysis interval ready start=2026-08-20 13:52:40 end=2026-08-20 13:56:02
2026-08-27 04:05:34,858 INFO peoplein.stream: decoded loby/20260820-135240.mkv: 1010 frames
2026-08-27 04:05:34,862 INFO peoplein.stream: decoded entrance/20260820-135102.mkv: 1010 frames
2026-08-27 04:05:34,869 INFO __main__: analysis interval completed start=2026-08-20 13:52:40 end=2026-08-20 13:56:02 frames=2020 ticks=1010 entered=13 exited=9 people_inside=4
2026-08-27 04:05:34,873 INFO __main__: summary updated end=2026-08-20 13:56:02
2026-08-27 04:05:34,873 INFO peoplein.stream: download started camera=entrance file=20260820-135602.mkv
2026-08-27 04:05:47,066 INFO peoplein.stream: download completed camera=entrance file=20260820-135602.mkv bytes=29318740 interval=2026-08-20 13:56:02..2026-08-20 14:01:02
2026-08-27 04:05:47,066 INFO peoplein.stream: analysis interval ready start=2026-08-20 13:56:02 end=2026-08-20 13:57:40
2026-08-27 04:05:54,467 INFO peoplein.stream: decoded loby/20260820-135240.mkv: 490 frames
2026-08-27 04:05:54,468 INFO peoplein.stream: decoded entrance/20260820-135602.mkv: 490 frames
2026-08-27 04:05:54,475 INFO __main__: analysis interval completed start=2026-08-20 13:56:02 end=2026-08-20 13:57:40 frames=980 ticks=490 entered=13 exited=9 people_inside=4
2026-08-27 04:05:54,478 INFO __main__: summary updated end=2026-08-20 13:57:40
2026-08-27 04:05:54,478 INFO peoplein.stream: download started camera=loby file=20260820-135740.mkv
2026-08-27 04:06:11,632 INFO peoplein.stream: download completed camera=loby file=20260820-135740.mkv bytes=34329070 interval=2026-08-20 13:57:40..2026-08-20 14:02:40
2026-08-27 04:06:11,633 INFO peoplein.stream: analysis interval ready start=2026-08-20 13:57:40 end=2026-08-20 14:01:02
2026-08-27 04:06:21,358 INFO peoplein.stream: decoded loby/20260820-135740.mkv: 1010 frames
2026-08-27 04:06:21,358 INFO peoplein.stream: decoded entrance/20260820-135602.mkv: 1010 frames
2026-08-27 04:06:21,365 INFO __main__: analysis interval completed start=2026-08-20 13:57:40 end=2026-08-20 14:01:02 frames=2020 ticks=1010 entered=13 exited=9 people_inside=4
2026-08-27 04:06:21,368 INFO __main__: summary updated end=2026-08-20 14:01:02
2026-08-27 04:06:21,368 INFO peoplein.stream: download started camera=entrance file=20260820-140102.mkv
2026-08-27 04:06:32,981 INFO peoplein.stream: download completed camera=entrance file=20260820-140102.mkv bytes=28921150 interval=2026-08-20 14:01:02..2026-08-20 14:06:02
2026-08-27 04:06:32,981 INFO peoplein.stream: analysis interval ready start=2026-08-20 14:01:02 end=2026-08-20 14:02:40
2026-08-27 04:06:40,277 INFO peoplein.stream: decoded entrance/20260820-140102.mkv: 490 frames
2026-08-27 04:06:40,280 INFO peoplein.stream: decoded loby/20260820-135740.mkv: 490 frames
2026-08-27 04:06:40,286 INFO __main__: analysis interval completed start=2026-08-20 14:01:02 end=2026-08-20 14:02:40 frames=980 ticks=490 entered=13 exited=9 people_inside=4
2026-08-27 04:06:40,288 INFO __main__: summary updated end=2026-08-20 14:02:40
2026-08-27 04:06:40,289 INFO peoplein.stream: download started camera=loby file=20260820-140239.mkv
2026-08-27 04:06:55,210 INFO peoplein.stream: download completed camera=loby file=20260820-140239.mkv bytes=33513241 interval=2026-08-20 14:02:39..2026-08-20 14:07:39
2026-08-27 04:06:55,210 INFO peoplein.stream: analysis interval ready start=2026-08-20 14:02:39 end=2026-08-20 14:06:02
2026-08-27 04:07:04,618 INFO peoplein.stream: decoded entrance/20260820-140102.mkv: 1015 frames
2026-08-27 04:07:04,621 INFO peoplein.stream: decoded loby/20260820-140239.mkv: 1015 frames
2026-08-27 04:07:04,626 INFO __main__: analysis interval completed start=2026-08-20 14:02:39 end=2026-08-20 14:06:02 frames=2030 ticks=1015 entered=13 exited=9 people_inside=4
2026-08-27 04:07:04,629 INFO __main__: summary updated end=2026-08-20 14:06:02
2026-08-27 04:07:04,630 INFO peoplein.stream: download started camera=entrance file=20260820-140602.mkv
2026-08-27 04:07:16,504 INFO peoplein.stream: download completed camera=entrance file=20260820-140602.mkv bytes=27630396 interval=2026-08-20 14:06:02..2026-08-20 14:11:02
2026-08-27 04:07:16,505 INFO peoplein.stream: analysis interval ready start=2026-08-20 14:06:02 end=2026-08-20 14:07:39
2026-08-27 04:07:23,677 INFO peoplein.stream: decoded entrance/20260820-140602.mkv: 485 frames
2026-08-27 04:07:23,677 INFO peoplein.stream: decoded loby/20260820-140239.mkv: 485 frames
2026-08-27 04:07:23,687 INFO __main__: analysis interval completed start=2026-08-20 14:06:02 end=2026-08-20 14:07:39 frames=970 ticks=485 entered=13 exited=9 people_inside=4
2026-08-27 04:07:23,689 INFO __main__: summary updated end=2026-08-20 14:07:39
2026-08-27 04:07:23,689 INFO peoplein.stream: download started camera=loby file=20260820-140739.mkv
2026-08-27 04:07:38,712 INFO peoplein.stream: download completed camera=loby file=20260820-140739.mkv bytes=33338381 interval=2026-08-20 14:07:39..2026-08-20 14:12:39
2026-08-27 04:07:38,713 INFO peoplein.stream: analysis interval ready start=2026-08-20 14:07:39 end=2026-08-20 14:11:02
2026-08-27 04:07:48,108 INFO peoplein.stream: decoded loby/20260820-140739.mkv: 1015 frames
2026-08-27 04:07:48,113 INFO peoplein.stream: decoded entrance/20260820-140602.mkv: 1015 frames
2026-08-27 04:07:48,117 INFO __main__: analysis interval completed start=2026-08-20 14:07:39 end=2026-08-20 14:11:02 frames=2030 ticks=1015 entered=13 exited=9 people_inside=4
2026-08-27 04:07:48,120 INFO __main__: summary updated end=2026-08-20 14:11:02
2026-08-27 04:07:48,121 INFO peoplein.stream: download started camera=entrance file=20260820-141102.mkv
2026-08-27 04:08:00,112 INFO peoplein.stream: download completed camera=entrance file=20260820-141102.mkv bytes=28209344 interval=2026-08-20 14:11:02..2026-08-20 14:16:02
2026-08-27 04:08:00,112 INFO peoplein.stream: analysis interval ready start=2026-08-20 14:11:02 end=2026-08-20 14:12:39
2026-08-27 04:08:07,443 INFO peoplein.stream: decoded entrance/20260820-141102.mkv: 485 frames
2026-08-27 04:08:07,445 INFO peoplein.stream: decoded loby/20260820-140739.mkv: 485 frames
2026-08-27 04:08:07,452 INFO __main__: analysis interval completed start=2026-08-20 14:11:02 end=2026-08-20 14:12:39 frames=970 ticks=485 entered=13 exited=9 people_inside=4
2026-08-27 04:08:07,455 INFO __main__: summary updated end=2026-08-20 14:12:39
2026-08-27 04:08:07,455 INFO peoplein.stream: download started camera=loby file=20260820-141239.mkv
2026-08-27 04:08:21,692 INFO peoplein.stream: download completed camera=loby file=20260820-141239.mkv bytes=34474619 interval=2026-08-20 14:12:39..2026-08-20 14:17:39
2026-08-27 04:08:21,692 INFO peoplein.stream: analysis interval ready start=2026-08-20 14:12:39 end=2026-08-20 14:16:02
2026-08-27 04:08:31,338 INFO peoplein.stream: decoded loby/20260820-141239.mkv: 1015 frames
2026-08-27 04:08:31,340 INFO peoplein.stream: decoded entrance/20260820-141102.mkv: 1015 frames
2026-08-27 04:08:31,342 INFO __main__: analysis interval completed start=2026-08-20 14:12:39 end=2026-08-20 14:16:02 frames=2030 ticks=1015 entered=13 exited=9 people_inside=4
2026-08-27 04:08:31,346 INFO __main__: summary updated end=2026-08-20 14:16:02
2026-08-27 04:08:31,346 INFO peoplein.stream: download started camera=entrance file=20260820-141602.mkv
2026-08-27 04:08:42,614 INFO peoplein.stream: download completed camera=entrance file=20260820-141602.mkv bytes=27490051 interval=2026-08-20 14:16:02..2026-08-20 14:21:02
2026-08-27 04:08:42,614 INFO peoplein.stream: analysis interval ready start=2026-08-20 14:16:02 end=2026-08-20 14:17:39
2026-08-27 04:08:49,876 INFO peoplein.stream: decoded loby/20260820-141239.mkv: 485 frames
2026-08-27 04:08:49,878 INFO peoplein.stream: decoded entrance/20260820-141602.mkv: 485 frames
2026-08-27 04:08:49,882 INFO __main__: analysis interval completed start=2026-08-20 14:16:02 end=2026-08-20 14:17:39 frames=970 ticks=485 entered=13 exited=9 people_inside=4
2026-08-27 04:08:49,885 INFO __main__: summary updated end=2026-08-20 14:17:39
2026-08-27 04:08:49,885 INFO peoplein.stream: download started camera=loby file=20260820-141739.mkv
2026-08-27 04:09:02,343 INFO peoplein.stream: download completed camera=loby file=20260820-141739.mkv bytes=33742885 interval=2026-08-20 14:17:39..2026-08-20 14:22:39
2026-08-27 04:09:02,343 INFO peoplein.stream: analysis interval ready start=2026-08-20 14:17:39 end=2026-08-20 14:21:02
2026-08-27 04:09:11,901 INFO peoplein.stream: decoded loby/20260820-141739.mkv: 1015 frames
2026-08-27 04:09:11,904 INFO peoplein.stream: decoded entrance/20260820-141602.mkv: 1015 frames
2026-08-27 04:09:11,910 INFO __main__: analysis interval completed start=2026-08-20 14:17:39 end=2026-08-20 14:21:02 frames=2030 ticks=1015 entered=13 exited=9 people_inside=4
2026-08-27 04:09:11,912 INFO __main__: summary updated end=2026-08-20 14:21:02
2026-08-27 04:09:11,913 INFO peoplein.stream: download started camera=entrance file=20260820-142102.mkv
2026-08-27 04:09:24,439 INFO peoplein.stream: download completed camera=entrance file=20260820-142102.mkv bytes=26582346 interval=2026-08-20 14:21:02..2026-08-20 14:26:02
2026-08-27 04:09:24,439 INFO peoplein.stream: analysis interval ready start=2026-08-20 14:21:02 end=2026-08-20 14:22:39
2026-08-27 04:09:31,593 INFO peoplein.stream: decoded loby/20260820-141739.mkv: 485 frames
2026-08-27 04:09:31,593 INFO peoplein.stream: decoded entrance/20260820-142102.mkv: 485 frames
2026-08-27 04:09:31,599 INFO __main__: analysis interval completed start=2026-08-20 14:21:02 end=2026-08-20 14:22:39 frames=970 ticks=485 entered=13 exited=9 people_inside=4
2026-08-27 04:09:31,601 INFO __main__: summary updated end=2026-08-20 14:22:39
2026-08-27 04:09:31,602 INFO peoplein.stream: download started camera=loby file=20260820-142239.mkv
2026-08-27 04:09:45,276 INFO peoplein.stream: download completed camera=loby file=20260820-142239.mkv bytes=33819374 interval=2026-08-20 14:22:39..2026-08-20 14:27:41
2026-08-27 04:09:45,276 INFO peoplein.stream: analysis interval ready start=2026-08-20 14:22:39 end=2026-08-20 14:26:02
2026-08-27 04:09:54,875 INFO peoplein.stream: decoded entrance/20260820-142102.mkv: 1015 frames
2026-08-27 04:09:54,881 INFO peoplein.stream: decoded loby/20260820-142239.mkv: 1015 frames
2026-08-27 04:09:54,884 INFO __main__: analysis interval completed start=2026-08-20 14:22:39 end=2026-08-20 14:26:02 frames=2030 ticks=1015 entered=13 exited=9 people_inside=4
2026-08-27 04:09:54,886 INFO __main__: summary updated end=2026-08-20 14:26:02
2026-08-27 04:09:54,887 INFO peoplein.stream: download started camera=entrance file=20260820-142602.mkv
2026-08-27 04:10:07,449 INFO peoplein.stream: download completed camera=entrance file=20260820-142602.mkv bytes=26728570 interval=2026-08-20 14:26:02..2026-08-20 14:31:02
2026-08-27 04:10:07,449 INFO peoplein.stream: analysis interval ready start=2026-08-20 14:26:02 end=2026-08-20 14:27:41
2026-08-27 04:10:14,629 INFO peoplein.stream: decoded loby/20260820-142239.mkv: 495 frames
2026-08-27 04:10:14,632 INFO peoplein.stream: decoded entrance/20260820-142602.mkv: 495 frames
2026-08-27 04:10:14,636 INFO __main__: analysis interval completed start=2026-08-20 14:26:02 end=2026-08-20 14:27:41 frames=990 ticks=495 entered=13 exited=9 people_inside=4
2026-08-27 04:10:14,638 INFO __main__: summary updated end=2026-08-20 14:27:41
2026-08-27 04:10:14,639 INFO peoplein.stream: download started camera=loby file=20260820-142741.mkv
2026-08-27 04:10:29,912 INFO peoplein.stream: download completed camera=loby file=20260820-142741.mkv bytes=31357027 interval=2026-08-20 14:27:41..2026-08-20 14:32:41
2026-08-27 04:10:29,912 INFO peoplein.stream: analysis interval ready start=2026-08-20 14:27:41 end=2026-08-20 14:31:02
2026-08-27 04:10:39,250 INFO peoplein.stream: decoded loby/20260820-142741.mkv: 1005 frames
2026-08-27 04:10:39,252 INFO peoplein.stream: decoded entrance/20260820-142602.mkv: 1005 frames
2026-08-27 04:10:39,258 INFO __main__: analysis interval completed start=2026-08-20 14:27:41 end=2026-08-20 14:31:02 frames=2010 ticks=1005 entered=13 exited=9 people_inside=4
2026-08-27 04:10:39,261 INFO __main__: summary updated end=2026-08-20 14:31:02
2026-08-27 04:10:39,261 INFO peoplein.stream: download started camera=entrance file=20260820-143102.mkv
2026-08-27 04:10:53,142 INFO peoplein.stream: download completed camera=entrance file=20260820-143102.mkv bytes=29636724 interval=2026-08-20 14:31:02..2026-08-20 14:36:02
2026-08-27 04:10:53,143 INFO peoplein.stream: analysis interval ready start=2026-08-20 14:31:02 end=2026-08-20 14:32:41
2026-08-27 04:11:00,408 INFO peoplein.stream: decoded loby/20260820-142741.mkv: 495 frames
2026-08-27 04:11:00,411 INFO peoplein.stream: decoded entrance/20260820-143102.mkv: 495 frames
2026-08-27 04:11:00,418 INFO __main__: analysis interval completed start=2026-08-20 14:31:02 end=2026-08-20 14:32:41 frames=990 ticks=495 entered=13 exited=9 people_inside=4
2026-08-27 04:11:00,420 INFO __main__: summary updated end=2026-08-20 14:32:41
2026-08-27 04:11:00,421 INFO peoplein.stream: download started camera=loby file=20260820-143241.mkv
2026-08-27 04:11:13,250 INFO peoplein.stream: download completed camera=loby file=20260820-143241.mkv bytes=32721610 interval=2026-08-20 14:32:41..2026-08-20 14:37:41
2026-08-27 04:11:13,250 INFO peoplein.stream: analysis interval ready start=2026-08-20 14:32:41 end=2026-08-20 14:36:02
2026-08-27 04:11:23,593 INFO peoplein.stream: decoded loby/20260820-143241.mkv: 1005 frames
2026-08-27 04:11:23,596 INFO peoplein.stream: decoded entrance/20260820-143102.mkv: 1005 frames
2026-08-27 04:11:23,603 INFO __main__: analysis interval completed start=2026-08-20 14:32:41 end=2026-08-20 14:36:02 frames=2010 ticks=1005 entered=13 exited=10 people_inside=3
2026-08-27 04:11:23,606 INFO __main__: summary updated end=2026-08-20 14:36:02
2026-08-27 04:11:23,607 INFO peoplein.stream: download started camera=entrance file=20260820-143602.mkv
2026-08-27 04:11:32,200 INFO peoplein.stream: download completed camera=entrance file=20260820-143602.mkv bytes=22635086 interval=2026-08-20 14:36:02..2026-08-20 14:41:02
2026-08-27 04:11:32,201 INFO peoplein.stream: analysis interval ready start=2026-08-20 14:36:02 end=2026-08-20 14:37:41
2026-08-27 04:11:39,456 INFO peoplein.stream: decoded entrance/20260820-143602.mkv: 495 frames
2026-08-27 04:11:39,457 INFO peoplein.stream: decoded loby/20260820-143241.mkv: 495 frames
2026-08-27 04:11:39,461 INFO __main__: analysis interval completed start=2026-08-20 14:36:02 end=2026-08-20 14:37:41 frames=990 ticks=495 entered=13 exited=10 people_inside=3
2026-08-27 04:11:39,464 INFO __main__: summary updated end=2026-08-20 14:37:41
2026-08-27 04:11:39,464 INFO peoplein.stream: download started camera=loby file=20260820-143740.mkv
2026-08-27 04:11:54,051 INFO peoplein.stream: download completed camera=loby file=20260820-143740.mkv bytes=32117231 interval=2026-08-20 14:37:40..2026-08-20 14:42:40
2026-08-27 04:11:54,051 INFO peoplein.stream: analysis interval ready start=2026-08-20 14:37:40 end=2026-08-20 14:41:02
2026-08-27 04:12:03,691 INFO peoplein.stream: decoded entrance/20260820-143602.mkv: 1010 frames
2026-08-27 04:12:03,696 INFO peoplein.stream: decoded loby/20260820-143740.mkv: 1010 frames
2026-08-27 04:12:03,701 INFO __main__: analysis interval completed start=2026-08-20 14:37:40 end=2026-08-20 14:41:02 frames=2020 ticks=1010 entered=13 exited=10 people_inside=3
2026-08-27 04:12:03,704 INFO __main__: summary updated end=2026-08-20 14:41:02
2026-08-27 04:12:03,705 INFO peoplein.stream: download started camera=entrance file=20260820-144102.mkv
2026-08-27 04:12:14,762 INFO peoplein.stream: download completed camera=entrance file=20260820-144102.mkv bytes=24499979 interval=2026-08-20 14:41:02..2026-08-20 14:46:02
2026-08-27 04:12:14,763 INFO peoplein.stream: analysis interval ready start=2026-08-20 14:41:02 end=2026-08-20 14:42:40
2026-08-27 04:12:21,954 INFO peoplein.stream: decoded loby/20260820-143740.mkv: 490 frames
2026-08-27 04:12:21,956 INFO peoplein.stream: decoded entrance/20260820-144102.mkv: 490 frames
2026-08-27 04:12:21,963 INFO __main__: analysis interval completed start=2026-08-20 14:41:02 end=2026-08-20 14:42:40 frames=980 ticks=490 entered=13 exited=10 people_inside=3
2026-08-27 04:12:21,967 INFO __main__: summary updated end=2026-08-20 14:42:40
2026-08-27 04:12:21,967 INFO peoplein.stream: download started camera=loby file=20260820-144240.mkv
2026-08-27 04:12:35,895 INFO peoplein.stream: download completed camera=loby file=20260820-144240.mkv bytes=30471588 interval=2026-08-20 14:42:40..2026-08-20 14:47:40
2026-08-27 04:12:35,895 INFO peoplein.stream: analysis interval ready start=2026-08-20 14:42:40 end=2026-08-20 14:46:02
2026-08-27 04:12:46,410 INFO peoplein.stream: decoded entrance/20260820-144102.mkv: 1010 frames
2026-08-27 04:12:46,413 INFO peoplein.stream: decoded loby/20260820-144240.mkv: 1010 frames
2026-08-27 04:12:46,419 INFO __main__: analysis interval completed start=2026-08-20 14:42:40 end=2026-08-20 14:46:02 frames=2020 ticks=1010 entered=13 exited=11 people_inside=2
2026-08-27 04:12:46,422 INFO __main__: summary updated end=2026-08-20 14:46:02
2026-08-27 04:12:46,422 INFO peoplein.stream: download started camera=entrance file=20260820-144602.mkv
2026-08-27 04:12:57,352 INFO peoplein.stream: download completed camera=entrance file=20260820-144602.mkv bytes=25626845 interval=2026-08-20 14:46:02..2026-08-20 14:51:02
2026-08-27 04:12:57,353 INFO peoplein.stream: analysis interval ready start=2026-08-20 14:46:02 end=2026-08-20 14:47:40
2026-08-27 04:13:04,674 INFO peoplein.stream: decoded entrance/20260820-144602.mkv: 490 frames
2026-08-27 04:13:04,676 INFO peoplein.stream: decoded loby/20260820-144240.mkv: 490 frames
2026-08-27 04:13:04,680 INFO __main__: analysis interval completed start=2026-08-20 14:46:02 end=2026-08-20 14:47:40 frames=980 ticks=490 entered=13 exited=11 people_inside=2
2026-08-27 04:13:04,682 INFO __main__: summary updated end=2026-08-20 14:47:40
2026-08-27 04:13:04,685 INFO peoplein.stream: download started camera=loby file=20260820-144740.mkv
2026-08-27 04:13:17,087 INFO peoplein.stream: download completed camera=loby file=20260820-144740.mkv bytes=29994544 interval=2026-08-20 14:47:40..2026-08-20 14:52:40
2026-08-27 04:13:17,088 INFO peoplein.stream: analysis interval ready start=2026-08-20 14:47:40 end=2026-08-20 14:51:02
2026-08-27 04:13:26,692 INFO peoplein.stream: decoded loby/20260820-144740.mkv: 1010 frames
2026-08-27 04:13:26,694 INFO peoplein.stream: decoded entrance/20260820-144602.mkv: 1010 frames
2026-08-27 04:13:26,701 INFO __main__: analysis interval completed start=2026-08-20 14:47:40 end=2026-08-20 14:51:02 frames=2020 ticks=1010 entered=13 exited=11 people_inside=2
2026-08-27 04:13:26,704 INFO __main__: summary updated end=2026-08-20 14:51:02
2026-08-27 04:13:26,704 INFO peoplein.stream: download started camera=entrance file=20260820-145102.mkv
2026-08-27 04:13:38,225 INFO peoplein.stream: download completed camera=entrance file=20260820-145102.mkv bytes=27058347 interval=2026-08-20 14:51:02..2026-08-20 14:56:02
2026-08-27 04:13:38,225 INFO peoplein.stream: analysis interval ready start=2026-08-20 14:51:02 end=2026-08-20 14:52:40
2026-08-27 04:13:45,497 INFO peoplein.stream: decoded loby/20260820-144740.mkv: 490 frames
2026-08-27 04:13:45,500 INFO peoplein.stream: decoded entrance/20260820-145102.mkv: 490 frames
2026-08-27 04:13:45,506 INFO __main__: analysis interval completed start=2026-08-20 14:51:02 end=2026-08-20 14:52:40 frames=980 ticks=490 entered=13 exited=11 people_inside=2
2026-08-27 04:13:45,509 INFO __main__: summary updated end=2026-08-20 14:52:40
2026-08-27 04:13:45,510 INFO peoplein.stream: download started camera=loby file=20260820-145240.mkv
2026-08-27 04:14:00,197 INFO peoplein.stream: download completed camera=loby file=20260820-145240.mkv bytes=31258909 interval=2026-08-20 14:52:40..2026-08-20 14:57:40
2026-08-27 04:14:00,198 INFO peoplein.stream: analysis interval ready start=2026-08-20 14:52:40 end=2026-08-20 14:56:02
2026-08-27 04:14:10,025 INFO peoplein.stream: decoded loby/20260820-145240.mkv: 1010 frames
2026-08-27 04:14:10,028 INFO peoplein.stream: decoded entrance/20260820-145102.mkv: 1010 frames
2026-08-27 04:14:10,034 INFO __main__: analysis interval completed start=2026-08-20 14:52:40 end=2026-08-20 14:56:02 frames=2020 ticks=1010 entered=13 exited=11 people_inside=2
2026-08-27 04:14:10,037 INFO __main__: summary updated end=2026-08-20 14:56:02
2026-08-27 04:14:10,038 INFO peoplein.stream: download started camera=entrance file=20260820-145602.mkv
2026-08-27 04:14:30,344 INFO peoplein.stream: download completed camera=entrance file=20260820-145602.mkv bytes=28044667 interval=2026-08-20 14:56:02..2026-08-20 15:01:02
2026-08-27 04:14:30,344 INFO peoplein.stream: analysis interval ready start=2026-08-20 14:56:02 end=2026-08-20 14:57:40
2026-08-27 04:14:37,442 INFO peoplein.stream: decoded entrance/20260820-145602.mkv: 490 frames
2026-08-27 04:14:37,448 INFO peoplein.stream: decoded loby/20260820-145240.mkv: 490 frames
2026-08-27 04:14:37,452 INFO __main__: analysis interval completed start=2026-08-20 14:56:02 end=2026-08-20 14:57:40 frames=980 ticks=490 entered=13 exited=11 people_inside=2
2026-08-27 04:14:37,455 INFO __main__: summary updated end=2026-08-20 14:57:40
2026-08-27 04:14:37,456 INFO peoplein.stream: download started camera=loby file=20260820-145740.mkv
2026-08-27 04:14:53,305 INFO peoplein.stream: download completed camera=loby file=20260820-145740.mkv bytes=31868765 interval=2026-08-20 14:57:40..2026-08-20 15:02:40
2026-08-27 04:14:53,305 INFO peoplein.stream: analysis interval ready start=2026-08-20 14:57:40 end=2026-08-20 15:01:02
2026-08-27 04:15:02,901 INFO peoplein.stream: decoded entrance/20260820-145602.mkv: 1010 frames
2026-08-27 04:15:02,905 INFO peoplein.stream: decoded loby/20260820-145740.mkv: 1010 frames
2026-08-27 04:15:02,913 INFO __main__: analysis interval completed start=2026-08-20 14:57:40 end=2026-08-20 15:01:02 frames=2020 ticks=1010 entered=13 exited=11 people_inside=2
2026-08-27 04:15:02,915 INFO __main__: summary updated end=2026-08-20 15:01:02
2026-08-27 04:15:02,916 INFO peoplein.stream: download started camera=entrance file=20260820-150102.mkv
2026-08-27 04:15:11,903 INFO peoplein.stream: download completed camera=entrance file=20260820-150102.mkv bytes=23829476 interval=2026-08-20 15:01:02..2026-08-20 15:06:02
2026-08-27 04:15:11,904 INFO peoplein.stream: analysis interval ready start=2026-08-20 15:01:02 end=2026-08-20 15:02:40
2026-08-27 04:15:19,735 INFO peoplein.stream: decoded loby/20260820-145740.mkv: 490 frames
2026-08-27 04:15:19,737 INFO peoplein.stream: decoded entrance/20260820-150102.mkv: 490 frames
2026-08-27 04:15:19,744 INFO __main__: analysis interval completed start=2026-08-20 15:01:02 end=2026-08-20 15:02:40 frames=980 ticks=490 entered=14 exited=11 people_inside=3
2026-08-27 04:15:19,747 INFO __main__: summary updated end=2026-08-20 15:02:40
2026-08-27 04:15:19,747 INFO peoplein.stream: download started camera=loby file=20260820-150240.mkv
2026-08-27 04:15:32,600 INFO peoplein.stream: download completed camera=loby file=20260820-150240.mkv bytes=30856417 interval=2026-08-20 15:02:40..2026-08-20 15:07:40
2026-08-27 04:15:32,601 INFO peoplein.stream: analysis interval ready start=2026-08-20 15:02:40 end=2026-08-20 15:06:02
2026-08-27 04:15:42,196 INFO peoplein.stream: decoded entrance/20260820-150102.mkv: 1010 frames
2026-08-27 04:15:42,197 INFO peoplein.stream: decoded loby/20260820-150240.mkv: 1010 frames
2026-08-27 04:15:42,204 INFO __main__: analysis interval completed start=2026-08-20 15:02:40 end=2026-08-20 15:06:02 frames=2020 ticks=1010 entered=14 exited=11 people_inside=3
2026-08-27 04:15:42,207 INFO __main__: summary updated end=2026-08-20 15:06:02
2026-08-27 04:15:42,208 INFO peoplein.stream: download started camera=entrance file=20260820-150602.mkv
2026-08-27 04:15:52,394 INFO peoplein.stream: download completed camera=entrance file=20260820-150602.mkv bytes=24835039 interval=2026-08-20 15:06:02..2026-08-20 15:11:02
2026-08-27 04:15:52,394 INFO peoplein.stream: analysis interval ready start=2026-08-20 15:06:02 end=2026-08-20 15:07:40
2026-08-27 04:15:59,684 INFO peoplein.stream: decoded loby/20260820-150240.mkv: 490 frames
2026-08-27 04:15:59,689 INFO peoplein.stream: decoded entrance/20260820-150602.mkv: 490 frames
2026-08-27 04:15:59,697 INFO __main__: analysis interval completed start=2026-08-20 15:06:02 end=2026-08-20 15:07:40 frames=980 ticks=490 entered=14 exited=11 people_inside=3
2026-08-27 04:15:59,699 INFO __main__: summary updated end=2026-08-20 15:07:40
2026-08-27 04:15:59,700 INFO peoplein.stream: download started camera=loby file=20260820-150740.mkv
2026-08-27 04:16:11,231 INFO peoplein.stream: download completed camera=loby file=20260820-150740.mkv bytes=30722723 interval=2026-08-20 15:07:40..2026-08-20 15:12:40
2026-08-27 04:16:11,231 INFO peoplein.stream: analysis interval ready start=2026-08-20 15:07:40 end=2026-08-20 15:11:02
2026-08-27 04:16:20,656 INFO peoplein.stream: decoded loby/20260820-150740.mkv: 1010 frames
2026-08-27 04:16:20,660 INFO peoplein.stream: decoded entrance/20260820-150602.mkv: 1010 frames
2026-08-27 04:16:20,667 INFO __main__: analysis interval completed start=2026-08-20 15:07:40 end=2026-08-20 15:11:02 frames=2020 ticks=1010 entered=14 exited=11 people_inside=3
2026-08-27 04:16:20,670 INFO __main__: summary updated end=2026-08-20 15:11:02
2026-08-27 04:16:20,670 INFO peoplein.stream: download started camera=entrance file=20260820-151102.mkv
2026-08-27 04:16:32,266 INFO peoplein.stream: download completed camera=entrance file=20260820-151102.mkv bytes=27613867 interval=2026-08-20 15:11:02..2026-08-20 15:16:02
2026-08-27 04:16:32,266 INFO peoplein.stream: analysis interval ready start=2026-08-20 15:11:02 end=2026-08-20 15:12:40
2026-08-27 04:16:39,480 INFO peoplein.stream: decoded entrance/20260820-151102.mkv: 490 frames
2026-08-27 04:16:39,482 INFO peoplein.stream: decoded loby/20260820-150740.mkv: 490 frames
2026-08-27 04:16:39,489 INFO __main__: analysis interval completed start=2026-08-20 15:11:02 end=2026-08-20 15:12:40 frames=980 ticks=490 entered=14 exited=11 people_inside=3
2026-08-27 04:16:39,492 INFO __main__: summary updated end=2026-08-20 15:12:40
2026-08-27 04:16:39,493 INFO peoplein.stream: download started camera=loby file=20260820-151240.mkv
2026-08-27 04:16:51,734 INFO peoplein.stream: download completed camera=loby file=20260820-151240.mkv bytes=30218819 interval=2026-08-20 15:12:40..2026-08-20 15:17:40
2026-08-27 04:16:51,735 INFO peoplein.stream: analysis interval ready start=2026-08-20 15:12:40 end=2026-08-20 15:16:02
2026-08-27 04:17:01,299 INFO peoplein.stream: decoded entrance/20260820-151102.mkv: 1010 frames
2026-08-27 04:17:01,302 INFO peoplein.stream: decoded loby/20260820-151240.mkv: 1010 frames
2026-08-27 04:17:01,308 INFO __main__: analysis interval completed start=2026-08-20 15:12:40 end=2026-08-20 15:16:02 frames=2020 ticks=1010 entered=14 exited=11 people_inside=3
2026-08-27 04:17:01,311 INFO __main__: summary updated end=2026-08-20 15:16:02
2026-08-27 04:17:01,311 INFO peoplein.stream: download started camera=entrance file=20260820-151602.mkv
2026-08-27 04:17:12,195 INFO peoplein.stream: download completed camera=entrance file=20260820-151602.mkv bytes=26873296 interval=2026-08-20 15:16:02..2026-08-20 15:21:02
2026-08-27 04:17:12,195 INFO peoplein.stream: analysis interval ready start=2026-08-20 15:16:02 end=2026-08-20 15:17:40
2026-08-27 04:17:19,353 INFO peoplein.stream: decoded loby/20260820-151240.mkv: 490 frames
2026-08-27 04:17:19,359 INFO peoplein.stream: decoded entrance/20260820-151602.mkv: 490 frames
2026-08-27 04:17:19,362 INFO __main__: analysis interval completed start=2026-08-20 15:16:02 end=2026-08-20 15:17:40 frames=980 ticks=490 entered=14 exited=11 people_inside=3
2026-08-27 04:17:19,365 INFO __main__: summary updated end=2026-08-20 15:17:40
2026-08-27 04:17:19,365 INFO peoplein.stream: download started camera=loby file=20260820-151739.mkv
2026-08-27 04:17:31,479 INFO peoplein.stream: download completed camera=loby file=20260820-151739.mkv bytes=29985190 interval=2026-08-20 15:17:39..2026-08-20 15:22:39
2026-08-27 04:17:31,479 INFO peoplein.stream: analysis interval ready start=2026-08-20 15:17:39 end=2026-08-20 15:21:02
2026-08-27 04:17:40,924 INFO peoplein.stream: decoded loby/20260820-151739.mkv: 1015 frames
2026-08-27 04:17:40,924 INFO peoplein.stream: decoded entrance/20260820-151602.mkv: 1015 frames
2026-08-27 04:17:40,933 INFO __main__: analysis interval completed start=2026-08-20 15:17:39 end=2026-08-20 15:21:02 frames=2030 ticks=1015 entered=14 exited=11 people_inside=3
2026-08-27 04:17:40,936 INFO __main__: summary updated end=2026-08-20 15:21:02
2026-08-27 04:17:40,936 INFO peoplein.stream: download started camera=entrance file=20260820-152102.mkv
2026-08-27 04:17:52,475 INFO peoplein.stream: download completed camera=entrance file=20260820-152102.mkv bytes=27408368 interval=2026-08-20 15:21:02..2026-08-20 15:26:02
2026-08-27 04:17:52,475 INFO peoplein.stream: analysis interval ready start=2026-08-20 15:21:02 end=2026-08-20 15:22:39
2026-08-27 04:17:59,587 INFO peoplein.stream: decoded entrance/20260820-152102.mkv: 485 frames
2026-08-27 04:17:59,588 INFO peoplein.stream: decoded loby/20260820-151739.mkv: 485 frames
2026-08-27 04:17:59,594 INFO __main__: analysis interval completed start=2026-08-20 15:21:02 end=2026-08-20 15:22:39 frames=970 ticks=485 entered=14 exited=11 people_inside=3
2026-08-27 04:17:59,596 INFO __main__: summary updated end=2026-08-20 15:22:39
2026-08-27 04:17:59,597 INFO peoplein.stream: download started camera=loby file=20260820-152239.mkv
2026-08-27 04:18:10,484 INFO peoplein.stream: download completed camera=loby file=20260820-152239.mkv bytes=26703998 interval=2026-08-20 15:22:39..2026-08-20 15:27:39
2026-08-27 04:18:10,486 INFO peoplein.stream: analysis interval ready start=2026-08-20 15:22:39 end=2026-08-20 15:26:02
2026-08-27 04:18:19,599 INFO peoplein.stream: decoded entrance/20260820-152102.mkv: 1015 frames
2026-08-27 04:18:19,599 INFO peoplein.stream: decoded loby/20260820-152239.mkv: 1015 frames
2026-08-27 04:18:19,607 INFO __main__: analysis interval completed start=2026-08-20 15:22:39 end=2026-08-20 15:26:02 frames=2030 ticks=1015 entered=14 exited=11 people_inside=3
2026-08-27 04:18:19,610 INFO __main__: summary updated end=2026-08-20 15:26:02
2026-08-27 04:18:19,610 INFO peoplein.stream: download started camera=entrance file=20260820-152602.mkv
2026-08-27 04:18:31,331 INFO peoplein.stream: download completed camera=entrance file=20260820-152602.mkv bytes=27256093 interval=2026-08-20 15:26:02..2026-08-20 15:31:02
2026-08-27 04:18:31,331 INFO peoplein.stream: analysis interval ready start=2026-08-20 15:26:02 end=2026-08-20 15:27:39
2026-08-27 04:18:38,500 INFO peoplein.stream: decoded loby/20260820-152239.mkv: 485 frames
2026-08-27 04:18:38,503 INFO peoplein.stream: decoded entrance/20260820-152602.mkv: 485 frames
2026-08-27 04:18:38,510 INFO __main__: analysis interval completed start=2026-08-20 15:26:02 end=2026-08-20 15:27:39 frames=970 ticks=485 entered=14 exited=11 people_inside=3
2026-08-27 04:18:38,513 INFO __main__: summary updated end=2026-08-20 15:27:39
2026-08-27 04:18:38,513 INFO peoplein.stream: download started camera=loby file=20260820-152739.mkv
2026-08-27 04:18:49,851 INFO peoplein.stream: download completed camera=loby file=20260820-152739.mkv bytes=27485382 interval=2026-08-20 15:27:39..2026-08-20 15:32:39
2026-08-27 04:18:49,851 INFO peoplein.stream: analysis interval ready start=2026-08-20 15:27:39 end=2026-08-20 15:31:02
2026-08-27 04:18:59,433 INFO peoplein.stream: decoded loby/20260820-152739.mkv: 1015 frames
2026-08-27 04:18:59,435 INFO peoplein.stream: decoded entrance/20260820-152602.mkv: 1015 frames
2026-08-27 04:18:59,442 INFO __main__: analysis interval completed start=2026-08-20 15:27:39 end=2026-08-20 15:31:02 frames=2030 ticks=1015 entered=14 exited=11 people_inside=3
2026-08-27 04:18:59,446 INFO __main__: summary updated end=2026-08-20 15:31:02
2026-08-27 04:18:59,447 INFO peoplein.stream: download started camera=entrance file=20260820-153102.mkv
2026-08-27 04:19:09,612 INFO peoplein.stream: download completed camera=entrance file=20260820-153102.mkv bytes=26312792 interval=2026-08-20 15:31:02..2026-08-20 15:36:02
2026-08-27 04:19:09,612 INFO peoplein.stream: analysis interval ready start=2026-08-20 15:31:02 end=2026-08-20 15:32:39
2026-08-27 04:19:16,800 INFO peoplein.stream: decoded loby/20260820-152739.mkv: 485 frames
2026-08-27 04:19:16,806 INFO peoplein.stream: decoded entrance/20260820-153102.mkv: 485 frames
2026-08-27 04:19:16,809 INFO __main__: analysis interval completed start=2026-08-20 15:31:02 end=2026-08-20 15:32:39 frames=970 ticks=485 entered=14 exited=11 people_inside=3
2026-08-27 04:19:16,811 INFO __main__: summary updated end=2026-08-20 15:32:39
2026-08-27 04:19:16,812 INFO peoplein.stream: download started camera=loby file=20260820-153239.mkv
2026-08-27 04:19:27,615 INFO peoplein.stream: download completed camera=loby file=20260820-153239.mkv bytes=27117063 interval=2026-08-20 15:32:39..2026-08-20 15:37:39
2026-08-27 04:19:27,615 INFO peoplein.stream: analysis interval ready start=2026-08-20 15:32:39 end=2026-08-20 15:36:02
2026-08-27 04:19:36,948 INFO peoplein.stream: decoded loby/20260820-153239.mkv: 1015 frames
2026-08-27 04:19:36,949 INFO peoplein.stream: decoded entrance/20260820-153102.mkv: 1015 frames
2026-08-27 04:19:36,958 INFO __main__: analysis interval completed start=2026-08-20 15:32:39 end=2026-08-20 15:36:02 frames=2030 ticks=1015 entered=14 exited=11 people_inside=3
2026-08-27 04:19:36,961 INFO __main__: summary updated end=2026-08-20 15:36:02
2026-08-27 04:19:36,962 INFO peoplein.stream: download started camera=entrance file=20260820-153602.mkv
2026-08-27 04:19:47,546 INFO peoplein.stream: download completed camera=entrance file=20260820-153602.mkv bytes=26026390 interval=2026-08-20 15:36:02..2026-08-20 15:41:02
2026-08-27 04:19:47,546 INFO peoplein.stream: analysis interval ready start=2026-08-20 15:36:02 end=2026-08-20 15:37:39
2026-08-27 04:19:54,809 INFO peoplein.stream: decoded loby/20260820-153239.mkv: 485 frames
2026-08-27 04:19:54,811 INFO peoplein.stream: decoded entrance/20260820-153602.mkv: 485 frames
2026-08-27 04:19:54,818 INFO __main__: analysis interval completed start=2026-08-20 15:36:02 end=2026-08-20 15:37:39 frames=970 ticks=485 entered=14 exited=11 people_inside=3
2026-08-27 04:19:54,821 INFO __main__: summary updated end=2026-08-20 15:37:39
2026-08-27 04:19:54,821 INFO peoplein.stream: download started camera=loby file=20260820-153739.mkv
2026-08-27 04:20:07,241 INFO peoplein.stream: download completed camera=loby file=20260820-153739.mkv bytes=27308604 interval=2026-08-20 15:37:39..2026-08-20 15:42:41
2026-08-27 04:20:07,242 INFO peoplein.stream: analysis interval ready start=2026-08-20 15:37:39 end=2026-08-20 15:41:02
2026-08-27 04:20:16,933 INFO peoplein.stream: decoded loby/20260820-153739.mkv: 1015 frames
2026-08-27 04:20:16,935 INFO peoplein.stream: decoded entrance/20260820-153602.mkv: 1015 frames
2026-08-27 04:20:16,942 INFO __main__: analysis interval completed start=2026-08-20 15:37:39 end=2026-08-20 15:41:02 frames=2030 ticks=1015 entered=14 exited=11 people_inside=3
2026-08-27 04:20:16,945 INFO __main__: summary updated end=2026-08-20 15:41:02
2026-08-27 04:20:16,946 INFO peoplein.stream: download started camera=entrance file=20260820-154102.mkv
2026-08-27 04:20:27,588 INFO peoplein.stream: download completed camera=entrance file=20260820-154102.mkv bytes=26118895 interval=2026-08-20 15:41:02..2026-08-20 15:46:02
2026-08-27 04:20:27,589 INFO peoplein.stream: analysis interval ready start=2026-08-20 15:41:02 end=2026-08-20 15:42:41
2026-08-27 04:20:34,821 INFO peoplein.stream: decoded loby/20260820-153739.mkv: 495 frames
2026-08-27 04:20:34,825 INFO peoplein.stream: decoded entrance/20260820-154102.mkv: 495 frames
2026-08-27 04:20:34,831 INFO __main__: analysis interval completed start=2026-08-20 15:41:02 end=2026-08-20 15:42:41 frames=990 ticks=495 entered=14 exited=11 people_inside=3
2026-08-27 04:20:34,833 INFO __main__: summary updated end=2026-08-20 15:42:41
2026-08-27 04:20:34,833 INFO peoplein.stream: download started camera=loby file=20260820-154241.mkv
2026-08-27 04:20:46,449 INFO peoplein.stream: download completed camera=loby file=20260820-154241.mkv bytes=28511862 interval=2026-08-20 15:42:41..2026-08-20 15:47:41
2026-08-27 04:20:46,450 INFO peoplein.stream: analysis interval ready start=2026-08-20 15:42:41 end=2026-08-20 15:46:02
2026-08-27 04:20:56,143 INFO peoplein.stream: decoded entrance/20260820-154102.mkv: 1005 frames
2026-08-27 04:20:56,146 INFO peoplein.stream: decoded loby/20260820-154241.mkv: 1005 frames
2026-08-27 04:20:56,152 INFO __main__: analysis interval completed start=2026-08-20 15:42:41 end=2026-08-20 15:46:02 frames=2010 ticks=1005 entered=14 exited=11 people_inside=3
2026-08-27 04:20:56,154 INFO __main__: summary updated end=2026-08-20 15:46:02
2026-08-27 04:20:56,155 INFO peoplein.stream: download started camera=entrance file=20260820-154602.mkv
2026-08-27 04:21:06,634 INFO peoplein.stream: download completed camera=entrance file=20260820-154602.mkv bytes=26386865 interval=2026-08-20 15:46:02..2026-08-20 15:51:02
2026-08-27 04:21:06,635 INFO peoplein.stream: analysis interval ready start=2026-08-20 15:46:02 end=2026-08-20 15:47:41
2026-08-27 04:21:13,996 INFO peoplein.stream: decoded entrance/20260820-154602.mkv: 495 frames
2026-08-27 04:21:13,996 INFO peoplein.stream: decoded loby/20260820-154241.mkv: 495 frames
2026-08-27 04:21:14,006 INFO __main__: analysis interval completed start=2026-08-20 15:46:02 end=2026-08-20 15:47:41 frames=990 ticks=495 entered=14 exited=11 people_inside=3
2026-08-27 04:21:14,009 INFO __main__: summary updated end=2026-08-20 15:47:41
2026-08-27 04:21:14,009 INFO peoplein.stream: download started camera=loby file=20260820-154741.mkv
2026-08-27 04:21:27,447 INFO peoplein.stream: download completed camera=loby file=20260820-154741.mkv bytes=27195706 interval=2026-08-20 15:47:41..2026-08-20 15:52:41
2026-08-27 04:21:27,447 INFO peoplein.stream: analysis interval ready start=2026-08-20 15:47:41 end=2026-08-20 15:51:02
2026-08-27 04:21:37,111 INFO peoplein.stream: decoded loby/20260820-154741.mkv: 1005 frames
2026-08-27 04:21:37,113 INFO peoplein.stream: decoded entrance/20260820-154602.mkv: 1005 frames
2026-08-27 04:21:37,118 INFO __main__: analysis interval completed start=2026-08-20 15:47:41 end=2026-08-20 15:51:02 frames=2010 ticks=1005 entered=14 exited=11 people_inside=3
2026-08-27 04:21:37,121 INFO __main__: summary updated end=2026-08-20 15:51:02
2026-08-27 04:21:37,122 INFO peoplein.stream: download started camera=entrance file=20260820-155102.mkv
2026-08-27 04:21:47,804 INFO peoplein.stream: download completed camera=entrance file=20260820-155102.mkv bytes=26585797 interval=2026-08-20 15:51:02..2026-08-20 15:56:02
2026-08-27 04:21:47,804 INFO peoplein.stream: analysis interval ready start=2026-08-20 15:51:02 end=2026-08-20 15:52:41
2026-08-27 04:21:55,038 INFO peoplein.stream: decoded entrance/20260820-155102.mkv: 495 frames
2026-08-27 04:21:55,039 INFO peoplein.stream: decoded loby/20260820-154741.mkv: 495 frames
2026-08-27 04:21:55,045 INFO __main__: analysis interval completed start=2026-08-20 15:51:02 end=2026-08-20 15:52:41 frames=990 ticks=495 entered=14 exited=11 people_inside=3
2026-08-27 04:21:55,048 INFO __main__: summary updated end=2026-08-20 15:52:41
2026-08-27 04:21:55,049 INFO peoplein.stream: download started camera=loby file=20260820-155240.mkv
2026-08-27 04:22:05,697 INFO peoplein.stream: download completed camera=loby file=20260820-155240.mkv bytes=27051021 interval=2026-08-20 15:52:40..2026-08-20 15:57:40
2026-08-27 04:22:05,697 INFO peoplein.stream: analysis interval ready start=2026-08-20 15:52:40 end=2026-08-20 15:56:02
2026-08-27 04:22:15,248 INFO peoplein.stream: decoded loby/20260820-155240.mkv: 1010 frames
2026-08-27 04:22:15,252 INFO peoplein.stream: decoded entrance/20260820-155102.mkv: 1010 frames
2026-08-27 04:22:15,258 INFO __main__: analysis interval completed start=2026-08-20 15:52:40 end=2026-08-20 15:56:02 frames=2020 ticks=1010 entered=14 exited=11 people_inside=3
2026-08-27 04:22:15,260 INFO __main__: summary updated end=2026-08-20 15:56:02
2026-08-27 04:22:15,261 INFO peoplein.stream: download started camera=entrance file=20260820-155602.mkv
2026-08-27 04:22:29,465 INFO peoplein.stream: download completed camera=entrance file=20260820-155602.mkv bytes=26173996 interval=2026-08-20 15:56:02..2026-08-20 16:01:02
2026-08-27 04:22:29,465 INFO peoplein.stream: analysis interval ready start=2026-08-20 15:56:02 end=2026-08-20 15:57:40
2026-08-27 04:22:36,726 INFO peoplein.stream: decoded loby/20260820-155240.mkv: 490 frames
2026-08-27 04:22:36,732 INFO peoplein.stream: decoded entrance/20260820-155602.mkv: 490 frames
2026-08-27 04:22:36,735 INFO __main__: analysis interval completed start=2026-08-20 15:56:02 end=2026-08-20 15:57:40 frames=980 ticks=490 entered=14 exited=11 people_inside=3
2026-08-27 04:22:36,738 INFO __main__: summary updated end=2026-08-20 15:57:40
2026-08-27 04:22:36,738 INFO peoplein.stream: download started camera=loby file=20260820-155740.mkv
2026-08-27 04:22:47,309 INFO peoplein.stream: download completed camera=loby file=20260820-155740.mkv bytes=27435147 interval=2026-08-20 15:57:40..2026-08-20 16:02:40
2026-08-27 04:22:47,309 INFO peoplein.stream: analysis interval ready start=2026-08-20 15:57:40 end=2026-08-20 16:01:02
2026-08-27 04:22:56,821 INFO peoplein.stream: decoded entrance/20260820-155602.mkv: 1010 frames
2026-08-27 04:22:56,823 INFO peoplein.stream: decoded loby/20260820-155740.mkv: 1010 frames
2026-08-27 04:22:56,830 INFO __main__: analysis interval completed start=2026-08-20 15:57:40 end=2026-08-20 16:01:02 frames=2020 ticks=1010 entered=14 exited=11 people_inside=3
2026-08-27 04:22:56,833 INFO __main__: summary updated end=2026-08-20 16:01:02
2026-08-27 04:22:56,833 INFO peoplein.stream: download started camera=entrance file=20260820-160102.mkv
2026-08-27 04:23:08,078 INFO peoplein.stream: download completed camera=entrance file=20260820-160102.mkv bytes=26127733 interval=2026-08-20 16:01:02..2026-08-20 16:06:02
2026-08-27 04:23:08,079 INFO peoplein.stream: analysis interval ready start=2026-08-20 16:01:02 end=2026-08-20 16:02:40
2026-08-27 04:23:15,335 INFO peoplein.stream: decoded loby/20260820-155740.mkv: 490 frames
2026-08-27 04:23:15,336 INFO peoplein.stream: decoded entrance/20260820-160102.mkv: 490 frames
2026-08-27 04:23:15,345 INFO __main__: analysis interval completed start=2026-08-20 16:01:02 end=2026-08-20 16:02:40 frames=980 ticks=490 entered=14 exited=11 people_inside=3
2026-08-27 04:23:15,348 INFO __main__: summary updated end=2026-08-20 16:02:40
2026-08-27 04:23:15,348 INFO peoplein.stream: download started camera=loby file=20260820-160240.mkv
2026-08-27 04:23:26,082 INFO peoplein.stream: download completed camera=loby file=20260820-160240.mkv bytes=26572861 interval=2026-08-20 16:02:40..2026-08-20 16:07:40
2026-08-27 04:23:26,082 INFO peoplein.stream: analysis interval ready start=2026-08-20 16:02:40 end=2026-08-20 16:06:02
2026-08-27 04:23:35,600 INFO peoplein.stream: decoded entrance/20260820-160102.mkv: 1010 frames
2026-08-27 04:23:35,601 INFO peoplein.stream: decoded loby/20260820-160240.mkv: 1010 frames
2026-08-27 04:23:35,610 INFO __main__: analysis interval completed start=2026-08-20 16:02:40 end=2026-08-20 16:06:02 frames=2020 ticks=1010 entered=14 exited=11 people_inside=3
2026-08-27 04:23:35,613 INFO __main__: summary updated end=2026-08-20 16:06:02
2026-08-27 04:23:35,613 INFO peoplein.stream: download started camera=entrance file=20260820-160602.mkv
2026-08-27 04:23:47,020 INFO peoplein.stream: download completed camera=entrance file=20260820-160602.mkv bytes=27164276 interval=2026-08-20 16:06:02..2026-08-20 16:11:02
2026-08-27 04:23:47,020 INFO peoplein.stream: analysis interval ready start=2026-08-20 16:06:02 end=2026-08-20 16:07:40
2026-08-27 04:23:54,222 INFO peoplein.stream: decoded loby/20260820-160240.mkv: 490 frames
2026-08-27 04:23:54,224 INFO peoplein.stream: decoded entrance/20260820-160602.mkv: 490 frames
2026-08-27 04:23:54,232 INFO __main__: analysis interval completed start=2026-08-20 16:06:02 end=2026-08-20 16:07:40 frames=980 ticks=490 entered=14 exited=11 people_inside=3
2026-08-27 04:23:54,234 INFO __main__: summary updated end=2026-08-20 16:07:40
2026-08-27 04:23:54,235 INFO peoplein.stream: download started camera=loby file=20260820-160740.mkv
2026-08-27 04:24:06,765 INFO peoplein.stream: download completed camera=loby file=20260820-160740.mkv bytes=25694273 interval=2026-08-20 16:07:40..2026-08-20 16:12:40
2026-08-27 04:24:06,765 INFO peoplein.stream: analysis interval ready start=2026-08-20 16:07:40 end=2026-08-20 16:11:02
2026-08-27 04:24:16,883 INFO peoplein.stream: decoded entrance/20260820-160602.mkv: 1010 frames
2026-08-27 04:24:16,883 INFO peoplein.stream: decoded loby/20260820-160740.mkv: 1010 frames
2026-08-27 04:24:16,891 INFO __main__: analysis interval completed start=2026-08-20 16:07:40 end=2026-08-20 16:11:02 frames=2020 ticks=1010 entered=14 exited=12 people_inside=2
2026-08-27 04:24:16,894 INFO __main__: summary updated end=2026-08-20 16:11:02
2026-08-27 04:24:16,895 INFO peoplein.stream: download started camera=entrance file=20260820-161102.mkv
2026-08-27 04:24:29,341 INFO peoplein.stream: download completed camera=entrance file=20260820-161102.mkv bytes=29402015 interval=2026-08-20 16:11:02..2026-08-20 16:16:02
2026-08-27 04:24:29,342 INFO peoplein.stream: analysis interval ready start=2026-08-20 16:11:02 end=2026-08-20 16:12:40
2026-08-27 04:24:36,572 INFO peoplein.stream: decoded entrance/20260820-161102.mkv: 490 frames
2026-08-27 04:24:36,574 INFO peoplein.stream: decoded loby/20260820-160740.mkv: 490 frames
2026-08-27 04:24:36,582 INFO __main__: analysis interval completed start=2026-08-20 16:11:02 end=2026-08-20 16:12:40 frames=980 ticks=490 entered=14 exited=12 people_inside=2
2026-08-27 04:24:36,585 INFO __main__: summary updated end=2026-08-20 16:12:40
2026-08-27 04:24:36,585 INFO peoplein.stream: download started camera=loby file=20260820-161240.mkv
2026-08-27 04:24:54,410 INFO peoplein.stream: download completed camera=loby file=20260820-161240.mkv bytes=25279743 interval=2026-08-20 16:12:40..2026-08-20 16:17:40
2026-08-27 04:24:54,410 INFO peoplein.stream: analysis interval ready start=2026-08-20 16:12:40 end=2026-08-20 16:16:02
2026-08-27 04:25:04,081 INFO peoplein.stream: decoded loby/20260820-161240.mkv: 1010 frames
2026-08-27 04:25:04,085 INFO peoplein.stream: decoded entrance/20260820-161102.mkv: 1010 frames
2026-08-27 04:25:04,091 INFO __main__: analysis interval completed start=2026-08-20 16:12:40 end=2026-08-20 16:16:02 frames=2020 ticks=1010 entered=14 exited=12 people_inside=2
2026-08-27 04:25:04,094 INFO __main__: summary updated end=2026-08-20 16:16:02
2026-08-27 04:25:04,094 INFO peoplein.stream: download started camera=entrance file=20260820-161602.mkv
2026-08-27 04:25:17,762 INFO peoplein.stream: download completed camera=entrance file=20260820-161602.mkv bytes=29653215 interval=2026-08-20 16:16:02..2026-08-20 16:21:02
2026-08-27 04:25:17,763 INFO peoplein.stream: analysis interval ready start=2026-08-20 16:16:02 end=2026-08-20 16:17:40
2026-08-27 04:25:25,011 INFO peoplein.stream: decoded entrance/20260820-161602.mkv: 490 frames
2026-08-27 04:25:25,015 INFO peoplein.stream: decoded loby/20260820-161240.mkv: 490 frames
2026-08-27 04:25:25,020 INFO __main__: analysis interval completed start=2026-08-20 16:16:02 end=2026-08-20 16:17:40 frames=980 ticks=490 entered=14 exited=12 people_inside=2
2026-08-27 04:25:25,022 INFO __main__: summary updated end=2026-08-20 16:17:40
2026-08-27 04:25:25,023 INFO peoplein.stream: download started camera=loby file=20260820-161740.mkv
2026-08-27 04:25:38,109 INFO peoplein.stream: download completed camera=loby file=20260820-161740.mkv bytes=27311856 interval=2026-08-20 16:17:40..2026-08-20 16:22:40
2026-08-27 04:25:38,109 INFO peoplein.stream: analysis interval ready start=2026-08-20 16:17:40 end=2026-08-20 16:21:02
2026-08-27 04:25:47,698 INFO peoplein.stream: decoded loby/20260820-161740.mkv: 1010 frames
2026-08-27 04:25:47,700 INFO peoplein.stream: decoded entrance/20260820-161602.mkv: 1010 frames
2026-08-27 04:25:47,703 INFO __main__: analysis interval completed start=2026-08-20 16:17:40 end=2026-08-20 16:21:02 frames=2020 ticks=1010 entered=14 exited=12 people_inside=2
2026-08-27 04:25:47,706 INFO __main__: summary updated end=2026-08-20 16:21:02
2026-08-27 04:25:47,707 INFO peoplein.stream: download started camera=entrance file=20260820-162102.mkv
2026-08-27 04:26:01,244 INFO peoplein.stream: download completed camera=entrance file=20260820-162102.mkv bytes=31002643 interval=2026-08-20 16:21:02..2026-08-20 16:26:02
2026-08-27 04:26:01,244 INFO peoplein.stream: analysis interval ready start=2026-08-20 16:21:02 end=2026-08-20 16:22:40
2026-08-27 04:26:08,489 INFO peoplein.stream: decoded entrance/20260820-162102.mkv: 490 frames
2026-08-27 04:26:08,489 INFO peoplein.stream: decoded loby/20260820-161740.mkv: 490 frames
2026-08-27 04:26:08,498 INFO __main__: analysis interval completed start=2026-08-20 16:21:02 end=2026-08-20 16:22:40 frames=980 ticks=490 entered=14 exited=12 people_inside=2
2026-08-27 04:26:08,500 INFO __main__: summary updated end=2026-08-20 16:22:40
2026-08-27 04:26:08,501 INFO peoplein.stream: download started camera=loby file=20260820-162240.mkv
2026-08-27 04:26:19,059 INFO peoplein.stream: download completed camera=loby file=20260820-162240.mkv bytes=27851594 interval=2026-08-20 16:22:40..2026-08-20 16:27:40
2026-08-27 04:26:19,060 INFO peoplein.stream: analysis interval ready start=2026-08-20 16:22:40 end=2026-08-20 16:26:02
2026-08-27 04:26:28,865 INFO peoplein.stream: decoded entrance/20260820-162102.mkv: 1010 frames
2026-08-27 04:26:28,872 INFO peoplein.stream: decoded loby/20260820-162240.mkv: 1010 frames
2026-08-27 04:26:28,897 INFO __main__: analysis interval completed start=2026-08-20 16:22:40 end=2026-08-20 16:26:02 frames=2020 ticks=1010 entered=14 exited=12 people_inside=2
2026-08-27 04:26:28,899 INFO __main__: summary updated end=2026-08-20 16:26:02
2026-08-27 04:26:28,900 INFO peoplein.stream: download started camera=entrance file=20260820-162602.mkv
2026-08-27 04:26:41,500 INFO peoplein.stream: download completed camera=entrance file=20260820-162602.mkv bytes=30053627 interval=2026-08-20 16:26:02..2026-08-20 16:31:02
2026-08-27 04:26:41,500 INFO peoplein.stream: analysis interval ready start=2026-08-20 16:26:02 end=2026-08-20 16:27:40
2026-08-27 04:26:49,400 INFO peoplein.stream: decoded entrance/20260820-162602.mkv: 490 frames
2026-08-27 04:26:49,400 INFO peoplein.stream: decoded loby/20260820-162240.mkv: 490 frames
2026-08-27 04:26:49,409 INFO __main__: analysis interval completed start=2026-08-20 16:26:02 end=2026-08-20 16:27:40 frames=980 ticks=490 entered=15 exited=12 people_inside=3
2026-08-27 04:26:49,411 INFO __main__: summary updated end=2026-08-20 16:27:40
2026-08-27 04:26:49,412 INFO peoplein.stream: download started camera=loby file=20260820-162740.mkv
2026-08-27 04:26:58,443 INFO peoplein.stream: download completed camera=loby file=20260820-162740.mkv bytes=24388871 interval=2026-08-20 16:27:40..2026-08-20 16:32:40
2026-08-27 04:26:58,444 INFO peoplein.stream: analysis interval ready start=2026-08-20 16:27:40 end=2026-08-20 16:31:02
2026-08-27 04:27:08,292 INFO peoplein.stream: decoded entrance/20260820-162602.mkv: 1010 frames
2026-08-27 04:27:08,295 INFO peoplein.stream: decoded loby/20260820-162740.mkv: 1010 frames
2026-08-27 04:27:08,302 INFO __main__: analysis interval completed start=2026-08-20 16:27:40 end=2026-08-20 16:31:02 frames=2020 ticks=1010 entered=15 exited=12 people_inside=3
2026-08-27 04:27:08,304 INFO __main__: summary updated end=2026-08-20 16:31:02
2026-08-27 04:27:08,305 INFO peoplein.stream: download started camera=entrance file=20260820-163102.mkv
2026-08-27 04:27:13,227 ERROR __main__: run failed
Traceback (most recent call last):
  File "/app/peoplein/run.py", line 378, in _run
    for batch_start, batch_end in intervals:
                                  ^^^^^^^^^
  File "/app/peoplein/stream.py", line 214, in _remote_intervals
    advanced = dict(zip(expired, downloads.map(advance, expired)))
               ^^^^^^^^^^^^^^^^^^^^^^^^^^^^^^^^^^^^^^^^^^^^^^^^^^^
  File "/usr/local/lib/python3.12/concurrent/futures/_base.py", line 619, in result_iterator
    yield _result_or_cancel(fs.pop())
          ^^^^^^^^^^^^^^^^^^^^^^^^^^^
  File "/usr/local/lib/python3.12/concurrent/futures/_base.py", line 317, in _result_or_cancel
    return fut.result(timeout)
           ^^^^^^^^^^^^^^^^^^^
  File "/usr/local/lib/python3.12/concurrent/futures/_base.py", line 456, in result
    return self.__get_result()
           ^^^^^^^^^^^^^^^^^^^
  File "/usr/local/lib/python3.12/concurrent/futures/_base.py", line 401, in __get_result
    raise self._exception
  File "/usr/local/lib/python3.12/concurrent/futures/thread.py", line 59, in run
    result = self.fn(*self.args, **self.kwargs)
             ^^^^^^^^^^^^^^^^^^^^^^^^^^^^^^^^^^
  File "/app/peoplein/stream.py", line 164, in advance
    _download_mkv(
  File "/app/peoplein/stream.py", line 70, in _download_mkv
    shutil.copyfileobj(response, output, length=1024 * 1024)
  File "/usr/local/lib/python3.12/shutil.py", line 204, in copyfileobj
    fdst_write(buf)
OSError: [Errno 28] No space left on device
